article_id,article_version,last_updated,r_ncd_id,r_ncd_version,related_num,source_article_id,url
58679,38,04/29/2025,372,1,1,58679,/data/ncd?ncdid=372&ncdver=1
57435,27,12/18/2025,0,1,1,57435,/data/ncd?ncdid=0&ncdver=1
60523,3,08/06/2026,0,1,1,60523,/data/ncd?ncdid=0&ncdver=1
57886,3,04/29/2025,0,1,1,57886,/data/ncd?ncdid=0&ncdver=1
59702,4,04/29/2025,0,1,1,59702,/data/ncd?ncdid=0&ncdver=1
52370,135,04/29/2025,0,1,1,52370,/data/ncd?ncdid=0&ncdver=1
60361,7,08/05/2026,0,1,1,60361,/data/ncd?ncdid=0&ncdver=1
60155,6,05/08/2026,112,3,1,60155,/data/ncd?ncdid=112&ncdver=3
60391,4,08/06/2026,0,1,1,60391,/data/ncd?ncdid=0&ncdver=1
60510,4,08/05/2026,0,1,1,60510,/data/ncd?ncdid=0&ncdver=1
60152,8,05/08/2026,112,3,1,60152,/data/ncd?ncdid=112&ncdver=3
57326,42,04/29/2025,0,1,1,57326,/data/ncd?ncdid=0&ncdver=1
60513,3,08/06/2026,0,1,1,60513,/data/ncd?ncdid=0&ncdver=1
58323,13,04/29/2025,0,1,1,58323,/data/ncd?ncdid=0&ncdver=1
56690,18,04/29/2025,0,1,1,56690,/data/ncd?ncdid=0&ncdver=1
60375,5,08/06/2026,0,1,1,60375,/data/ncd?ncdid=0&ncdver=1
60524,3,08/06/2026,0,1,1,60524,/data/ncd?ncdid=0&ncdver=1
60377,5,08/06/2026,0,1,1,60377,/data/ncd?ncdid=0&ncdver=1
57917,32,05/02/2025,372,2,1,57917,/data/ncd?ncdid=372&ncdver=2
58756,26,04/29/2025,372,1,1,58756,/data/ncd?ncdid=372&ncdver=1
58559,42,04/29/2025,0,1,1,58559,/data/ncd?ncdid=0&ncdver=1
58652,29,04/29/2025,372,1,1,58652,/data/ncd?ncdid=372&ncdver=1
58468,41,04/30/2025,372,2,1,58468,/data/ncd?ncdid=372&ncdver=2
58761,70,04/29/2025,53,1,1,58761,/data/ncd?ncdid=53&ncdver=1
58761,70,04/29/2025,352,1,2,58761,/data/ncd?ncdid=352&ncdver=1
58761,70,04/29/2025,361,1,3,58761,/data/ncd?ncdid=361&ncdver=1
58761,70,04/29/2025,365,1,4,58761,/data/ncd?ncdid=365&ncdver=1
58761,70,04/29/2025,369,1,5,58761,/data/ncd?ncdid=369&ncdver=1
58761,70,04/29/2025,335,1,6,58761,/data/ncd?ncdid=335&ncdver=1
52830,9,04/29/2025,0,1,1,52830,/data/ncd?ncdid=0&ncdver=1
59416,14,04/29/2025,29,1,1,59416,/data/ncd?ncdid=29&ncdver=1
59416,14,04/29/2025,28,1,2,59416,/data/ncd?ncdid=28&ncdver=1
52470,19,04/29/2025,0,1,1,52470,/data/ncd?ncdid=0&ncdver=1
56798,29,04/29/2025,0,1,1,56798,/data/ncd?ncdid=0&ncdver=1
58454,50,04/29/2025,372,1,1,58454,/data/ncd?ncdid=372&ncdver=1
56083,14,04/29/2025,0,1,1,56083,/data/ncd?ncdid=0&ncdver=1
57040,26,04/29/2025,237,1,1,57040,/data/ncd?ncdid=237&ncdver=1
57040,26,04/29/2025,89,1,2,57040,/data/ncd?ncdid=89&ncdver=1
57193,31,04/29/2025,171,1,1,57193,/data/ncd?ncdid=171&ncdver=1
56692,19,04/29/2025,0,1,1,56692,/data/ncd?ncdid=0&ncdver=1
57044,22,04/29/2025,0,1,1,57044,/data/ncd?ncdid=0&ncdver=1
59807,8,04/29/2025,9,1,1,59807,/data/ncd?ncdid=9&ncdver=1
59807,8,04/29/2025,239,1,2,59807,/data/ncd?ncdid=239&ncdver=1
58582,20,04/29/2025,0,1,1,58582,/data/ncd?ncdid=0&ncdver=1
57311,35,04/29/2025,41,1,1,57311,/data/ncd?ncdid=41&ncdver=1
57311,35,04/29/2025,58,1,2,57311,/data/ncd?ncdid=58&ncdver=1
57311,35,04/29/2025,240,1,3,57311,/data/ncd?ncdid=240&ncdver=1
57311,35,04/29/2025,249,1,4,57311,/data/ncd?ncdid=249&ncdver=1
57311,35,04/29/2025,88,1,5,57311,/data/ncd?ncdid=88&ncdver=1
57311,35,04/29/2025,131,1,6,57311,/data/ncd?ncdid=131&ncdver=1
57311,35,04/29/2025,232,1,7,57311,/data/ncd?ncdid=232&ncdver=1
57311,35,04/29/2025,217,1,8,57311,/data/ncd?ncdid=217&ncdver=1
57311,35,04/29/2025,47,1,9,57311,/data/ncd?ncdid=47&ncdver=1
57311,35,04/29/2025,139,1,10,57311,/data/ncd?ncdid=139&ncdver=1
57311,35,04/29/2025,315,1,11,57311,/data/ncd?ncdid=315&ncdver=1
57311,35,04/29/2025,219,1,12,57311,/data/ncd?ncdid=219&ncdver=1
52451,89,04/29/2025,0,1,1,52451,/data/ncd?ncdid=0&ncdver=1
56926,17,04/29/2025,0,1,1,56926,/data/ncd?ncdid=0&ncdver=1
57043,24,04/29/2025,0,1,1,57043,/data/ncd?ncdid=0&ncdver=1
57554,52,04/30/2025,158,1,1,57554,/data/ncd?ncdid=158&ncdver=1
58318,65,04/29/2025,333,1,1,58318,/data/ncd?ncdid=333&ncdver=1
57384,53,04/29/2025,333,1,1,57384,/data/ncd?ncdid=333&ncdver=1
57331,61,04/29/2025,0,1,1,57331,/data/ncd?ncdid=0&ncdver=1
58565,52,04/29/2025,131,1,1,58565,/data/ncd?ncdid=131&ncdver=1
58565,52,04/29/2025,232,1,2,58565,/data/ncd?ncdid=232&ncdver=1
58565,52,04/29/2025,217,1,3,58565,/data/ncd?ncdid=217&ncdver=1
58565,52,04/29/2025,47,1,4,58565,/data/ncd?ncdid=47&ncdver=1
58565,52,04/29/2025,139,1,5,58565,/data/ncd?ncdid=139&ncdver=1
58565,52,04/29/2025,315,1,6,58565,/data/ncd?ncdid=315&ncdver=1
58734,20,04/29/2025,372,1,1,58734,/data/ncd?ncdid=372&ncdver=1
58017,55,04/29/2025,0,1,1,58017,/data/ncd?ncdid=0&ncdver=1
58720,90,04/29/2025,53,1,1,58720,/data/ncd?ncdid=53&ncdver=1
58720,90,04/29/2025,352,1,2,58720,/data/ncd?ncdid=352&ncdver=1
58720,90,04/29/2025,361,1,3,58720,/data/ncd?ncdid=361&ncdver=1
58720,90,04/29/2025,365,1,4,58720,/data/ncd?ncdid=365&ncdver=1
58720,90,04/29/2025,369,1,5,58720,/data/ncd?ncdid=369&ncdver=1
58720,90,04/29/2025,335,1,6,58720,/data/ncd?ncdid=335&ncdver=1
57482,25,04/29/2025,129,1,1,57482,/data/ncd?ncdid=129&ncdver=1
58376,67,04/29/2025,372,1,1,58376,/data/ncd?ncdid=372&ncdver=1
57477,15,04/29/2025,0,1,1,57477,/data/ncd?ncdid=0&ncdver=1
58710,92,04/29/2025,53,1,1,58710,/data/ncd?ncdid=53&ncdver=1
58710,92,04/29/2025,352,1,2,58710,/data/ncd?ncdid=352&ncdver=1
58710,92,04/29/2025,361,1,3,58710,/data/ncd?ncdid=361&ncdver=1
58710,92,04/29/2025,365,1,4,58710,/data/ncd?ncdid=365&ncdver=1
58710,92,04/29/2025,369,1,5,58710,/data/ncd?ncdid=369&ncdver=1
58710,92,04/29/2025,335,1,6,58710,/data/ncd?ncdid=335&ncdver=1
59646,19,04/29/2025,0,1,1,59646,/data/ncd?ncdid=0&ncdver=1
59805,20,04/30/2025,60,1,1,59805,/data/ncd?ncdid=60&ncdver=1
59805,20,04/30/2025,9,1,2,59805,/data/ncd?ncdid=9&ncdver=1
59805,20,04/30/2025,239,1,3,59805,/data/ncd?ncdid=239&ncdver=1
59805,20,04/30/2025,213,1,4,59805,/data/ncd?ncdid=213&ncdver=1
58395,44,04/29/2025,333,1,1,58395,/data/ncd?ncdid=333&ncdver=1
57772,81,04/30/2025,0,1,1,57772,/data/ncd?ncdid=0&ncdver=1
55162,20,04/29/2025,0,1,1,55162,/data/ncd?ncdid=0&ncdver=1
59649,30,04/30/2025,0,1,1,59649,/data/ncd?ncdid=0&ncdver=1
57100,51,04/30/2025,0,1,1,57100,/data/ncd?ncdid=0&ncdver=1
52535,14,04/29/2025,0,1,1,52535,/data/ncd?ncdid=0&ncdver=1
56973,69,04/29/2025,0,1,1,56973,/data/ncd?ncdid=0&ncdver=1
58788,18,04/29/2025,217,1,1,58788,/data/ncd?ncdid=217&ncdver=1
59636,34,04/29/2025,0,1,1,59636,/data/ncd?ncdid=0&ncdver=1
56853,102,04/29/2025,0,1,1,56853,/data/ncd?ncdid=0&ncdver=1
60437,4,07/17/2026,0,1,1,60437,/data/ncd?ncdid=0&ncdver=1
59641,35,04/29/2025,0,1,1,59641,/data/ncd?ncdid=0&ncdver=1
58741,18,04/29/2025,0,1,1,58741,/data/ncd?ncdid=0&ncdver=1
57526,93,04/29/2025,0,1,1,57526,/data/ncd?ncdid=0&ncdver=1
60274,4,07/01/2026,112,3,1,60274,/data/ncd?ncdid=112&ncdver=3
57114,21,05/19/2026,0,1,1,57114,/data/ncd?ncdid=0&ncdver=1
57751,28,05/19/2026,0,1,1,57751,/data/ncd?ncdid=0&ncdver=1
58364,39,04/29/2025,0,1,1,58364,/data/ncd?ncdid=0&ncdver=1
56612,35,04/29/2025,0,1,1,56612,/data/ncd?ncdid=0&ncdver=1
56394,32,04/29/2025,0,1,1,56394,/data/ncd?ncdid=0&ncdver=1
60324,3,05/21/2026,0,1,1,60324,/data/ncd?ncdid=0&ncdver=1
56199,130,05/20/2026,372,2,1,56199,/data/ncd?ncdid=372&ncdver=2
60436,4,07/17/2026,0,1,1,60436,/data/ncd?ncdid=0&ncdver=1
53021,141,04/30/2025,0,1,1,53021,/data/ncd?ncdid=0&ncdver=1
60381,3,05/21/2026,322,1,1,60381,/data/ncd?ncdid=322&ncdver=1
52399,75,04/29/2025,158,1,1,52399,/data/ncd?ncdid=158&ncdver=1
58649,13,04/30/2025,0,1,1,58649,/data/ncd?ncdid=0&ncdver=1
59632,23,04/29/2025,0,1,1,59632,/data/ncd?ncdid=0&ncdver=1
59707,25,04/29/2025,0,1,1,59707,/data/ncd?ncdid=0&ncdver=1
59915,27,04/29/2025,333,1,1,59915,/data/ncd?ncdid=333&ncdver=1
52825,12,04/29/2025,0,1,1,52825,/data/ncd?ncdid=0&ncdver=1
53020,3,04/29/2025,0,1,1,53020,/data/ncd?ncdid=0&ncdver=1
56588,33,04/29/2025,9,1,1,56588,/data/ncd?ncdid=9&ncdver=1
56588,33,04/29/2025,60,1,2,56588,/data/ncd?ncdid=60&ncdver=1
56588,33,04/29/2025,18,1,3,56588,/data/ncd?ncdid=18&ncdver=1
53019,15,04/29/2025,0,1,1,53019,/data/ncd?ncdid=0&ncdver=1
56198,11,04/29/2025,0,1,1,56198,/data/ncd?ncdid=0&ncdver=1
52434,51,04/29/2025,0,1,1,52434,/data/ncd?ncdid=0&ncdver=1
59218,5,04/29/2025,0,1,1,59218,/data/ncd?ncdid=0&ncdver=1
52447,30,04/29/2025,57,1,1,52447,/data/ncd?ncdid=57&ncdver=1
59661,3,04/29/2025,0,1,1,59661,/data/ncd?ncdid=0&ncdver=1
59217,5,04/29/2025,0,1,1,59217,/data/ncd?ncdid=0&ncdver=1
59060,4,04/29/2025,0,1,1,59060,/data/ncd?ncdid=0&ncdver=1
52837,21,04/29/2025,0,1,1,52837,/data/ncd?ncdid=0&ncdver=1
59105,36,07/13/2025,158,1,1,59105,/data/ncd?ncdid=158&ncdver=1
60507,2,07/24/2026,0,1,1,60507,/data/ncd?ncdid=0&ncdver=1
57141,47,04/29/2025,0,1,1,57141,/data/ncd?ncdid=0&ncdver=1
52840,3,04/29/2025,1,1,1,52840,/data/ncd?ncdid=1&ncdver=1
52841,4,04/29/2025,0,1,1,52841,/data/ncd?ncdid=0&ncdver=1
52842,18,04/29/2025,0,1,1,52842,/data/ncd?ncdid=0&ncdver=1
56781,39,04/29/2025,263,1,1,56781,/data/ncd?ncdid=263&ncdver=1
56551,34,04/29/2025,261,1,1,56551,/data/ncd?ncdid=261&ncdver=1
52870,38,04/29/2025,0,1,1,52870,/data/ncd?ncdid=0&ncdver=1
57455,24,04/29/2025,202,1,1,57455,/data/ncd?ncdid=202&ncdver=1
57736,18,04/29/2025,0,1,1,57736,/data/ncd?ncdid=0&ncdver=1
57060,12,04/29/2025,0,1,1,57060,/data/ncd?ncdid=0&ncdver=1
56845,12,04/29/2025,0,1,1,56845,/data/ncd?ncdid=0&ncdver=1
57889,4,04/29/2025,263,1,1,57889,/data/ncd?ncdid=263&ncdver=1
59487,15,04/29/2025,373,1,1,59487,/data/ncd?ncdid=373&ncdver=1
52866,35,04/29/2025,89,1,1,52866,/data/ncd?ncdid=89&ncdver=1
52866,35,04/29/2025,192,1,2,52866,/data/ncd?ncdid=192&ncdver=1
52866,35,04/29/2025,274,1,3,52866,/data/ncd?ncdid=274&ncdver=1
52866,35,04/29/2025,237,1,4,52866,/data/ncd?ncdid=237&ncdver=1
52868,46,04/29/2025,263,1,1,52868,/data/ncd?ncdid=263&ncdver=1
53018,14,04/29/2025,0,1,1,53018,/data/ncd?ncdid=0&ncdver=1
54909,25,04/29/2025,0,1,1,54909,/data/ncd?ncdid=0&ncdver=1
56537,41,04/29/2025,263,1,1,56537,/data/ncd?ncdid=263&ncdver=1
54602,25,04/29/2025,0,1,1,54602,/data/ncd?ncdid=0&ncdver=1
56837,18,04/29/2025,64,1,1,56837,/data/ncd?ncdid=64&ncdver=1
56863,15,04/29/2025,81,1,1,56863,/data/ncd?ncdid=81&ncdver=1
56863,15,04/29/2025,108,1,2,56863,/data/ncd?ncdid=108&ncdver=1
56863,15,04/29/2025,191,1,3,56863,/data/ncd?ncdid=191&ncdver=1
56874,29,04/29/2025,0,1,1,56874,/data/ncd?ncdid=0&ncdver=1
57427,11,04/29/2025,263,1,1,57427,/data/ncd?ncdid=263&ncdver=1
57428,10,04/29/2025,177,1,1,57428,/data/ncd?ncdid=177&ncdver=1
57528,5,04/29/2025,346,1,1,57528,/data/ncd?ncdid=346&ncdver=1
58656,9,04/29/2025,101,1,1,58656,/data/ncd?ncdid=101&ncdver=1
58656,9,04/29/2025,372,1,2,58656,/data/ncd?ncdid=372&ncdver=1
60176,18,10/23/2025,0,1,1,60176,/data/ncd?ncdid=0&ncdver=1
52450,83,04/29/2025,0,1,1,52450,/data/ncd?ncdid=0&ncdver=1
57759,36,04/29/2025,171,1,1,57759,/data/ncd?ncdid=171&ncdver=1
52863,59,04/29/2025,0,1,1,52863,/data/ncd?ncdid=0&ncdver=1
59233,19,04/29/2025,0,1,1,59233,/data/ncd?ncdid=0&ncdver=1
56550,12,04/29/2025,69,1,1,56550,/data/ncd?ncdid=69&ncdver=1
56178,21,04/29/2025,0,1,1,56178,/data/ncd?ncdid=0&ncdver=1
56823,22,04/29/2025,201,1,1,56823,/data/ncd?ncdid=201&ncdver=1
56865,29,04/29/2025,26,1,1,56865,/data/ncd?ncdid=26&ncdver=1
56865,29,04/29/2025,30,1,2,56865,/data/ncd?ncdid=30&ncdver=1
56865,29,04/29/2025,31,1,3,56865,/data/ncd?ncdid=31&ncdver=1
56865,29,04/29/2025,59,1,4,56865,/data/ncd?ncdid=59&ncdver=1
56850,33,04/29/2025,0,1,1,56850,/data/ncd?ncdid=0&ncdver=1
56844,26,04/29/2025,266,1,1,56844,/data/ncd?ncdid=266&ncdver=1
56844,26,04/29/2025,187,1,2,56844,/data/ncd?ncdid=187&ncdver=1
56844,26,04/29/2025,161,1,3,56844,/data/ncd?ncdid=161&ncdver=1
56937,43,04/29/2025,0,1,1,56937,/data/ncd?ncdid=0&ncdver=1
57452,46,04/29/2025,0,1,1,57452,/data/ncd?ncdid=0&ncdver=1
57453,5,04/29/2025,42,1,1,57453,/data/ncd?ncdid=42&ncdver=1
57453,5,04/29/2025,249,1,2,57453,/data/ncd?ncdid=249&ncdver=1
58609,7,04/29/2025,217,1,1,58609,/data/ncd?ncdid=217&ncdver=1
52448,24,04/29/2025,0,1,1,52448,/data/ncd?ncdid=0&ncdver=1
56549,13,04/29/2025,263,1,1,56549,/data/ncd?ncdid=263&ncdver=1
56549,13,04/29/2025,60,1,2,56549,/data/ncd?ncdid=60&ncdver=1
56549,13,04/29/2025,9,1,3,56549,/data/ncd?ncdid=9&ncdver=1
56726,43,04/29/2025,56,1,1,56726,/data/ncd?ncdid=56&ncdver=1
56726,43,04/29/2025,213,1,2,56726,/data/ncd?ncdid=213&ncdver=1
56726,43,04/29/2025,60,1,3,56726,/data/ncd?ncdid=60&ncdver=1
56758,62,04/29/2025,263,1,1,56758,/data/ncd?ncdid=263&ncdver=1
56566,46,04/29/2025,58,1,1,56566,/data/ncd?ncdid=58&ncdver=1
56566,46,04/29/2025,240,1,2,56566,/data/ncd?ncdid=240&ncdver=1
56566,46,04/29/2025,76,1,3,56566,/data/ncd?ncdid=76&ncdver=1
56566,46,04/29/2025,22,1,4,56566,/data/ncd?ncdid=22&ncdver=1
56566,46,04/29/2025,63,1,5,56566,/data/ncd?ncdid=63&ncdver=1
56566,46,04/29/2025,175,1,6,56566,/data/ncd?ncdid=175&ncdver=1
56566,46,04/29/2025,151,1,7,56566,/data/ncd?ncdid=151&ncdver=1
56566,46,04/29/2025,94,1,8,56566,/data/ncd?ncdid=94&ncdver=1
56566,46,04/29/2025,124,1,9,56566,/data/ncd?ncdid=124&ncdver=1
56566,46,04/29/2025,354,1,10,56566,/data/ncd?ncdid=354&ncdver=1
56566,46,04/29/2025,250,1,11,56566,/data/ncd?ncdid=250&ncdver=1
56566,46,04/29/2025,315,1,12,56566,/data/ncd?ncdid=315&ncdver=1
56787,24,04/29/2025,263,1,1,56787,/data/ncd?ncdid=263&ncdver=1
58814,12,04/29/2025,176,1,1,58814,/data/ncd?ncdid=176&ncdver=1
56954,6,04/29/2025,3,1,1,56954,/data/ncd?ncdid=3&ncdver=1
59101,28,07/13/2025,0,1,1,59101,/data/ncd?ncdid=0&ncdver=1
52420,64,04/29/2025,0,1,1,52420,/data/ncd?ncdid=0&ncdver=1
52423,84,04/29/2025,0,1,1,52423,/data/ncd?ncdid=0&ncdver=1
52421,23,04/29/2025,0,1,1,52421,/data/ncd?ncdid=0&ncdver=1
52453,49,04/29/2025,0,1,1,52453,/data/ncd?ncdid=0&ncdver=1
56766,25,04/29/2025,0,1,1,56766,/data/ncd?ncdid=0&ncdver=1
57431,14,04/29/2025,0,1,1,57431,/data/ncd?ncdid=0&ncdver=1
57092,25,04/29/2025,240,1,1,57092,/data/ncd?ncdid=240&ncdver=1
57092,25,04/29/2025,226,1,2,57092,/data/ncd?ncdid=226&ncdver=1
57092,25,04/29/2025,330,1,3,57092,/data/ncd?ncdid=330&ncdver=1
56747,29,04/29/2025,177,1,1,56747,/data/ncd?ncdid=177&ncdver=1
56747,29,04/29/2025,178,1,2,56747,/data/ncd?ncdid=178&ncdver=1
57020,6,04/29/2025,0,1,1,57020,/data/ncd?ncdid=0&ncdver=1
57668,45,04/29/2025,270,1,1,57668,/data/ncd?ncdid=270&ncdver=1
58116,29,04/29/2025,98,1,1,58116,/data/ncd?ncdid=98&ncdver=1
58116,29,04/29/2025,100,1,2,58116,/data/ncd?ncdid=100&ncdver=1
58116,29,04/29/2025,251,1,3,58116,/data/ncd?ncdid=251&ncdver=1
58116,29,04/29/2025,92,1,4,58116,/data/ncd?ncdid=92&ncdver=1
58921,11,04/29/2025,0,1,1,58921,/data/ncd?ncdid=0&ncdver=1
58963,11,04/29/2025,198,1,1,58963,/data/ncd?ncdid=198&ncdver=1
59595,4,04/29/2025,0,1,1,59595,/data/ncd?ncdid=0&ncdver=1
52855,31,04/29/2025,158,1,1,52855,/data/ncd?ncdid=158&ncdver=1
52379,10,04/29/2025,0,1,1,52379,/data/ncd?ncdid=0&ncdver=1
56248,12,04/29/2025,0,1,1,56248,/data/ncd?ncdid=0&ncdver=1
56617,26,04/29/2025,0,1,1,56617,/data/ncd?ncdid=0&ncdver=1
54548,36,04/29/2025,0,1,1,54548,/data/ncd?ncdid=0&ncdver=1
56548,20,04/29/2025,0,1,1,56548,/data/ncd?ncdid=0&ncdver=1
55672,26,04/29/2025,156,1,1,55672,/data/ncd?ncdid=156&ncdver=1
55672,26,04/29/2025,55,1,2,55672,/data/ncd?ncdid=55&ncdver=1
55672,26,04/29/2025,194,1,3,55672,/data/ncd?ncdid=194&ncdver=1
56793,35,04/29/2025,372,1,1,56793,/data/ncd?ncdid=372&ncdver=1
56793,35,04/29/2025,198,1,2,56793,/data/ncd?ncdid=198&ncdver=1
56767,29,04/29/2025,0,1,1,56767,/data/ncd?ncdid=0&ncdver=1
56797,18,07/12/2025,0,1,1,56797,/data/ncd?ncdid=0&ncdver=1
56867,45,04/29/2025,198,1,1,56867,/data/ncd?ncdid=198&ncdver=1
56867,45,04/29/2025,372,1,2,56867,/data/ncd?ncdid=372&ncdver=1
58745,21,04/29/2025,0,1,1,58745,/data/ncd?ncdid=0&ncdver=1
57826,37,04/29/2025,0,1,1,57826,/data/ncd?ncdid=0&ncdver=1
52369,17,04/29/2025,0,1,1,52369,/data/ncd?ncdid=0&ncdver=1
58294,8,04/29/2025,281,1,1,58294,/data/ncd?ncdid=281&ncdver=1
58152,13,04/29/2025,176,1,1,58152,/data/ncd?ncdid=176&ncdver=1
57030,11,04/29/2025,214,1,1,57030,/data/ncd?ncdid=214&ncdver=1
57030,11,04/29/2025,215,1,2,57030,/data/ncd?ncdid=215&ncdver=1
52849,36,04/29/2025,186,1,1,52849,/data/ncd?ncdid=186&ncdver=1
52849,36,04/29/2025,177,1,2,52849,/data/ncd?ncdid=177&ncdver=1
52849,36,04/29/2025,263,1,3,52849,/data/ncd?ncdid=263&ncdver=1
52849,36,04/29/2025,272,1,4,52849,/data/ncd?ncdid=272&ncdver=1
56544,28,04/29/2025,213,1,1,56544,/data/ncd?ncdid=213&ncdver=1
56544,28,04/29/2025,9,1,2,56544,/data/ncd?ncdid=9&ncdver=1
56544,28,04/29/2025,60,1,3,56544,/data/ncd?ncdid=60&ncdver=1
56544,28,04/29/2025,239,1,4,56544,/data/ncd?ncdid=239&ncdver=1
56609,18,04/29/2025,0,1,1,56609,/data/ncd?ncdid=0&ncdver=1
52850,56,04/29/2025,62,1,1,52850,/data/ncd?ncdid=62&ncdver=1
56737,31,04/29/2025,176,1,1,56737,/data/ncd?ncdid=176&ncdver=1
56743,26,04/29/2025,0,1,1,56743,/data/ncd?ncdid=0&ncdver=1
56826,12,04/29/2025,0,1,1,56826,/data/ncd?ncdid=0&ncdver=1
59733,10,04/29/2025,176,1,1,59733,/data/ncd?ncdid=176&ncdver=1
57024,16,04/29/2025,0,1,1,57024,/data/ncd?ncdid=0&ncdver=1
59311,10,04/29/2025,1,1,1,59311,/data/ncd?ncdid=1&ncdver=1
59311,10,04/29/2025,366,1,2,59311,/data/ncd?ncdid=366&ncdver=1
56827,17,04/29/2025,0,1,1,56827,/data/ncd?ncdid=0&ncdver=1
59973,7,09/04/2025,155,1,1,59973,/data/ncd?ncdid=155&ncdver=1
59973,7,09/04/2025,266,1,2,59973,/data/ncd?ncdid=266&ncdver=1
58893,19,04/29/2025,0,1,1,58893,/data/ncd?ncdid=0&ncdver=1
52845,8,04/29/2025,0,1,1,52845,/data/ncd?ncdid=0&ncdver=1
58282,14,04/29/2025,0,1,1,58282,/data/ncd?ncdid=0&ncdver=1
58801,85,04/29/2025,333,1,1,58801,/data/ncd?ncdid=333&ncdver=1
58917,101,04/29/2025,0,1,1,58917,/data/ncd?ncdid=0&ncdver=1
58918,90,04/29/2025,0,1,1,58918,/data/ncd?ncdid=0&ncdver=1
57778,59,04/29/2025,158,1,1,57778,/data/ncd?ncdid=158&ncdver=1
58812,81,04/29/2025,333,1,1,58812,/data/ncd?ncdid=333&ncdver=1
56786,77,04/29/2025,158,1,1,56786,/data/ncd?ncdid=158&ncdver=1
52571,143,04/29/2025,0,1,1,52571,/data/ncd?ncdid=0&ncdver=1
60463,5,07/07/2026,112,3,1,60463,/data/ncd?ncdid=112&ncdver=3
53127,193,04/29/2025,0,1,1,53127,/data/ncd?ncdid=0&ncdver=1
52800,98,04/29/2025,0,1,1,52800,/data/ncd?ncdid=0&ncdver=1
53066,99,04/29/2025,0,1,1,53066,/data/ncd?ncdid=0&ncdver=1
60447,3,07/08/2026,112,3,1,60447,/data/ncd?ncdid=112&ncdver=3
60446,3,07/07/2026,112,3,1,60446,/data/ncd?ncdid=112&ncdver=3
53033,141,04/29/2025,0,1,1,53033,/data/ncd?ncdid=0&ncdver=1
60438,5,07/08/2026,112,3,1,60438,/data/ncd?ncdid=112&ncdver=3
60146,6,07/08/2026,112,3,1,60146,/data/ncd?ncdid=112&ncdver=3
53032,145,04/29/2025,0,1,1,53032,/data/ncd?ncdid=0&ncdver=1
60161,4,07/08/2026,0,1,1,60161,/data/ncd?ncdid=0&ncdver=1
60439,4,07/06/2026,0,1,1,60439,/data/ncd?ncdid=0&ncdver=1
52513,50,04/29/2025,65,1,1,52513,/data/ncd?ncdid=65&ncdver=1
58747,65,04/29/2025,53,1,1,58747,/data/ncd?ncdid=53&ncdver=1
58747,65,04/29/2025,352,1,2,58747,/data/ncd?ncdid=352&ncdver=1
58747,65,04/29/2025,361,1,3,58747,/data/ncd?ncdid=361&ncdver=1
58747,65,04/29/2025,365,1,4,58747,/data/ncd?ncdid=365&ncdver=1
58747,65,04/29/2025,369,1,5,58747,/data/ncd?ncdid=369&ncdver=1
58747,65,04/29/2025,335,1,6,58747,/data/ncd?ncdid=335&ncdver=1
60462,3,06/26/2026,0,1,1,60462,/data/ncd?ncdid=0&ncdver=1
56452,22,04/29/2025,0,1,1,56452,/data/ncd?ncdid=0&ncdver=1
56606,22,04/29/2025,0,1,1,56606,/data/ncd?ncdid=0&ncdver=1
53387,35,04/29/2025,0,1,1,53387,/data/ncd?ncdid=0&ncdver=1
56748,31,04/29/2025,0,1,1,56748,/data/ncd?ncdid=0&ncdver=1
55239,65,04/29/2025,0,1,1,55239,/data/ncd?ncdid=0&ncdver=1
56718,39,04/29/2025,0,1,1,56718,/data/ncd?ncdid=0&ncdver=1
55426,132,04/29/2025,0,1,1,55426,/data/ncd?ncdid=0&ncdver=1
57187,39,08/28/2015,158,1,1,57187,/data/ncd?ncdid=158&ncdver=1
56818,55,04/29/2025,0,1,1,56818,/data/ncd?ncdid=0&ncdver=1
58713,13,04/29/2025,0,1,1,58713,/data/ncd?ncdid=0&ncdver=1
52509,73,04/29/2025,0,1,1,52509,/data/ncd?ncdid=0&ncdver=1
60217,4,06/19/2026,0,1,1,60217,/data/ncd?ncdid=0&ncdver=1
60205,4,06/19/2026,0,1,1,60205,/data/ncd?ncdid=0&ncdver=1
60450,2,06/19/2026,0,1,1,60450,/data/ncd?ncdid=0&ncdver=1
60449,2,06/19/2026,0,1,1,60449,/data/ncd?ncdid=0&ncdver=1
60458,4,06/19/2026,0,1,1,60458,/data/ncd?ncdid=0&ncdver=1
60215,4,06/19/2026,0,1,1,60215,/data/ncd?ncdid=0&ncdver=1
53043,16,04/29/2025,0,1,1,53043,/data/ncd?ncdid=0&ncdver=1
56157,19,04/29/2025,0,1,1,56157,/data/ncd?ncdid=0&ncdver=1
58774,24,04/29/2025,64,1,1,58774,/data/ncd?ncdid=64&ncdver=1
58774,24,04/29/2025,14,1,2,58774,/data/ncd?ncdid=14&ncdver=1
58774,24,04/29/2025,129,1,3,58774,/data/ncd?ncdid=129&ncdver=1
58774,24,04/29/2025,338,1,4,58774,/data/ncd?ncdid=338&ncdver=1
60459,3,06/17/2026,0,1,1,60459,/data/ncd?ncdid=0&ncdver=1
60306,3,06/18/2026,0,1,1,60306,/data/ncd?ncdid=0&ncdver=1
55703,27,04/29/2025,0,1,1,55703,/data/ncd?ncdid=0&ncdver=1
57765,26,04/29/2025,0,1,1,57765,/data/ncd?ncdid=0&ncdver=1
59549,5,04/29/2025,0,1,1,59549,/data/ncd?ncdid=0&ncdver=1
60452,5,06/18/2026,0,1,1,60452,/data/ncd?ncdid=0&ncdver=1
55951,21,04/29/2025,0,1,1,55951,/data/ncd?ncdid=0&ncdver=1
59551,5,04/29/2025,0,1,1,59551,/data/ncd?ncdid=0&ncdver=1
55224,37,04/29/2025,372,1,1,55224,/data/ncd?ncdid=372&ncdver=1
53359,40,04/29/2025,249,1,1,53359,/data/ncd?ncdid=249&ncdver=1
58759,13,04/29/2025,0,1,1,58759,/data/ncd?ncdid=0&ncdver=1
55061,13,04/29/2025,0,1,1,55061,/data/ncd?ncdid=0&ncdver=1
56779,25,04/29/2025,0,1,1,56779,/data/ncd?ncdid=0&ncdver=1
58700,17,04/29/2025,0,1,1,58700,/data/ncd?ncdid=0&ncdver=1
58718,16,04/29/2025,0,1,1,58718,/data/ncd?ncdid=0&ncdver=1
56395,18,04/29/2025,0,1,1,56395,/data/ncd?ncdid=0&ncdver=1
56346,27,04/30/2025,0,1,1,56346,/data/ncd?ncdid=0&ncdver=1
56866,21,04/29/2025,0,1,1,56866,/data/ncd?ncdid=0&ncdver=1
57863,41,04/29/2025,0,1,1,57863,/data/ncd?ncdid=0&ncdver=1
57873,31,04/29/2025,372,1,1,57873,/data/ncd?ncdid=372&ncdver=1
57948,38,04/29/2025,0,1,1,57948,/data/ncd?ncdid=0&ncdver=1
52466,87,04/29/2025,321,1,1,52466,/data/ncd?ncdid=321&ncdver=1
52466,87,04/29/2025,190,1,2,52466,/data/ncd?ncdid=190&ncdver=1
52496,64,04/29/2025,0,1,1,52496,/data/ncd?ncdid=0&ncdver=1
57065,32,04/29/2025,41,1,1,57065,/data/ncd?ncdid=41&ncdver=1
57065,32,04/29/2025,16,1,2,57065,/data/ncd?ncdid=16&ncdver=1
57065,32,04/29/2025,26,1,3,57065,/data/ncd?ncdid=26&ncdver=1
57065,32,04/29/2025,27,1,4,57065,/data/ncd?ncdid=27&ncdver=1
57065,32,04/29/2025,30,1,5,57065,/data/ncd?ncdid=30&ncdver=1
57065,32,04/29/2025,31,1,6,57065,/data/ncd?ncdid=31&ncdver=1
57065,32,04/29/2025,29,1,7,57065,/data/ncd?ncdid=29&ncdver=1
57065,32,04/29/2025,28,1,8,57065,/data/ncd?ncdid=28&ncdver=1
57065,32,04/29/2025,59,1,9,57065,/data/ncd?ncdid=59&ncdver=1
57065,32,04/29/2025,278,1,10,57065,/data/ncd?ncdid=278&ncdver=1
57070,16,04/29/2025,60,1,1,57070,/data/ncd?ncdid=60&ncdver=1
57070,16,04/29/2025,263,1,2,57070,/data/ncd?ncdid=263&ncdver=1
57224,68,04/29/2025,17,1,1,57224,/data/ncd?ncdid=17&ncdver=1
57224,68,04/29/2025,320,1,2,57224,/data/ncd?ncdid=320&ncdver=1
57071,36,04/29/2025,0,1,1,57071,/data/ncd?ncdid=0&ncdver=1
57858,30,04/30/2025,372,2,1,57858,/data/ncd?ncdid=372&ncdver=2
57067,34,04/29/2025,0,1,1,57067,/data/ncd?ncdid=0&ncdver=1
57831,30,04/29/2025,372,1,1,57831,/data/ncd?ncdid=372&ncdver=1
59866,6,04/29/2025,0,1,1,59866,/data/ncd?ncdid=0&ncdver=1
53032,145,04/29/2025,0,1,1,53032,/data/ncd?ncdid=0&ncdver=1
57901,27,04/29/2025,372,1,1,57901,/data/ncd?ncdid=372&ncdver=1
59882,9,04/29/2025,0,1,1,59882,/data/ncd?ncdid=0&ncdver=1
57069,25,04/29/2025,157,1,1,57069,/data/ncd?ncdid=157&ncdver=1
57284,14,04/29/2025,0,1,1,57284,/data/ncd?ncdid=0&ncdver=1
60430,4,05/21/2026,0,1,1,60430,/data/ncd?ncdid=0&ncdver=1
60417,5,05/21/2026,322,1,2,60417,/data/ncd?ncdid=322&ncdver=1
58205,13,04/29/2025,0,1,1,58205,/data/ncd?ncdid=0&ncdver=1
60451,8,05/21/2026,372,2,1,60451,/data/ncd?ncdid=372&ncdver=2
58477,22,04/29/2025,0,1,1,58477,/data/ncd?ncdid=0&ncdver=1
59664,17,04/29/2025,0,1,1,59664,/data/ncd?ncdid=0&ncdver=1
52505,80,04/29/2025,190,1,1,52505,/data/ncd?ncdid=190&ncdver=1
52505,80,04/29/2025,219,1,2,52505,/data/ncd?ncdid=219&ncdver=1
57566,13,04/29/2025,0,1,1,57566,/data/ncd?ncdid=0&ncdver=1
58350,24,04/29/2025,0,1,1,58350,/data/ncd?ncdid=0&ncdver=1
57878,26,04/29/2025,372,1,1,57878,/data/ncd?ncdid=372&ncdver=1
57064,15,04/29/2025,0,1,1,57064,/data/ncd?ncdid=0&ncdver=1
53033,141,04/29/2025,0,1,1,53033,/data/ncd?ncdid=0&ncdver=1
60222,4,05/14/2026,0,1,1,60222,/data/ncd?ncdid=0&ncdver=1
58075,24,04/29/2025,0,1,1,58075,/data/ncd?ncdid=0&ncdver=1
60359,9,05/14/2026,0,1,1,60359,/data/ncd?ncdid=0&ncdver=1
60431,5,05/08/2026,0,1,1,60431,/data/ncd?ncdid=0&ncdver=1
60286,6,05/08/2026,0,1,1,60286,/data/ncd?ncdid=0&ncdver=1
60440,3,05/08/2026,0,1,1,60440,/data/ncd?ncdid=0&ncdver=1
58403,27,04/29/2025,11,1,1,58403,/data/ncd?ncdid=11&ncdver=1
58403,27,04/29/2025,15,1,2,58403,/data/ncd?ncdid=15&ncdver=1
58403,27,04/29/2025,176,1,3,58403,/data/ncd?ncdid=176&ncdver=1
58403,27,04/29/2025,263,1,4,58403,/data/ncd?ncdid=263&ncdver=1
60292,4,04/29/2026,179,2,1,60292,/data/ncd?ncdid=179&ncdver=2
55115,18,04/29/2025,0,1,1,55115,/data/ncd?ncdid=0&ncdver=1
57891,39,04/29/2025,372,1,1,57891,/data/ncd?ncdid=372&ncdver=1
57204,45,04/29/2025,176,1,1,57204,/data/ncd?ncdid=176&ncdver=1
57204,45,04/29/2025,177,1,2,57204,/data/ncd?ncdid=177&ncdver=1
52492,22,04/29/2025,0,1,1,52492,/data/ncd?ncdid=0&ncdver=1
53484,18,04/29/2025,0,1,1,53484,/data/ncd?ncdid=0&ncdver=1
54767,71,04/29/2025,0,1,1,54767,/data/ncd?ncdid=0&ncdver=1
57837,30,04/29/2025,372,1,1,57837,/data/ncd?ncdid=372&ncdver=1
54799,67,04/29/2025,0,1,1,54799,/data/ncd?ncdid=0&ncdver=1
57944,25,04/30/2025,240,1,1,57944,/data/ncd?ncdid=240&ncdver=1
57944,25,04/30/2025,226,3,2,57944,/data/ncd?ncdid=226&ncdver=3
57944,25,04/30/2025,330,1,3,57944,/data/ncd?ncdid=330&ncdver=1
55001,69,04/29/2025,0,1,1,55001,/data/ncd?ncdid=0&ncdver=1
58473,11,04/29/2025,0,1,1,58473,/data/ncd?ncdid=0&ncdver=1
57068,17,04/29/2025,0,1,1,57068,/data/ncd?ncdid=0&ncdver=1
57307,38,04/29/2025,270,1,1,57307,/data/ncd?ncdid=270&ncdver=1
60185,11,01/08/2026,0,1,1,60185,/data/ncd?ncdid=0&ncdver=1
57663,14,04/29/2025,11,1,1,57663,/data/ncd?ncdid=11&ncdver=1
57663,14,04/29/2025,135,1,2,57663,/data/ncd?ncdid=135&ncdver=1
57663,14,04/29/2025,15,1,3,57663,/data/ncd?ncdid=15&ncdver=1
59809,10,12/16/2025,0,1,1,59809,/data/ncd?ncdid=0&ncdver=1
56836,18,04/29/2025,0,1,1,56836,/data/ncd?ncdid=0&ncdver=1
53021,141,04/30/2025,0,1,1,53021,/data/ncd?ncdid=0&ncdver=1
60428,3,04/29/2026,179,2,1,60428,/data/ncd?ncdid=179&ncdver=2
59350,27,04/29/2025,0,1,1,59350,/data/ncd?ncdid=0&ncdver=1
53066,99,04/29/2025,0,1,1,53066,/data/ncd?ncdid=0&ncdver=1
56915,37,04/29/2025,0,1,1,56915,/data/ncd?ncdid=0&ncdver=1
52571,143,04/29/2025,0,1,1,52571,/data/ncd?ncdid=0&ncdver=1
53127,193,04/29/2025,0,1,1,53127,/data/ncd?ncdid=0&ncdver=1
60279,4,04/29/2026,179,2,1,60279,/data/ncd?ncdid=179&ncdver=2
59674,18,04/29/2025,0,1,1,59674,/data/ncd?ncdid=0&ncdver=1
59668,29,04/29/2025,0,1,1,59668,/data/ncd?ncdid=0&ncdver=1
52527,90,04/29/2025,0,1,1,52527,/data/ncd?ncdid=0&ncdver=1
55621,17,04/29/2025,0,1,1,55621,/data/ncd?ncdid=0&ncdver=1
55146,17,04/29/2025,0,1,1,55146,/data/ncd?ncdid=0&ncdver=1
56916,33,04/29/2025,0,1,1,56916,/data/ncd?ncdid=0&ncdver=1
59429,4,04/29/2025,0,1,1,59429,/data/ncd?ncdid=0&ncdver=1
55193,15,04/29/2025,0,1,1,55193,/data/ncd?ncdid=0&ncdver=1
57733,12,04/29/2025,0,1,1,57733,/data/ncd?ncdid=0&ncdver=1
59332,15,04/29/2025,0,1,1,59332,/data/ncd?ncdid=0&ncdver=1
59560,4,04/29/2025,0,1,1,59560,/data/ncd?ncdid=0&ncdver=1
58405,22,04/29/2025,11,1,1,58405,/data/ncd?ncdid=11&ncdver=1
58405,22,04/29/2025,15,1,2,58405,/data/ncd?ncdid=15&ncdver=1
58405,22,04/29/2025,176,1,3,58405,/data/ncd?ncdid=176&ncdver=1
58405,22,04/29/2025,263,1,4,58405,/data/ncd?ncdid=263&ncdver=1
52458,40,04/29/2025,0,1,1,52458,/data/ncd?ncdid=0&ncdver=1
52464,65,04/29/2025,222,1,1,52464,/data/ncd?ncdid=222&ncdver=1
52464,65,04/29/2025,190,1,2,52464,/data/ncd?ncdid=190&ncdver=1
60247,6,02/02/2026,201,11,1,60247,/data/ncd?ncdid=201&ncdver=11
60213,13,10/23/2025,0,1,1,60213,/data/ncd?ncdid=0&ncdver=1
57306,44,04/29/2025,0,1,1,57306,/data/ncd?ncdid=0&ncdver=1
56459,30,04/29/2025,0,1,1,56459,/data/ncd?ncdid=0&ncdver=1
57160,13,04/29/2025,0,1,1,57160,/data/ncd?ncdid=0&ncdver=1
57994,7,04/29/2025,110,1,1,57994,/data/ncd?ncdid=110&ncdver=1
57994,7,04/29/2025,357,1,2,57994,/data/ncd?ncdid=357&ncdver=1
54516,48,04/29/2025,234,1,1,54516,/data/ncd?ncdid=234&ncdver=1
54516,48,04/29/2025,190,1,2,54516,/data/ncd?ncdid=190&ncdver=1
60181,12,01/09/2026,0,1,1,60181,/data/ncd?ncdid=0&ncdver=1
59055,15,04/29/2025,0,1,1,59055,/data/ncd?ncdid=0&ncdver=1
60211,10,01/09/2026,0,1,1,60211,/data/ncd?ncdid=0&ncdver=1
56326,28,04/29/2025,0,1,1,56326,/data/ncd?ncdid=0&ncdver=1
59608,32,04/29/2025,0,1,1,59608,/data/ncd?ncdid=0&ncdver=1
59726,19,12/29/2025,0,1,1,59726,/data/ncd?ncdid=0&ncdver=1
56340,32,04/29/2025,110,1,1,56340,/data/ncd?ncdid=110&ncdver=1
57186,43,11/17/2025,0,1,1,57186,/data/ncd?ncdid=0&ncdver=1
56343,14,04/29/2025,110,1,1,56343,/data/ncd?ncdid=110&ncdver=1
57052,18,04/29/2025,20,1,1,57052,/data/ncd?ncdid=20&ncdver=1
57052,18,04/29/2025,117,1,2,57052,/data/ncd?ncdid=117&ncdver=1
57052,18,04/29/2025,16,1,3,57052,/data/ncd?ncdid=16&ncdver=1
57052,18,04/29/2025,26,1,4,57052,/data/ncd?ncdid=26&ncdver=1
57052,18,04/29/2025,30,1,5,57052,/data/ncd?ncdid=30&ncdver=1
57052,18,04/29/2025,31,1,6,57052,/data/ncd?ncdid=31&ncdver=1
57052,18,04/29/2025,28,1,7,57052,/data/ncd?ncdid=28&ncdver=1
57052,18,04/29/2025,68,1,8,57052,/data/ncd?ncdid=68&ncdver=1
57052,18,04/29/2025,278,1,9,57052,/data/ncd?ncdid=278&ncdver=1
57052,18,04/29/2025,32,1,10,57052,/data/ncd?ncdid=32&ncdver=1
57185,43,11/17/2025,0,1,1,57185,/data/ncd?ncdid=0&ncdver=1
52521,55,04/29/2025,0,1,1,52521,/data/ncd?ncdid=0&ncdver=1
52457,65,04/29/2025,0,1,1,52457,/data/ncd?ncdid=0&ncdver=1
57041,21,04/29/2025,270,1,1,57041,/data/ncd?ncdid=270&ncdver=1
52504,61,04/29/2025,190,1,1,52504,/data/ncd?ncdid=190&ncdver=1
52504,61,04/29/2025,219,1,2,52504,/data/ncd?ncdid=219&ncdver=1
52504,61,04/29/2025,376,1,3,52504,/data/ncd?ncdid=376&ncdver=1
52500,46,04/29/2025,0,1,1,52500,/data/ncd?ncdid=0&ncdver=1
57787,47,04/29/2025,0,1,1,57787,/data/ncd?ncdid=0&ncdver=1
57054,12,04/29/2025,140,1,1,57054,/data/ncd?ncdid=140&ncdver=1
52498,64,04/29/2025,190,1,1,52498,/data/ncd?ncdid=190&ncdver=1
52498,64,04/29/2025,219,1,2,52498,/data/ncd?ncdid=219&ncdver=1
52498,64,04/29/2025,376,1,3,52498,/data/ncd?ncdid=376&ncdver=1
56670,61,04/29/2025,0,1,1,56670,/data/ncd?ncdid=0&ncdver=1
57053,22,04/29/2025,16,1,1,57053,/data/ncd?ncdid=16&ncdver=1
57053,22,04/29/2025,278,1,2,57053,/data/ncd?ncdid=278&ncdver=1
57053,22,04/29/2025,250,1,3,57053,/data/ncd?ncdid=250&ncdver=1
54961,21,04/29/2025,357,1,1,54961,/data/ncd?ncdid=357&ncdver=1
59634,10,04/29/2025,0,1,1,59634,/data/ncd?ncdid=0&ncdver=1
55937,46,04/29/2025,0,1,1,55937,/data/ncd?ncdid=0&ncdver=1
58428,29,04/29/2025,0,1,1,58428,/data/ncd?ncdid=0&ncdver=1
60342,5,03/27/2026,0,1,1,60342,/data/ncd?ncdid=0&ncdver=1
59624,19,04/29/2025,0,1,1,59624,/data/ncd?ncdid=0&ncdver=1
52465,72,04/29/2025,0,1,1,52465,/data/ncd?ncdid=0&ncdver=1
59714,16,12/29/2025,0,1,1,59714,/data/ncd?ncdid=0&ncdver=1
60341,4,03/27/2026,0,1,1,60341,/data/ncd?ncdid=0&ncdver=1
60318,5,03/26/2026,12,4,1,60318,/data/ncd?ncdid=12&ncdver=4
60318,5,03/26/2026,204,2,2,60318,/data/ncd?ncdid=204&ncdver=2
60318,5,03/26/2026,165,1,3,60318,/data/ncd?ncdid=165&ncdver=1
60318,5,03/26/2026,164,1,4,60318,/data/ncd?ncdid=164&ncdver=1
60318,5,03/26/2026,263,3,5,60318,/data/ncd?ncdid=263&ncdver=3
60250,8,01/22/2026,0,1,1,60250,/data/ncd?ncdid=0&ncdver=1
60315,4,03/26/2026,12,4,1,60315,/data/ncd?ncdid=12&ncdver=4
60315,4,03/26/2026,204,2,2,60315,/data/ncd?ncdid=204&ncdver=2
60315,4,03/26/2026,165,1,3,60315,/data/ncd?ncdid=165&ncdver=1
60315,4,03/26/2026,164,1,4,60315,/data/ncd?ncdid=164&ncdver=1
60315,4,03/26/2026,263,3,5,60315,/data/ncd?ncdid=263&ncdver=3
57926,25,10/07/2025,0,1,1,57926,/data/ncd?ncdid=0&ncdver=1
56465,16,04/29/2025,0,1,1,56465,/data/ncd?ncdid=0&ncdver=1
57079,15,04/29/2025,15,1,1,57079,/data/ncd?ncdid=15&ncdver=1
56467,14,04/29/2025,0,1,1,56467,/data/ncd?ncdid=0&ncdver=1
57598,11,04/29/2025,0,1,1,57598,/data/ncd?ncdid=0&ncdver=1
57591,25,04/29/2025,263,1,1,57591,/data/ncd?ncdid=263&ncdver=1
57050,13,04/29/2025,0,1,1,57050,/data/ncd?ncdid=0&ncdver=1
58223,22,04/29/2025,0,1,1,58223,/data/ncd?ncdid=0&ncdver=1
56594,14,04/29/2025,0,1,1,56594,/data/ncd?ncdid=0&ncdver=1
59154,13,04/29/2025,0,1,1,59154,/data/ncd?ncdid=0&ncdver=1
52725,38,04/29/2025,11,1,1,52725,/data/ncd?ncdid=11&ncdver=1
52725,38,04/29/2025,135,1,2,52725,/data/ncd?ncdid=135&ncdver=1
52725,38,04/29/2025,15,1,3,52725,/data/ncd?ncdid=15&ncdver=1
58828,15,04/29/2025,0,1,1,58828,/data/ncd?ncdid=0&ncdver=1
59515,5,04/29/2025,0,1,1,59515,/data/ncd?ncdid=0&ncdver=1
57433,14,04/29/2025,0,1,1,57433,/data/ncd?ncdid=0&ncdver=1
59507,6,04/29/2025,0,1,1,59507,/data/ncd?ncdid=0&ncdver=1
59401,5,04/29/2025,0,1,1,59401,/data/ncd?ncdid=0&ncdver=1
57622,17,04/29/2025,0,1,1,57622,/data/ncd?ncdid=0&ncdver=1
57420,15,04/29/2025,0,1,1,57420,/data/ncd?ncdid=0&ncdver=1
57905,28,04/29/2025,372,1,1,57905,/data/ncd?ncdid=372&ncdver=1
58578,12,04/29/2025,0,1,1,58578,/data/ncd?ncdid=0&ncdver=1
56696,43,05/02/2025,131,3,1,56696,/data/ncd?ncdid=131&ncdver=3
58434,34,04/29/2025,372,1,1,58434,/data/ncd?ncdid=372&ncdver=1
53046,22,04/29/2025,0,1,1,53046,/data/ncd?ncdid=0&ncdver=1
57084,15,04/29/2025,0,1,1,57084,/data/ncd?ncdid=0&ncdver=1
57194,36,08/28/2015,158,1,1,57194,/data/ncd?ncdid=158&ncdver=1
54662,14,04/29/2025,0,1,1,54662,/data/ncd?ncdid=0&ncdver=1
57385,46,04/29/2025,333,1,1,57385,/data/ncd?ncdid=333&ncdver=1
58097,17,04/29/2025,176,1,1,58097,/data/ncd?ncdid=176&ncdver=1
59177,12,04/29/2025,366,1,1,59177,/data/ncd?ncdid=366&ncdver=1
59177,12,04/29/2025,1,1,2,59177,/data/ncd?ncdid=1&ncdver=1
59246,18,04/29/2025,0,1,1,59246,/data/ncd?ncdid=0&ncdver=1
58229,18,10/14/2025,0,1,1,58229,/data/ncd?ncdid=0&ncdver=1
59468,6,04/29/2025,0,1,1,59468,/data/ncd?ncdid=0&ncdver=1
56034,42,04/29/2025,11,1,1,56034,/data/ncd?ncdid=11&ncdver=1
56034,42,04/29/2025,135,1,2,56034,/data/ncd?ncdid=135&ncdver=1
56034,42,04/29/2025,15,1,3,56034,/data/ncd?ncdid=15&ncdver=1
56464,35,04/29/2025,0,1,1,56464,/data/ncd?ncdid=0&ncdver=1
57149,20,04/29/2025,0,1,1,57149,/data/ncd?ncdid=0&ncdver=1
56159,23,04/29/2025,0,1,1,56159,/data/ncd?ncdid=0&ncdver=1
56175,15,04/29/2025,0,1,1,56175,/data/ncd?ncdid=0&ncdver=1
59215,9,04/29/2025,366,1,1,59215,/data/ncd?ncdid=366&ncdver=1
56461,26,04/29/2025,0,1,1,56461,/data/ncd?ncdid=0&ncdver=1
57049,13,04/29/2025,330,1,1,57049,/data/ncd?ncdid=330&ncdver=1
57049,13,04/29/2025,226,1,2,57049,/data/ncd?ncdid=226&ncdver=1
55835,16,04/29/2025,249,1,1,55835,/data/ncd?ncdid=249&ncdver=1
55601,14,04/29/2025,0,1,1,55601,/data/ncd?ncdid=0&ncdver=1
56462,32,04/29/2025,0,1,1,56462,/data/ncd?ncdid=0&ncdver=1
58121,17,04/29/2025,0,1,1,58121,/data/ncd?ncdid=0&ncdver=1
57843,12,04/29/2025,0,1,1,57843,/data/ncd?ncdid=0&ncdver=1
56518,28,04/29/2025,372,1,1,56518,/data/ncd?ncdid=372&ncdver=1
56104,17,04/29/2025,0,1,1,56104,/data/ncd?ncdid=0&ncdver=1
55116,16,04/29/2025,0,1,1,55116,/data/ncd?ncdid=0&ncdver=1
54388,35,04/29/2025,0,1,1,54388,/data/ncd?ncdid=0&ncdver=1
54420,28,04/29/2025,0,1,1,54420,/data/ncd?ncdid=0&ncdver=1
57972,12,04/29/2025,0,1,1,57972,/data/ncd?ncdid=0&ncdver=1
58975,28,04/30/2025,372,2,1,58975,/data/ncd?ncdid=372&ncdver=2
57330,17,04/29/2025,0,1,1,57330,/data/ncd?ncdid=0&ncdver=1
57595,20,04/29/2025,249,1,1,57595,/data/ncd?ncdid=249&ncdver=1
57595,20,04/29/2025,231,1,2,57595,/data/ncd?ncdid=231&ncdver=1
57595,20,04/29/2025,42,1,3,57595,/data/ncd?ncdid=42&ncdver=1
57236,22,04/29/2025,0,1,1,57236,/data/ncd?ncdid=0&ncdver=1
58185,20,04/29/2025,0,1,1,58185,/data/ncd?ncdid=0&ncdver=1
57620,9,04/29/2025,0,1,1,57620,/data/ncd?ncdid=0&ncdver=1
58456,43,04/29/2025,372,1,1,58456,/data/ncd?ncdid=372&ncdver=1
56454,12,04/29/2025,0,1,1,56454,/data/ncd?ncdid=0&ncdver=1
58726,82,04/29/2025,53,1,1,58726,/data/ncd?ncdid=53&ncdver=1
58726,82,04/29/2025,352,1,2,58726,/data/ncd?ncdid=352&ncdver=1
58726,82,04/29/2025,361,1,3,58726,/data/ncd?ncdid=361&ncdver=1
58726,82,04/29/2025,365,1,4,58726,/data/ncd?ncdid=365&ncdver=1
58726,82,04/29/2025,369,1,5,58726,/data/ncd?ncdid=369&ncdver=1
58726,82,04/29/2025,335,1,6,58726,/data/ncd?ncdid=335&ncdver=1
53296,23,04/29/2025,0,1,1,53296,/data/ncd?ncdid=0&ncdver=1
59244,18,04/29/2025,0,1,1,59244,/data/ncd?ncdid=0&ncdver=1
58095,16,04/29/2025,176,1,1,58095,/data/ncd?ncdid=176&ncdver=1
58227,20,10/14/2025,0,1,1,58227,/data/ncd?ncdid=0&ncdver=1
54660,14,04/29/2025,0,1,1,54660,/data/ncd?ncdid=0&ncdver=1
57083,14,04/29/2025,0,1,1,57083,/data/ncd?ncdid=0&ncdver=1
59466,7,04/29/2025,0,1,1,59466,/data/ncd?ncdid=0&ncdver=1
59175,11,04/29/2025,366,1,1,59175,/data/ncd?ncdid=366&ncdver=1
59175,11,04/29/2025,1,1,2,59175,/data/ncd?ncdid=1&ncdver=1
52848,42,04/29/2025,0,1,1,52848,/data/ncd?ncdid=0&ncdver=1
56472,23,04/29/2025,0,1,1,56472,/data/ncd?ncdid=0&ncdver=1
56646,24,04/29/2025,0,1,1,56646,/data/ncd?ncdid=0&ncdver=1
56471,18,04/29/2025,0,1,1,56471,/data/ncd?ncdid=0&ncdver=1
57474,34,04/29/2025,0,1,1,57474,/data/ncd?ncdid=0&ncdver=1
56494,17,04/29/2025,0,1,1,56494,/data/ncd?ncdid=0&ncdver=1
56455,12,04/29/2025,0,1,1,56455,/data/ncd?ncdid=0&ncdver=1
56816,16,04/29/2025,0,1,1,56816,/data/ncd?ncdid=0&ncdver=1
56456,32,04/29/2025,0,1,1,56456,/data/ncd?ncdid=0&ncdver=1
57179,22,04/29/2025,0,1,1,57179,/data/ncd?ncdid=0&ncdver=1
56460,14,04/29/2025,0,1,1,56460,/data/ncd?ncdid=0&ncdver=1
56505,41,04/29/2025,0,1,1,56505,/data/ncd?ncdid=0&ncdver=1
56457,15,04/29/2025,0,1,1,56457,/data/ncd?ncdid=0&ncdver=1
60400,4,02/20/2026,0,1,1,60400,/data/ncd?ncdid=0&ncdver=1
57592,19,04/29/2025,212,1,1,57592,/data/ncd?ncdid=212&ncdver=1
57592,19,04/29/2025,263,1,2,57592,/data/ncd?ncdid=263&ncdver=1
57592,19,04/29/2025,204,1,3,57592,/data/ncd?ncdid=204&ncdver=1
54953,70,04/29/2025,0,1,1,54953,/data/ncd?ncdid=0&ncdver=1
59700,5,04/29/2025,0,1,1,59700,/data/ncd?ncdid=0&ncdver=1
55197,35,04/29/2025,372,1,1,55197,/data/ncd?ncdid=372&ncdver=1
56050,15,04/29/2025,0,1,1,56050,/data/ncd?ncdid=0&ncdver=1
59423,4,04/29/2025,0,1,1,59423,/data/ncd?ncdid=0&ncdver=1
56289,14,04/29/2025,82,1,1,56289,/data/ncd?ncdid=82&ncdver=1
59163,7,04/29/2025,0,1,1,59163,/data/ncd?ncdid=0&ncdver=1
59318,13,04/29/2025,0,1,1,59318,/data/ncd?ncdid=0&ncdver=1
54424,20,04/29/2025,0,1,1,54424,/data/ncd?ncdid=0&ncdver=1
54482,16,04/29/2025,0,1,1,54482,/data/ncd?ncdid=0&ncdver=1
57774,16,04/29/2025,0,1,1,57774,/data/ncd?ncdid=0&ncdver=1
54447,26,04/29/2025,0,1,1,54447,/data/ncd?ncdid=0&ncdver=1
54486,13,04/29/2025,0,1,1,54486,/data/ncd?ncdid=0&ncdver=1
54500,24,04/29/2025,0,1,1,54500,/data/ncd?ncdid=0&ncdver=1
55265,13,04/29/2025,0,1,1,55265,/data/ncd?ncdid=0&ncdver=1
55295,30,04/29/2025,372,1,1,55295,/data/ncd?ncdid=372&ncdver=1
55600,17,04/29/2025,0,1,1,55600,/data/ncd?ncdid=0&ncdver=1
54976,16,04/29/2025,0,1,1,54976,/data/ncd?ncdid=0&ncdver=1
55602,24,04/29/2025,0,1,1,55602,/data/ncd?ncdid=0&ncdver=1
55628,14,04/29/2025,0,1,1,55628,/data/ncd?ncdid=0&ncdver=1
55712,22,04/29/2025,0,1,1,55712,/data/ncd?ncdid=0&ncdver=1
58674,8,04/29/2025,0,1,1,58674,/data/ncd?ncdid=0&ncdver=1
59642,32,04/29/2025,0,1,1,59642,/data/ncd?ncdid=0&ncdver=1
59687,6,04/29/2025,0,1,1,59687,/data/ncd?ncdid=0&ncdver=1
59744,5,04/29/2025,0,1,1,59744,/data/ncd?ncdid=0&ncdver=1
57484,22,04/29/2025,0,1,1,57484,/data/ncd?ncdid=0&ncdver=1
56565,20,04/29/2025,0,1,1,56565,/data/ncd?ncdid=0&ncdver=1
58120,17,04/29/2025,0,1,1,58120,/data/ncd?ncdid=0&ncdver=1
59685,5,04/29/2025,0,1,1,59685,/data/ncd?ncdid=0&ncdver=1
58673,8,04/29/2025,0,1,1,58673,/data/ncd?ncdid=0&ncdver=1
54480,16,04/29/2025,0,1,1,54480,/data/ncd?ncdid=0&ncdver=1
59743,5,04/29/2025,0,1,1,59743,/data/ncd?ncdid=0&ncdver=1
54484,13,04/29/2025,0,1,1,54484,/data/ncd?ncdid=0&ncdver=1
55596,13,04/29/2025,0,1,1,55596,/data/ncd?ncdid=0&ncdver=1
55623,16,04/29/2025,0,1,1,55623,/data/ncd?ncdid=0&ncdver=1
55597,24,04/29/2025,0,1,1,55597,/data/ncd?ncdid=0&ncdver=1
54422,21,04/29/2025,0,1,1,54422,/data/ncd?ncdid=0&ncdver=1
55624,34,04/29/2025,372,1,1,55624,/data/ncd?ncdid=372&ncdver=1
57842,11,04/29/2025,0,1,1,57842,/data/ncd?ncdid=0&ncdver=1
54445,27,04/29/2025,0,1,1,54445,/data/ncd?ncdid=0&ncdver=1
56103,14,04/29/2025,0,1,1,56103,/data/ncd?ncdid=0&ncdver=1
57970,13,04/29/2025,0,1,1,57970,/data/ncd?ncdid=0&ncdver=1
54418,28,04/29/2025,0,1,1,54418,/data/ncd?ncdid=0&ncdver=1
55264,14,04/29/2025,0,1,1,55264,/data/ncd?ncdid=0&ncdver=1
54386,38,04/29/2025,0,1,1,54386,/data/ncd?ncdid=0&ncdver=1
55294,34,04/29/2025,372,1,1,55294,/data/ncd?ncdid=372&ncdver=1
54975,17,04/29/2025,0,1,1,54975,/data/ncd?ncdid=0&ncdver=1
54498,24,04/29/2025,0,1,1,54498,/data/ncd?ncdid=0&ncdver=1
55595,17,04/29/2025,0,1,1,55595,/data/ncd?ncdid=0&ncdver=1
55711,24,04/29/2025,0,1,1,55711,/data/ncd?ncdid=0&ncdver=1
58573,13,04/29/2025,0,1,1,58573,/data/ncd?ncdid=0&ncdver=1
57670,8,04/29/2025,0,1,1,57670,/data/ncd?ncdid=0&ncdver=1
56587,48,04/29/2025,0,1,1,56587,/data/ncd?ncdid=0&ncdver=1
57332,55,04/29/2025,0,1,1,57332,/data/ncd?ncdid=0&ncdver=1
57517,13,04/29/2025,0,1,1,57517,/data/ncd?ncdid=0&ncdver=1
58187,25,04/29/2025,372,1,1,58187,/data/ncd?ncdid=372&ncdver=1
57527,84,04/29/2025,0,1,1,57527,/data/ncd?ncdid=0&ncdver=1
58053,8,04/29/2025,0,1,1,58053,/data/ncd?ncdid=0&ncdver=1
57487,10,04/29/2025,0,1,1,57487,/data/ncd?ncdid=0&ncdver=1
57892,37,04/29/2025,372,1,1,57892,/data/ncd?ncdid=372&ncdver=1
59837,8,06/27/2025,0,1,1,59837,/data/ncd?ncdid=0&ncdver=1
58997,29,04/29/2025,372,1,1,58997,/data/ncd?ncdid=372&ncdver=1
59511,5,04/29/2025,0,1,1,59511,/data/ncd?ncdid=0&ncdver=1
58681,29,04/29/2025,372,1,1,58681,/data/ncd?ncdid=372&ncdver=1
53058,65,04/29/2025,0,1,1,53058,/data/ncd?ncdid=0&ncdver=1
53057,67,04/29/2025,22,1,1,53057,/data/ncd?ncdid=22&ncdver=1
53057,67,04/29/2025,94,1,2,53057,/data/ncd?ncdid=94&ncdver=1
59874,9,06/04/2025,0,1,1,59874,/data/ncd?ncdid=0&ncdver=1
56717,35,04/29/2025,0,1,1,56717,/data/ncd?ncdid=0&ncdver=1
56730,27,04/29/2025,0,1,1,56730,/data/ncd?ncdid=0&ncdver=1
53064,87,04/29/2025,22,1,1,53064,/data/ncd?ncdid=22&ncdver=1
53064,87,04/29/2025,94,1,2,53064,/data/ncd?ncdid=94&ncdver=1
53064,87,04/29/2025,231,1,3,53064,/data/ncd?ncdid=231&ncdver=1
53064,87,04/29/2025,131,1,4,53064,/data/ncd?ncdid=131&ncdver=1
59036,23,04/29/2025,0,1,1,59036,/data/ncd?ncdid=0&ncdver=1
53065,76,04/29/2025,22,1,1,53065,/data/ncd?ncdid=22&ncdver=1
53065,76,04/29/2025,175,1,2,53065,/data/ncd?ncdid=175&ncdver=1
53065,76,04/29/2025,94,1,3,53065,/data/ncd?ncdid=94&ncdver=1
53065,76,04/29/2025,231,1,4,53065,/data/ncd?ncdid=231&ncdver=1
53065,76,04/29/2025,131,1,5,53065,/data/ncd?ncdid=131&ncdver=1
59371,7,04/29/2025,147,1,1,59371,/data/ncd?ncdid=147&ncdver=1
56432,25,04/29/2025,0,1,1,56432,/data/ncd?ncdid=0&ncdver=1
52507,156,04/29/2025,223,1,1,52507,/data/ncd?ncdid=223&ncdver=1
52507,156,04/29/2025,190,1,2,52507,/data/ncd?ncdid=190&ncdver=1
56777,16,04/29/2025,0,1,1,56777,/data/ncd?ncdid=0&ncdver=1
56008,12,04/29/2025,0,1,1,56008,/data/ncd?ncdid=0&ncdver=1
59030,13,04/29/2025,0,1,1,59030,/data/ncd?ncdid=0&ncdver=1
59498,10,04/29/2025,0,1,1,59498,/data/ncd?ncdid=0&ncdver=1
53793,38,04/29/2025,0,1,1,53793,/data/ncd?ncdid=0&ncdver=1
58354,15,04/29/2025,0,1,1,58354,/data/ncd?ncdid=0&ncdver=1
59672,8,04/29/2025,0,1,1,59672,/data/ncd?ncdid=0&ncdver=1
56658,42,04/29/2025,0,1,1,56658,/data/ncd?ncdid=0&ncdver=1
56852,24,04/30/2025,0,1,1,56852,/data/ncd?ncdid=0&ncdver=1
59028,12,04/29/2025,0,1,1,59028,/data/ncd?ncdid=0&ncdver=1
58008,22,10/07/2025,0,1,1,58008,/data/ncd?ncdid=0&ncdver=1
59723,10,04/29/2025,0,1,1,59723,/data/ncd?ncdid=0&ncdver=1
58876,12,04/29/2025,0,1,1,58876,/data/ncd?ncdid=0&ncdver=1
57372,18,04/29/2025,0,1,1,57372,/data/ncd?ncdid=0&ncdver=1
57486,10,04/29/2025,0,1,1,57486,/data/ncd?ncdid=0&ncdver=1
57516,12,04/29/2025,0,1,1,57516,/data/ncd?ncdid=0&ncdver=1
58052,9,04/29/2025,0,1,1,58052,/data/ncd?ncdid=0&ncdver=1
57329,18,04/29/2025,0,1,1,57329,/data/ncd?ncdid=0&ncdver=1
57619,8,04/29/2025,0,1,1,57619,/data/ncd?ncdid=0&ncdver=1
59872,9,06/04/2025,0,1,1,59872,/data/ncd?ncdid=0&ncdver=1
58996,31,04/29/2025,372,1,1,58996,/data/ncd?ncdid=372&ncdver=1
59764,16,04/29/2025,0,1,1,59764,/data/ncd?ncdid=0&ncdver=1
58973,27,04/30/2025,372,2,1,58973,/data/ncd?ncdid=372&ncdver=2
59835,8,06/27/2025,0,1,1,59835,/data/ncd?ncdid=0&ncdver=1
58181,24,04/29/2025,372,1,1,58181,/data/ncd?ncdid=372&ncdver=1
59509,5,04/29/2025,0,1,1,59509,/data/ncd?ncdid=0&ncdver=1
58183,19,04/29/2025,0,1,1,58183,/data/ncd?ncdid=0&ncdver=1
58250,19,04/29/2025,0,1,1,58250,/data/ncd?ncdid=0&ncdver=1
58577,33,04/29/2025,0,1,1,58577,/data/ncd?ncdid=0&ncdver=1
57145,32,04/29/2025,57,1,1,57145,/data/ncd?ncdid=57&ncdver=1
56952,50,04/29/2025,0,1,1,56952,/data/ncd?ncdid=0&ncdver=1
57115,10,04/29/2025,0,1,1,57115,/data/ncd?ncdid=0&ncdver=1
55818,26,04/29/2025,0,1,1,55818,/data/ncd?ncdid=0&ncdver=1
57666,36,04/29/2025,0,1,1,57666,/data/ncd?ncdid=0&ncdver=1
59766,29,04/29/2025,0,1,1,59766,/data/ncd?ncdid=0&ncdver=1
58575,38,04/29/2025,0,1,1,58575,/data/ncd?ncdid=0&ncdver=1
56423,59,04/29/2025,0,1,1,56423,/data/ncd?ncdid=0&ncdver=1
57361,46,04/29/2025,0,1,1,57361,/data/ncd?ncdid=0&ncdver=1
57205,39,04/29/2025,169,1,1,57205,/data/ncd?ncdid=169&ncdver=1
57751,28,05/19/2026,0,1,1,57751,/data/ncd?ncdid=0&ncdver=1
58264,8,04/29/2025,0,1,1,58264,/data/ncd?ncdid=0&ncdver=1
57114,21,05/19/2026,0,1,1,57114,/data/ncd?ncdid=0&ncdver=1
56422,50,04/29/2025,0,1,1,56422,/data/ncd?ncdid=0&ncdver=1
53001,45,04/29/2025,0,1,1,53001,/data/ncd?ncdid=0&ncdver=1
55229,46,04/29/2025,0,1,1,55229,/data/ncd?ncdid=0&ncdver=1
52998,50,04/29/2025,0,1,1,52998,/data/ncd?ncdid=0&ncdver=1
58243,7,04/29/2025,0,1,1,58243,/data/ncd?ncdid=0&ncdver=1
57113,44,04/29/2025,129,1,1,57113,/data/ncd?ncdid=129&ncdver=1
54117,88,01/20/2026,217,6,2,54117,/data/ncd?ncdid=217&ncdver=6
57680,9,01/20/2026,217,6,2,57680,/data/ncd?ncdid=217&ncdver=6
56796,31,04/29/2025,0,1,1,56796,/data/ncd?ncdid=0&ncdver=1
57480,31,04/29/2025,41,1,1,57480,/data/ncd?ncdid=41&ncdver=1
59553,11,04/29/2025,0,1,1,59553,/data/ncd?ncdid=0&ncdver=1
56902,50,04/29/2025,0,1,1,56902,/data/ncd?ncdid=0&ncdver=1
57596,19,04/29/2025,0,1,1,57596,/data/ncd?ncdid=0&ncdver=1
58209,9,04/29/2025,0,1,1,58209,/data/ncd?ncdid=0&ncdver=1
56914,19,04/29/2025,0,1,1,56914,/data/ncd?ncdid=0&ncdver=1
59813,6,04/29/2025,0,1,1,59813,/data/ncd?ncdid=0&ncdver=1
56905,20,04/29/2025,0,1,1,56905,/data/ncd?ncdid=0&ncdver=1
57590,15,04/29/2025,201,1,1,57590,/data/ncd?ncdid=201&ncdver=1
60399,4,01/22/2026,0,1,1,60399,/data/ncd?ncdid=0&ncdver=1
58207,34,04/30/2025,112,3,1,58207,/data/ncd?ncdid=112&ncdver=3
55231,17,04/29/2025,0,1,1,55231,/data/ncd?ncdid=0&ncdver=1
54923,45,02/17/2016,57,3,1,54923,/data/ncd?ncdid=57&ncdver=3
59870,8,06/04/2025,0,1,1,59870,/data/ncd?ncdid=0&ncdver=1
57479,18,04/29/2025,201,1,1,57479,/data/ncd?ncdid=201&ncdver=1
55210,15,04/29/2025,0,1,1,55210,/data/ncd?ncdid=0&ncdver=1
59522,11,04/29/2025,0,1,1,59522,/data/ncd?ncdid=0&ncdver=1
58724,14,04/29/2025,0,1,1,58724,/data/ncd?ncdid=0&ncdver=1
57424,14,04/29/2025,0,1,1,57424,/data/ncd?ncdid=0&ncdver=1
59034,7,04/29/2025,0,1,1,59034,/data/ncd?ncdid=0&ncdver=1
59181,8,04/29/2025,0,1,1,59181,/data/ncd?ncdid=0&ncdver=1
57665,10,04/29/2025,372,1,1,57665,/data/ncd?ncdid=372&ncdver=1
57465,9,04/29/2025,0,1,1,57465,/data/ncd?ncdid=0&ncdver=1
57608,16,04/29/2025,0,1,1,57608,/data/ncd?ncdid=0&ncdver=1
57376,21,04/29/2025,0,1,1,57376,/data/ncd?ncdid=0&ncdver=1
57364,14,04/29/2025,0,1,1,57364,/data/ncd?ncdid=0&ncdver=1
57055,21,04/29/2025,102,1,1,57055,/data/ncd?ncdid=102&ncdver=1
57290,18,04/29/2025,0,1,1,57290,/data/ncd?ncdid=0&ncdver=1
59718,10,04/29/2025,0,1,1,59718,/data/ncd?ncdid=0&ncdver=1
58406,26,04/30/2025,0,1,1,58406,/data/ncd?ncdid=0&ncdver=1
59811,5,04/29/2025,0,1,1,59811,/data/ncd?ncdid=0&ncdver=1
59721,6,04/29/2025,0,1,1,59721,/data/ncd?ncdid=0&ncdver=1
58170,33,04/29/2025,112,1,1,58170,/data/ncd?ncdid=112&ncdver=1
57432,12,04/29/2025,0,1,1,57432,/data/ncd?ncdid=0&ncdver=1
58168,33,04/29/2025,112,1,1,58168,/data/ncd?ncdid=112&ncdver=1
58019,45,04/29/2025,112,1,1,58019,/data/ncd?ncdid=112&ncdver=1
59032,7,04/29/2025,0,1,1,59032,/data/ncd?ncdid=0&ncdver=1
59386,4,04/29/2025,0,1,1,59386,/data/ncd?ncdid=0&ncdver=1
59179,10,04/29/2025,0,1,1,59179,/data/ncd?ncdid=0&ncdver=1
59521,11,04/29/2025,0,1,1,59521,/data/ncd?ncdid=0&ncdver=1
57268,21,04/29/2025,0,1,1,57268,/data/ncd?ncdid=0&ncdver=1
57419,16,04/29/2025,0,1,1,57419,/data/ncd?ncdid=0&ncdver=1
59505,5,04/29/2025,0,1,1,59505,/data/ncd?ncdid=0&ncdver=1
57423,16,04/29/2025,0,1,1,57423,/data/ncd?ncdid=0&ncdver=1
57621,17,04/29/2025,0,1,1,57621,/data/ncd?ncdid=0&ncdver=1
57664,11,04/29/2025,372,1,1,57664,/data/ncd?ncdid=372&ncdver=1
57607,15,04/29/2025,0,1,1,57607,/data/ncd?ncdid=0&ncdver=1
57441,8,04/29/2025,0,1,1,57441,/data/ncd?ncdid=0&ncdver=1
57773,17,04/29/2025,0,1,1,57773,/data/ncd?ncdid=0&ncdver=1
59868,8,06/04/2025,0,1,1,59868,/data/ncd?ncdid=0&ncdver=1
59513,4,04/29/2025,0,1,1,59513,/data/ncd?ncdid=0&ncdver=1
57037,24,04/29/2025,102,1,1,57037,/data/ncd?ncdid=102&ncdver=1
57124,21,04/29/2025,0,1,1,57124,/data/ncd?ncdid=0&ncdver=1
60354,3,01/09/2026,0,1,1,60354,/data/ncd?ncdid=0&ncdver=1
60355,5,01/09/2026,0,1,1,60355,/data/ncd?ncdid=0&ncdver=1
57363,14,04/29/2025,0,1,1,57363,/data/ncd?ncdid=0&ncdver=1
60356,4,01/08/2026,0,1,1,60356,/data/ncd?ncdid=0&ncdver=1
60350,2,10/23/2025,0,1,1,60350,/data/ncd?ncdid=0&ncdver=1
59716,8,04/29/2025,0,1,1,59716,/data/ncd?ncdid=0&ncdver=1
60357,4,01/08/2026,0,1,1,60357,/data/ncd?ncdid=0&ncdver=1
60386,2,01/08/2026,0,1,1,60386,/data/ncd?ncdid=0&ncdver=1
60384,2,12/16/2025,0,1,1,60384,/data/ncd?ncdid=0&ncdver=1
52480,90,04/30/2025,309,2,1,52480,/data/ncd?ncdid=309&ncdver=2
52479,73,04/29/2025,0,1,1,52479,/data/ncd?ncdid=0&ncdver=1
59986,13,04/29/2025,0,1,1,59986,/data/ncd?ncdid=0&ncdver=1
60352,4,12/29/2025,0,1,1,60352,/data/ncd?ncdid=0&ncdver=1
60366,4,12/29/2025,0,1,1,60366,/data/ncd?ncdid=0&ncdver=1
60365,3,12/29/2025,0,1,1,60365,/data/ncd?ncdid=0&ncdver=1
60349,6,12/29/2025,0,1,1,60349,/data/ncd?ncdid=0&ncdver=1
59518,5,04/29/2025,0,1,1,59518,/data/ncd?ncdid=0&ncdver=1
58218,17,04/29/2025,0,1,1,58218,/data/ncd?ncdid=0&ncdver=1
59517,5,04/29/2025,0,1,1,59517,/data/ncd?ncdid=0&ncdver=1
58543,13,04/29/2025,202,1,1,58543,/data/ncd?ncdid=202&ncdver=1
58541,14,04/29/2025,202,1,1,58541,/data/ncd?ncdid=202&ncdver=1
53124,38,04/29/2025,0,1,1,53124,/data/ncd?ncdid=0&ncdver=1
56391,37,03/13/2019,110,4,1,56391,/data/ncd?ncdid=110&ncdver=4
56907,24,04/29/2025,0,1,1,56907,/data/ncd?ncdid=0&ncdver=1
56908,19,04/29/2025,0,1,1,56908,/data/ncd?ncdid=0&ncdver=1
57594,22,04/29/2025,165,1,1,57594,/data/ncd?ncdid=165&ncdver=1
57594,22,04/29/2025,263,1,2,57594,/data/ncd?ncdid=263&ncdver=1
54958,28,04/29/2025,357,1,1,54958,/data/ncd?ncdid=357&ncdver=1
55175,25,04/29/2025,0,1,1,55175,/data/ncd?ncdid=0&ncdver=1
55710,16,04/29/2025,0,1,1,55710,/data/ncd?ncdid=0&ncdver=1
55230,18,04/29/2025,0,1,1,55230,/data/ncd?ncdid=0&ncdver=1
55200,37,04/29/2025,0,1,1,55200,/data/ncd?ncdid=0&ncdver=1
57551,14,04/29/2025,0,1,1,57551,/data/ncd?ncdid=0&ncdver=1
59769,9,04/29/2025,176,1,1,59769,/data/ncd?ncdid=176&ncdver=1
59695,12,04/29/2025,0,1,1,59695,/data/ncd?ncdid=0&ncdver=1
57685,15,04/29/2025,0,1,1,57685,/data/ncd?ncdid=0&ncdver=1
57701,30,04/30/2025,373,1,2,57701,/data/ncd?ncdid=373&ncdver=1
56027,14,04/29/2025,0,1,1,56027,/data/ncd?ncdid=0&ncdver=1
60382,5,12/22/2025,0,1,1,60382,/data/ncd?ncdid=0&ncdver=1
53026,65,10/02/2015,57,3,1,53026,/data/ncd?ncdid=57&ncdver=3
56605,22,12/11/2025,0,1,1,56605,/data/ncd?ncdid=0&ncdver=1
57161,22,04/29/2025,129,1,1,57161,/data/ncd?ncdid=129&ncdver=1
57802,16,04/29/2025,0,1,1,57802,/data/ncd?ncdid=0&ncdver=1
54061,23,04/29/2025,285,1,1,54061,/data/ncd?ncdid=285&ncdver=1
57183,23,04/29/2025,36,1,1,57183,/data/ncd?ncdid=36&ncdver=1
59249,9,04/29/2025,0,1,1,59249,/data/ncd?ncdid=0&ncdver=1
59250,8,04/29/2025,0,1,1,59250,/data/ncd?ncdid=0&ncdver=1
57788,41,04/29/2025,0,1,1,57788,/data/ncd?ncdid=0&ncdver=1
57122,23,04/29/2025,0,1,1,57122,/data/ncd?ncdid=0&ncdver=1
60378,3,12/03/2025,321,1,1,60378,/data/ncd?ncdid=321&ncdver=1
60378,3,12/03/2025,190,4,2,60378,/data/ncd?ncdid=190&ncdver=4
58211,24,04/29/2025,372,1,1,58211,/data/ncd?ncdid=372&ncdver=1
57880,13,04/29/2025,0,1,1,57880,/data/ncd?ncdid=0&ncdver=1
55134,37,04/29/2025,0,1,1,55134,/data/ncd?ncdid=0&ncdver=1
58216,5,04/29/2025,365,1,1,58216,/data/ncd?ncdid=365&ncdver=1
58232,4,04/29/2025,365,1,1,58232,/data/ncd?ncdid=365&ncdver=1
57715,55,04/29/2025,0,1,1,57715,/data/ncd?ncdid=0&ncdver=1
60371,4,12/04/2025,0,1,1,60371,/data/ncd?ncdid=0&ncdver=1
58423,48,04/29/2025,0,1,1,58423,/data/ncd?ncdid=0&ncdver=1
55240,26,04/29/2025,11,1,1,55240,/data/ncd?ncdid=11&ncdver=1
55240,26,04/29/2025,240,1,2,55240,/data/ncd?ncdid=240&ncdver=1
56433,85,04/29/2025,150,1,1,56433,/data/ncd?ncdid=150&ncdver=1
60373,4,11/25/2025,190,4,1,60373,/data/ncd?ncdid=190&ncdver=4
60373,4,11/25/2025,223,2,2,60373,/data/ncd?ncdid=223&ncdver=2
59619,7,04/29/2025,0,1,1,59619,/data/ncd?ncdid=0&ncdver=1
56988,17,04/29/2025,0,1,1,56988,/data/ncd?ncdid=0&ncdver=1
59299,12,04/29/2025,64,1,1,59299,/data/ncd?ncdid=64&ncdver=1
59299,12,04/29/2025,14,1,2,59299,/data/ncd?ncdid=14&ncdver=1
59299,12,04/29/2025,129,1,3,59299,/data/ncd?ncdid=129&ncdver=1
59299,12,04/29/2025,338,1,4,59299,/data/ncd?ncdid=338&ncdver=1
56482,49,04/29/2025,150,1,1,56482,/data/ncd?ncdid=150&ncdver=1
59620,6,04/29/2025,0,1,1,59620,/data/ncd?ncdid=0&ncdver=1
56425,16,04/29/2025,0,1,1,56425,/data/ncd?ncdid=0&ncdver=1
52437,17,04/29/2025,0,1,1,52437,/data/ncd?ncdid=0&ncdver=1
56448,22,04/29/2025,186,1,1,56448,/data/ncd?ncdid=186&ncdver=1
52435,14,04/29/2025,0,1,1,52435,/data/ncd?ncdid=0&ncdver=1
52430,12,04/29/2025,1,1,1,52430,/data/ncd?ncdid=1&ncdver=1
57531,60,04/29/2025,0,1,1,57531,/data/ncd?ncdid=0&ncdver=1
56558,86,04/29/2025,0,1,1,56558,/data/ncd?ncdid=0&ncdver=1
60245,3,11/24/2025,0,1,1,60245,/data/ncd?ncdid=0&ncdver=1
60362,4,11/24/2025,0,1,1,60362,/data/ncd?ncdid=0&ncdver=1
54545,21,04/29/2025,82,1,1,54545,/data/ncd?ncdid=82&ncdver=1
55057,13,04/29/2025,0,1,1,55057,/data/ncd?ncdid=0&ncdver=1
52959,15,04/29/2025,0,1,1,52959,/data/ncd?ncdid=0&ncdver=1
56573,21,04/29/2025,0,1,1,56573,/data/ncd?ncdid=0&ncdver=1
57684,11,04/29/2025,0,1,1,57684,/data/ncd?ncdid=0&ncdver=1
53049,99,04/29/2025,223,1,1,53049,/data/ncd?ncdid=223&ncdver=1
59576,8,04/29/2025,223,1,1,59576,/data/ncd?ncdid=223&ncdver=1
55639,51,04/29/2025,0,1,1,55639,/data/ncd?ncdid=0&ncdver=1
59919,5,06/26/2025,0,1,1,59919,/data/ncd?ncdid=0&ncdver=1
55909,46,04/29/2025,131,1,1,55909,/data/ncd?ncdid=131&ncdver=1
55909,46,04/29/2025,232,1,2,55909,/data/ncd?ncdid=232&ncdver=1
55909,46,04/29/2025,217,1,3,55909,/data/ncd?ncdid=217&ncdver=1
55909,46,04/29/2025,47,1,4,55909,/data/ncd?ncdid=47&ncdver=1
55909,46,04/29/2025,315,1,5,55909,/data/ncd?ncdid=315&ncdver=1
59939,5,06/27/2025,0,1,1,59939,/data/ncd?ncdid=0&ncdver=1
58345,13,04/29/2025,0,1,1,58345,/data/ncd?ncdid=0&ncdver=1
56440,44,04/29/2025,0,1,1,56440,/data/ncd?ncdid=0&ncdver=1
58412,5,04/29/2025,0,1,1,58412,/data/ncd?ncdid=0&ncdver=1
59086,21,04/29/2025,0,1,1,59086,/data/ncd?ncdid=0&ncdver=1
56424,20,04/29/2025,0,1,1,56424,/data/ncd?ncdid=0&ncdver=1
57954,73,04/29/2025,0,1,1,57954,/data/ncd?ncdid=0&ncdver=1
59827,7,06/27/2025,0,1,1,59827,/data/ncd?ncdid=0&ncdver=1
56421,40,04/29/2025,0,1,1,56421,/data/ncd?ncdid=0&ncdver=1
60353,4,11/07/2025,0,1,1,60353,/data/ncd?ncdid=0&ncdver=1
52770,29,04/29/2025,320,1,1,52770,/data/ncd?ncdid=320&ncdver=1
53009,54,04/29/2025,0,1,1,53009,/data/ncd?ncdid=0&ncdver=1
54931,35,04/29/2025,357,1,1,54931,/data/ncd?ncdid=357&ncdver=1
55327,36,04/29/2025,0,1,1,55327,/data/ncd?ncdid=0&ncdver=1
55323,52,04/29/2025,0,1,1,55323,/data/ncd?ncdid=0&ncdver=1
55029,36,04/29/2025,0,1,1,55029,/data/ncd?ncdid=0&ncdver=1
57327,36,04/29/2025,0,1,1,57327,/data/ncd?ncdid=0&ncdver=1
57343,31,04/29/2025,281,1,1,57343,/data/ncd?ncdid=281&ncdver=1
57686,12,04/29/2025,0,1,1,57686,/data/ncd?ncdid=0&ncdver=1
57690,39,04/29/2025,0,1,1,57690,/data/ncd?ncdid=0&ncdver=1
59978,4,09/02/2025,155,1,1,59978,/data/ncd?ncdid=155&ncdver=1
59978,4,09/02/2025,266,1,2,59978,/data/ncd?ncdid=266&ncdver=1
57957,53,04/29/2025,0,1,1,57957,/data/ncd?ncdid=0&ncdver=1
58324,35,04/29/2025,333,1,1,58324,/data/ncd?ncdid=333&ncdver=1
57498,14,04/29/2025,0,1,1,57498,/data/ncd?ncdid=0&ncdver=1
56697,44,05/02/2025,263,3,1,56697,/data/ncd?ncdid=263&ncdver=3
56697,44,05/02/2025,212,1,2,56697,/data/ncd?ncdid=212&ncdver=1
56697,44,05/02/2025,165,1,3,56697,/data/ncd?ncdid=165&ncdver=1
59066,10,04/29/2025,0,1,1,59066,/data/ncd?ncdid=0&ncdver=1
56500,39,04/29/2025,0,1,1,56500,/data/ncd?ncdid=0&ncdver=1
56493,13,04/29/2025,0,1,1,56493,/data/ncd?ncdid=0&ncdver=1
57807,124,04/29/2025,0,1,1,57807,/data/ncd?ncdid=0&ncdver=1
53252,237,04/29/2025,0,1,1,53252,/data/ncd?ncdid=0&ncdver=1
56439,18,04/29/2025,0,1,1,56439,/data/ncd?ncdid=0&ncdver=1
56799,29,04/29/2025,0,1,1,56799,/data/ncd?ncdid=0&ncdver=1
57165,15,04/29/2025,0,1,1,57165,/data/ncd?ncdid=0&ncdver=1
55326,40,04/29/2025,0,1,1,55326,/data/ncd?ncdid=0&ncdver=1
54929,40,04/29/2025,357,1,1,54929,/data/ncd?ncdid=357&ncdver=1
54543,21,04/29/2025,82,1,1,54543,/data/ncd?ncdid=82&ncdver=1
55056,14,04/29/2025,0,1,1,55056,/data/ncd?ncdid=0&ncdver=1
56152,35,04/29/2025,320,1,1,56152,/data/ncd?ncdid=320&ncdver=1
56572,22,04/29/2025,0,1,1,56572,/data/ncd?ncdid=0&ncdver=1
57683,11,04/29/2025,0,1,1,57683,/data/ncd?ncdid=0&ncdver=1
57342,31,04/29/2025,281,1,1,57342,/data/ncd?ncdid=281&ncdver=1
53008,56,04/29/2025,0,1,1,53008,/data/ncd?ncdid=0&ncdver=1
57689,44,04/29/2025,0,1,1,57689,/data/ncd?ncdid=0&ncdver=1
55028,45,04/29/2025,0,1,1,55028,/data/ncd?ncdid=0&ncdver=1
57497,15,04/29/2025,0,1,1,57497,/data/ncd?ncdid=0&ncdver=1
59976,4,09/02/2025,155,1,1,59976,/data/ncd?ncdid=155&ncdver=1
59976,4,09/02/2025,266,1,2,59976,/data/ncd?ncdid=266&ncdver=1
57472,15,04/29/2025,266,1,1,57472,/data/ncd?ncdid=266&ncdver=1
57472,15,04/29/2025,155,1,2,57472,/data/ncd?ncdid=155&ncdver=1
56680,44,04/29/2025,0,1,1,56680,/data/ncd?ncdid=0&ncdver=1
52503,26,04/29/2025,190,1,1,52503,/data/ncd?ncdid=190&ncdver=1
52503,26,04/29/2025,219,1,2,52503,/data/ncd?ncdid=219&ncdver=1
60348,4,10/24/2025,0,1,1,60348,/data/ncd?ncdid=0&ncdver=1
60343,3,10/24/2025,0,1,1,60343,/data/ncd?ncdid=0&ncdver=1
60347,4,10/24/2025,0,1,1,60347,/data/ncd?ncdid=0&ncdver=1
55531,34,04/29/2025,0,1,1,55531,/data/ncd?ncdid=0&ncdver=1
54992,43,04/29/2025,270,1,1,54992,/data/ncd?ncdid=270&ncdver=1
57162,17,04/29/2025,129,1,1,57162,/data/ncd?ncdid=129&ncdver=1
56515,21,04/29/2025,0,1,1,56515,/data/ncd?ncdid=0&ncdver=1
57207,33,04/29/2025,176,1,1,57207,/data/ncd?ncdid=176&ncdver=1
57207,33,04/29/2025,177,1,2,57207,/data/ncd?ncdid=177&ncdver=1
57215,41,04/29/2025,176,1,1,57215,/data/ncd?ncdid=176&ncdver=1
57215,41,04/29/2025,177,1,2,57215,/data/ncd?ncdid=177&ncdver=1
57357,16,04/29/2025,0,1,1,57357,/data/ncd?ncdid=0&ncdver=1
57609,11,04/29/2025,0,1,1,57609,/data/ncd?ncdid=0&ncdver=1
57662,15,04/29/2025,0,1,1,57662,/data/ncd?ncdid=0&ncdver=1
57864,36,04/29/2025,0,1,1,57864,/data/ncd?ncdid=0&ncdver=1
57702,23,04/30/2025,373,1,2,57702,/data/ncd?ncdid=373&ncdver=1
58138,20,04/29/2025,0,1,1,58138,/data/ncd?ncdid=0&ncdver=1
58867,23,04/29/2025,0,1,1,58867,/data/ncd?ncdid=0&ncdver=1
59697,6,04/29/2025,0,1,1,59697,/data/ncd?ncdid=0&ncdver=1
56636,20,04/29/2025,0,1,1,56636,/data/ncd?ncdid=0&ncdver=1
57588,11,04/29/2025,0,1,1,57588,/data/ncd?ncdid=0&ncdver=1
55169,15,04/29/2025,0,1,1,55169,/data/ncd?ncdid=0&ncdver=1
59906,6,05/30/2025,0,1,1,59906,/data/ncd?ncdid=0&ncdver=1
57583,9,04/29/2025,0,1,1,57583,/data/ncd?ncdid=0&ncdver=1
57552,19,10/16/2025,176,2,2,57552,/data/ncd?ncdid=176&ncdver=2
60344,3,10/20/2025,0,1,1,60344,/data/ncd?ncdid=0&ncdver=1
60346,2,10/21/2025,0,1,1,60346,/data/ncd?ncdid=0&ncdver=1
55676,24,04/29/2025,156,1,1,55676,/data/ncd?ncdid=156&ncdver=1
55676,24,04/29/2025,55,1,2,55676,/data/ncd?ncdid=55&ncdver=1
55676,24,04/29/2025,194,1,3,55676,/data/ncd?ncdid=194&ncdver=1
56961,18,04/29/2025,0,1,1,56961,/data/ncd?ncdid=0&ncdver=1
55770,11,04/29/2025,0,1,1,55770,/data/ncd?ncdid=0&ncdver=1
56073,22,04/29/2025,253,1,1,56073,/data/ncd?ncdid=253&ncdver=1
57184,22,04/29/2025,36,1,1,57184,/data/ncd?ncdid=36&ncdver=1
57191,10,04/29/2025,0,1,1,57191,/data/ncd?ncdid=0&ncdver=1
57198,27,04/29/2025,0,1,1,57198,/data/ncd?ncdid=0&ncdver=1
57222,21,04/29/2025,64,1,1,57222,/data/ncd?ncdid=64&ncdver=1
57222,21,04/29/2025,14,1,2,57222,/data/ncd?ncdid=14&ncdver=1
57613,8,04/29/2025,0,1,1,57613,/data/ncd?ncdid=0&ncdver=1
57225,52,04/29/2025,17,1,1,57225,/data/ncd?ncdid=17&ncdver=1
57225,52,04/29/2025,320,1,2,57225,/data/ncd?ncdid=320&ncdver=1
57238,10,04/29/2025,0,1,1,57238,/data/ncd?ncdid=0&ncdver=1
57616,6,04/29/2025,0,1,1,57616,/data/ncd?ncdid=0&ncdver=1
57707,14,04/29/2025,0,1,1,57707,/data/ncd?ncdid=0&ncdver=1
57792,12,04/29/2025,240,1,1,57792,/data/ncd?ncdid=240&ncdver=1
57949,21,04/29/2025,0,1,1,57949,/data/ncd?ncdid=0&ncdver=1
57195,29,04/29/2025,9,1,1,57195,/data/ncd?ncdid=9&ncdver=1
59771,6,04/29/2025,176,1,1,59771,/data/ncd?ncdid=176&ncdver=1
57661,17,04/29/2025,0,1,1,57661,/data/ncd?ncdid=0&ncdver=1
57515,12,04/29/2025,0,1,1,57515,/data/ncd?ncdid=0&ncdver=1
55530,35,04/29/2025,0,1,1,55530,/data/ncd?ncdid=0&ncdver=1
54969,52,04/29/2025,270,1,1,54969,/data/ncd?ncdid=270&ncdver=1
57206,30,04/29/2025,176,1,1,57206,/data/ncd?ncdid=176&ncdver=1
57206,30,04/29/2025,177,1,2,57206,/data/ncd?ncdid=177&ncdver=1
56514,25,04/29/2025,0,1,1,56514,/data/ncd?ncdid=0&ncdver=1
57356,14,04/29/2025,0,1,1,57356,/data/ncd?ncdid=0&ncdver=1
58133,23,04/29/2025,0,1,1,58133,/data/ncd?ncdid=0&ncdver=1
58865,24,04/29/2025,0,1,1,58865,/data/ncd?ncdid=0&ncdver=1
57706,14,04/29/2025,0,1,1,57706,/data/ncd?ncdid=0&ncdver=1
57615,6,04/29/2025,0,1,1,57615,/data/ncd?ncdid=0&ncdver=1
57189,28,04/29/2025,0,1,1,57189,/data/ncd?ncdid=0&ncdver=1
57791,12,04/29/2025,240,1,1,57791,/data/ncd?ncdid=240&ncdver=1
55675,25,04/29/2025,156,1,1,55675,/data/ncd?ncdid=156&ncdver=1
55675,25,04/29/2025,55,1,2,55675,/data/ncd?ncdid=55&ncdver=1
55675,25,04/29/2025,194,1,3,55675,/data/ncd?ncdid=194&ncdver=1
57221,25,04/29/2025,64,1,1,57221,/data/ncd?ncdid=64&ncdver=1
57221,25,04/29/2025,14,1,2,57221,/data/ncd?ncdid=14&ncdver=1
55769,14,04/29/2025,0,1,1,55769,/data/ncd?ncdid=0&ncdver=1
56071,23,04/29/2025,253,1,1,56071,/data/ncd?ncdid=253&ncdver=1
57237,11,04/29/2025,0,1,1,57237,/data/ncd?ncdid=0&ncdver=1
57190,11,04/29/2025,0,1,1,57190,/data/ncd?ncdid=0&ncdver=1
57612,8,04/29/2025,0,1,1,57612,/data/ncd?ncdid=0&ncdver=1
57305,14,04/29/2025,0,1,1,57305,/data/ncd?ncdid=0&ncdver=1
52517,50,10/01/2025,380,1,2,52517,/data/ncd?ncdid=380&ncdver=1
52478,26,04/29/2025,0,1,1,52478,/data/ncd?ncdid=0&ncdver=1
57056,44,04/29/2025,0,1,1,57056,/data/ncd?ncdid=0&ncdver=1
56682,49,04/29/2025,0,1,1,56682,/data/ncd?ncdid=0&ncdver=1
52754,7,04/29/2025,0,1,1,52754,/data/ncd?ncdid=0&ncdver=1
52755,14,04/29/2025,0,1,1,52755,/data/ncd?ncdid=0&ncdver=1
52775,18,04/29/2025,0,1,1,52775,/data/ncd?ncdid=0&ncdver=1
52926,14,04/29/2025,344,1,1,52926,/data/ncd?ncdid=344&ncdver=1
52960,15,04/29/2025,0,1,1,52960,/data/ncd?ncdid=0&ncdver=1
53017,37,04/29/2025,249,1,1,53017,/data/ncd?ncdid=249&ncdver=1
53034,8,04/29/2025,0,1,1,53034,/data/ncd?ncdid=0&ncdver=1
53079,26,04/29/2025,0,1,1,53079,/data/ncd?ncdid=0&ncdver=1
54917,20,04/29/2025,0,1,1,54917,/data/ncd?ncdid=0&ncdver=1
53918,12,04/29/2025,0,1,1,53918,/data/ncd?ncdid=0&ncdver=1
55045,17,04/29/2025,0,1,1,55045,/data/ncd?ncdid=0&ncdver=1
53975,9,04/29/2025,0,1,1,53975,/data/ncd?ncdid=0&ncdver=1
55059,7,04/29/2025,0,1,1,55059,/data/ncd?ncdid=0&ncdver=1
56026,13,04/29/2025,12,1,1,56026,/data/ncd?ncdid=12&ncdver=1
55775,12,04/29/2025,0,1,1,55775,/data/ncd?ncdid=0&ncdver=1
57849,18,04/29/2025,0,1,1,57849,/data/ncd?ncdid=0&ncdver=1
58127,19,04/29/2025,0,1,1,58127,/data/ncd?ncdid=0&ncdver=1
56451,26,04/29/2025,0,1,1,56451,/data/ncd?ncdid=0&ncdver=1
56028,8,04/29/2025,0,1,1,56028,/data/ncd?ncdid=0&ncdver=1
57282,18,04/29/2025,0,1,1,57282,/data/ncd?ncdid=0&ncdver=1
58579,10,04/29/2025,0,1,1,58579,/data/ncd?ncdid=0&ncdver=1
56802,18,04/29/2025,0,1,1,56802,/data/ncd?ncdid=0&ncdver=1
56808,15,04/29/2025,0,1,1,56808,/data/ncd?ncdid=0&ncdver=1
56722,23,04/29/2025,0,1,1,56722,/data/ncd?ncdid=0&ncdver=1
57637,20,04/29/2025,0,1,1,57637,/data/ncd?ncdid=0&ncdver=1
55315,17,04/29/2025,0,1,1,55315,/data/ncd?ncdid=0&ncdver=1
57540,15,04/29/2025,0,1,1,57540,/data/ncd?ncdid=0&ncdver=1
57450,14,04/29/2025,0,1,1,57450,/data/ncd?ncdid=0&ncdver=1
57434,35,04/29/2025,0,1,1,57434,/data/ncd?ncdid=0&ncdver=1
57449,24,04/29/2025,0,1,1,57449,/data/ncd?ncdid=0&ncdver=1
57188,27,04/29/2025,0,1,1,57188,/data/ncd?ncdid=0&ncdver=1
54111,50,04/29/2025,0,1,1,54111,/data/ncd?ncdid=0&ncdver=1
57063,29,04/29/2025,0,1,1,57063,/data/ncd?ncdid=0&ncdver=1
56542,18,04/29/2025,0,1,1,56542,/data/ncd?ncdid=0&ncdver=1
56805,41,04/29/2025,0,1,1,56805,/data/ncd?ncdid=0&ncdver=1
54095,68,04/30/2025,270,2,2,54095,/data/ncd?ncdid=270&ncdver=2
57669,10,04/29/2025,0,1,1,57669,/data/ncd?ncdid=0&ncdver=1
58873,7,04/29/2025,0,1,1,58873,/data/ncd?ncdid=0&ncdver=1
57780,27,04/29/2025,0,1,1,57780,/data/ncd?ncdid=0&ncdver=1
57636,24,04/29/2025,0,1,1,57636,/data/ncd?ncdid=0&ncdver=1
57123,61,04/29/2025,270,1,1,57123,/data/ncd?ncdid=270&ncdver=1
57804,41,04/29/2025,0,1,1,57804,/data/ncd?ncdid=0&ncdver=1
58592,19,04/29/2025,0,1,1,58592,/data/ncd?ncdid=0&ncdver=1
57678,11,04/29/2025,0,1,1,57678,/data/ncd?ncdid=0&ncdver=1
56644,29,04/29/2025,0,1,1,56644,/data/ncd?ncdid=0&ncdver=1
58872,6,04/29/2025,0,1,1,58872,/data/ncd?ncdid=0&ncdver=1
57414,30,04/29/2025,81,1,1,57414,/data/ncd?ncdid=81&ncdver=1
57600,34,04/29/2025,0,1,1,57600,/data/ncd?ncdid=0&ncdver=1
56773,30,04/29/2025,0,1,1,56773,/data/ncd?ncdid=0&ncdver=1
57130,51,04/29/2025,0,1,1,57130,/data/ncd?ncdid=0&ncdver=1
56615,36,04/29/2025,0,1,1,56615,/data/ncd?ncdid=0&ncdver=1
56416,42,04/29/2025,0,1,1,56416,/data/ncd?ncdid=0&ncdver=1
56538,27,04/29/2025,0,1,1,56538,/data/ncd?ncdid=0&ncdver=1
52996,31,04/29/2025,0,1,1,52996,/data/ncd?ncdid=0&ncdver=1
56414,41,04/29/2025,0,1,1,56414,/data/ncd?ncdid=0&ncdver=1
52732,25,04/29/2025,0,1,1,52732,/data/ncd?ncdid=0&ncdver=1
52767,14,04/29/2025,0,1,1,52767,/data/ncd?ncdid=0&ncdver=1
54063,16,04/29/2025,285,1,1,54063,/data/ncd?ncdid=285&ncdver=1
53028,59,10/02/2015,57,3,1,53028,/data/ncd?ncdid=57&ncdver=3
55214,9,04/29/2025,253,1,1,55214,/data/ncd?ncdid=253&ncdver=1
55062,11,04/29/2025,0,1,1,55062,/data/ncd?ncdid=0&ncdver=1
55585,18,04/29/2025,0,1,1,55585,/data/ncd?ncdid=0&ncdver=1
55756,17,04/29/2025,269,1,1,55756,/data/ncd?ncdid=269&ncdver=1
55479,11,04/29/2025,0,1,1,55479,/data/ncd?ncdid=0&ncdver=1
56342,33,04/29/2025,110,1,1,56342,/data/ncd?ncdid=110&ncdver=1
55932,19,04/29/2025,0,1,1,55932,/data/ncd?ncdid=0&ncdver=1
57914,9,04/29/2025,0,1,1,57914,/data/ncd?ncdid=0&ncdver=1
59056,11,04/29/2025,0,1,1,59056,/data/ncd?ncdid=0&ncdver=1
59658,9,04/29/2025,360,1,1,59658,/data/ncd?ncdid=360&ncdver=1
59828,12,04/29/2025,370,1,1,59828,/data/ncd?ncdid=370&ncdver=1
59753,4,04/29/2025,0,1,1,59753,/data/ncd?ncdid=0&ncdver=1
53356,14,04/29/2025,0,1,1,53356,/data/ncd?ncdid=0&ncdver=1
57181,37,04/29/2025,266,1,1,57181,/data/ncd?ncdid=266&ncdver=1
53893,11,04/29/2025,0,1,1,53893,/data/ncd?ncdid=0&ncdver=1
55058,7,04/29/2025,0,1,1,55058,/data/ncd?ncdid=0&ncdver=1
55719,15,04/29/2025,344,1,1,55719,/data/ncd?ncdid=344&ncdver=1
53084,28,04/29/2025,0,1,1,53084,/data/ncd?ncdid=0&ncdver=1
53352,13,04/29/2025,0,1,1,53352,/data/ncd?ncdid=0&ncdver=1
53916,12,04/29/2025,0,1,1,53916,/data/ncd?ncdid=0&ncdver=1
53972,10,04/29/2025,0,1,1,53972,/data/ncd?ncdid=0&ncdver=1
54919,22,04/29/2025,0,1,1,54919,/data/ncd?ncdid=0&ncdver=1
55774,13,04/29/2025,0,1,1,55774,/data/ncd?ncdid=0&ncdver=1
55044,18,04/29/2025,0,1,1,55044,/data/ncd?ncdid=0&ncdver=1
56025,16,04/29/2025,12,1,1,56025,/data/ncd?ncdid=12&ncdver=1
57848,19,04/29/2025,0,1,1,57848,/data/ncd?ncdid=0&ncdver=1
59862,7,04/29/2025,0,1,1,59862,/data/ncd?ncdid=0&ncdver=1
53304,16,04/29/2025,0,1,1,53304,/data/ncd?ncdid=0&ncdver=1
56112,6,04/29/2025,0,1,1,56112,/data/ncd?ncdid=0&ncdver=1
56811,13,04/29/2025,0,1,1,56811,/data/ncd?ncdid=0&ncdver=1
60162,7,09/19/2025,0,1,1,60162,/data/ncd?ncdid=0&ncdver=1
57386,21,04/29/2025,102,1,1,57386,/data/ncd?ncdid=102&ncdver=1
60163,6,09/19/2025,0,1,1,60163,/data/ncd?ncdid=0&ncdver=1
52438,22,04/29/2025,0,1,1,52438,/data/ncd?ncdid=0&ncdver=1
56453,12,04/29/2025,0,1,1,56453,/data/ncd?ncdid=0&ncdver=1
59374,14,04/29/2025,0,1,1,59374,/data/ncd?ncdid=0&ncdver=1
57473,33,04/29/2025,155,1,1,57473,/data/ncd?ncdid=155&ncdver=1
57473,33,04/29/2025,266,1,2,57473,/data/ncd?ncdid=266&ncdver=1
57473,33,04/29/2025,187,1,3,57473,/data/ncd?ncdid=187&ncdver=1
57473,33,04/29/2025,161,1,4,57473,/data/ncd?ncdid=161&ncdver=1
59480,10,04/29/2025,0,1,1,59480,/data/ncd?ncdid=0&ncdver=1
57599,14,04/29/2025,0,1,1,57599,/data/ncd?ncdid=0&ncdver=1
57593,17,04/29/2025,165,1,1,57593,/data/ncd?ncdid=165&ncdver=1
57593,17,04/29/2025,164,1,2,57593,/data/ncd?ncdid=164&ncdver=1
57593,17,04/29/2025,263,1,3,57593,/data/ncd?ncdid=263&ncdver=1
57593,17,07/16/2025,204,2,4,57593,/data/ncd?ncdid=204&ncdver=2
59849,8,04/29/2025,0,1,1,59849,/data/ncd?ncdid=0&ncdver=1
57483,28,04/29/2025,261,1,1,57483,/data/ncd?ncdid=261&ncdver=1
59908,6,05/30/2025,0,1,1,59908,/data/ncd?ncdid=0&ncdver=1
59261,7,04/29/2025,0,1,1,59261,/data/ncd?ncdid=0&ncdver=1
56119,35,04/29/2025,0,1,1,56119,/data/ncd?ncdid=0&ncdver=1
56124,32,04/29/2025,0,1,1,56124,/data/ncd?ncdid=0&ncdver=1
56900,23,04/29/2025,0,1,1,56900,/data/ncd?ncdid=0&ncdver=1
57559,20,04/29/2025,102,1,1,57559,/data/ncd?ncdid=102&ncdver=1
56232,34,04/29/2025,171,1,1,56232,/data/ncd?ncdid=171&ncdver=1
59434,19,04/29/2025,0,1,1,59434,/data/ncd?ncdid=0&ncdver=1
57478,40,04/29/2025,270,1,1,57478,/data/ncd?ncdid=270&ncdver=1
57597,22,04/29/2025,270,1,1,57597,/data/ncd?ncdid=270&ncdver=1
53024,22,04/29/2025,0,1,1,53024,/data/ncd?ncdid=0&ncdver=1
57913,11,04/29/2025,0,1,1,57913,/data/ncd?ncdid=0&ncdver=1
59819,18,04/29/2025,370,1,1,59819,/data/ncd?ncdid=370&ncdver=1
53322,16,04/29/2025,0,1,1,53322,/data/ncd?ncdid=0&ncdver=1
54635,31,04/29/2025,0,1,1,54635,/data/ncd?ncdid=0&ncdver=1
55584,19,04/29/2025,0,1,1,55584,/data/ncd?ncdid=0&ncdver=1
59657,9,04/29/2025,360,1,1,59657,/data/ncd?ncdid=360&ncdver=1
55754,22,04/29/2025,269,1,1,55754,/data/ncd?ncdid=269&ncdver=1
55215,9,04/29/2025,253,1,1,55215,/data/ncd?ncdid=253&ncdver=1
59752,4,04/29/2025,0,1,1,59752,/data/ncd?ncdid=0&ncdver=1
55478,12,04/29/2025,0,1,1,55478,/data/ncd?ncdid=0&ncdver=1
52474,40,04/29/2025,0,1,1,52474,/data/ncd?ncdid=0&ncdver=1
52510,61,04/29/2025,0,1,1,52510,/data/ncd?ncdid=0&ncdver=1
56684,17,04/29/2025,0,1,1,56684,/data/ncd?ncdid=0&ncdver=1
59847,8,04/29/2025,0,1,1,59847,/data/ncd?ncdid=0&ncdver=1
52463,32,04/29/2025,0,1,1,52463,/data/ncd?ncdid=0&ncdver=1
52494,63,04/29/2025,0,1,1,52494,/data/ncd?ncdid=0&ncdver=1
57196,22,04/29/2025,9,1,1,57196,/data/ncd?ncdid=9&ncdver=1
57201,8,04/29/2025,15,1,1,57201,/data/ncd?ncdid=15&ncdver=1
52462,32,04/29/2025,0,1,1,52462,/data/ncd?ncdid=0&ncdver=1
57513,16,04/29/2025,0,1,1,57513,/data/ncd?ncdid=0&ncdver=1
57644,17,04/29/2025,0,1,1,57644,/data/ncd?ncdid=0&ncdver=1
57698,14,04/29/2025,226,1,1,57698,/data/ncd?ncdid=226&ncdver=1
57698,14,04/29/2025,330,1,2,57698,/data/ncd?ncdid=330&ncdver=1
58225,11,04/29/2025,0,1,1,58225,/data/ncd?ncdid=0&ncdver=1
58567,29,04/29/2025,131,1,1,58567,/data/ncd?ncdid=131&ncdver=1
58567,29,04/29/2025,232,1,2,58567,/data/ncd?ncdid=232&ncdver=1
58567,29,04/29/2025,217,1,3,58567,/data/ncd?ncdid=217&ncdver=1
58567,29,04/29/2025,47,1,4,58567,/data/ncd?ncdid=47&ncdver=1
58567,29,04/29/2025,139,1,5,58567,/data/ncd?ncdid=139&ncdver=1
58567,29,04/29/2025,315,1,6,58567,/data/ncd?ncdid=315&ncdver=1
58438,11,04/29/2025,281,1,1,58438,/data/ncd?ncdid=281&ncdver=1
58790,14,04/29/2025,217,1,1,58790,/data/ncd?ncdid=217&ncdver=1
59645,16,04/29/2025,0,1,1,59645,/data/ncd?ncdid=0&ncdver=1
58995,14,04/29/2025,0,1,1,58995,/data/ncd?ncdid=0&ncdver=1
59884,5,04/29/2025,0,1,1,59884,/data/ncd?ncdid=0&ncdver=1
57614,15,04/29/2025,0,1,1,57614,/data/ncd?ncdid=0&ncdver=1
57611,16,04/29/2025,0,1,1,57611,/data/ncd?ncdid=0&ncdver=1
60237,2,09/05/2025,0,1,1,60237,/data/ncd?ncdid=0&ncdver=1
60312,3,09/09/2025,0,1,1,60312,/data/ncd?ncdid=0&ncdver=1
60320,3,09/09/2025,0,1,1,60320,/data/ncd?ncdid=0&ncdver=1
59971,3,09/05/2025,0,1,1,59971,/data/ncd?ncdid=0&ncdver=1
57697,16,04/29/2025,226,1,1,57697,/data/ncd?ncdid=226&ncdver=1
57697,16,04/29/2025,330,1,2,57697,/data/ncd?ncdid=330&ncdver=1
57643,20,04/29/2025,0,1,1,57643,/data/ncd?ncdid=0&ncdver=1
57512,19,04/29/2025,0,1,1,57512,/data/ncd?ncdid=0&ncdver=1
58993,16,04/29/2025,0,1,1,58993,/data/ncd?ncdid=0&ncdver=1
58436,13,04/29/2025,281,1,1,58436,/data/ncd?ncdid=281&ncdver=1
60257,3,09/04/2025,0,1,1,60257,/data/ncd?ncdid=0&ncdver=1
60319,2,08/25/2025,155,1,1,60319,/data/ncd?ncdid=155&ncdver=1
60319,2,08/25/2025,266,1,2,60319,/data/ncd?ncdid=266&ncdver=1
60276,3,09/03/2025,0,1,1,60276,/data/ncd?ncdid=0&ncdver=1
60218,2,09/03/2025,0,1,1,60218,/data/ncd?ncdid=0&ncdver=1
60281,2,09/02/2025,0,1,1,60281,/data/ncd?ncdid=0&ncdver=1
59981,3,09/03/2025,0,1,1,59981,/data/ncd?ncdid=0&ncdver=1
60282,3,09/02/2025,0,1,1,60282,/data/ncd?ncdid=0&ncdver=1
56809,20,04/29/2025,0,1,1,56809,/data/ncd?ncdid=0&ncdver=1
54338,55,04/29/2025,372,1,1,54338,/data/ncd?ncdid=372&ncdver=1
57038,16,04/29/2025,0,1,1,57038,/data/ncd?ncdid=0&ncdver=1
57039,9,04/29/2025,91,1,1,57039,/data/ncd?ncdid=91&ncdver=1
55310,12,04/29/2025,0,1,1,55310,/data/ncd?ncdid=0&ncdver=1
58359,13,04/29/2025,0,1,1,58359,/data/ncd?ncdid=0&ncdver=1
56380,56,04/29/2025,0,1,1,56380,/data/ncd?ncdid=0&ncdver=1
56729,21,04/29/2025,0,1,1,56729,/data/ncd?ncdid=0&ncdver=1
59186,22,04/29/2025,0,1,1,59186,/data/ncd?ncdid=0&ncdver=1
56695,24,04/29/2025,0,1,1,56695,/data/ncd?ncdid=0&ncdver=1
56868,30,04/29/2025,0,1,1,56868,/data/ncd?ncdid=0&ncdver=1
57476,22,04/29/2025,179,1,1,57476,/data/ncd?ncdid=179&ncdver=1
56775,24,04/29/2025,0,1,1,56775,/data/ncd?ncdid=0&ncdver=1
56273,28,04/29/2025,0,1,1,56273,/data/ncd?ncdid=0&ncdver=1
59860,5,06/24/2025,0,1,1,59860,/data/ncd?ncdid=0&ncdver=1
56943,17,04/29/2025,102,1,1,56943,/data/ncd?ncdid=102&ncdver=1
56389,36,04/29/2025,0,1,1,56389,/data/ncd?ncdid=0&ncdver=1
55336,49,04/29/2025,0,1,1,55336,/data/ncd?ncdid=0&ncdver=1
56607,19,04/29/2025,0,1,1,56607,/data/ncd?ncdid=0&ncdver=1
53052,48,04/29/2025,0,1,1,53052,/data/ncd?ncdid=0&ncdver=1
56619,33,04/29/2025,0,1,1,56619,/data/ncd?ncdid=0&ncdver=1
56625,36,04/29/2025,0,1,1,56625,/data/ncd?ncdid=0&ncdver=1
55717,26,04/29/2025,0,1,1,55717,/data/ncd?ncdid=0&ncdver=1
56948,23,04/29/2025,0,1,1,56948,/data/ncd?ncdid=0&ncdver=1
57570,29,04/29/2025,0,1,1,57570,/data/ncd?ncdid=0&ncdver=1
56727,21,04/29/2025,0,1,1,56727,/data/ncd?ncdid=0&ncdver=1
56959,31,04/29/2025,0,1,1,56959,/data/ncd?ncdid=0&ncdver=1
57421,37,04/29/2025,0,1,1,57421,/data/ncd?ncdid=0&ncdver=1
56999,31,04/29/2025,0,1,1,56999,/data/ncd?ncdid=0&ncdver=1
56580,30,04/29/2025,0,1,1,56580,/data/ncd?ncdid=0&ncdver=1
57422,33,04/29/2025,0,1,1,57422,/data/ncd?ncdid=0&ncdver=1
55227,19,04/29/2025,0,1,1,55227,/data/ncd?ncdid=0&ncdver=1
55069,26,04/29/2025,0,1,1,55069,/data/ncd?ncdid=0&ncdver=1
59160,13,04/29/2025,0,1,1,59160,/data/ncd?ncdid=0&ncdver=1
56632,31,04/29/2025,0,1,1,56632,/data/ncd?ncdid=0&ncdver=1
56613,17,04/29/2025,0,1,1,56613,/data/ncd?ncdid=0&ncdver=1
56769,18,04/29/2025,0,1,1,56769,/data/ncd?ncdid=0&ncdver=1
56611,15,04/29/2025,0,1,1,56611,/data/ncd?ncdid=0&ncdver=1
56825,20,04/29/2025,0,1,1,56825,/data/ncd?ncdid=0&ncdver=1
56641,18,04/29/2025,0,1,1,56641,/data/ncd?ncdid=0&ncdver=1
56691,28,04/29/2025,0,1,1,56691,/data/ncd?ncdid=0&ncdver=1
56476,35,04/30/2025,0,1,1,56476,/data/ncd?ncdid=0&ncdver=1
54768,38,04/29/2025,0,1,1,54768,/data/ncd?ncdid=0&ncdver=1
56639,20,04/29/2025,0,1,1,56639,/data/ncd?ncdid=0&ncdver=1
53060,48,04/29/2025,0,1,1,53060,/data/ncd?ncdid=0&ncdver=1
56621,26,04/29/2025,0,1,1,56621,/data/ncd?ncdid=0&ncdver=1
55030,63,04/29/2025,0,1,1,55030,/data/ncd?ncdid=0&ncdver=1
57693,12,04/29/2025,0,1,1,57693,/data/ncd?ncdid=0&ncdver=1
56774,22,04/29/2025,0,1,1,56774,/data/ncd?ncdid=0&ncdver=1
56559,26,04/29/2025,0,1,1,56559,/data/ncd?ncdid=0&ncdver=1
57719,21,04/29/2025,0,1,1,57719,/data/ncd?ncdid=0&ncdver=1
57718,20,04/29/2025,0,1,1,57718,/data/ncd?ncdid=0&ncdver=1
57692,11,04/29/2025,0,1,1,57692,/data/ncd?ncdid=0&ncdver=1
59529,10,04/29/2025,0,1,1,59529,/data/ncd?ncdid=0&ncdver=1
56881,10,04/29/2025,0,1,1,56881,/data/ncd?ncdid=0&ncdver=1
57936,33,04/30/2025,0,1,1,57936,/data/ncd?ncdid=0&ncdver=1
56910,9,04/29/2025,0,1,1,56910,/data/ncd?ncdid=0&ncdver=1
60252,3,07/16/2025,158,1,1,60252,/data/ncd?ncdid=158&ncdver=1
60253,3,07/16/2025,0,1,1,60253,/data/ncd?ncdid=0&ncdver=1
60254,3,07/16/2025,0,1,1,60254,/data/ncd?ncdid=0&ncdver=1
56642,47,04/29/2025,0,1,1,56642,/data/ncd?ncdid=0&ncdver=1
56638,37,04/29/2025,0,1,1,56638,/data/ncd?ncdid=0&ncdver=1
57867,33,05/01/2025,372,2,1,57867,/data/ncd?ncdid=372&ncdver=2
60228,4,06/27/2025,0,1,1,60228,/data/ncd?ncdid=0&ncdver=1
60227,4,06/27/2025,0,1,1,60227,/data/ncd?ncdid=0&ncdver=1
60223,4,06/27/2025,0,1,1,60223,/data/ncd?ncdid=0&ncdver=1
60202,5,06/04/2025,0,1,1,60202,/data/ncd?ncdid=0&ncdver=1
60251,2,06/27/2025,0,1,1,60251,/data/ncd?ncdid=0&ncdver=1
60207,4,06/04/2025,0,1,1,60207,/data/ncd?ncdid=0&ncdver=1
60201,8,06/04/2025,0,1,1,60201,/data/ncd?ncdid=0&ncdver=1
60206,4,06/04/2025,0,1,1,60206,/data/ncd?ncdid=0&ncdver=1
60248,2,06/26/2025,0,1,1,60248,/data/ncd?ncdid=0&ncdver=1
60159,4,04/29/2025,0,1,1,60159,/data/ncd?ncdid=0&ncdver=1
60220,3,06/03/2025,0,1,1,60220,/data/ncd?ncdid=0&ncdver=1
58061,28,04/29/2025,112,1,1,58061,/data/ncd?ncdid=112&ncdver=1
60219,3,06/03/2025,0,1,1,60219,/data/ncd?ncdid=0&ncdver=1
60190,5,04/29/2025,0,1,1,60190,/data/ncd?ncdid=0&ncdver=1
60197,4,04/29/2025,0,1,1,60197,/data/ncd?ncdid=0&ncdver=1
60199,4,06/24/2025,0,1,1,60199,/data/ncd?ncdid=0&ncdver=1
60191,6,06/24/2025,0,1,1,60191,/data/ncd?ncdid=0&ncdver=1
56903,15,04/29/2025,0,1,1,56903,/data/ncd?ncdid=0&ncdver=1
60200,5,06/11/2025,0,1,1,60200,/data/ncd?ncdid=0&ncdver=1
59482,4,04/29/2025,0,1,1,59482,/data/ncd?ncdid=0&ncdver=1
57575,9,04/29/2025,0,1,1,57575,/data/ncd?ncdid=0&ncdver=1
56980,12,04/29/2025,0,1,1,56980,/data/ncd?ncdid=0&ncdver=1
56982,15,04/29/2025,0,1,1,56982,/data/ncd?ncdid=0&ncdver=1
54880,10,04/29/2025,0,1,1,54880,/data/ncd?ncdid=0&ncdver=1
60188,3,04/29/2025,0,1,1,60188,/data/ncd?ncdid=0&ncdver=1
59982,4,04/29/2025,0,1,1,59982,/data/ncd?ncdid=0&ncdver=1
59983,4,04/29/2025,0,1,1,59983,/data/ncd?ncdid=0&ncdver=1
60189,3,04/29/2025,0,1,1,60189,/data/ncd?ncdid=0&ncdver=1
59984,3,04/29/2025,0,1,1,59984,/data/ncd?ncdid=0&ncdver=1
57915,10,04/29/2025,0,1,1,57915,/data/ncd?ncdid=0&ncdver=1
59968,4,04/29/2025,0,1,1,59968,/data/ncd?ncdid=0&ncdver=1
59474,4,04/29/2025,0,1,1,59474,/data/ncd?ncdid=0&ncdver=1
54982,28,04/29/2025,220,1,1,54982,/data/ncd?ncdid=220&ncdver=1
54982,28,04/29/2025,357,1,2,54982,/data/ncd?ncdid=357&ncdver=1
54926,25,04/29/2025,220,1,1,54926,/data/ncd?ncdid=220&ncdver=1
54926,25,04/29/2025,357,1,2,54926,/data/ncd?ncdid=357&ncdver=1
56997,18,04/29/2025,0,1,1,56997,/data/ncd?ncdid=0&ncdver=1
57567,14,04/30/2025,0,1,1,57567,/data/ncd?ncdid=0&ncdver=1
57560,10,04/30/2025,0,1,1,57560,/data/ncd?ncdid=0&ncdver=1
52986,242,08/31/2023,372,2,1,52986,/data/ncd?ncdid=372&ncdver=2
56335,14,04/30/2025,0,1,1,56335,/data/ncd?ncdid=0&ncdver=1
56795,34,12/10/2019,322,1,1,56795,/data/ncd?ncdid=322&ncdver=1
59004,20,04/30/2025,372,2,1,59004,/data/ncd?ncdid=372&ncdver=2
58213,16,04/30/2025,98,2,1,58213,/data/ncd?ncdid=98&ncdver=2
58213,16,04/30/2025,251,1,2,58213,/data/ncd?ncdid=251&ncdver=1
58213,16,04/30/2025,222,2,3,58213,/data/ncd?ncdid=222&ncdver=2
60198,2,05/02/2025,0,1,1,60198,/data/ncd?ncdid=0&ncdver=1
59791,4,04/29/2025,0,1,1,59791,/data/ncd?ncdid=0&ncdver=1
58988,24,04/29/2025,372,1,1,58988,/data/ncd?ncdid=372&ncdver=1
59295,6,04/29/2025,0,1,1,59295,/data/ncd?ncdid=0&ncdver=1
58998,19,04/29/2025,372,1,1,58998,/data/ncd?ncdid=372&ncdver=1
58110,22,04/29/2025,0,1,1,58110,/data/ncd?ncdid=0&ncdver=1
58136,22,04/29/2025,0,1,1,58136,/data/ncd?ncdid=0&ncdver=1
52992,30,04/29/2025,0,1,1,52992,/data/ncd?ncdid=0&ncdver=1
58982,19,04/29/2025,322,1,1,58982,/data/ncd?ncdid=322&ncdver=1
58277,13,04/29/2025,0,1,1,58277,/data/ncd?ncdid=0&ncdver=1
56674,11,04/29/2025,0,1,1,56674,/data/ncd?ncdid=0&ncdver=1
56614,23,04/29/2025,0,1,1,56614,/data/ncd?ncdid=0&ncdver=1
57870,26,04/29/2025,372,1,1,57870,/data/ncd?ncdid=372&ncdver=1
57839,14,04/29/2025,0,1,1,57839,/data/ncd?ncdid=0&ncdver=1
57884,10,04/29/2025,0,1,1,57884,/data/ncd?ncdid=0&ncdver=1
52487,33,04/29/2025,0,1,1,52487,/data/ncd?ncdid=0&ncdver=1
52481,30,04/29/2025,208,1,1,52481,/data/ncd?ncdid=208&ncdver=1
56491,25,04/29/2025,0,1,1,56491,/data/ncd?ncdid=0&ncdver=1
58731,16,04/29/2025,223,1,1,58731,/data/ncd?ncdid=223&ncdver=1
59880,3,04/29/2025,0,1,1,59880,/data/ncd?ncdid=0&ncdver=1
60150,4,04/29/2025,0,1,1,60150,/data/ncd?ncdid=0&ncdver=1
60147,3,04/29/2025,0,1,1,60147,/data/ncd?ncdid=0&ncdver=1
56940,11,04/29/2025,0,1,1,56940,/data/ncd?ncdid=0&ncdver=1
59985,4,04/29/2025,0,1,1,59985,/data/ncd?ncdid=0&ncdver=1
60148,3,04/29/2025,0,1,1,60148,/data/ncd?ncdid=0&ncdver=1
59932,5,04/29/2025,0,1,1,59932,/data/ncd?ncdid=0&ncdver=1
59931,5,04/29/2025,0,1,1,59931,/data/ncd?ncdid=0&ncdver=1
59051,6,04/29/2025,0,1,1,59051,/data/ncd?ncdid=0&ncdver=1
55715,12,04/29/2025,0,1,1,55715,/data/ncd?ncdid=0&ncdver=1
59965,3,04/29/2025,0,1,1,59965,/data/ncd?ncdid=0&ncdver=1
59878,4,04/29/2025,0,1,1,59878,/data/ncd?ncdid=0&ncdver=1
59979,2,04/29/2025,0,1,1,59979,/data/ncd?ncdid=0&ncdver=1
58797,15,04/29/2025,0,1,1,58797,/data/ncd?ncdid=0&ncdver=1
57633,8,04/29/2025,0,1,1,57633,/data/ncd?ncdid=0&ncdver=1
58795,15,04/29/2025,0,1,1,58795,/data/ncd?ncdid=0&ncdver=1
59270,26,04/29/2025,179,1,1,59270,/data/ncd?ncdid=179&ncdver=1
57779,8,04/29/2025,0,1,1,57779,/data/ncd?ncdid=0&ncdver=1
59268,27,04/29/2025,179,1,1,59268,/data/ncd?ncdid=179&ncdver=1
57025,21,04/29/2025,0,1,1,57025,/data/ncd?ncdid=0&ncdver=1
57520,43,04/29/2025,0,1,1,57520,/data/ncd?ncdid=0&ncdver=1
57618,24,04/29/2025,0,1,1,57618,/data/ncd?ncdid=0&ncdver=1
56848,16,04/29/2025,0,1,1,56848,/data/ncd?ncdid=0&ncdver=1
56602,39,04/29/2025,0,1,1,56602,/data/ncd?ncdid=0&ncdver=1
59536,7,04/29/2025,0,1,1,59536,/data/ncd?ncdid=0&ncdver=1
58695,11,04/29/2025,223,1,1,58695,/data/ncd?ncdid=223&ncdver=1
53775,34,04/29/2025,0,1,1,53775,/data/ncd?ncdid=0&ncdver=1
59856,22,04/29/2025,198,1,1,59856,/data/ncd?ncdid=198&ncdver=1
59856,22,04/29/2025,372,1,2,59856,/data/ncd?ncdid=372&ncdver=1
59856,22,04/29/2025,281,1,3,59856,/data/ncd?ncdid=281&ncdver=1
59967,11,04/29/2025,372,1,1,59967,/data/ncd?ncdid=372&ncdver=1
59967,11,04/29/2025,198,1,2,59967,/data/ncd?ncdid=198&ncdver=1
59967,11,04/29/2025,281,1,3,59967,/data/ncd?ncdid=281&ncdver=1
59125,38,04/29/2025,0,1,1,59125,/data/ncd?ncdid=0&ncdver=1
59123,28,04/29/2025,0,1,1,59123,/data/ncd?ncdid=0&ncdver=1
59484,8,04/29/2025,0,1,1,59484,/data/ncd?ncdid=0&ncdver=1
59682,4,04/29/2025,0,1,1,59682,/data/ncd?ncdid=0&ncdver=1
59040,12,04/29/2025,0,1,1,59040,/data/ncd?ncdid=0&ncdver=1
59957,3,04/29/2025,0,1,1,59957,/data/ncd?ncdid=0&ncdver=1
59948,7,04/29/2025,0,1,1,59948,/data/ncd?ncdid=0&ncdver=1
59961,3,04/29/2025,0,1,1,59961,/data/ncd?ncdid=0&ncdver=1
59962,4,04/29/2025,0,1,1,59962,/data/ncd?ncdid=0&ncdver=1
59964,2,04/29/2025,0,1,1,59964,/data/ncd?ncdid=0&ncdver=1
59963,2,04/29/2025,0,1,1,59963,/data/ncd?ncdid=0&ncdver=1
56686,16,04/29/2025,0,1,1,56686,/data/ncd?ncdid=0&ncdver=1
58392,13,04/29/2025,0,1,1,58392,/data/ncd?ncdid=0&ncdver=1
56869,12,04/29/2025,0,1,1,56869,/data/ncd?ncdid=0&ncdver=1
56503,12,04/29/2025,0,1,1,56503,/data/ncd?ncdid=0&ncdver=1
59257,11,04/29/2025,0,1,1,59257,/data/ncd?ncdid=0&ncdver=1
55913,9,04/29/2025,0,1,1,55913,/data/ncd?ncdid=0&ncdver=1
56673,14,04/29/2025,0,1,1,56673,/data/ncd?ncdid=0&ncdver=1
56616,11,04/29/2025,0,1,1,56616,/data/ncd?ncdid=0&ncdver=1
59949,2,04/29/2025,0,1,1,59949,/data/ncd?ncdid=0&ncdver=1
56871,19,04/29/2025,0,1,1,56871,/data/ncd?ncdid=0&ncdver=1
59946,2,04/29/2025,0,1,1,59946,/data/ncd?ncdid=0&ncdver=1
59943,2,04/29/2025,0,1,1,59943,/data/ncd?ncdid=0&ncdver=1
53986,18,04/29/2025,0,1,1,53986,/data/ncd?ncdid=0&ncdver=1
59323,4,04/29/2025,0,1,1,59323,/data/ncd?ncdid=0&ncdver=1
53056,15,04/29/2025,0,1,1,53056,/data/ncd?ncdid=0&ncdver=1
53988,20,04/29/2025,0,1,1,53988,/data/ncd?ncdid=0&ncdver=1
52501,47,04/29/2025,0,1,1,52501,/data/ncd?ncdid=0&ncdver=1
54563,54,04/29/2025,47,1,1,54563,/data/ncd?ncdid=47&ncdver=1
54563,54,04/29/2025,139,1,2,54563,/data/ncd?ncdid=139&ncdver=1
57571,9,04/29/2025,0,1,1,57571,/data/ncd?ncdid=0&ncdver=1
59259,8,04/29/2025,366,1,1,59259,/data/ncd?ncdid=366&ncdver=1
53495,11,04/29/2025,0,1,1,53495,/data/ncd?ncdid=0&ncdver=1
59192,15,04/29/2025,0,1,1,59192,/data/ncd?ncdid=0&ncdver=1
56545,14,04/29/2025,0,1,1,56545,/data/ncd?ncdid=0&ncdver=1
57034,11,04/29/2025,0,1,1,57034,/data/ncd?ncdid=0&ncdver=1
53931,6,04/29/2025,0,1,1,53931,/data/ncd?ncdid=0&ncdver=1
56899,11,04/29/2025,0,1,1,56899,/data/ncd?ncdid=0&ncdver=1
57481,12,04/29/2025,41,1,1,57481,/data/ncd?ncdid=41&ncdver=1
57657,25,04/29/2025,0,1,1,57657,/data/ncd?ncdid=0&ncdver=1
56645,48,04/29/2025,0,1,1,56645,/data/ncd?ncdid=0&ncdver=1
57077,29,04/29/2025,0,1,1,57077,/data/ncd?ncdid=0&ncdver=1
59900,2,04/29/2025,0,1,1,59900,/data/ncd?ncdid=0&ncdver=1
52993,54,04/29/2025,0,1,1,52993,/data/ncd?ncdid=0&ncdver=1
57677,14,04/29/2025,0,1,1,57677,/data/ncd?ncdid=0&ncdver=1
57125,22,04/29/2025,0,1,1,57125,/data/ncd?ncdid=0&ncdver=1
56672,16,04/29/2025,0,1,1,56672,/data/ncd?ncdid=0&ncdver=1
59936,3,04/29/2025,176,1,1,59936,/data/ncd?ncdid=176&ncdver=1
59893,3,04/29/2025,0,1,1,59893,/data/ncd?ncdid=0&ncdver=1
59935,3,04/29/2025,176,1,1,59935,/data/ncd?ncdid=176&ncdver=1
52469,28,04/29/2025,190,1,1,52469,/data/ncd?ncdid=190&ncdver=1
52469,28,04/29/2025,274,1,2,52469,/data/ncd?ncdid=274&ncdver=1
59930,4,04/29/2025,0,1,1,59930,/data/ncd?ncdid=0&ncdver=1
59894,3,04/29/2025,0,1,1,59894,/data/ncd?ncdid=0&ncdver=1
59937,2,04/29/2025,0,1,1,59937,/data/ncd?ncdid=0&ncdver=1
59929,4,04/29/2025,0,1,1,59929,/data/ncd?ncdid=0&ncdver=1
59913,4,04/29/2025,0,1,1,59913,/data/ncd?ncdid=0&ncdver=1
57155,15,04/29/2025,0,1,1,57155,/data/ncd?ncdid=0&ncdver=1
59928,2,04/29/2025,0,1,1,59928,/data/ncd?ncdid=0&ncdver=1
59910,4,04/29/2025,0,1,1,59910,/data/ncd?ncdid=0&ncdver=1
55233,21,04/29/2025,0,1,1,55233,/data/ncd?ncdid=0&ncdver=1
59917,3,04/29/2025,0,1,1,59917,/data/ncd?ncdid=0&ncdver=1
59912,3,04/29/2025,0,1,1,59912,/data/ncd?ncdid=0&ncdver=1
57110,17,04/29/2025,0,1,1,57110,/data/ncd?ncdid=0&ncdver=1
56771,25,04/29/2025,0,1,1,56771,/data/ncd?ncdid=0&ncdver=1
55147,30,04/29/2025,0,1,1,55147,/data/ncd?ncdid=0&ncdver=1
59934,2,04/29/2025,0,1,1,59934,/data/ncd?ncdid=0&ncdver=1
59897,4,04/29/2025,0,1,1,59897,/data/ncd?ncdid=0&ncdver=1
59896,4,04/29/2025,0,1,1,59896,/data/ncd?ncdid=0&ncdver=1
59909,3,04/29/2025,0,1,1,59909,/data/ncd?ncdid=0&ncdver=1
54686,22,04/29/2025,0,1,1,54686,/data/ncd?ncdid=0&ncdver=1
53531,22,04/29/2025,0,1,1,53531,/data/ncd?ncdid=0&ncdver=1
58308,18,04/29/2025,0,1,1,58308,/data/ncd?ncdid=0&ncdver=1
56675,25,04/29/2025,0,1,1,56675,/data/ncd?ncdid=0&ncdver=1
53095,28,04/29/2025,0,1,1,53095,/data/ncd?ncdid=0&ncdver=1
59886,2,04/29/2025,0,1,1,59886,/data/ncd?ncdid=0&ncdver=1
53101,46,04/29/2025,0,1,1,53101,/data/ncd?ncdid=0&ncdver=1
59885,2,04/29/2025,0,1,1,59885,/data/ncd?ncdid=0&ncdver=1
54188,33,04/29/2025,0,1,1,54188,/data/ncd?ncdid=0&ncdver=1
56685,17,04/29/2025,0,1,1,56685,/data/ncd?ncdid=0&ncdver=1
59904,2,04/29/2025,0,1,1,59904,/data/ncd?ncdid=0&ncdver=1
56679,9,04/29/2025,0,1,1,56679,/data/ncd?ncdid=0&ncdver=1
59858,4,04/29/2025,0,1,1,59858,/data/ncd?ncdid=0&ncdver=1
59735,3,04/29/2025,0,1,1,59735,/data/ncd?ncdid=0&ncdver=1
59903,2,04/29/2025,0,1,1,59903,/data/ncd?ncdid=0&ncdver=1
59902,2,04/29/2025,0,1,1,59902,/data/ncd?ncdid=0&ncdver=1
59892,2,04/29/2025,0,1,1,59892,/data/ncd?ncdid=0&ncdver=1
56983,12,04/29/2025,0,1,1,56983,/data/ncd?ncdid=0&ncdver=1
56531,19,04/29/2025,0,1,1,56531,/data/ncd?ncdid=0&ncdver=1
56784,18,04/29/2025,0,1,1,56784,/data/ncd?ncdid=0&ncdver=1
56562,33,04/29/2025,0,1,1,56562,/data/ncd?ncdid=0&ncdver=1
59042,13,04/29/2025,366,1,1,59042,/data/ncd?ncdid=366&ncdver=1
59843,2,04/29/2025,0,1,1,59843,/data/ncd?ncdid=0&ncdver=1
59854,4,04/29/2025,0,1,1,59854,/data/ncd?ncdid=0&ncdver=1
59855,4,04/29/2025,0,1,1,59855,/data/ncd?ncdid=0&ncdver=1
59476,4,04/29/2025,0,1,1,59476,/data/ncd?ncdid=0&ncdver=1
59472,4,04/29/2025,0,1,1,59472,/data/ncd?ncdid=0&ncdver=1
59850,3,04/29/2025,0,1,1,59850,/data/ncd?ncdid=0&ncdver=1
59838,3,04/29/2025,0,1,1,59838,/data/ncd?ncdid=0&ncdver=1
59462,4,04/29/2025,0,1,1,59462,/data/ncd?ncdid=0&ncdver=1
59853,3,04/29/2025,0,1,1,59853,/data/ncd?ncdid=0&ncdver=1
59876,2,04/29/2025,0,1,1,59876,/data/ncd?ncdid=0&ncdver=1
59875,2,04/29/2025,0,1,1,59875,/data/ncd?ncdid=0&ncdver=1
59851,3,04/29/2025,0,1,1,59851,/data/ncd?ncdid=0&ncdver=1
57630,11,04/29/2025,0,1,1,57630,/data/ncd?ncdid=0&ncdver=1
59857,3,04/29/2025,0,1,1,59857,/data/ncd?ncdid=0&ncdver=1
56669,16,04/29/2025,0,1,1,56669,/data/ncd?ncdid=0&ncdver=1
59815,4,04/29/2025,0,1,1,59815,/data/ncd?ncdid=0&ncdver=1
59380,3,04/29/2025,0,1,1,59380,/data/ncd?ncdid=0&ncdver=1
59830,5,04/29/2025,0,1,1,59830,/data/ncd?ncdid=0&ncdver=1
59831,4,04/29/2025,0,1,1,59831,/data/ncd?ncdid=0&ncdver=1
59822,3,04/29/2025,0,1,1,59822,/data/ncd?ncdid=0&ncdver=1
59844,2,04/29/2025,0,1,1,59844,/data/ncd?ncdid=0&ncdver=1
59382,4,04/29/2025,0,1,1,59382,/data/ncd?ncdid=0&ncdver=1
56703,17,04/29/2025,0,1,1,56703,/data/ncd?ncdid=0&ncdver=1
59814,3,04/29/2025,0,1,1,59814,/data/ncd?ncdid=0&ncdver=1
59833,3,04/29/2025,0,1,1,59833,/data/ncd?ncdid=0&ncdver=1
59832,2,04/29/2025,0,1,1,59832,/data/ncd?ncdid=0&ncdver=1
59816,6,04/29/2025,0,1,1,59816,/data/ncd?ncdid=0&ncdver=1
59829,6,04/29/2025,0,1,1,59829,/data/ncd?ncdid=0&ncdver=1
59803,7,04/29/2025,0,1,1,59803,/data/ncd?ncdid=0&ncdver=1
57112,11,04/29/2025,0,1,1,57112,/data/ncd?ncdid=0&ncdver=1
59802,4,04/29/2025,0,1,1,59802,/data/ncd?ncdid=0&ncdver=1
59748,4,04/29/2025,0,1,1,59748,/data/ncd?ncdid=0&ncdver=1
59747,4,04/29/2025,0,1,1,59747,/data/ncd?ncdid=0&ncdver=1
59470,4,04/29/2025,0,1,1,59470,/data/ncd?ncdid=0&ncdver=1
59734,4,04/29/2025,0,1,1,59734,/data/ncd?ncdid=0&ncdver=1
59756,3,04/29/2025,0,1,1,59756,/data/ncd?ncdid=0&ncdver=1
52497,35,04/29/2025,190,1,1,52497,/data/ncd?ncdid=190&ncdver=1
52497,35,04/29/2025,219,1,2,52497,/data/ncd?ncdid=219&ncdver=1
59825,2,04/29/2025,0,1,1,59825,/data/ncd?ncdid=0&ncdver=1
59758,3,04/29/2025,0,1,1,59758,/data/ncd?ncdid=0&ncdver=1
59773,3,04/29/2025,0,1,1,59773,/data/ncd?ncdid=0&ncdver=1
59772,3,04/29/2025,0,1,1,59772,/data/ncd?ncdid=0&ncdver=1
56287,18,04/29/2025,0,1,1,56287,/data/ncd?ncdid=0&ncdver=1
56653,15,04/29/2025,0,1,1,56653,/data/ncd?ncdid=0&ncdver=1
59767,2,04/29/2025,0,1,1,59767,/data/ncd?ncdid=0&ncdver=1
59654,4,04/29/2025,0,1,1,59654,/data/ncd?ncdid=0&ncdver=1
54021,26,04/29/2025,0,1,1,54021,/data/ncd?ncdid=0&ncdver=1
54192,22,04/29/2025,0,1,1,54192,/data/ncd?ncdid=0&ncdver=1
59759,2,04/29/2025,0,1,1,59759,/data/ncd?ncdid=0&ncdver=1
59755,4,04/29/2025,0,1,1,59755,/data/ncd?ncdid=0&ncdver=1
56838,13,04/29/2025,0,1,1,56838,/data/ncd?ncdid=0&ncdver=1
59799,2,04/29/2025,0,1,1,59799,/data/ncd?ncdid=0&ncdver=1
59800,2,04/29/2025,0,1,1,59800,/data/ncd?ncdid=0&ncdver=1
59798,2,04/29/2025,0,1,1,59798,/data/ncd?ncdid=0&ncdver=1
59801,2,04/29/2025,0,1,1,59801,/data/ncd?ncdid=0&ncdver=1
59792,3,04/29/2025,0,1,1,59792,/data/ncd?ncdid=0&ncdver=1
59795,2,04/29/2025,11,1,1,59795,/data/ncd?ncdid=11&ncdver=1
59795,2,04/29/2025,15,1,2,59795,/data/ncd?ncdid=15&ncdver=1
59795,2,04/29/2025,176,1,3,59795,/data/ncd?ncdid=176&ncdver=1
59741,4,04/29/2025,0,1,1,59741,/data/ncd?ncdid=0&ncdver=1
59793,2,04/29/2025,11,1,1,59793,/data/ncd?ncdid=11&ncdver=1
59793,2,04/29/2025,15,1,2,59793,/data/ncd?ncdid=15&ncdver=1
59793,2,04/29/2025,176,1,3,59793,/data/ncd?ncdid=176&ncdver=1
59796,3,04/29/2025,0,1,1,59796,/data/ncd?ncdid=0&ncdver=1
59738,2,04/29/2025,0,1,1,59738,/data/ncd?ncdid=0&ncdver=1
59797,3,04/29/2025,0,1,1,59797,/data/ncd?ncdid=0&ncdver=1
59736,2,04/29/2025,0,1,1,59736,/data/ncd?ncdid=0&ncdver=1
59751,2,04/29/2025,0,1,1,59751,/data/ncd?ncdid=0&ncdver=1
59737,3,04/29/2025,0,1,1,59737,/data/ncd?ncdid=0&ncdver=1
52514,61,04/29/2025,169,1,1,52514,/data/ncd?ncdid=169&ncdver=1
52514,61,04/29/2025,312,1,2,52514,/data/ncd?ncdid=312&ncdver=1
52514,61,04/29/2025,47,1,3,52514,/data/ncd?ncdid=47&ncdver=1
52514,61,04/29/2025,190,1,4,52514,/data/ncd?ncdid=190&ncdver=1
57496,14,04/29/2025,226,1,1,57496,/data/ncd?ncdid=226&ncdver=1
57496,14,04/29/2025,330,1,2,57496,/data/ncd?ncdid=330&ncdver=1
52467,54,04/29/2025,119,1,1,52467,/data/ncd?ncdid=119&ncdver=1
52467,54,04/29/2025,330,1,2,52467,/data/ncd?ncdid=330&ncdver=1
52467,54,04/29/2025,190,1,3,52467,/data/ncd?ncdid=190&ncdver=1
52512,46,04/29/2025,0,1,1,52512,/data/ncd?ncdid=0&ncdver=1
52519,39,04/29/2025,190,1,1,52519,/data/ncd?ncdid=190&ncdver=1
55709,11,04/29/2025,0,1,1,55709,/data/ncd?ncdid=0&ncdver=1
58664,9,04/29/2025,0,1,1,58664,/data/ncd?ncdid=0&ncdver=1
57755,18,04/29/2025,0,1,1,57755,/data/ncd?ncdid=0&ncdver=1
59703,2,04/29/2025,0,1,1,59703,/data/ncd?ncdid=0&ncdver=1
54901,27,04/29/2025,0,1,1,54901,/data/ncd?ncdid=0&ncdver=1
54832,14,04/29/2025,0,1,1,54832,/data/ncd?ncdid=0&ncdver=1
54830,9,04/29/2025,0,1,1,54830,/data/ncd?ncdid=0&ncdver=1
54795,42,04/29/2025,372,1,1,54795,/data/ncd?ncdid=372&ncdver=1
59704,2,04/29/2025,0,1,1,59704,/data/ncd?ncdid=0&ncdver=1
59698,3,04/29/2025,0,1,1,59698,/data/ncd?ncdid=0&ncdver=1
55958,6,04/29/2025,0,1,1,55958,/data/ncd?ncdid=0&ncdver=1
53883,26,04/29/2025,0,1,1,53883,/data/ncd?ncdid=0&ncdver=1
59126,5,04/29/2025,0,1,1,59126,/data/ncd?ncdid=0&ncdver=1
57767,12,04/29/2025,0,1,1,57767,/data/ncd?ncdid=0&ncdver=1
56995,15,04/29/2025,226,1,1,56995,/data/ncd?ncdid=226&ncdver=1
56995,15,04/29/2025,330,1,2,56995,/data/ncd?ncdid=330&ncdver=1
59679,3,04/29/2025,0,1,1,59679,/data/ncd?ncdid=0&ncdver=1
59680,3,04/29/2025,0,1,1,59680,/data/ncd?ncdid=0&ncdver=1
59574,4,04/29/2025,155,1,1,59574,/data/ncd?ncdid=155&ncdver=1
59575,4,04/29/2025,155,1,1,59575,/data/ncd?ncdid=155&ncdver=1
59678,4,04/29/2025,0,1,1,59678,/data/ncd?ncdid=0&ncdver=1
59652,3,04/29/2025,0,1,1,59652,/data/ncd?ncdid=0&ncdver=1
59651,2,04/29/2025,0,1,1,59651,/data/ncd?ncdid=0&ncdver=1
59605,3,04/29/2025,0,1,1,59605,/data/ncd?ncdid=0&ncdver=1
59656,3,04/29/2025,0,1,1,59656,/data/ncd?ncdid=0&ncdver=1
59655,2,04/29/2025,0,1,1,59655,/data/ncd?ncdid=0&ncdver=1
56106,14,04/29/2025,0,1,1,56106,/data/ncd?ncdid=0&ncdver=1
59675,2,04/29/2025,0,1,1,59675,/data/ncd?ncdid=0&ncdver=1
59648,2,04/29/2025,0,1,1,59648,/data/ncd?ncdid=0&ncdver=1
59647,4,04/29/2025,0,1,1,59647,/data/ncd?ncdid=0&ncdver=1
57021,19,04/29/2025,0,1,1,57021,/data/ncd?ncdid=0&ncdver=1
55136,19,04/29/2025,0,1,1,55136,/data/ncd?ncdid=0&ncdver=1
54682,34,04/29/2025,0,1,1,54682,/data/ncd?ncdid=0&ncdver=1
57106,12,04/29/2025,0,1,1,57106,/data/ncd?ncdid=0&ncdver=1
56072,13,04/29/2025,0,1,1,56072,/data/ncd?ncdid=0&ncdver=1
57604,16,04/29/2025,0,1,1,57604,/data/ncd?ncdid=0&ncdver=1
59635,2,04/29/2025,0,1,1,59635,/data/ncd?ncdid=0&ncdver=1
57638,7,04/29/2025,0,1,1,57638,/data/ncd?ncdid=0&ncdver=1
59659,3,04/29/2025,0,1,1,59659,/data/ncd?ncdid=0&ncdver=1
56541,40,04/29/2025,333,1,1,56541,/data/ncd?ncdid=333&ncdver=1
57451,38,04/29/2025,0,1,1,57451,/data/ncd?ncdid=0&ncdver=1
54555,18,04/29/2025,0,1,1,54555,/data/ncd?ncdid=0&ncdver=1
53773,20,04/29/2025,0,1,1,53773,/data/ncd?ncdid=0&ncdver=1
58028,23,04/29/2025,372,1,1,58028,/data/ncd?ncdid=372&ncdver=1
59158,9,04/29/2025,0,1,1,59158,/data/ncd?ncdid=0&ncdver=1
53781,17,04/29/2025,0,1,1,53781,/data/ncd?ncdid=0&ncdver=1
59611,5,04/29/2025,0,1,1,59611,/data/ncd?ncdid=0&ncdver=1
59614,2,04/29/2025,0,1,1,59614,/data/ncd?ncdid=0&ncdver=1
59616,4,04/29/2025,0,1,1,59616,/data/ncd?ncdid=0&ncdver=1
58065,19,04/29/2025,372,1,1,58065,/data/ncd?ncdid=372&ncdver=1
57047,11,04/29/2025,0,1,1,57047,/data/ncd?ncdid=0&ncdver=1
52537,11,04/29/2025,0,1,1,52537,/data/ncd?ncdid=0&ncdver=1
57132,19,04/29/2025,256,1,1,57132,/data/ncd?ncdid=256&ncdver=1
56876,18,04/29/2025,0,1,1,56876,/data/ncd?ncdid=0&ncdver=1
56731,16,04/29/2025,0,1,1,56731,/data/ncd?ncdid=0&ncdver=1
56006,19,04/29/2025,0,1,1,56006,/data/ncd?ncdid=0&ncdver=1
56732,15,04/29/2025,0,1,1,56732,/data/ncd?ncdid=0&ncdver=1
57983,6,04/29/2025,0,1,1,57983,/data/ncd?ncdid=0&ncdver=1
57587,9,04/29/2025,0,1,1,57587,/data/ncd?ncdid=0&ncdver=1
59622,2,04/29/2025,0,1,1,59622,/data/ncd?ncdid=0&ncdver=1
59621,2,04/29/2025,0,1,1,59621,/data/ncd?ncdid=0&ncdver=1
58371,12,04/29/2025,0,1,1,58371,/data/ncd?ncdid=0&ncdver=1
59599,4,04/29/2025,0,1,1,59599,/data/ncd?ncdid=0&ncdver=1
59598,3,04/29/2025,0,1,1,59598,/data/ncd?ncdid=0&ncdver=1
59596,3,04/29/2025,0,1,1,59596,/data/ncd?ncdid=0&ncdver=1
59597,3,04/29/2025,0,1,1,59597,/data/ncd?ncdid=0&ncdver=1
59579,3,04/29/2025,0,1,1,59579,/data/ncd?ncdid=0&ncdver=1
59601,3,04/29/2025,0,1,1,59601,/data/ncd?ncdid=0&ncdver=1
59602,4,04/29/2025,0,1,1,59602,/data/ncd?ncdid=0&ncdver=1
52918,5,04/29/2025,0,1,1,52918,/data/ncd?ncdid=0&ncdver=1
59049,16,04/29/2025,292,1,1,59049,/data/ncd?ncdid=292&ncdver=1
59049,16,04/29/2025,288,1,2,59049,/data/ncd?ncdid=288&ncdver=1
59049,16,04/29/2025,294,1,3,59049,/data/ncd?ncdid=294&ncdver=1
52917,4,04/29/2025,0,1,1,52917,/data/ncd?ncdid=0&ncdver=1
55503,5,04/29/2025,0,1,1,55503,/data/ncd?ncdid=0&ncdver=1
55505,5,04/29/2025,0,1,1,55505,/data/ncd?ncdid=0&ncdver=1
53134,84,04/29/2025,292,1,1,53134,/data/ncd?ncdid=292&ncdver=1
53134,84,04/29/2025,288,1,2,53134,/data/ncd?ncdid=288&ncdver=1
53134,84,04/29/2025,294,1,3,53134,/data/ncd?ncdid=294&ncdver=1
55206,18,04/29/2025,0,1,1,55206,/data/ncd?ncdid=0&ncdver=1
58777,11,04/29/2025,0,1,1,58777,/data/ncd?ncdid=0&ncdver=1
56502,8,04/29/2025,0,1,1,56502,/data/ncd?ncdid=0&ncdver=1
57589,16,04/29/2025,135,1,1,57589,/data/ncd?ncdid=135&ncdver=1
57589,16,04/29/2025,285,1,2,57589,/data/ncd?ncdid=285&ncdver=1
57589,16,04/29/2025,11,1,3,57589,/data/ncd?ncdid=11&ncdver=1
54643,13,04/29/2025,158,1,1,54643,/data/ncd?ncdid=158&ncdver=1
54641,13,04/29/2025,158,1,1,54641,/data/ncd?ncdid=158&ncdver=1
54612,4,04/29/2025,0,1,1,54612,/data/ncd?ncdid=0&ncdver=1
58737,10,04/29/2025,0,1,1,58737,/data/ncd?ncdid=0&ncdver=1
56887,11,04/29/2025,0,1,1,56887,/data/ncd?ncdid=0&ncdver=1
57910,14,04/29/2025,0,1,1,57910,/data/ncd?ncdid=0&ncdver=1
54196,20,04/29/2025,0,1,1,54196,/data/ncd?ncdid=0&ncdver=1
54283,15,04/29/2025,0,1,1,54283,/data/ncd?ncdid=0&ncdver=1
56998,10,04/29/2025,0,1,1,56998,/data/ncd?ncdid=0&ncdver=1
54194,23,04/29/2025,0,1,1,54194,/data/ncd?ncdid=0&ncdver=1
54195,22,04/29/2025,0,1,1,54195,/data/ncd?ncdid=0&ncdver=1
54269,14,04/29/2025,0,1,1,54269,/data/ncd?ncdid=0&ncdver=1
58038,10,04/29/2025,0,1,1,58038,/data/ncd?ncdid=0&ncdver=1
54295,27,04/29/2025,0,1,1,54295,/data/ncd?ncdid=0&ncdver=1
54270,16,04/29/2025,0,1,1,54270,/data/ncd?ncdid=0&ncdver=1
56885,14,04/29/2025,0,1,1,56885,/data/ncd?ncdid=0&ncdver=1
58063,11,04/29/2025,0,1,1,58063,/data/ncd?ncdid=0&ncdver=1
56647,32,04/29/2025,0,1,1,56647,/data/ncd?ncdid=0&ncdver=1
56651,36,04/29/2025,223,1,1,56651,/data/ncd?ncdid=223&ncdver=1
56633,47,04/29/2025,0,1,1,56633,/data/ncd?ncdid=0&ncdver=1
56681,34,04/29/2025,223,1,1,56681,/data/ncd?ncdid=223&ncdver=1
54191,27,04/29/2025,0,1,1,54191,/data/ncd?ncdid=0&ncdver=1
54688,23,04/29/2025,0,1,1,54688,/data/ncd?ncdid=0&ncdver=1
56985,15,04/29/2025,0,1,1,56985,/data/ncd?ncdid=0&ncdver=1
56981,16,04/29/2025,0,1,1,56981,/data/ncd?ncdid=0&ncdver=1
56989,11,04/29/2025,0,1,1,56989,/data/ncd?ncdid=0&ncdver=1
54685,17,04/29/2025,0,1,1,54685,/data/ncd?ncdid=0&ncdver=1
56884,13,04/29/2025,0,1,1,56884,/data/ncd?ncdid=0&ncdver=1
54257,14,04/29/2025,0,1,1,54257,/data/ncd?ncdid=0&ncdver=1
55716,11,04/29/2025,0,1,1,55716,/data/ncd?ncdid=0&ncdver=1
58706,12,04/29/2025,0,1,1,58706,/data/ncd?ncdid=0&ncdver=1
54689,32,04/29/2025,372,1,1,54689,/data/ncd?ncdid=372&ncdver=1
58362,10,04/29/2025,0,1,1,58362,/data/ncd?ncdid=0&ncdver=1
54300,16,04/29/2025,0,1,1,54300,/data/ncd?ncdid=0&ncdver=1
58817,6,04/29/2025,0,1,1,58817,/data/ncd?ncdid=0&ncdver=1
54327,7,04/29/2025,0,1,1,54327,/data/ncd?ncdid=0&ncdver=1
52432,14,04/29/2025,0,1,1,52432,/data/ncd?ncdid=0&ncdver=1
58677,5,04/29/2025,0,1,1,58677,/data/ncd?ncdid=0&ncdver=1
59006,4,04/29/2025,0,1,1,59006,/data/ncd?ncdid=0&ncdver=1
58113,6,04/29/2025,0,1,1,58113,/data/ncd?ncdid=0&ncdver=1
54610,3,04/29/2025,0,1,1,54610,/data/ncd?ncdid=0&ncdver=1
54613,3,04/29/2025,0,1,1,54613,/data/ncd?ncdid=0&ncdver=1
54611,5,04/29/2025,0,1,1,54611,/data/ncd?ncdid=0&ncdver=1
56610,13,04/29/2025,0,1,1,56610,/data/ncd?ncdid=0&ncdver=1
59578,3,04/29/2025,0,1,1,59578,/data/ncd?ncdid=0&ncdver=1
56756,20,04/29/2025,0,1,1,56756,/data/ncd?ncdid=0&ncdver=1
59581,4,04/29/2025,0,1,1,59581,/data/ncd?ncdid=0&ncdver=1
59568,5,04/29/2025,0,1,1,59568,/data/ncd?ncdid=0&ncdver=1
58833,17,04/29/2025,0,1,1,58833,/data/ncd?ncdid=0&ncdver=1
59566,7,04/29/2025,0,1,1,59566,/data/ncd?ncdid=0&ncdver=1
56631,19,04/29/2025,0,1,1,56631,/data/ncd?ncdid=0&ncdver=1
57649,9,04/29/2025,0,1,1,57649,/data/ncd?ncdid=0&ncdver=1
56841,18,04/29/2025,0,1,1,56841,/data/ncd?ncdid=0&ncdver=1
56648,19,04/29/2025,0,1,1,56648,/data/ncd?ncdid=0&ncdver=1
59564,4,04/29/2025,0,1,1,59564,/data/ncd?ncdid=0&ncdver=1
59547,3,04/29/2025,0,1,1,59547,/data/ncd?ncdid=0&ncdver=1
57726,7,04/29/2025,0,1,1,57726,/data/ncd?ncdid=0&ncdver=1
59109,7,04/29/2025,0,1,1,59109,/data/ncd?ncdid=0&ncdver=1
59542,3,04/29/2025,0,1,1,59542,/data/ncd?ncdid=0&ncdver=1
59563,2,04/29/2025,0,1,1,59563,/data/ncd?ncdid=0&ncdver=1
59541,3,04/29/2025,0,1,1,59541,/data/ncd?ncdid=0&ncdver=1
52516,26,04/29/2025,190,1,1,52516,/data/ncd?ncdid=190&ncdver=1
59562,2,04/29/2025,0,1,1,59562,/data/ncd?ncdid=0&ncdver=1
57851,8,04/29/2025,0,1,1,57851,/data/ncd?ncdid=0&ncdver=1
59532,4,04/29/2025,0,1,1,59532,/data/ncd?ncdid=0&ncdver=1
56929,15,04/29/2025,0,1,1,56929,/data/ncd?ncdid=0&ncdver=1
59533,2,04/29/2025,0,1,1,59533,/data/ncd?ncdid=0&ncdver=1
58689,6,04/29/2025,0,1,1,58689,/data/ncd?ncdid=0&ncdver=1
59531,4,04/29/2025,0,1,1,59531,/data/ncd?ncdid=0&ncdver=1
59219,12,04/29/2025,225,1,1,59219,/data/ncd?ncdid=225&ncdver=1
59219,12,04/29/2025,190,1,2,59219,/data/ncd?ncdid=190&ncdver=1
59524,3,04/29/2025,0,1,1,59524,/data/ncd?ncdid=0&ncdver=1
59520,5,04/29/2025,0,1,1,59520,/data/ncd?ncdid=0&ncdver=1
59527,2,04/29/2025,0,1,1,59527,/data/ncd?ncdid=0&ncdver=1
59483,3,04/29/2025,0,1,1,59483,/data/ncd?ncdid=0&ncdver=1
59519,3,04/29/2025,0,1,1,59519,/data/ncd?ncdid=0&ncdver=1
59523,3,04/29/2025,0,1,1,59523,/data/ncd?ncdid=0&ncdver=1
54831,28,04/29/2025,357,1,1,54831,/data/ncd?ncdid=357&ncdver=1
59496,2,04/29/2025,0,1,1,59496,/data/ncd?ncdid=0&ncdver=1
59535,2,04/29/2025,0,1,1,59535,/data/ncd?ncdid=0&ncdver=1
55161,23,04/29/2025,0,1,1,55161,/data/ncd?ncdid=0&ncdver=1
59534,2,04/29/2025,0,1,1,59534,/data/ncd?ncdid=0&ncdver=1
57577,7,04/29/2025,0,1,1,57577,/data/ncd?ncdid=0&ncdver=1
58503,12,04/29/2025,0,1,1,58503,/data/ncd?ncdid=0&ncdver=1
59170,5,04/29/2025,0,1,1,59170,/data/ncd?ncdid=0&ncdver=1
59501,2,04/29/2025,0,1,1,59501,/data/ncd?ncdid=0&ncdver=1
59460,4,04/29/2025,0,1,1,59460,/data/ncd?ncdid=0&ncdver=1
56792,11,04/29/2025,0,1,1,56792,/data/ncd?ncdid=0&ncdver=1
59459,4,04/29/2025,0,1,1,59459,/data/ncd?ncdid=0&ncdver=1
59503,2,04/29/2025,0,1,1,59503,/data/ncd?ncdid=0&ncdver=1
54018,33,04/29/2025,0,1,1,54018,/data/ncd?ncdid=0&ncdver=1
57581,7,04/29/2025,0,1,1,57581,/data/ncd?ncdid=0&ncdver=1
56333,11,04/29/2025,372,1,1,56333,/data/ncd?ncdid=372&ncdver=1
58808,12,04/29/2025,217,1,1,58808,/data/ncd?ncdid=217&ncdver=1
56872,10,04/29/2025,0,1,1,56872,/data/ncd?ncdid=0&ncdver=1
58810,11,04/29/2025,217,1,1,58810,/data/ncd?ncdid=217&ncdver=1
55235,15,04/29/2025,0,1,1,55235,/data/ncd?ncdid=0&ncdver=1
56913,13,04/29/2025,0,1,1,56913,/data/ncd?ncdid=0&ncdver=1
57647,17,04/29/2025,0,1,1,57647,/data/ncd?ncdid=0&ncdver=1
56584,14,04/29/2025,0,1,1,56584,/data/ncd?ncdid=0&ncdver=1
56924,11,04/29/2025,372,1,1,56924,/data/ncd?ncdid=372&ncdver=1
57072,17,04/29/2025,0,1,1,57072,/data/ncd?ncdid=0&ncdver=1
59444,3,04/29/2025,0,1,1,59444,/data/ncd?ncdid=0&ncdver=1
59437,4,04/29/2025,372,1,1,59437,/data/ncd?ncdid=372&ncdver=1
59443,3,04/29/2025,0,1,1,59443,/data/ncd?ncdid=0&ncdver=1
59453,3,04/29/2025,372,1,1,59453,/data/ncd?ncdid=372&ncdver=1
59456,2,04/29/2025,372,1,1,59456,/data/ncd?ncdid=372&ncdver=1
59412,4,04/29/2025,0,1,1,59412,/data/ncd?ncdid=0&ncdver=1
59452,3,04/29/2025,372,1,1,59452,/data/ncd?ncdid=372&ncdver=1
59408,2,04/29/2025,372,1,1,59408,/data/ncd?ncdid=372&ncdver=1
59441,4,04/29/2025,0,1,1,59441,/data/ncd?ncdid=0&ncdver=1
59414,3,04/29/2025,0,1,1,59414,/data/ncd?ncdid=0&ncdver=1
59394,2,04/29/2025,0,1,1,59394,/data/ncd?ncdid=0&ncdver=1
55738,17,04/29/2025,0,1,1,55738,/data/ncd?ncdid=0&ncdver=1
59355,6,04/29/2025,0,1,1,59355,/data/ncd?ncdid=0&ncdver=1
59455,2,04/29/2025,0,1,1,59455,/data/ncd?ncdid=0&ncdver=1
59440,6,04/29/2025,0,1,1,59440,/data/ncd?ncdid=0&ncdver=1
59413,3,04/29/2025,0,1,1,59413,/data/ncd?ncdid=0&ncdver=1
59420,2,04/29/2025,0,1,1,59420,/data/ncd?ncdid=0&ncdver=1
59451,3,04/29/2025,0,1,1,59451,/data/ncd?ncdid=0&ncdver=1
59419,2,04/29/2025,0,1,1,59419,/data/ncd?ncdid=0&ncdver=1
59383,2,04/29/2025,0,1,1,59383,/data/ncd?ncdid=0&ncdver=1
57576,11,04/29/2025,0,1,1,57576,/data/ncd?ncdid=0&ncdver=1
59449,2,04/29/2025,194,1,1,59449,/data/ncd?ncdid=194&ncdver=1
55354,35,04/29/2025,0,1,1,55354,/data/ncd?ncdid=0&ncdver=1
59397,2,04/29/2025,0,1,1,59397,/data/ncd?ncdid=0&ncdver=1
55695,21,04/29/2025,0,1,1,55695,/data/ncd?ncdid=0&ncdver=1
52518,36,04/29/2025,221,1,1,52518,/data/ncd?ncdid=221&ncdver=1
52518,36,04/29/2025,190,1,2,52518,/data/ncd?ncdid=190&ncdver=1
59367,5,04/29/2025,179,1,1,59367,/data/ncd?ncdid=179&ncdver=1
58836,20,04/29/2025,0,1,1,58836,/data/ncd?ncdid=0&ncdver=1
59369,2,04/29/2025,0,1,1,59369,/data/ncd?ncdid=0&ncdver=1
57568,11,04/29/2025,0,1,1,57568,/data/ncd?ncdid=0&ncdver=1
59403,4,04/29/2025,221,1,1,59403,/data/ncd?ncdid=221&ncdver=1
59403,4,04/29/2025,190,1,2,59403,/data/ncd?ncdid=190&ncdver=1
59344,4,04/29/2025,0,1,1,59344,/data/ncd?ncdid=0&ncdver=1
59402,2,04/29/2025,65,1,1,59402,/data/ncd?ncdid=65&ncdver=1
59399,3,04/29/2025,0,1,1,59399,/data/ncd?ncdid=0&ncdver=1
59366,5,04/29/2025,179,1,1,59366,/data/ncd?ncdid=179&ncdver=1
59357,4,04/29/2025,0,1,1,59357,/data/ncd?ncdid=0&ncdver=1
56419,20,04/29/2025,0,1,1,56419,/data/ncd?ncdid=0&ncdver=1
59356,3,04/29/2025,0,1,1,59356,/data/ncd?ncdid=0&ncdver=1
59354,5,04/29/2025,0,1,1,59354,/data/ncd?ncdid=0&ncdver=1
59353,5,04/29/2025,0,1,1,59353,/data/ncd?ncdid=0&ncdver=1
59343,4,04/29/2025,0,1,1,59343,/data/ncd?ncdid=0&ncdver=1
59015,3,04/29/2025,0,1,1,59015,/data/ncd?ncdid=0&ncdver=1
57558,11,04/29/2025,0,1,1,57558,/data/ncd?ncdid=0&ncdver=1
59360,2,04/29/2025,0,1,1,59360,/data/ncd?ncdid=0&ncdver=1
59121,3,04/29/2025,0,1,1,59121,/data/ncd?ncdid=0&ncdver=1
58883,6,04/29/2025,0,1,1,58883,/data/ncd?ncdid=0&ncdver=1
58471,10,04/29/2025,0,1,1,58471,/data/ncd?ncdid=0&ncdver=1
59328,10,04/29/2025,0,1,1,59328,/data/ncd?ncdid=0&ncdver=1
59277,4,04/29/2025,0,1,1,59277,/data/ncd?ncdid=0&ncdver=1
59327,5,04/29/2025,0,1,1,59327,/data/ncd?ncdid=0&ncdver=1
59330,6,04/29/2025,222,1,1,59330,/data/ncd?ncdid=222&ncdver=1
59330,6,04/29/2025,190,1,2,59330,/data/ncd?ncdid=190&ncdver=1
54472,30,04/29/2025,0,1,1,54472,/data/ncd?ncdid=0&ncdver=1
59340,2,04/29/2025,0,1,1,59340,/data/ncd?ncdid=0&ncdver=1
59334,3,04/29/2025,0,1,1,59334,/data/ncd?ncdid=0&ncdver=1
59333,3,04/29/2025,0,1,1,59333,/data/ncd?ncdid=0&ncdver=1
59319,5,04/29/2025,0,1,1,59319,/data/ncd?ncdid=0&ncdver=1
59301,2,04/29/2025,0,1,1,59301,/data/ncd?ncdid=0&ncdver=1
59302,2,04/29/2025,0,1,1,59302,/data/ncd?ncdid=0&ncdver=1
59309,4,04/29/2025,0,1,1,59309,/data/ncd?ncdid=0&ncdver=1
54954,28,04/29/2025,0,1,1,54954,/data/ncd?ncdid=0&ncdver=1
56420,16,04/29/2025,0,1,1,56420,/data/ncd?ncdid=0&ncdver=1
56666,19,04/29/2025,156,1,1,56666,/data/ncd?ncdid=156&ncdver=1
56666,19,04/29/2025,55,1,2,56666,/data/ncd?ncdid=55&ncdver=1
56666,19,04/29/2025,194,1,3,56666,/data/ncd?ncdid=194&ncdver=1
56923,16,04/29/2025,226,1,1,56923,/data/ncd?ncdid=226&ncdver=1
56923,16,04/29/2025,330,1,2,56923,/data/ncd?ncdid=330&ncdver=1
56396,11,04/29/2025,0,1,1,56396,/data/ncd?ncdid=0&ncdver=1
59329,2,04/29/2025,0,1,1,59329,/data/ncd?ncdid=0&ncdver=1
59326,3,04/29/2025,366,1,1,59326,/data/ncd?ncdid=366&ncdver=1
59326,3,04/29/2025,1,1,2,59326,/data/ncd?ncdid=1&ncdver=1
59303,3,04/29/2025,0,1,1,59303,/data/ncd?ncdid=0&ncdver=1
55723,44,04/29/2025,0,1,1,55723,/data/ncd?ncdid=0&ncdver=1
59205,3,04/29/2025,0,1,1,59205,/data/ncd?ncdid=0&ncdver=1
53435,11,04/29/2025,0,1,1,53435,/data/ncd?ncdid=0&ncdver=1
59297,3,04/29/2025,0,1,1,59297,/data/ncd?ncdid=0&ncdver=1
53497,15,04/29/2025,0,1,1,53497,/data/ncd?ncdid=0&ncdver=1
59325,4,04/29/2025,366,1,1,59325,/data/ncd?ncdid=366&ncdver=1
59325,4,04/29/2025,1,1,2,59325,/data/ncd?ncdid=1&ncdver=1
53444,14,04/29/2025,57,1,1,53444,/data/ncd?ncdid=57&ncdver=1
59289,3,04/29/2025,366,1,1,59289,/data/ncd?ncdid=366&ncdver=1
59288,3,04/29/2025,0,1,1,59288,/data/ncd?ncdid=0&ncdver=1
59306,2,04/29/2025,366,1,1,59306,/data/ncd?ncdid=366&ncdver=1
56390,11,04/29/2025,0,1,1,56390,/data/ncd?ncdid=0&ncdver=1
59287,2,04/29/2025,0,1,1,59287,/data/ncd?ncdid=0&ncdver=1
59281,5,04/29/2025,0,1,1,59281,/data/ncd?ncdid=0&ncdver=1
59283,5,04/29/2025,0,1,1,59283,/data/ncd?ncdid=0&ncdver=1
59284,2,04/29/2025,0,1,1,59284,/data/ncd?ncdid=0&ncdver=1
59285,3,04/29/2025,0,1,1,59285,/data/ncd?ncdid=0&ncdver=1
59279,3,04/29/2025,372,1,1,59279,/data/ncd?ncdid=372&ncdver=1
59280,4,04/29/2025,0,1,1,59280,/data/ncd?ncdid=0&ncdver=1
56065,23,04/29/2025,150,1,1,56065,/data/ncd?ncdid=150&ncdver=1
59278,3,04/29/2025,372,1,1,59278,/data/ncd?ncdid=372&ncdver=1
52520,31,04/29/2025,145,1,1,52520,/data/ncd?ncdid=145&ncdver=1
52520,31,04/29/2025,63,1,2,52520,/data/ncd?ncdid=63&ncdver=1
52520,31,04/29/2025,151,1,3,52520,/data/ncd?ncdid=151&ncdver=1
52520,31,04/29/2025,354,1,4,52520,/data/ncd?ncdid=354&ncdver=1
52520,31,04/29/2025,273,1,5,52520,/data/ncd?ncdid=273&ncdver=1
59276,2,04/29/2025,0,1,1,59276,/data/ncd?ncdid=0&ncdver=1
59275,3,04/29/2025,0,1,1,59275,/data/ncd?ncdid=0&ncdver=1
59242,2,04/29/2025,0,1,1,59242,/data/ncd?ncdid=0&ncdver=1
56933,9,04/29/2025,0,1,1,56933,/data/ncd?ncdid=0&ncdver=1
59253,2,04/29/2025,0,1,1,59253,/data/ncd?ncdid=0&ncdver=1
59213,2,04/29/2025,0,1,1,59213,/data/ncd?ncdid=0&ncdver=1
59216,2,04/29/2025,0,1,1,59216,/data/ncd?ncdid=0&ncdver=1
59220,5,04/29/2025,0,1,1,59220,/data/ncd?ncdid=0&ncdver=1
59251,2,04/29/2025,0,1,1,59251,/data/ncd?ncdid=0&ncdver=1
59195,5,04/29/2025,0,1,1,59195,/data/ncd?ncdid=0&ncdver=1
59197,7,04/29/2025,0,1,1,59197,/data/ncd?ncdid=0&ncdver=1
59237,2,04/29/2025,0,1,1,59237,/data/ncd?ncdid=0&ncdver=1
59184,2,04/29/2025,0,1,1,59184,/data/ncd?ncdid=0&ncdver=1
59212,3,04/29/2025,0,1,1,59212,/data/ncd?ncdid=0&ncdver=1
59155,3,04/29/2025,11,1,1,59155,/data/ncd?ncdid=11&ncdver=1
59155,3,04/29/2025,135,1,2,59155,/data/ncd?ncdid=135&ncdver=1
59155,3,04/29/2025,15,1,3,59155,/data/ncd?ncdid=15&ncdver=1
59151,4,04/29/2025,11,1,1,59151,/data/ncd?ncdid=11&ncdver=1
59151,4,04/29/2025,135,1,2,59151,/data/ncd?ncdid=135&ncdver=1
59151,4,04/29/2025,15,1,3,59151,/data/ncd?ncdid=15&ncdver=1
59140,2,04/29/2025,0,1,1,59140,/data/ncd?ncdid=0&ncdver=1
59211,3,04/29/2025,0,1,1,59211,/data/ncd?ncdid=0&ncdver=1
59139,3,04/29/2025,0,1,1,59139,/data/ncd?ncdid=0&ncdver=1
59148,5,04/29/2025,0,1,1,59148,/data/ncd?ncdid=0&ncdver=1
59137,3,04/29/2025,0,1,1,59137,/data/ncd?ncdid=0&ncdver=1
57029,10,04/29/2025,0,1,1,57029,/data/ncd?ncdid=0&ncdver=1
59138,3,04/29/2025,0,1,1,59138,/data/ncd?ncdid=0&ncdver=1
58275,9,04/29/2025,0,1,1,58275,/data/ncd?ncdid=0&ncdver=1
59063,4,04/29/2025,0,1,1,59063,/data/ncd?ncdid=0&ncdver=1
59127,3,04/29/2025,0,1,1,59127,/data/ncd?ncdid=0&ncdver=1
56906,13,04/29/2025,0,1,1,56906,/data/ncd?ncdid=0&ncdver=1
59132,5,04/29/2025,0,1,1,59132,/data/ncd?ncdid=0&ncdver=1
59161,2,04/29/2025,0,1,1,59161,/data/ncd?ncdid=0&ncdver=1
59136,5,04/29/2025,0,1,1,59136,/data/ncd?ncdid=0&ncdver=1
59135,3,04/29/2025,0,1,1,59135,/data/ncd?ncdid=0&ncdver=1
59131,3,04/29/2025,372,1,1,59131,/data/ncd?ncdid=372&ncdver=1
59134,3,04/29/2025,0,1,1,59134,/data/ncd?ncdid=0&ncdver=1
59130,3,04/29/2025,372,1,1,59130,/data/ncd?ncdid=372&ncdver=1
59114,3,04/29/2025,0,1,1,59114,/data/ncd?ncdid=0&ncdver=1
59142,4,04/29/2025,0,1,1,59142,/data/ncd?ncdid=0&ncdver=1
59088,6,04/29/2025,0,1,1,59088,/data/ncd?ncdid=0&ncdver=1
58021,11,04/29/2025,0,1,1,58021,/data/ncd?ncdid=0&ncdver=1
52499,23,04/29/2025,136,1,1,52499,/data/ncd?ncdid=136&ncdver=1
52499,23,04/29/2025,233,1,2,52499,/data/ncd?ncdid=233&ncdver=1
59144,3,04/29/2025,0,1,1,59144,/data/ncd?ncdid=0&ncdver=1
59070,4,04/29/2025,0,1,1,59070,/data/ncd?ncdid=0&ncdver=1
59112,4,04/29/2025,0,1,1,59112,/data/ncd?ncdid=0&ncdver=1
59078,3,04/29/2025,0,1,1,59078,/data/ncd?ncdid=0&ncdver=1
59069,5,04/29/2025,0,1,1,59069,/data/ncd?ncdid=0&ncdver=1
53053,14,04/29/2025,0,1,1,53053,/data/ncd?ncdid=0&ncdver=1
59058,2,04/29/2025,372,1,1,59058,/data/ncd?ncdid=372&ncdver=1
59084,4,04/29/2025,0,1,1,59084,/data/ncd?ncdid=0&ncdver=1
59117,2,04/29/2025,0,1,1,59117,/data/ncd?ncdid=0&ncdver=1
59118,2,04/29/2025,0,1,1,59118,/data/ncd?ncdid=0&ncdver=1
59116,2,04/29/2025,372,1,1,59116,/data/ncd?ncdid=372&ncdver=1
59115,3,04/29/2025,0,1,1,59115,/data/ncd?ncdid=0&ncdver=1
59090,2,04/29/2025,0,1,1,59090,/data/ncd?ncdid=0&ncdver=1
59079,3,04/29/2025,0,1,1,59079,/data/ncd?ncdid=0&ncdver=1
52468,22,04/29/2025,190,1,1,52468,/data/ncd?ncdid=190&ncdver=1
52468,22,04/29/2025,228,1,2,52468,/data/ncd?ncdid=228&ncdver=1
59085,2,04/29/2025,321,1,1,59085,/data/ncd?ncdid=321&ncdver=1
59085,2,04/29/2025,190,1,2,59085,/data/ncd?ncdid=190&ncdver=1
52711,22,04/29/2025,0,1,1,52711,/data/ncd?ncdid=0&ncdver=1
52461,21,04/29/2025,190,1,1,52461,/data/ncd?ncdid=190&ncdver=1
52460,16,04/29/2025,0,1,1,52460,/data/ncd?ncdid=0&ncdver=1
52502,20,04/29/2025,190,1,1,52502,/data/ncd?ncdid=190&ncdver=1
52459,23,04/29/2025,190,1,1,52459,/data/ncd?ncdid=190&ncdver=1
52459,23,04/29/2025,168,1,2,52459,/data/ncd?ncdid=168&ncdver=1
52459,23,04/29/2025,219,1,3,52459,/data/ncd?ncdid=219&ncdver=1
52495,18,04/29/2025,229,1,1,52495,/data/ncd?ncdid=229&ncdver=1
52490,27,04/29/2025,190,1,1,52490,/data/ncd?ncdid=190&ncdver=1
52489,24,04/29/2025,190,1,1,52489,/data/ncd?ncdid=190&ncdver=1
52476,27,04/29/2025,190,1,1,52476,/data/ncd?ncdid=190&ncdver=1
52477,16,04/29/2025,315,1,1,52477,/data/ncd?ncdid=315&ncdver=1
52477,16,04/29/2025,190,1,2,52477,/data/ncd?ncdid=190&ncdver=1
52713,18,04/29/2025,0,1,1,52713,/data/ncd?ncdid=0&ncdver=1
52508,39,04/29/2025,190,1,1,52508,/data/ncd?ncdid=190&ncdver=1
52508,39,04/29/2025,227,1,2,52508,/data/ncd?ncdid=227&ncdver=1
57503,17,04/29/2025,0,1,1,57503,/data/ncd?ncdid=0&ncdver=1
52511,28,04/29/2025,0,1,1,52511,/data/ncd?ncdid=0&ncdver=1
58821,7,04/29/2025,0,1,1,58821,/data/ncd?ncdid=0&ncdver=1
59005,8,04/29/2025,53,1,1,59005,/data/ncd?ncdid=53&ncdver=1
59005,8,04/29/2025,352,1,2,59005,/data/ncd?ncdid=352&ncdver=1
59005,8,04/29/2025,361,1,3,59005,/data/ncd?ncdid=361&ncdver=1
59005,8,04/29/2025,365,1,4,59005,/data/ncd?ncdid=365&ncdver=1
59005,8,04/29/2025,369,1,5,59005,/data/ncd?ncdid=369&ncdver=1
59005,8,04/29/2025,335,1,6,59005,/data/ncd?ncdid=335&ncdver=1
56704,10,04/29/2025,81,1,1,56704,/data/ncd?ncdid=81&ncdver=1
59020,2,04/29/2025,53,1,1,59020,/data/ncd?ncdid=53&ncdver=1
59020,2,04/29/2025,352,1,2,59020,/data/ncd?ncdid=352&ncdver=1
59020,2,04/29/2025,361,1,3,59020,/data/ncd?ncdid=361&ncdver=1
59020,2,04/29/2025,365,1,4,59020,/data/ncd?ncdid=365&ncdver=1
59020,2,04/29/2025,369,1,5,59020,/data/ncd?ncdid=369&ncdver=1
59020,2,04/29/2025,335,1,6,59020,/data/ncd?ncdid=335&ncdver=1
59018,3,04/29/2025,53,1,1,59018,/data/ncd?ncdid=53&ncdver=1
59018,3,04/29/2025,352,1,2,59018,/data/ncd?ncdid=352&ncdver=1
59018,3,04/29/2025,361,1,3,59018,/data/ncd?ncdid=361&ncdver=1
59018,3,04/29/2025,365,1,4,59018,/data/ncd?ncdid=365&ncdver=1
59018,3,04/29/2025,369,1,5,59018,/data/ncd?ncdid=369&ncdver=1
59018,3,04/29/2025,335,1,6,59018,/data/ncd?ncdid=335&ncdver=1
59017,3,04/29/2025,53,1,1,59017,/data/ncd?ncdid=53&ncdver=1
59017,3,04/29/2025,352,1,2,59017,/data/ncd?ncdid=352&ncdver=1
59017,3,04/29/2025,361,1,3,59017,/data/ncd?ncdid=361&ncdver=1
59017,3,04/29/2025,365,1,4,59017,/data/ncd?ncdid=365&ncdver=1
59017,3,04/29/2025,369,1,5,59017,/data/ncd?ncdid=369&ncdver=1
59017,3,04/29/2025,335,1,6,59017,/data/ncd?ncdid=335&ncdver=1
57872,10,04/29/2025,0,1,1,57872,/data/ncd?ncdid=0&ncdver=1
59007,4,04/29/2025,53,1,1,59007,/data/ncd?ncdid=53&ncdver=1
59007,4,04/29/2025,352,1,2,59007,/data/ncd?ncdid=352&ncdver=1
59007,4,04/29/2025,361,1,3,59007,/data/ncd?ncdid=361&ncdver=1
59007,4,04/29/2025,365,1,4,59007,/data/ncd?ncdid=365&ncdver=1
59007,4,04/29/2025,369,1,5,59007,/data/ncd?ncdid=369&ncdver=1
59007,4,04/29/2025,335,1,6,59007,/data/ncd?ncdid=335&ncdver=1
57752,18,04/29/2025,0,1,1,57752,/data/ncd?ncdid=0&ncdver=1
58031,11,04/29/2025,0,1,1,58031,/data/ncd?ncdid=0&ncdver=1
59001,3,04/29/2025,0,1,1,59001,/data/ncd?ncdid=0&ncdver=1
58889,5,04/29/2025,0,1,1,58889,/data/ncd?ncdid=0&ncdver=1
58991,2,04/29/2025,0,1,1,58991,/data/ncd?ncdid=0&ncdver=1
52712,25,04/29/2025,0,1,1,52712,/data/ncd?ncdid=0&ncdver=1
58984,4,04/29/2025,0,1,1,58984,/data/ncd?ncdid=0&ncdver=1
58343,11,04/29/2025,0,1,1,58343,/data/ncd?ncdid=0&ncdver=1
58977,3,04/29/2025,0,1,1,58977,/data/ncd?ncdid=0&ncdver=1
57813,8,04/29/2025,0,1,1,57813,/data/ncd?ncdid=0&ncdver=1
53104,32,04/29/2025,0,1,1,53104,/data/ncd?ncdid=0&ncdver=1
54769,27,04/29/2025,0,1,1,54769,/data/ncd?ncdid=0&ncdver=1
53558,29,04/29/2025,0,1,1,53558,/data/ncd?ncdid=0&ncdver=1
56953,25,04/29/2025,0,1,1,56953,/data/ncd?ncdid=0&ncdver=1
58410,9,04/29/2025,0,1,1,58410,/data/ncd?ncdid=0&ncdver=1
57753,12,04/29/2025,81,1,1,57753,/data/ncd?ncdid=81&ncdver=1
58414,11,04/29/2025,0,1,1,58414,/data/ncd?ncdid=0&ncdver=1
53047,17,04/29/2025,0,1,1,53047,/data/ncd?ncdid=0&ncdver=1
58287,5,04/29/2025,0,1,1,58287,/data/ncd?ncdid=0&ncdver=1
56938,46,04/29/2025,0,1,1,56938,/data/ncd?ncdid=0&ncdver=1
56957,9,04/29/2025,0,1,1,56957,/data/ncd?ncdid=0&ncdver=1
58321,7,04/29/2025,0,1,1,58321,/data/ncd?ncdid=0&ncdver=1
58367,6,04/29/2025,0,1,1,58367,/data/ncd?ncdid=0&ncdver=1
57868,4,04/29/2025,0,1,1,57868,/data/ncd?ncdid=0&ncdver=1
58959,2,04/29/2025,0,1,1,58959,/data/ncd?ncdid=0&ncdver=1
58958,2,04/29/2025,0,1,1,58958,/data/ncd?ncdid=0&ncdver=1
58955,4,04/29/2025,0,1,1,58955,/data/ncd?ncdid=0&ncdver=1
58943,5,04/29/2025,0,1,1,58943,/data/ncd?ncdid=0&ncdver=1
58956,4,04/29/2025,0,1,1,58956,/data/ncd?ncdid=0&ncdver=1
58960,7,04/29/2025,0,1,1,58960,/data/ncd?ncdid=0&ncdver=1
58961,8,04/29/2025,0,1,1,58961,/data/ncd?ncdid=0&ncdver=1
58967,4,04/29/2025,217,1,1,58967,/data/ncd?ncdid=217&ncdver=1
58966,3,04/29/2025,217,1,1,58966,/data/ncd?ncdid=217&ncdver=1
56870,7,04/29/2025,0,1,1,56870,/data/ncd?ncdid=0&ncdver=1
58954,4,04/29/2025,372,1,1,58954,/data/ncd?ncdid=372&ncdver=1
58894,8,04/29/2025,0,1,1,58894,/data/ncd?ncdid=0&ncdver=1
58915,7,04/29/2025,372,1,1,58915,/data/ncd?ncdid=372&ncdver=1
58944,2,04/29/2025,281,1,1,58944,/data/ncd?ncdid=281&ncdver=1
58930,2,04/29/2025,372,1,1,58930,/data/ncd?ncdid=372&ncdver=1
58916,3,04/29/2025,372,1,1,58916,/data/ncd?ncdid=372&ncdver=1
58953,4,04/29/2025,372,1,1,58953,/data/ncd?ncdid=372&ncdver=1
58924,4,04/29/2025,0,1,1,58924,/data/ncd?ncdid=0&ncdver=1
58923,5,04/29/2025,0,1,1,58923,/data/ncd?ncdid=0&ncdver=1
58947,2,04/29/2025,281,1,1,58947,/data/ncd?ncdid=281&ncdver=1
58922,12,04/29/2025,0,1,1,58922,/data/ncd?ncdid=0&ncdver=1
58928,7,04/29/2025,223,1,1,58928,/data/ncd?ncdid=223&ncdver=1
58929,3,04/29/2025,0,1,1,58929,/data/ncd?ncdid=0&ncdver=1
58899,10,04/29/2025,223,1,1,58899,/data/ncd?ncdid=223&ncdver=1
58919,2,04/29/2025,0,1,1,58919,/data/ncd?ncdid=0&ncdver=1
58912,7,04/29/2025,0,1,1,58912,/data/ncd?ncdid=0&ncdver=1
58905,4,04/29/2025,0,1,1,58905,/data/ncd?ncdid=0&ncdver=1
58906,3,04/29/2025,0,1,1,58906,/data/ncd?ncdid=0&ncdver=1
58900,2,04/29/2025,0,1,1,58900,/data/ncd?ncdid=0&ncdver=1
58904,6,04/29/2025,131,1,1,58904,/data/ncd?ncdid=131&ncdver=1
58904,6,04/29/2025,232,1,2,58904,/data/ncd?ncdid=232&ncdver=1
58904,6,04/29/2025,217,1,3,58904,/data/ncd?ncdid=217&ncdver=1
58904,6,04/29/2025,47,1,4,58904,/data/ncd?ncdid=47&ncdver=1
58904,6,04/29/2025,139,1,5,58904,/data/ncd?ncdid=139&ncdver=1
58904,6,04/29/2025,315,1,6,58904,/data/ncd?ncdid=315&ncdver=1
58890,8,04/29/2025,0,1,1,58890,/data/ncd?ncdid=0&ncdver=1
58853,3,04/29/2025,0,1,1,58853,/data/ncd?ncdid=0&ncdver=1
58903,6,04/29/2025,131,1,1,58903,/data/ncd?ncdid=131&ncdver=1
58903,6,04/29/2025,232,1,2,58903,/data/ncd?ncdid=232&ncdver=1
58903,6,04/29/2025,217,1,3,58903,/data/ncd?ncdid=217&ncdver=1
58903,6,04/29/2025,47,1,4,58903,/data/ncd?ncdid=47&ncdver=1
58903,6,04/29/2025,139,1,5,58903,/data/ncd?ncdid=139&ncdver=1
58903,6,04/29/2025,315,1,6,58903,/data/ncd?ncdid=315&ncdver=1
56963,12,04/29/2025,0,1,1,56963,/data/ncd?ncdid=0&ncdver=1
56941,7,04/29/2025,0,1,1,56941,/data/ncd?ncdid=0&ncdver=1
58907,2,04/29/2025,0,1,1,58907,/data/ncd?ncdid=0&ncdver=1
54559,12,04/29/2025,0,1,1,54559,/data/ncd?ncdid=0&ncdver=1
58897,4,04/29/2025,0,1,1,58897,/data/ncd?ncdid=0&ncdver=1
56875,11,04/29/2025,0,1,1,56875,/data/ncd?ncdid=0&ncdver=1
58896,2,04/29/2025,64,1,1,58896,/data/ncd?ncdid=64&ncdver=1
58896,2,04/29/2025,129,1,2,58896,/data/ncd?ncdid=129&ncdver=1
58855,6,04/29/2025,0,1,1,58855,/data/ncd?ncdid=0&ncdver=1
58837,4,04/29/2025,0,1,1,58837,/data/ncd?ncdid=0&ncdver=1
56962,8,04/29/2025,0,1,1,56962,/data/ncd?ncdid=0&ncdver=1
58835,4,04/29/2025,0,1,1,58835,/data/ncd?ncdid=0&ncdver=1
58887,4,04/29/2025,0,1,1,58887,/data/ncd?ncdid=0&ncdver=1
53605,21,04/29/2025,0,1,1,53605,/data/ncd?ncdid=0&ncdver=1
56857,7,04/29/2025,0,1,1,56857,/data/ncd?ncdid=0&ncdver=1
58824,3,04/29/2025,119,1,1,58824,/data/ncd?ncdid=119&ncdver=1
58824,3,04/29/2025,330,1,2,58824,/data/ncd?ncdid=330&ncdver=1
58824,3,04/29/2025,190,1,3,58824,/data/ncd?ncdid=190&ncdver=1
58822,3,04/29/2025,0,1,1,58822,/data/ncd?ncdid=0&ncdver=1
58727,3,04/29/2025,0,1,1,58727,/data/ncd?ncdid=0&ncdver=1
58823,4,04/29/2025,0,1,1,58823,/data/ncd?ncdid=0&ncdver=1
58748,3,04/29/2025,372,1,1,58748,/data/ncd?ncdid=372&ncdver=1
56898,15,04/29/2025,0,1,1,56898,/data/ncd?ncdid=0&ncdver=1
58819,2,04/29/2025,0,1,1,58819,/data/ncd?ncdid=0&ncdver=1
58749,4,04/29/2025,372,1,1,58749,/data/ncd?ncdid=372&ncdver=1
58792,2,04/29/2025,0,1,1,58792,/data/ncd?ncdid=0&ncdver=1
58802,3,04/29/2025,223,1,1,58802,/data/ncd?ncdid=223&ncdver=1
58802,3,04/29/2025,190,1,2,58802,/data/ncd?ncdid=190&ncdver=1
58728,6,04/29/2025,0,1,1,58728,/data/ncd?ncdid=0&ncdver=1
58743,5,04/29/2025,0,1,1,58743,/data/ncd?ncdid=0&ncdver=1
58693,3,04/29/2025,0,1,1,58693,/data/ncd?ncdid=0&ncdver=1
58791,2,04/29/2025,372,1,1,58791,/data/ncd?ncdid=372&ncdver=1
58765,5,04/29/2025,0,1,1,58765,/data/ncd?ncdid=0&ncdver=1
58729,2,04/29/2025,372,1,1,58729,/data/ncd?ncdid=372&ncdver=1
58798,4,04/29/2025,222,1,1,58798,/data/ncd?ncdid=222&ncdver=1
58798,4,04/29/2025,190,1,2,58798,/data/ncd?ncdid=190&ncdver=1
58735,3,04/29/2025,372,1,1,58735,/data/ncd?ncdid=372&ncdver=1
58685,4,04/29/2025,0,1,1,58685,/data/ncd?ncdid=0&ncdver=1
58751,6,04/29/2025,0,1,1,58751,/data/ncd?ncdid=0&ncdver=1
58686,3,04/29/2025,0,1,1,58686,/data/ncd?ncdid=0&ncdver=1
58769,7,04/29/2025,0,1,1,58769,/data/ncd?ncdid=0&ncdver=1
58770,5,04/29/2025,0,1,1,58770,/data/ncd?ncdid=0&ncdver=1
58772,4,04/29/2025,0,1,1,58772,/data/ncd?ncdid=0&ncdver=1
58696,2,04/29/2025,0,1,1,58696,/data/ncd?ncdid=0&ncdver=1
58786,4,04/29/2025,0,1,1,58786,/data/ncd?ncdid=0&ncdver=1
58783,4,04/29/2025,0,1,1,58783,/data/ncd?ncdid=0&ncdver=1
58780,3,04/29/2025,112,1,1,58780,/data/ncd?ncdid=112&ncdver=1
58708,3,04/29/2025,0,1,1,58708,/data/ncd?ncdid=0&ncdver=1
58778,3,04/29/2025,112,1,1,58778,/data/ncd?ncdid=112&ncdver=1
58752,2,04/29/2025,0,1,1,58752,/data/ncd?ncdid=0&ncdver=1
58782,3,04/29/2025,0,1,1,58782,/data/ncd?ncdid=0&ncdver=1
58781,3,04/29/2025,0,1,1,58781,/data/ncd?ncdid=0&ncdver=1
58687,3,04/29/2025,112,1,1,58687,/data/ncd?ncdid=112&ncdver=1
58650,4,04/29/2025,0,1,1,58650,/data/ncd?ncdid=0&ncdver=1
58670,4,04/29/2025,0,1,1,58670,/data/ncd?ncdid=0&ncdver=1
58675,4,04/29/2025,112,1,1,58675,/data/ncd?ncdid=112&ncdver=1
58669,4,04/29/2025,0,1,1,58669,/data/ncd?ncdid=0&ncdver=1
58703,2,04/29/2025,112,1,1,58703,/data/ncd?ncdid=112&ncdver=1
56949,7,04/29/2025,0,1,1,56949,/data/ncd?ncdid=0&ncdver=1
58647,3,04/29/2025,0,1,1,58647,/data/ncd?ncdid=0&ncdver=1
58613,4,04/29/2025,0,1,1,58613,/data/ncd?ncdid=0&ncdver=1
58676,2,04/29/2025,0,1,1,58676,/data/ncd?ncdid=0&ncdver=1
58629,2,04/29/2025,0,1,1,58629,/data/ncd?ncdid=0&ncdver=1
58657,4,04/29/2025,0,1,1,58657,/data/ncd?ncdid=0&ncdver=1
58658,7,04/29/2025,0,1,1,58658,/data/ncd?ncdid=0&ncdver=1
58462,5,04/29/2025,0,1,1,58462,/data/ncd?ncdid=0&ncdver=1
58635,4,04/29/2025,0,1,1,58635,/data/ncd?ncdid=0&ncdver=1
58634,5,04/29/2025,0,1,1,58634,/data/ncd?ncdid=0&ncdver=1
58640,5,04/29/2025,11,1,1,58640,/data/ncd?ncdid=11&ncdver=1
58640,5,04/29/2025,15,1,2,58640,/data/ncd?ncdid=15&ncdver=1
58640,5,04/29/2025,176,1,3,58640,/data/ncd?ncdid=176&ncdver=1
58639,9,04/29/2025,11,1,1,58639,/data/ncd?ncdid=11&ncdver=1
58639,9,04/29/2025,15,1,2,58639,/data/ncd?ncdid=15&ncdver=1
58639,9,04/29/2025,176,1,3,58639,/data/ncd?ncdid=176&ncdver=1
58607,6,04/29/2025,0,1,1,58607,/data/ncd?ncdid=0&ncdver=1
58672,2,04/29/2025,0,1,1,58672,/data/ncd?ncdid=0&ncdver=1
58671,2,04/29/2025,0,1,1,58671,/data/ncd?ncdid=0&ncdver=1
58622,2,04/29/2025,0,1,1,58622,/data/ncd?ncdid=0&ncdver=1
58546,4,04/29/2025,0,1,1,58546,/data/ncd?ncdid=0&ncdver=1
58628,5,04/29/2025,0,1,1,58628,/data/ncd?ncdid=0&ncdver=1
56431,6,04/29/2025,0,1,1,56431,/data/ncd?ncdid=0&ncdver=1
58614,3,04/29/2025,0,1,1,58614,/data/ncd?ncdid=0&ncdver=1
58630,2,04/29/2025,0,1,1,58630,/data/ncd?ncdid=0&ncdver=1
58618,3,04/29/2025,0,1,1,58618,/data/ncd?ncdid=0&ncdver=1
58641,4,04/29/2025,0,1,1,58641,/data/ncd?ncdid=0&ncdver=1
58596,2,04/29/2025,281,1,1,58596,/data/ncd?ncdid=281&ncdver=1
56497,20,04/29/2025,0,1,1,56497,/data/ncd?ncdid=0&ncdver=1
58624,2,04/29/2025,0,1,1,58624,/data/ncd?ncdid=0&ncdver=1
58598,2,04/29/2025,281,1,1,58598,/data/ncd?ncdid=281&ncdver=1
56859,7,04/29/2025,0,1,1,56859,/data/ncd?ncdid=0&ncdver=1
58587,5,04/29/2025,0,1,1,58587,/data/ncd?ncdid=0&ncdver=1
58562,3,04/29/2025,0,1,1,58562,/data/ncd?ncdid=0&ncdver=1
58563,3,04/29/2025,0,1,1,58563,/data/ncd?ncdid=0&ncdver=1
58561,2,04/29/2025,0,1,1,58561,/data/ncd?ncdid=0&ncdver=1
58557,2,04/29/2025,0,1,1,58557,/data/ncd?ncdid=0&ncdver=1
58549,3,04/29/2025,0,1,1,58549,/data/ncd?ncdid=0&ncdver=1
58551,2,04/29/2025,0,1,1,58551,/data/ncd?ncdid=0&ncdver=1
58568,2,04/29/2025,0,1,1,58568,/data/ncd?ncdid=0&ncdver=1
58548,3,04/29/2025,0,1,1,58548,/data/ncd?ncdid=0&ncdver=1
58535,3,04/29/2025,0,1,1,58535,/data/ncd?ncdid=0&ncdver=1
58547,3,04/29/2025,0,1,1,58547,/data/ncd?ncdid=0&ncdver=1
58534,3,04/29/2025,0,1,1,58534,/data/ncd?ncdid=0&ncdver=1
56141,39,04/29/2025,0,1,1,56141,/data/ncd?ncdid=0&ncdver=1
58523,4,04/29/2025,0,1,1,58523,/data/ncd?ncdid=0&ncdver=1
58522,5,04/29/2025,0,1,1,58522,/data/ncd?ncdid=0&ncdver=1
58451,3,04/29/2025,0,1,1,58451,/data/ncd?ncdid=0&ncdver=1
58512,3,04/29/2025,0,1,1,58512,/data/ncd?ncdid=0&ncdver=1
58531,4,04/29/2025,0,1,1,58531,/data/ncd?ncdid=0&ncdver=1
58530,4,04/29/2025,0,1,1,58530,/data/ncd?ncdid=0&ncdver=1
58378,5,04/29/2025,0,1,1,58378,/data/ncd?ncdid=0&ncdver=1
58539,3,04/29/2025,0,1,1,58539,/data/ncd?ncdid=0&ncdver=1
58480,3,04/29/2025,0,1,1,58480,/data/ncd?ncdid=0&ncdver=1
58520,3,04/29/2025,0,1,1,58520,/data/ncd?ncdid=0&ncdver=1
58521,4,04/29/2025,0,1,1,58521,/data/ncd?ncdid=0&ncdver=1
58509,4,04/29/2025,0,1,1,58509,/data/ncd?ncdid=0&ncdver=1
58511,4,04/29/2025,0,1,1,58511,/data/ncd?ncdid=0&ncdver=1
58508,5,04/29/2025,0,1,1,58508,/data/ncd?ncdid=0&ncdver=1
58507,6,04/29/2025,0,1,1,58507,/data/ncd?ncdid=0&ncdver=1
58506,4,04/29/2025,0,1,1,58506,/data/ncd?ncdid=0&ncdver=1
58505,4,04/29/2025,0,1,1,58505,/data/ncd?ncdid=0&ncdver=1
58342,7,04/29/2025,0,1,1,58342,/data/ncd?ncdid=0&ncdver=1
58445,3,04/29/2025,0,1,1,58445,/data/ncd?ncdid=0&ncdver=1
55276,2,04/29/2025,0,1,1,55276,/data/ncd?ncdid=0&ncdver=1
58417,4,04/29/2025,0,1,1,58417,/data/ncd?ncdid=0&ncdver=1
55452,2,04/29/2025,0,1,1,55452,/data/ncd?ncdid=0&ncdver=1
55453,2,04/29/2025,0,1,1,55453,/data/ncd?ncdid=0&ncdver=1
55305,2,04/29/2025,0,1,1,55305,/data/ncd?ncdid=0&ncdver=1
55436,2,04/29/2025,0,1,1,55436,/data/ncd?ncdid=0&ncdver=1
55306,2,04/29/2025,0,1,1,55306,/data/ncd?ncdid=0&ncdver=1
55427,2,04/29/2025,0,1,1,55427,/data/ncd?ncdid=0&ncdver=1
55435,2,04/29/2025,0,1,1,55435,/data/ncd?ncdid=0&ncdver=1
54781,2,04/29/2025,0,1,1,54781,/data/ncd?ncdid=0&ncdver=1
55313,2,04/29/2025,0,1,1,55313,/data/ncd?ncdid=0&ncdver=1
54791,2,04/29/2025,0,1,1,54791,/data/ncd?ncdid=0&ncdver=1
54777,2,04/29/2025,0,1,1,54777,/data/ncd?ncdid=0&ncdver=1
54790,2,04/29/2025,0,1,1,54790,/data/ncd?ncdid=0&ncdver=1
54584,2,04/29/2025,0,1,1,54584,/data/ncd?ncdid=0&ncdver=1
54588,2,04/29/2025,0,1,1,54588,/data/ncd?ncdid=0&ncdver=1
54617,2,04/29/2025,0,1,1,54617,/data/ncd?ncdid=0&ncdver=1
54616,2,04/29/2025,0,1,1,54616,/data/ncd?ncdid=0&ncdver=1
54607,2,04/29/2025,0,1,1,54607,/data/ncd?ncdid=0&ncdver=1
54586,2,04/29/2025,0,1,1,54586,/data/ncd?ncdid=0&ncdver=1
55432,2,04/29/2025,0,1,1,55432,/data/ncd?ncdid=0&ncdver=1
58426,5,04/29/2025,0,1,1,58426,/data/ncd?ncdid=0&ncdver=1
58514,2,04/29/2025,0,1,1,58514,/data/ncd?ncdid=0&ncdver=1
57682,6,04/29/2025,0,1,1,57682,/data/ncd?ncdid=0&ncdver=1
57667,10,04/29/2025,0,1,1,57667,/data/ncd?ncdid=0&ncdver=1
58465,2,04/29/2025,0,1,1,58465,/data/ncd?ncdid=0&ncdver=1
58450,4,04/29/2025,0,1,1,58450,/data/ncd?ncdid=0&ncdver=1
58463,2,04/29/2025,0,1,1,58463,/data/ncd?ncdid=0&ncdver=1
58368,3,04/29/2025,0,1,1,58368,/data/ncd?ncdid=0&ncdver=1
58344,3,04/29/2025,0,1,1,58344,/data/ncd?ncdid=0&ncdver=1
58340,4,04/29/2025,0,1,1,58340,/data/ncd?ncdid=0&ncdver=1
58399,4,04/29/2025,0,1,1,58399,/data/ncd?ncdid=0&ncdver=1
58452,3,04/29/2025,0,1,1,58452,/data/ncd?ncdid=0&ncdver=1
58431,2,04/29/2025,0,1,1,58431,/data/ncd?ncdid=0&ncdver=1
58398,4,04/29/2025,0,1,1,58398,/data/ncd?ncdid=0&ncdver=1
58306,2,04/29/2025,0,1,1,58306,/data/ncd?ncdid=0&ncdver=1
58327,2,04/29/2025,0,1,1,58327,/data/ncd?ncdid=0&ncdver=1
58416,2,04/29/2025,0,1,1,58416,/data/ncd?ncdid=0&ncdver=1
58382,3,04/29/2025,0,1,1,58382,/data/ncd?ncdid=0&ncdver=1
58408,3,04/29/2025,0,1,1,58408,/data/ncd?ncdid=0&ncdver=1
58338,2,04/29/2025,0,1,1,58338,/data/ncd?ncdid=0&ncdver=1
58396,2,04/29/2025,0,1,1,58396,/data/ncd?ncdid=0&ncdver=1
58300,2,04/29/2025,0,1,1,58300,/data/ncd?ncdid=0&ncdver=1
58000,4,04/29/2025,0,1,1,58000,/data/ncd?ncdid=0&ncdver=1
58289,2,04/29/2025,0,1,1,58289,/data/ncd?ncdid=0&ncdver=1
58288,5,04/29/2025,223,1,1,58288,/data/ncd?ncdid=223&ncdver=1
58288,5,04/29/2025,190,1,2,58288,/data/ncd?ncdid=190&ncdver=1
53784,15,04/29/2025,1,1,1,53784,/data/ncd?ncdid=1&ncdver=1
58270,2,04/29/2025,0,1,1,58270,/data/ncd?ncdid=0&ncdver=1
58272,3,04/29/2025,0,1,1,58272,/data/ncd?ncdid=0&ncdver=1
58271,3,04/29/2025,0,1,1,58271,/data/ncd?ncdid=0&ncdver=1
58238,6,04/29/2025,333,1,1,58238,/data/ncd?ncdid=333&ncdver=1
58178,3,04/29/2025,333,1,1,58178,/data/ncd?ncdid=333&ncdver=1
58247,3,04/29/2025,169,1,1,58247,/data/ncd?ncdid=169&ncdver=1
58247,3,04/29/2025,312,1,2,58247,/data/ncd?ncdid=312&ncdver=1
58247,3,04/29/2025,343,1,3,58247,/data/ncd?ncdid=343&ncdver=1
58247,3,04/29/2025,47,1,4,58247,/data/ncd?ncdid=47&ncdver=1
58247,3,04/29/2025,190,1,5,58247,/data/ncd?ncdid=190&ncdver=1
58237,9,04/29/2025,333,1,1,58237,/data/ncd?ncdid=333&ncdver=1
58145,5,04/29/2025,0,1,1,58145,/data/ncd?ncdid=0&ncdver=1
58039,4,04/29/2025,0,1,1,58039,/data/ncd?ncdid=0&ncdver=1
58231,4,04/29/2025,0,1,1,58231,/data/ncd?ncdid=0&ncdver=1
58100,5,04/29/2025,0,1,1,58100,/data/ncd?ncdid=0&ncdver=1
58157,4,04/29/2025,333,1,1,58157,/data/ncd?ncdid=333&ncdver=1
57918,4,04/29/2025,372,1,1,57918,/data/ncd?ncdid=372&ncdver=1
58198,2,04/29/2025,333,1,1,58198,/data/ncd?ncdid=333&ncdver=1
58177,3,04/29/2025,0,1,1,58177,/data/ncd?ncdid=0&ncdver=1
58220,2,04/29/2025,0,1,1,58220,/data/ncd?ncdid=0&ncdver=1
58176,3,04/29/2025,0,1,1,58176,/data/ncd?ncdid=0&ncdver=1
58049,6,04/29/2025,0,1,1,58049,/data/ncd?ncdid=0&ncdver=1
58112,6,04/29/2025,0,1,1,58112,/data/ncd?ncdid=0&ncdver=1
58070,2,04/29/2025,0,1,1,58070,/data/ncd?ncdid=0&ncdver=1
58030,5,04/29/2025,0,1,1,58030,/data/ncd?ncdid=0&ncdver=1
58118,2,04/29/2025,0,1,1,58118,/data/ncd?ncdid=0&ncdver=1
58117,2,04/29/2025,0,1,1,58117,/data/ncd?ncdid=0&ncdver=1
58119,2,04/29/2025,230,1,1,58119,/data/ncd?ncdid=230&ncdver=1
58040,2,04/29/2025,0,1,1,58040,/data/ncd?ncdid=0&ncdver=1
58072,4,04/29/2025,0,1,1,58072,/data/ncd?ncdid=0&ncdver=1
58073,4,04/29/2025,0,1,1,58073,/data/ncd?ncdid=0&ncdver=1
57909,4,04/29/2025,372,1,1,57909,/data/ncd?ncdid=372&ncdver=1
58071,9,04/29/2025,223,1,1,58071,/data/ncd?ncdid=223&ncdver=1
58071,9,04/29/2025,190,1,2,58071,/data/ncd?ncdid=190&ncdver=1
58035,2,04/29/2025,321,1,1,58035,/data/ncd?ncdid=321&ncdver=1
58035,2,04/29/2025,190,1,2,58035,/data/ncd?ncdid=190&ncdver=1
57894,4,04/29/2025,372,1,1,57894,/data/ncd?ncdid=372&ncdver=1
57904,5,04/29/2025,372,1,1,57904,/data/ncd?ncdid=372&ncdver=1
58016,4,04/29/2025,0,1,1,58016,/data/ncd?ncdid=0&ncdver=1
57979,2,04/29/2025,0,1,1,57979,/data/ncd?ncdid=0&ncdver=1
57967,2,04/29/2025,0,1,1,57967,/data/ncd?ncdid=0&ncdver=1
57921,7,04/29/2025,0,1,1,57921,/data/ncd?ncdid=0&ncdver=1
57929,3,04/29/2025,0,1,1,57929,/data/ncd?ncdid=0&ncdver=1
57890,8,04/29/2025,0,1,1,57890,/data/ncd?ncdid=0&ncdver=1
57922,4,04/29/2025,0,1,1,57922,/data/ncd?ncdid=0&ncdver=1
57930,2,04/29/2025,0,1,1,57930,/data/ncd?ncdid=0&ncdver=1
57916,4,04/29/2025,0,1,1,57916,/data/ncd?ncdid=0&ncdver=1
57938,8,04/29/2025,0,1,1,57938,/data/ncd?ncdid=0&ncdver=1
57947,4,04/29/2025,0,1,1,57947,/data/ncd?ncdid=0&ncdver=1
57959,2,04/29/2025,0,1,1,57959,/data/ncd?ncdid=0&ncdver=1
57908,4,04/29/2025,0,1,1,57908,/data/ncd?ncdid=0&ncdver=1
57935,2,04/29/2025,372,1,1,57935,/data/ncd?ncdid=372&ncdver=1
57907,4,04/29/2025,0,1,1,57907,/data/ncd?ncdid=0&ncdver=1
57928,6,04/29/2025,0,1,1,57928,/data/ncd?ncdid=0&ncdver=1
57820,4,04/29/2025,0,1,1,57820,/data/ncd?ncdid=0&ncdver=1
57818,3,04/29/2025,0,1,1,57818,/data/ncd?ncdid=0&ncdver=1
57877,4,04/29/2025,372,1,2,57877,/data/ncd?ncdid=372&ncdver=1
57893,2,04/29/2025,0,1,1,57893,/data/ncd?ncdid=0&ncdver=1
57906,4,04/29/2025,372,1,1,57906,/data/ncd?ncdid=372&ncdver=1
57876,4,04/29/2025,372,1,1,57876,/data/ncd?ncdid=372&ncdver=1
57879,2,04/29/2025,372,1,1,57879,/data/ncd?ncdid=372&ncdver=1
57861,2,04/30/2025,372,2,1,57861,/data/ncd?ncdid=372&ncdver=2
57836,3,04/29/2025,372,1,1,57836,/data/ncd?ncdid=372&ncdver=1
57846,4,04/29/2025,0,1,1,57846,/data/ncd?ncdid=0&ncdver=1
57830,4,04/29/2025,372,1,1,57830,/data/ncd?ncdid=372&ncdver=1
57869,4,04/29/2025,0,1,1,57869,/data/ncd?ncdid=0&ncdver=1
57866,2,04/29/2025,372,1,1,57866,/data/ncd?ncdid=372&ncdver=1
57844,2,04/29/2025,322,1,1,57844,/data/ncd?ncdid=322&ncdver=1
53006,14,04/29/2025,0,1,1,53006,/data/ncd?ncdid=0&ncdver=1
53472,18,04/29/2025,0,1,1,53472,/data/ncd?ncdid=0&ncdver=1
57672,6,04/29/2025,0,1,1,57672,/data/ncd?ncdid=0&ncdver=1
57660,6,04/29/2025,0,1,1,57660,/data/ncd?ncdid=0&ncdver=1
57651,5,04/29/2025,0,1,1,57651,/data/ncd?ncdid=0&ncdver=1
53702,19,04/29/2025,0,1,1,53702,/data/ncd?ncdid=0&ncdver=1
57740,2,04/29/2025,0,1,1,57740,/data/ncd?ncdid=0&ncdver=1
57811,2,04/29/2025,0,1,1,57811,/data/ncd?ncdid=0&ncdver=1
57735,7,04/29/2025,0,1,1,57735,/data/ncd?ncdid=0&ncdver=1
57285,3,04/29/2025,0,1,1,57285,/data/ncd?ncdid=0&ncdver=1
53399,13,04/29/2025,0,1,1,53399,/data/ncd?ncdid=0&ncdver=1
53708,16,04/29/2025,245,1,1,53708,/data/ncd?ncdid=245&ncdver=1
54750,13,04/29/2025,0,1,1,54750,/data/ncd?ncdid=0&ncdver=1
53482,13,04/29/2025,0,1,1,53482,/data/ncd?ncdid=0&ncdver=1
57631,2,04/29/2025,0,1,1,57631,/data/ncd?ncdid=0&ncdver=1
53105,22,04/29/2025,0,1,1,53105,/data/ncd?ncdid=0&ncdver=1
53538,15,04/29/2025,0,1,1,53538,/data/ncd?ncdid=0&ncdver=1
53480,14,04/29/2025,0,1,1,53480,/data/ncd?ncdid=0&ncdver=1
56724,5,04/29/2025,0,1,1,56724,/data/ncd?ncdid=0&ncdver=1
57436,2,04/29/2025,0,1,1,57436,/data/ncd?ncdid=0&ncdver=1
56384,7,04/29/2025,0,1,1,56384,/data/ncd?ncdid=0&ncdver=1
56783,3,04/29/2025,0,1,1,56783,/data/ncd?ncdid=0&ncdver=1
56742,3,04/29/2025,0,1,1,56742,/data/ncd?ncdid=0&ncdver=1
56736,4,04/29/2025,0,1,1,56736,/data/ncd?ncdid=0&ncdver=1
57118,3,04/29/2025,0,1,1,57118,/data/ncd?ncdid=0&ncdver=1
56754,4,04/29/2025,0,1,1,56754,/data/ncd?ncdid=0&ncdver=1
53488,11,04/29/2025,0,1,1,53488,/data/ncd?ncdid=0&ncdver=1
53423,16,04/29/2025,0,1,1,53423,/data/ncd?ncdid=0&ncdver=1
53441,10,04/29/2025,0,1,1,53441,/data/ncd?ncdid=0&ncdver=1
53778,14,04/29/2025,0,1,1,53778,/data/ncd?ncdid=0&ncdver=1
56640,16,04/29/2025,0,1,1,56640,/data/ncd?ncdid=0&ncdver=1
57010,3,04/29/2025,0,1,1,57010,/data/ncd?ncdid=0&ncdver=1
56968,2,04/29/2025,0,1,1,56968,/data/ncd?ncdid=0&ncdver=1
56917,2,04/29/2025,0,1,1,56917,/data/ncd?ncdid=0&ncdver=1
56635,2,04/29/2025,0,1,1,56635,/data/ncd?ncdid=0&ncdver=1
56688,7,04/29/2025,0,1,1,56688,/data/ncd?ncdid=0&ncdver=1
56529,4,04/29/2025,0,1,1,56529,/data/ncd?ncdid=0&ncdver=1
56411,4,04/29/2025,372,1,1,56411,/data/ncd?ncdid=372&ncdver=1
56410,6,04/29/2025,372,1,1,56410,/data/ncd?ncdid=372&ncdver=1
53055,13,04/29/2025,0,1,1,53055,/data/ncd?ncdid=0&ncdver=1
56447,5,04/29/2025,0,1,1,56447,/data/ncd?ncdid=0&ncdver=1
56446,4,04/29/2025,0,1,1,56446,/data/ncd?ncdid=0&ncdver=1
56496,3,04/29/2025,0,1,1,56496,/data/ncd?ncdid=0&ncdver=1
56366,3,04/29/2025,0,1,1,56366,/data/ncd?ncdid=0&ncdver=1
56382,5,04/29/2025,0,1,1,56382,/data/ncd?ncdid=0&ncdver=1
56381,4,04/29/2025,0,1,1,56381,/data/ncd?ncdid=0&ncdver=1
56375,3,04/29/2025,0,1,1,56375,/data/ncd?ncdid=0&ncdver=1
56374,3,04/29/2025,372,1,1,56374,/data/ncd?ncdid=372&ncdver=1
56376,3,04/29/2025,0,1,1,56376,/data/ncd?ncdid=0&ncdver=1
56402,2,04/29/2025,0,1,1,56402,/data/ncd?ncdid=0&ncdver=1
56399,2,04/29/2025,0,1,1,56399,/data/ncd?ncdid=0&ncdver=1
56354,3,04/29/2025,0,1,1,56354,/data/ncd?ncdid=0&ncdver=1
56397,2,04/29/2025,0,1,1,56397,/data/ncd?ncdid=0&ncdver=1
56401,2,04/29/2025,0,1,1,56401,/data/ncd?ncdid=0&ncdver=1
56392,3,04/29/2025,0,1,1,56392,/data/ncd?ncdid=0&ncdver=1
56357,3,04/29/2025,0,1,1,56357,/data/ncd?ncdid=0&ncdver=1
56393,2,04/29/2025,0,1,1,56393,/data/ncd?ncdid=0&ncdver=1
56356,3,04/29/2025,0,1,1,56356,/data/ncd?ncdid=0&ncdver=1
56338,2,04/29/2025,0,1,1,56338,/data/ncd?ncdid=0&ncdver=1
56329,4,04/29/2025,0,1,1,56329,/data/ncd?ncdid=0&ncdver=1
56344,2,04/29/2025,372,1,1,56344,/data/ncd?ncdid=372&ncdver=1
56336,2,04/29/2025,372,1,1,56336,/data/ncd?ncdid=372&ncdver=1
56283,3,04/29/2025,0,1,1,56283,/data/ncd?ncdid=0&ncdver=1
56254,4,04/29/2025,0,1,1,56254,/data/ncd?ncdid=0&ncdver=1
56216,4,04/29/2025,0,1,1,56216,/data/ncd?ncdid=0&ncdver=1
56253,3,04/29/2025,0,1,1,56253,/data/ncd?ncdid=0&ncdver=1
56239,3,04/29/2025,0,1,1,56239,/data/ncd?ncdid=0&ncdver=1
56315,3,04/29/2025,0,1,1,56315,/data/ncd?ncdid=0&ncdver=1
56257,4,04/29/2025,0,1,1,56257,/data/ncd?ncdid=0&ncdver=1
56272,3,04/29/2025,0,1,1,56272,/data/ncd?ncdid=0&ncdver=1
56313,2,04/29/2025,0,1,1,56313,/data/ncd?ncdid=0&ncdver=1
56224,94,04/29/2025,0,1,1,56224,/data/ncd?ncdid=0&ncdver=1
56241,8,04/29/2025,156,1,1,56241,/data/ncd?ncdid=156&ncdver=1
56241,8,04/29/2025,55,1,2,56241,/data/ncd?ncdid=55&ncdver=1
56241,8,04/29/2025,194,1,3,56241,/data/ncd?ncdid=194&ncdver=1
56256,4,04/29/2025,0,1,1,56256,/data/ncd?ncdid=0&ncdver=1
56240,8,04/29/2025,156,1,1,56240,/data/ncd?ncdid=156&ncdver=1
56240,8,04/29/2025,55,1,2,56240,/data/ncd?ncdid=55&ncdver=1
56240,8,04/29/2025,194,1,3,56240,/data/ncd?ncdid=194&ncdver=1
56252,2,04/29/2025,0,1,1,56252,/data/ncd?ncdid=0&ncdver=1
56235,2,04/29/2025,0,1,1,56235,/data/ncd?ncdid=0&ncdver=1
56215,5,04/29/2025,0,1,1,56215,/data/ncd?ncdid=0&ncdver=1
56231,3,04/29/2025,0,1,1,56231,/data/ncd?ncdid=0&ncdver=1
56230,3,04/29/2025,0,1,1,56230,/data/ncd?ncdid=0&ncdver=1
56233,5,04/29/2025,0,1,1,56233,/data/ncd?ncdid=0&ncdver=1
56213,3,04/29/2025,0,1,1,56213,/data/ncd?ncdid=0&ncdver=1
56211,2,04/29/2025,0,1,1,56211,/data/ncd?ncdid=0&ncdver=1
56190,3,04/29/2025,0,1,1,56190,/data/ncd?ncdid=0&ncdver=1
56177,2,04/29/2025,0,1,1,56177,/data/ncd?ncdid=0&ncdver=1
56161,2,04/29/2025,0,1,1,56161,/data/ncd?ncdid=0&ncdver=1
56148,2,04/29/2025,0,1,1,56148,/data/ncd?ncdid=0&ncdver=1
56169,3,04/29/2025,0,1,1,56169,/data/ncd?ncdid=0&ncdver=1
56115,2,04/29/2025,0,1,1,56115,/data/ncd?ncdid=0&ncdver=1
56142,2,04/29/2025,0,1,1,56142,/data/ncd?ncdid=0&ncdver=1
56067,9,04/29/2025,176,1,1,56067,/data/ncd?ncdid=176&ncdver=1
56067,9,04/29/2025,177,1,2,56067,/data/ncd?ncdid=177&ncdver=1
56109,3,04/29/2025,0,1,1,56109,/data/ncd?ncdid=0&ncdver=1
56077,5,04/29/2025,0,1,1,56077,/data/ncd?ncdid=0&ncdver=1
56061,13,04/29/2025,176,1,1,56061,/data/ncd?ncdid=176&ncdver=1
56061,13,04/29/2025,177,1,2,56061,/data/ncd?ncdid=177&ncdver=1
56076,5,04/29/2025,0,1,1,56076,/data/ncd?ncdid=0&ncdver=1
55982,7,04/29/2025,0,1,1,55982,/data/ncd?ncdid=0&ncdver=1
56017,2,04/29/2025,0,1,1,56017,/data/ncd?ncdid=0&ncdver=1
56018,2,04/29/2025,0,1,1,56018,/data/ncd?ncdid=0&ncdver=1
55948,17,04/29/2025,0,1,1,55948,/data/ncd?ncdid=0&ncdver=1
55974,4,04/29/2025,0,1,1,55974,/data/ncd?ncdid=0&ncdver=1
55988,4,04/29/2025,0,1,1,55988,/data/ncd?ncdid=0&ncdver=1
56021,3,04/29/2025,0,1,1,56021,/data/ncd?ncdid=0&ncdver=1
56042,3,04/29/2025,0,1,1,56042,/data/ncd?ncdid=0&ncdver=1
56041,3,04/29/2025,0,1,1,56041,/data/ncd?ncdid=0&ncdver=1
55984,4,04/29/2025,0,1,1,55984,/data/ncd?ncdid=0&ncdver=1
55902,4,04/29/2025,0,1,1,55902,/data/ncd?ncdid=0&ncdver=1
55938,2,04/29/2025,0,1,1,55938,/data/ncd?ncdid=0&ncdver=1
55936,2,04/29/2025,0,1,1,55936,/data/ncd?ncdid=0&ncdver=1
55910,2,04/29/2025,131,1,1,55910,/data/ncd?ncdid=131&ncdver=1
55910,2,04/29/2025,232,1,2,55910,/data/ncd?ncdid=232&ncdver=1
55910,2,04/29/2025,217,1,3,55910,/data/ncd?ncdid=217&ncdver=1
55910,2,04/29/2025,47,1,4,55910,/data/ncd?ncdid=47&ncdver=1
55910,2,04/29/2025,315,1,5,55910,/data/ncd?ncdid=315&ncdver=1
55848,8,04/29/2025,0,1,1,55848,/data/ncd?ncdid=0&ncdver=1
55904,3,04/29/2025,0,1,1,55904,/data/ncd?ncdid=0&ncdver=1
55852,6,04/29/2025,0,1,1,55852,/data/ncd?ncdid=0&ncdver=1
54812,7,04/29/2025,0,1,1,54812,/data/ncd?ncdid=0&ncdver=1
53446,6,04/29/2025,0,1,1,53446,/data/ncd?ncdid=0&ncdver=1
55876,2,04/29/2025,0,1,1,55876,/data/ncd?ncdid=0&ncdver=1
55879,2,04/29/2025,0,1,1,55879,/data/ncd?ncdid=0&ncdver=1
53106,16,04/29/2025,0,1,1,53106,/data/ncd?ncdid=0&ncdver=1
55779,4,04/29/2025,0,1,1,55779,/data/ncd?ncdid=0&ncdver=1
55794,4,04/29/2025,0,1,1,55794,/data/ncd?ncdid=0&ncdver=1
55778,4,04/29/2025,0,1,1,55778,/data/ncd?ncdid=0&ncdver=1
55817,4,04/29/2025,0,1,1,55817,/data/ncd?ncdid=0&ncdver=1
55704,7,04/29/2025,0,1,1,55704,/data/ncd?ncdid=0&ncdver=1
55793,4,04/29/2025,0,1,1,55793,/data/ncd?ncdid=0&ncdver=1
55570,12,04/29/2025,0,1,1,55570,/data/ncd?ncdid=0&ncdver=1
55736,2,04/29/2025,0,1,1,55736,/data/ncd?ncdid=0&ncdver=1
55757,5,04/29/2025,0,1,1,55757,/data/ncd?ncdid=0&ncdver=1
55685,5,04/29/2025,64,1,1,55685,/data/ncd?ncdid=64&ncdver=1
55685,5,04/29/2025,14,1,2,55685,/data/ncd?ncdid=14&ncdver=1
55749,5,04/29/2025,0,1,1,55749,/data/ncd?ncdid=0&ncdver=1
55701,5,04/29/2025,0,1,1,55701,/data/ncd?ncdid=0&ncdver=1
55707,9,04/29/2025,0,1,1,55707,/data/ncd?ncdid=0&ncdver=1
55689,4,04/29/2025,0,1,1,55689,/data/ncd?ncdid=0&ncdver=1
55684,5,04/29/2025,64,1,1,55684,/data/ncd?ncdid=64&ncdver=1
55684,5,04/29/2025,14,1,2,55684,/data/ncd?ncdid=14&ncdver=1
55688,4,04/29/2025,0,1,1,55688,/data/ncd?ncdid=0&ncdver=1
55648,2,04/29/2025,0,1,1,55648,/data/ncd?ncdid=0&ncdver=1
55661,3,04/29/2025,0,1,1,55661,/data/ncd?ncdid=0&ncdver=1
55662,3,04/29/2025,0,1,1,55662,/data/ncd?ncdid=0&ncdver=1
55659,2,04/29/2025,0,1,1,55659,/data/ncd?ncdid=0&ncdver=1
55646,2,04/29/2025,0,1,1,55646,/data/ncd?ncdid=0&ncdver=1
55657,4,04/29/2025,0,1,1,55657,/data/ncd?ncdid=0&ncdver=1
55644,2,04/29/2025,0,1,1,55644,/data/ncd?ncdid=0&ncdver=1
55643,2,04/29/2025,0,1,1,55643,/data/ncd?ncdid=0&ncdver=1
55641,2,04/29/2025,0,1,1,55641,/data/ncd?ncdid=0&ncdver=1
55558,8,04/29/2025,281,1,1,55558,/data/ncd?ncdid=281&ncdver=1
55566,2,04/29/2025,0,1,1,55566,/data/ncd?ncdid=0&ncdver=1
55564,2,04/29/2025,0,1,1,55564,/data/ncd?ncdid=0&ncdver=1
55562,2,04/29/2025,0,1,1,55562,/data/ncd?ncdid=0&ncdver=1
55561,2,04/29/2025,0,1,1,55561,/data/ncd?ncdid=0&ncdver=1
55527,5,04/29/2025,0,1,1,55527,/data/ncd?ncdid=0&ncdver=1
55555,8,04/29/2025,281,1,1,55555,/data/ncd?ncdid=281&ncdver=1
55528,5,04/29/2025,0,1,1,55528,/data/ncd?ncdid=0&ncdver=1
55554,6,04/29/2025,0,1,1,55554,/data/ncd?ncdid=0&ncdver=1
55553,4,04/29/2025,0,1,1,55553,/data/ncd?ncdid=0&ncdver=1
55540,2,04/29/2025,0,1,1,55540,/data/ncd?ncdid=0&ncdver=1
55543,2,04/29/2025,0,1,1,55543,/data/ncd?ncdid=0&ncdver=1
55536,2,04/29/2025,0,1,1,55536,/data/ncd?ncdid=0&ncdver=1
55535,2,04/29/2025,0,1,1,55535,/data/ncd?ncdid=0&ncdver=1
55451,2,04/29/2025,0,1,1,55451,/data/ncd?ncdid=0&ncdver=1
55430,2,04/29/2025,0,1,1,55430,/data/ncd?ncdid=0&ncdver=1
55533,2,04/29/2025,0,1,1,55533,/data/ncd?ncdid=0&ncdver=1
55489,3,04/29/2025,15,1,1,55489,/data/ncd?ncdid=15&ncdver=1
55490,4,04/29/2025,15,1,1,55490,/data/ncd?ncdid=15&ncdver=1
55492,4,04/29/2025,0,1,1,55492,/data/ncd?ncdid=0&ncdver=1
55491,3,04/29/2025,0,1,1,55491,/data/ncd?ncdid=0&ncdver=1
55473,3,04/29/2025,0,1,1,55473,/data/ncd?ncdid=0&ncdver=1
55458,7,04/29/2025,0,1,1,55458,/data/ncd?ncdid=0&ncdver=1
55470,3,04/29/2025,0,1,1,55470,/data/ncd?ncdid=0&ncdver=1
55471,3,04/29/2025,0,1,1,55471,/data/ncd?ncdid=0&ncdver=1
55457,7,04/29/2025,0,1,1,55457,/data/ncd?ncdid=0&ncdver=1
55472,3,04/29/2025,0,1,1,55472,/data/ncd?ncdid=0&ncdver=1
55421,9,04/29/2025,0,1,1,55421,/data/ncd?ncdid=0&ncdver=1
55475,3,04/29/2025,0,1,1,55475,/data/ncd?ncdid=0&ncdver=1
55384,4,04/29/2025,0,1,1,55384,/data/ncd?ncdid=0&ncdver=1
55383,3,04/29/2025,0,1,1,55383,/data/ncd?ncdid=0&ncdver=1
55362,3,04/29/2025,0,1,1,55362,/data/ncd?ncdid=0&ncdver=1
55361,3,04/29/2025,0,1,1,55361,/data/ncd?ncdid=0&ncdver=1
55404,2,04/29/2025,0,1,1,55404,/data/ncd?ncdid=0&ncdver=1
55391,2,04/29/2025,0,1,1,55391,/data/ncd?ncdid=0&ncdver=1
55400,3,04/29/2025,0,1,1,55400,/data/ncd?ncdid=0&ncdver=1
55401,2,04/29/2025,0,1,1,55401,/data/ncd?ncdid=0&ncdver=1
55397,2,04/29/2025,0,1,1,55397,/data/ncd?ncdid=0&ncdver=1
55378,4,04/29/2025,0,1,1,55378,/data/ncd?ncdid=0&ncdver=1
55381,2,04/29/2025,0,1,1,55381,/data/ncd?ncdid=0&ncdver=1
55124,2,04/29/2025,0,1,1,55124,/data/ncd?ncdid=0&ncdver=1
55373,4,04/29/2025,0,1,1,55373,/data/ncd?ncdid=0&ncdver=1
55257,6,04/29/2025,0,1,1,55257,/data/ncd?ncdid=0&ncdver=1
55334,6,04/29/2025,0,1,1,55334,/data/ncd?ncdid=0&ncdver=1
55318,4,04/29/2025,0,1,1,55318,/data/ncd?ncdid=0&ncdver=1
55261,5,04/29/2025,0,1,1,55261,/data/ncd?ncdid=0&ncdver=1
55314,2,04/29/2025,0,1,1,55314,/data/ncd?ncdid=0&ncdver=1
55076,6,04/29/2025,0,1,1,55076,/data/ncd?ncdid=0&ncdver=1
55077,5,04/29/2025,0,1,1,55077,/data/ncd?ncdid=0&ncdver=1
55372,4,04/29/2025,0,1,1,55372,/data/ncd?ncdid=0&ncdver=1
55079,5,04/29/2025,0,1,1,55079,/data/ncd?ncdid=0&ncdver=1
55155,3,04/29/2025,0,1,1,55155,/data/ncd?ncdid=0&ncdver=1
55072,6,04/29/2025,0,1,1,55072,/data/ncd?ncdid=0&ncdver=1
55154,2,04/29/2025,0,1,1,55154,/data/ncd?ncdid=0&ncdver=1
55055,2,04/29/2025,0,1,1,55055,/data/ncd?ncdid=0&ncdver=1
55049,3,04/29/2025,0,1,1,55049,/data/ncd?ncdid=0&ncdver=1
55053,2,04/29/2025,0,1,1,55053,/data/ncd?ncdid=0&ncdver=1
55031,3,04/29/2025,0,1,1,55031,/data/ncd?ncdid=0&ncdver=1
54894,4,04/29/2025,0,1,1,54894,/data/ncd?ncdid=0&ncdver=1
55048,2,04/29/2025,0,1,1,55048,/data/ncd?ncdid=0&ncdver=1
55003,2,04/29/2025,102,1,1,55003,/data/ncd?ncdid=102&ncdver=1
54998,4,04/29/2025,0,1,1,54998,/data/ncd?ncdid=0&ncdver=1
54893,4,04/29/2025,0,1,1,54893,/data/ncd?ncdid=0&ncdver=1
54990,4,04/29/2025,270,1,1,54990,/data/ncd?ncdid=270&ncdver=1
54988,2,04/29/2025,0,1,1,54988,/data/ncd?ncdid=0&ncdver=1
54979,4,04/29/2025,0,1,1,54979,/data/ncd?ncdid=0&ncdver=1
54983,2,04/29/2025,0,1,1,54983,/data/ncd?ncdid=0&ncdver=1
54991,4,04/29/2025,270,1,1,54991,/data/ncd?ncdid=270&ncdver=1
54965,3,04/29/2025,0,1,1,54965,/data/ncd?ncdid=0&ncdver=1
54978,3,04/29/2025,0,1,1,54978,/data/ncd?ncdid=0&ncdver=1
54980,2,04/29/2025,240,1,1,54980,/data/ncd?ncdid=240&ncdver=1
54916,2,04/29/2025,0,1,1,54916,/data/ncd?ncdid=0&ncdver=1
54927,3,04/29/2025,0,1,1,54927,/data/ncd?ncdid=0&ncdver=1
54981,3,04/29/2025,240,1,1,54981,/data/ncd?ncdid=240&ncdver=1
54920,2,04/29/2025,0,1,1,54920,/data/ncd?ncdid=0&ncdver=1
54899,2,04/29/2025,0,1,1,54899,/data/ncd?ncdid=0&ncdver=1
54896,3,04/29/2025,0,1,1,54896,/data/ncd?ncdid=0&ncdver=1
54881,2,04/29/2025,0,1,1,54881,/data/ncd?ncdid=0&ncdver=1
54842,2,04/29/2025,155,1,1,54842,/data/ncd?ncdid=155&ncdver=1
54842,2,04/29/2025,266,1,2,54842,/data/ncd?ncdid=266&ncdver=1
54842,2,04/29/2025,187,1,3,54842,/data/ncd?ncdid=187&ncdver=1
54842,2,04/29/2025,161,1,4,54842,/data/ncd?ncdid=161&ncdver=1
54841,2,04/29/2025,266,1,1,54841,/data/ncd?ncdid=266&ncdver=1
54841,2,04/29/2025,155,1,2,54841,/data/ncd?ncdid=155&ncdver=1
54715,4,04/29/2025,0,1,1,54715,/data/ncd?ncdid=0&ncdver=1
54713,4,04/29/2025,0,1,1,54713,/data/ncd?ncdid=0&ncdver=1
54895,2,04/29/2025,0,1,1,54895,/data/ncd?ncdid=0&ncdver=1
54714,4,04/29/2025,0,1,1,54714,/data/ncd?ncdid=0&ncdver=1
54813,2,04/29/2025,0,1,1,54813,/data/ncd?ncdid=0&ncdver=1
54710,6,04/29/2025,0,1,1,54710,/data/ncd?ncdid=0&ncdver=1
54814,2,04/29/2025,0,1,1,54814,/data/ncd?ncdid=0&ncdver=1
54780,2,04/29/2025,0,1,1,54780,/data/ncd?ncdid=0&ncdver=1
54403,2,04/29/2025,0,1,1,54403,/data/ncd?ncdid=0&ncdver=1
54694,2,04/29/2025,0,1,1,54694,/data/ncd?ncdid=0&ncdver=1
54647,3,04/29/2025,0,1,1,54647,/data/ncd?ncdid=0&ncdver=1
54645,3,04/29/2025,0,1,1,54645,/data/ncd?ncdid=0&ncdver=1
54646,3,04/29/2025,0,1,1,54646,/data/ncd?ncdid=0&ncdver=1
54644,2,04/29/2025,0,1,1,54644,/data/ncd?ncdid=0&ncdver=1
54632,3,04/29/2025,0,1,1,54632,/data/ncd?ncdid=0&ncdver=1
54597,3,04/29/2025,0,1,1,54597,/data/ncd?ncdid=0&ncdver=1
54630,2,04/29/2025,0,1,1,54630,/data/ncd?ncdid=0&ncdver=1
54595,3,04/29/2025,0,1,1,54595,/data/ncd?ncdid=0&ncdver=1
54594,3,04/29/2025,0,1,1,54594,/data/ncd?ncdid=0&ncdver=1
54596,3,04/29/2025,0,1,1,54596,/data/ncd?ncdid=0&ncdver=1
54591,3,04/29/2025,0,1,1,54591,/data/ncd?ncdid=0&ncdver=1
54554,3,04/29/2025,0,1,1,54554,/data/ncd?ncdid=0&ncdver=1
54562,3,04/29/2025,0,1,1,54562,/data/ncd?ncdid=0&ncdver=1
54553,3,04/29/2025,0,1,1,54553,/data/ncd?ncdid=0&ncdver=1
54547,3,04/29/2025,0,1,1,54547,/data/ncd?ncdid=0&ncdver=1
54589,2,04/29/2025,0,1,1,54589,/data/ncd?ncdid=0&ncdver=1
54552,3,04/29/2025,0,1,1,54552,/data/ncd?ncdid=0&ncdver=1
54402,2,04/29/2025,164,1,1,54402,/data/ncd?ncdid=164&ncdver=1
54402,2,04/29/2025,263,1,2,54402,/data/ncd?ncdid=263&ncdver=1
54400,2,04/29/2025,165,1,1,54400,/data/ncd?ncdid=165&ncdver=1
54400,2,04/29/2025,164,1,2,54400,/data/ncd?ncdid=164&ncdver=1
54400,2,04/29/2025,263,1,3,54400,/data/ncd?ncdid=263&ncdver=1
54400,2,04/29/2025,204,1,4,54400,/data/ncd?ncdid=204&ncdver=1
54399,2,04/29/2025,165,1,1,54399,/data/ncd?ncdid=165&ncdver=1
54399,2,04/29/2025,164,1,2,54399,/data/ncd?ncdid=164&ncdver=1
54399,2,04/29/2025,263,1,3,54399,/data/ncd?ncdid=263&ncdver=1
54398,2,04/29/2025,0,1,1,54398,/data/ncd?ncdid=0&ncdver=1
54137,2,04/29/2025,0,1,1,54137,/data/ncd?ncdid=0&ncdver=1
