article_id,article_version,hcpc_modifier_code_id,hcpc_modifier_code_version,hcpc_modifier_group,description,last_updated
58565,52,59,16,1,"DISTINCT PROCEDURAL SERVICE: UNDER CERTAIN CIRCUMSTANCES, THE PHYSICIAN MAY NEED TO INDICATE THAT A PROCEDURE OR SERVICE WAS DISTINCT OR INDEPENDENT FROM OTHER SERVICES PERFORMED ON THE SAME DAY. MODIFIER -59 IS USED TO IDENTIFY PROCEDURES&sol;SERVICES THAT ARE NOT NORMALLY REPORTED TOGETHER, BUT ARE APPROPRIATE UNDER THE CIRCUMSTANCES. THIS MAY REPRESENT A DIFFERENT SESSION OR PATIENT ENCOUNTER, DIFFERENT PROCEDURE OR SURGERY, DIFFERNET SITE OR ORGAN SYSTEM, SEPARATE INCISION&sol;EXCISION, SEPARATE LESION, OR SEPARATE INJURY (OR AREA OF INJURY IN EXTENSIVE INJURIES) NOT ORDINARILY ENCOUNTERED OR PERFORMED ON THE SAME DAY BY THE SAME PHYSICIAN. HOWEVER, WHAN ANOTHER ALREADY ESTABLISHED MODIFIER IS APPROPRIATE IT SHOULD BE USED RATHER THAN MODIFIER -59. ONLY IF NO MORE DESCRIPTIVE MODIFIER IS AVAILABLE, AND THE USE OF MODIFIER -59 BEST EXPLAINS THE CIRCUMSTANCES, SHOULD MODIFIER -59 BE USED. MODIFIER CODE 09959 MAY BE USED AS AN ALTERNATE TO MODIFIER -59.",08/04/2026
58565,52,F1,16,1,"LEFT HAND, SECOND DIGIT",08/04/2026
58565,52,F2,16,1,"LEFT HAND, THIRD DIGIT",08/04/2026
58565,52,F3,16,1,"LEFT HAND, FOURTH DIGIT",08/04/2026
58565,52,F4,16,1,"LEFT HAND, FIFTH DIGIT",08/04/2026
58565,52,F5,16,1,"RIGHT HAND, THUMB",08/04/2026
58565,52,F6,16,1,"RIGHT HAND, SECOND DIGIT",08/04/2026
58565,52,F7,16,1,"RIGHT HAND, THIRD DIGIT",08/04/2026
58565,52,F8,16,1,"RIGHT HAND, FOURTH DIGIT",08/04/2026
58565,52,F9,16,1,"RIGHT HAND, FIFTH DIGIT",08/04/2026
58565,52,FA,16,1,"LEFT HAND, THUMB",08/04/2026
58565,52,LT,16,1,LEFT SIDE (USED TO IDENTIFY PROCEDURES PERFORMED ON THE LEFT SIDE OF THE BODY),08/04/2026
58565,52,RT,16,1,RIGHT SIDE (USED TO IDENTIFY PROCEDURES PERFORMED ON THE RIGHT SIDE OF THE BODY),08/04/2026
58565,52,T1,16,1,"LEFT FOOT, SECOND DIGIT",08/04/2026
58565,52,T2,16,1,"LEFT FOOT, THIRD DIGIT",08/04/2026
58565,52,T3,16,1,"LEFT FOOT, FOURTH DIGIT",08/04/2026
58565,52,T4,16,1,"LEFT FOOT, FIFTH DIGIT",08/04/2026
58565,52,T5,16,1,"RIGHT FOOT, GREAT TOE",08/04/2026
58565,52,T6,16,1,"RIGHT FOOT, SECOND DIGIT",08/04/2026
58565,52,T7,16,1,"RIGHT FOOT, THIRD DIGIT",08/04/2026
58565,52,T8,16,1,"RIGHT FOOT, FOURTH DIGIT",08/04/2026
58565,52,T9,16,1,"RIGHT FOOT, FIFTH DIGIT",08/04/2026
58565,52,TA,16,1,"LEFT FOOT, GREAT TOE",08/04/2026
58565,52,XE,16,1,"SEPARATE ENCOUNTER, A SERVICE THAT IS DISTINCT BECAUSE IT OCCURRED DURING A SEPARATE ENCOUNTER",08/04/2026
58565,52,XP,16,1,"SEPARATE PRACTITIONER, A SERVICE THAT IS DISTINCT BECAUSE IT WAS PERFORMED BY A DIFFERENT PRACTITIONER",08/04/2026
58565,52,XS,16,1,"SEPARATE STRUCTURE, A SERVICE THAT IS DISTINCT BECAUSE IT WAS PERFORMED ON A SEPARATE ORGAN&sol;STRUCTURE",08/04/2026
58565,52,XU,16,1,"UNUSUAL NON-OVERLAPPING SERVICE, THE USE OF A SERVICE THAT IS DISTINCT BECAUSE IT DOES NOT OVERLAP USUAL COMPONENTS OF THE MAIN SERVICE",08/04/2026
58761,70,59,16,1,"DISTINCT PROCEDURAL SERVICE: UNDER CERTAIN CIRCUMSTANCES, THE PHYSICIAN MAY NEED TO INDICATE THAT A PROCEDURE OR SERVICE WAS DISTINCT OR INDEPENDENT FROM OTHER SERVICES PERFORMED ON THE SAME DAY. MODIFIER -59 IS USED TO IDENTIFY PROCEDURES&sol;SERVICES THAT ARE NOT NORMALLY REPORTED TOGETHER, BUT ARE APPROPRIATE UNDER THE CIRCUMSTANCES. THIS MAY REPRESENT A DIFFERENT SESSION OR PATIENT ENCOUNTER, DIFFERENT PROCEDURE OR SURGERY, DIFFERNET SITE OR ORGAN SYSTEM, SEPARATE INCISION&sol;EXCISION, SEPARATE LESION, OR SEPARATE INJURY (OR AREA OF INJURY IN EXTENSIVE INJURIES) NOT ORDINARILY ENCOUNTERED OR PERFORMED ON THE SAME DAY BY THE SAME PHYSICIAN. HOWEVER, WHAN ANOTHER ALREADY ESTABLISHED MODIFIER IS APPROPRIATE IT SHOULD BE USED RATHER THAN MODIFIER -59. ONLY IF NO MORE DESCRIPTIVE MODIFIER IS AVAILABLE, AND THE USE OF MODIFIER -59 BEST EXPLAINS THE CIRCUMSTANCES, SHOULD MODIFIER -59 BE USED. MODIFIER CODE 09959 MAY BE USED AS AN ALTERNATE TO MODIFIER -59.",07/31/2026
58761,70,59,16,2,"DISTINCT PROCEDURAL SERVICE: UNDER CERTAIN CIRCUMSTANCES, THE PHYSICIAN MAY NEED TO INDICATE THAT A PROCEDURE OR SERVICE WAS DISTINCT OR INDEPENDENT FROM OTHER SERVICES PERFORMED ON THE SAME DAY. MODIFIER -59 IS USED TO IDENTIFY PROCEDURES&sol;SERVICES THAT ARE NOT NORMALLY REPORTED TOGETHER, BUT ARE APPROPRIATE UNDER THE CIRCUMSTANCES. THIS MAY REPRESENT A DIFFERENT SESSION OR PATIENT ENCOUNTER, DIFFERENT PROCEDURE OR SURGERY, DIFFERNET SITE OR ORGAN SYSTEM, SEPARATE INCISION&sol;EXCISION, SEPARATE LESION, OR SEPARATE INJURY (OR AREA OF INJURY IN EXTENSIVE INJURIES) NOT ORDINARILY ENCOUNTERED OR PERFORMED ON THE SAME DAY BY THE SAME PHYSICIAN. HOWEVER, WHAN ANOTHER ALREADY ESTABLISHED MODIFIER IS APPROPRIATE IT SHOULD BE USED RATHER THAN MODIFIER -59. ONLY IF NO MORE DESCRIPTIVE MODIFIER IS AVAILABLE, AND THE USE OF MODIFIER -59 BEST EXPLAINS THE CIRCUMSTANCES, SHOULD MODIFIER -59 BE USED. MODIFIER CODE 09959 MAY BE USED AS AN ALTERNATE TO MODIFIER -59.",07/31/2026
58761,70,59,16,3,"DISTINCT PROCEDURAL SERVICE: UNDER CERTAIN CIRCUMSTANCES, THE PHYSICIAN MAY NEED TO INDICATE THAT A PROCEDURE OR SERVICE WAS DISTINCT OR INDEPENDENT FROM OTHER SERVICES PERFORMED ON THE SAME DAY. MODIFIER -59 IS USED TO IDENTIFY PROCEDURES&sol;SERVICES THAT ARE NOT NORMALLY REPORTED TOGETHER, BUT ARE APPROPRIATE UNDER THE CIRCUMSTANCES. THIS MAY REPRESENT A DIFFERENT SESSION OR PATIENT ENCOUNTER, DIFFERENT PROCEDURE OR SURGERY, DIFFERNET SITE OR ORGAN SYSTEM, SEPARATE INCISION&sol;EXCISION, SEPARATE LESION, OR SEPARATE INJURY (OR AREA OF INJURY IN EXTENSIVE INJURIES) NOT ORDINARILY ENCOUNTERED OR PERFORMED ON THE SAME DAY BY THE SAME PHYSICIAN. HOWEVER, WHAN ANOTHER ALREADY ESTABLISHED MODIFIER IS APPROPRIATE IT SHOULD BE USED RATHER THAN MODIFIER -59. ONLY IF NO MORE DESCRIPTIVE MODIFIER IS AVAILABLE, AND THE USE OF MODIFIER -59 BEST EXPLAINS THE CIRCUMSTANCES, SHOULD MODIFIER -59 BE USED. MODIFIER CODE 09959 MAY BE USED AS AN ALTERNATE TO MODIFIER -59.",07/31/2026
58761,70,59,16,4,"DISTINCT PROCEDURAL SERVICE: UNDER CERTAIN CIRCUMSTANCES, THE PHYSICIAN MAY NEED TO INDICATE THAT A PROCEDURE OR SERVICE WAS DISTINCT OR INDEPENDENT FROM OTHER SERVICES PERFORMED ON THE SAME DAY. MODIFIER -59 IS USED TO IDENTIFY PROCEDURES&sol;SERVICES THAT ARE NOT NORMALLY REPORTED TOGETHER, BUT ARE APPROPRIATE UNDER THE CIRCUMSTANCES. THIS MAY REPRESENT A DIFFERENT SESSION OR PATIENT ENCOUNTER, DIFFERENT PROCEDURE OR SURGERY, DIFFERNET SITE OR ORGAN SYSTEM, SEPARATE INCISION&sol;EXCISION, SEPARATE LESION, OR SEPARATE INJURY (OR AREA OF INJURY IN EXTENSIVE INJURIES) NOT ORDINARILY ENCOUNTERED OR PERFORMED ON THE SAME DAY BY THE SAME PHYSICIAN. HOWEVER, WHAN ANOTHER ALREADY ESTABLISHED MODIFIER IS APPROPRIATE IT SHOULD BE USED RATHER THAN MODIFIER -59. ONLY IF NO MORE DESCRIPTIVE MODIFIER IS AVAILABLE, AND THE USE OF MODIFIER -59 BEST EXPLAINS THE CIRCUMSTANCES, SHOULD MODIFIER -59 BE USED. MODIFIER CODE 09959 MAY BE USED AS AN ALTERNATE TO MODIFIER -59.",07/31/2026
58761,70,59,16,5,"DISTINCT PROCEDURAL SERVICE: UNDER CERTAIN CIRCUMSTANCES, THE PHYSICIAN MAY NEED TO INDICATE THAT A PROCEDURE OR SERVICE WAS DISTINCT OR INDEPENDENT FROM OTHER SERVICES PERFORMED ON THE SAME DAY. MODIFIER -59 IS USED TO IDENTIFY PROCEDURES&sol;SERVICES THAT ARE NOT NORMALLY REPORTED TOGETHER, BUT ARE APPROPRIATE UNDER THE CIRCUMSTANCES. THIS MAY REPRESENT A DIFFERENT SESSION OR PATIENT ENCOUNTER, DIFFERENT PROCEDURE OR SURGERY, DIFFERNET SITE OR ORGAN SYSTEM, SEPARATE INCISION&sol;EXCISION, SEPARATE LESION, OR SEPARATE INJURY (OR AREA OF INJURY IN EXTENSIVE INJURIES) NOT ORDINARILY ENCOUNTERED OR PERFORMED ON THE SAME DAY BY THE SAME PHYSICIAN. HOWEVER, WHAN ANOTHER ALREADY ESTABLISHED MODIFIER IS APPROPRIATE IT SHOULD BE USED RATHER THAN MODIFIER -59. ONLY IF NO MORE DESCRIPTIVE MODIFIER IS AVAILABLE, AND THE USE OF MODIFIER -59 BEST EXPLAINS THE CIRCUMSTANCES, SHOULD MODIFIER -59 BE USED. MODIFIER CODE 09959 MAY BE USED AS AN ALTERNATE TO MODIFIER -59.",07/31/2026
58761,70,59,16,6,"DISTINCT PROCEDURAL SERVICE: UNDER CERTAIN CIRCUMSTANCES, THE PHYSICIAN MAY NEED TO INDICATE THAT A PROCEDURE OR SERVICE WAS DISTINCT OR INDEPENDENT FROM OTHER SERVICES PERFORMED ON THE SAME DAY. MODIFIER -59 IS USED TO IDENTIFY PROCEDURES&sol;SERVICES THAT ARE NOT NORMALLY REPORTED TOGETHER, BUT ARE APPROPRIATE UNDER THE CIRCUMSTANCES. THIS MAY REPRESENT A DIFFERENT SESSION OR PATIENT ENCOUNTER, DIFFERENT PROCEDURE OR SURGERY, DIFFERNET SITE OR ORGAN SYSTEM, SEPARATE INCISION&sol;EXCISION, SEPARATE LESION, OR SEPARATE INJURY (OR AREA OF INJURY IN EXTENSIVE INJURIES) NOT ORDINARILY ENCOUNTERED OR PERFORMED ON THE SAME DAY BY THE SAME PHYSICIAN. HOWEVER, WHAN ANOTHER ALREADY ESTABLISHED MODIFIER IS APPROPRIATE IT SHOULD BE USED RATHER THAN MODIFIER -59. ONLY IF NO MORE DESCRIPTIVE MODIFIER IS AVAILABLE, AND THE USE OF MODIFIER -59 BEST EXPLAINS THE CIRCUMSTANCES, SHOULD MODIFIER -59 BE USED. MODIFIER CODE 09959 MAY BE USED AS AN ALTERNATE TO MODIFIER -59.",07/31/2026
58761,70,59,16,7,"DISTINCT PROCEDURAL SERVICE: UNDER CERTAIN CIRCUMSTANCES, THE PHYSICIAN MAY NEED TO INDICATE THAT A PROCEDURE OR SERVICE WAS DISTINCT OR INDEPENDENT FROM OTHER SERVICES PERFORMED ON THE SAME DAY. MODIFIER -59 IS USED TO IDENTIFY PROCEDURES&sol;SERVICES THAT ARE NOT NORMALLY REPORTED TOGETHER, BUT ARE APPROPRIATE UNDER THE CIRCUMSTANCES. THIS MAY REPRESENT A DIFFERENT SESSION OR PATIENT ENCOUNTER, DIFFERENT PROCEDURE OR SURGERY, DIFFERNET SITE OR ORGAN SYSTEM, SEPARATE INCISION&sol;EXCISION, SEPARATE LESION, OR SEPARATE INJURY (OR AREA OF INJURY IN EXTENSIVE INJURIES) NOT ORDINARILY ENCOUNTERED OR PERFORMED ON THE SAME DAY BY THE SAME PHYSICIAN. HOWEVER, WHAN ANOTHER ALREADY ESTABLISHED MODIFIER IS APPROPRIATE IT SHOULD BE USED RATHER THAN MODIFIER -59. ONLY IF NO MORE DESCRIPTIVE MODIFIER IS AVAILABLE, AND THE USE OF MODIFIER -59 BEST EXPLAINS THE CIRCUMSTANCES, SHOULD MODIFIER -59 BE USED. MODIFIER CODE 09959 MAY BE USED AS AN ALTERNATE TO MODIFIER -59.",07/31/2026
58761,70,59,16,8,"DISTINCT PROCEDURAL SERVICE: UNDER CERTAIN CIRCUMSTANCES, THE PHYSICIAN MAY NEED TO INDICATE THAT A PROCEDURE OR SERVICE WAS DISTINCT OR INDEPENDENT FROM OTHER SERVICES PERFORMED ON THE SAME DAY. MODIFIER -59 IS USED TO IDENTIFY PROCEDURES&sol;SERVICES THAT ARE NOT NORMALLY REPORTED TOGETHER, BUT ARE APPROPRIATE UNDER THE CIRCUMSTANCES. THIS MAY REPRESENT A DIFFERENT SESSION OR PATIENT ENCOUNTER, DIFFERENT PROCEDURE OR SURGERY, DIFFERNET SITE OR ORGAN SYSTEM, SEPARATE INCISION&sol;EXCISION, SEPARATE LESION, OR SEPARATE INJURY (OR AREA OF INJURY IN EXTENSIVE INJURIES) NOT ORDINARILY ENCOUNTERED OR PERFORMED ON THE SAME DAY BY THE SAME PHYSICIAN. HOWEVER, WHAN ANOTHER ALREADY ESTABLISHED MODIFIER IS APPROPRIATE IT SHOULD BE USED RATHER THAN MODIFIER -59. ONLY IF NO MORE DESCRIPTIVE MODIFIER IS AVAILABLE, AND THE USE OF MODIFIER -59 BEST EXPLAINS THE CIRCUMSTANCES, SHOULD MODIFIER -59 BE USED. MODIFIER CODE 09959 MAY BE USED AS AN ALTERNATE TO MODIFIER -59.",07/31/2026
58761,70,59,16,9,"DISTINCT PROCEDURAL SERVICE: UNDER CERTAIN CIRCUMSTANCES, THE PHYSICIAN MAY NEED TO INDICATE THAT A PROCEDURE OR SERVICE WAS DISTINCT OR INDEPENDENT FROM OTHER SERVICES PERFORMED ON THE SAME DAY. MODIFIER -59 IS USED TO IDENTIFY PROCEDURES&sol;SERVICES THAT ARE NOT NORMALLY REPORTED TOGETHER, BUT ARE APPROPRIATE UNDER THE CIRCUMSTANCES. THIS MAY REPRESENT A DIFFERENT SESSION OR PATIENT ENCOUNTER, DIFFERENT PROCEDURE OR SURGERY, DIFFERNET SITE OR ORGAN SYSTEM, SEPARATE INCISION&sol;EXCISION, SEPARATE LESION, OR SEPARATE INJURY (OR AREA OF INJURY IN EXTENSIVE INJURIES) NOT ORDINARILY ENCOUNTERED OR PERFORMED ON THE SAME DAY BY THE SAME PHYSICIAN. HOWEVER, WHAN ANOTHER ALREADY ESTABLISHED MODIFIER IS APPROPRIATE IT SHOULD BE USED RATHER THAN MODIFIER -59. ONLY IF NO MORE DESCRIPTIVE MODIFIER IS AVAILABLE, AND THE USE OF MODIFIER -59 BEST EXPLAINS THE CIRCUMSTANCES, SHOULD MODIFIER -59 BE USED. MODIFIER CODE 09959 MAY BE USED AS AN ALTERNATE TO MODIFIER -59.",07/31/2026
58761,70,59,16,10,"DISTINCT PROCEDURAL SERVICE: UNDER CERTAIN CIRCUMSTANCES, THE PHYSICIAN MAY NEED TO INDICATE THAT A PROCEDURE OR SERVICE WAS DISTINCT OR INDEPENDENT FROM OTHER SERVICES PERFORMED ON THE SAME DAY. MODIFIER -59 IS USED TO IDENTIFY PROCEDURES&sol;SERVICES THAT ARE NOT NORMALLY REPORTED TOGETHER, BUT ARE APPROPRIATE UNDER THE CIRCUMSTANCES. THIS MAY REPRESENT A DIFFERENT SESSION OR PATIENT ENCOUNTER, DIFFERENT PROCEDURE OR SURGERY, DIFFERNET SITE OR ORGAN SYSTEM, SEPARATE INCISION&sol;EXCISION, SEPARATE LESION, OR SEPARATE INJURY (OR AREA OF INJURY IN EXTENSIVE INJURIES) NOT ORDINARILY ENCOUNTERED OR PERFORMED ON THE SAME DAY BY THE SAME PHYSICIAN. HOWEVER, WHAN ANOTHER ALREADY ESTABLISHED MODIFIER IS APPROPRIATE IT SHOULD BE USED RATHER THAN MODIFIER -59. ONLY IF NO MORE DESCRIPTIVE MODIFIER IS AVAILABLE, AND THE USE OF MODIFIER -59 BEST EXPLAINS THE CIRCUMSTANCES, SHOULD MODIFIER -59 BE USED. MODIFIER CODE 09959 MAY BE USED AS AN ALTERNATE TO MODIFIER -59.",07/31/2026
58761,70,59,16,11,"DISTINCT PROCEDURAL SERVICE: UNDER CERTAIN CIRCUMSTANCES, THE PHYSICIAN MAY NEED TO INDICATE THAT A PROCEDURE OR SERVICE WAS DISTINCT OR INDEPENDENT FROM OTHER SERVICES PERFORMED ON THE SAME DAY. MODIFIER -59 IS USED TO IDENTIFY PROCEDURES&sol;SERVICES THAT ARE NOT NORMALLY REPORTED TOGETHER, BUT ARE APPROPRIATE UNDER THE CIRCUMSTANCES. THIS MAY REPRESENT A DIFFERENT SESSION OR PATIENT ENCOUNTER, DIFFERENT PROCEDURE OR SURGERY, DIFFERNET SITE OR ORGAN SYSTEM, SEPARATE INCISION&sol;EXCISION, SEPARATE LESION, OR SEPARATE INJURY (OR AREA OF INJURY IN EXTENSIVE INJURIES) NOT ORDINARILY ENCOUNTERED OR PERFORMED ON THE SAME DAY BY THE SAME PHYSICIAN. HOWEVER, WHAN ANOTHER ALREADY ESTABLISHED MODIFIER IS APPROPRIATE IT SHOULD BE USED RATHER THAN MODIFIER -59. ONLY IF NO MORE DESCRIPTIVE MODIFIER IS AVAILABLE, AND THE USE OF MODIFIER -59 BEST EXPLAINS THE CIRCUMSTANCES, SHOULD MODIFIER -59 BE USED. MODIFIER CODE 09959 MAY BE USED AS AN ALTERNATE TO MODIFIER -59.",07/31/2026
58761,70,59,16,12,"DISTINCT PROCEDURAL SERVICE: UNDER CERTAIN CIRCUMSTANCES, THE PHYSICIAN MAY NEED TO INDICATE THAT A PROCEDURE OR SERVICE WAS DISTINCT OR INDEPENDENT FROM OTHER SERVICES PERFORMED ON THE SAME DAY. MODIFIER -59 IS USED TO IDENTIFY PROCEDURES&sol;SERVICES THAT ARE NOT NORMALLY REPORTED TOGETHER, BUT ARE APPROPRIATE UNDER THE CIRCUMSTANCES. THIS MAY REPRESENT A DIFFERENT SESSION OR PATIENT ENCOUNTER, DIFFERENT PROCEDURE OR SURGERY, DIFFERNET SITE OR ORGAN SYSTEM, SEPARATE INCISION&sol;EXCISION, SEPARATE LESION, OR SEPARATE INJURY (OR AREA OF INJURY IN EXTENSIVE INJURIES) NOT ORDINARILY ENCOUNTERED OR PERFORMED ON THE SAME DAY BY THE SAME PHYSICIAN. HOWEVER, WHAN ANOTHER ALREADY ESTABLISHED MODIFIER IS APPROPRIATE IT SHOULD BE USED RATHER THAN MODIFIER -59. ONLY IF NO MORE DESCRIPTIVE MODIFIER IS AVAILABLE, AND THE USE OF MODIFIER -59 BEST EXPLAINS THE CIRCUMSTANCES, SHOULD MODIFIER -59 BE USED. MODIFIER CODE 09959 MAY BE USED AS AN ALTERNATE TO MODIFIER -59.",07/31/2026
58710,92,59,16,1,"DISTINCT PROCEDURAL SERVICE: UNDER CERTAIN CIRCUMSTANCES, THE PHYSICIAN MAY NEED TO INDICATE THAT A PROCEDURE OR SERVICE WAS DISTINCT OR INDEPENDENT FROM OTHER SERVICES PERFORMED ON THE SAME DAY. MODIFIER -59 IS USED TO IDENTIFY PROCEDURES&sol;SERVICES THAT ARE NOT NORMALLY REPORTED TOGETHER, BUT ARE APPROPRIATE UNDER THE CIRCUMSTANCES. THIS MAY REPRESENT A DIFFERENT SESSION OR PATIENT ENCOUNTER, DIFFERENT PROCEDURE OR SURGERY, DIFFERNET SITE OR ORGAN SYSTEM, SEPARATE INCISION&sol;EXCISION, SEPARATE LESION, OR SEPARATE INJURY (OR AREA OF INJURY IN EXTENSIVE INJURIES) NOT ORDINARILY ENCOUNTERED OR PERFORMED ON THE SAME DAY BY THE SAME PHYSICIAN. HOWEVER, WHAN ANOTHER ALREADY ESTABLISHED MODIFIER IS APPROPRIATE IT SHOULD BE USED RATHER THAN MODIFIER -59. ONLY IF NO MORE DESCRIPTIVE MODIFIER IS AVAILABLE, AND THE USE OF MODIFIER -59 BEST EXPLAINS THE CIRCUMSTANCES, SHOULD MODIFIER -59 BE USED. MODIFIER CODE 09959 MAY BE USED AS AN ALTERNATE TO MODIFIER -59.",07/28/2026
58710,92,59,16,2,"DISTINCT PROCEDURAL SERVICE: UNDER CERTAIN CIRCUMSTANCES, THE PHYSICIAN MAY NEED TO INDICATE THAT A PROCEDURE OR SERVICE WAS DISTINCT OR INDEPENDENT FROM OTHER SERVICES PERFORMED ON THE SAME DAY. MODIFIER -59 IS USED TO IDENTIFY PROCEDURES&sol;SERVICES THAT ARE NOT NORMALLY REPORTED TOGETHER, BUT ARE APPROPRIATE UNDER THE CIRCUMSTANCES. THIS MAY REPRESENT A DIFFERENT SESSION OR PATIENT ENCOUNTER, DIFFERENT PROCEDURE OR SURGERY, DIFFERNET SITE OR ORGAN SYSTEM, SEPARATE INCISION&sol;EXCISION, SEPARATE LESION, OR SEPARATE INJURY (OR AREA OF INJURY IN EXTENSIVE INJURIES) NOT ORDINARILY ENCOUNTERED OR PERFORMED ON THE SAME DAY BY THE SAME PHYSICIAN. HOWEVER, WHAN ANOTHER ALREADY ESTABLISHED MODIFIER IS APPROPRIATE IT SHOULD BE USED RATHER THAN MODIFIER -59. ONLY IF NO MORE DESCRIPTIVE MODIFIER IS AVAILABLE, AND THE USE OF MODIFIER -59 BEST EXPLAINS THE CIRCUMSTANCES, SHOULD MODIFIER -59 BE USED. MODIFIER CODE 09959 MAY BE USED AS AN ALTERNATE TO MODIFIER -59.",07/28/2026
58710,92,59,16,3,"DISTINCT PROCEDURAL SERVICE: UNDER CERTAIN CIRCUMSTANCES, THE PHYSICIAN MAY NEED TO INDICATE THAT A PROCEDURE OR SERVICE WAS DISTINCT OR INDEPENDENT FROM OTHER SERVICES PERFORMED ON THE SAME DAY. MODIFIER -59 IS USED TO IDENTIFY PROCEDURES&sol;SERVICES THAT ARE NOT NORMALLY REPORTED TOGETHER, BUT ARE APPROPRIATE UNDER THE CIRCUMSTANCES. THIS MAY REPRESENT A DIFFERENT SESSION OR PATIENT ENCOUNTER, DIFFERENT PROCEDURE OR SURGERY, DIFFERNET SITE OR ORGAN SYSTEM, SEPARATE INCISION&sol;EXCISION, SEPARATE LESION, OR SEPARATE INJURY (OR AREA OF INJURY IN EXTENSIVE INJURIES) NOT ORDINARILY ENCOUNTERED OR PERFORMED ON THE SAME DAY BY THE SAME PHYSICIAN. HOWEVER, WHAN ANOTHER ALREADY ESTABLISHED MODIFIER IS APPROPRIATE IT SHOULD BE USED RATHER THAN MODIFIER -59. ONLY IF NO MORE DESCRIPTIVE MODIFIER IS AVAILABLE, AND THE USE OF MODIFIER -59 BEST EXPLAINS THE CIRCUMSTANCES, SHOULD MODIFIER -59 BE USED. MODIFIER CODE 09959 MAY BE USED AS AN ALTERNATE TO MODIFIER -59.",07/28/2026
58710,92,59,16,4,"DISTINCT PROCEDURAL SERVICE: UNDER CERTAIN CIRCUMSTANCES, THE PHYSICIAN MAY NEED TO INDICATE THAT A PROCEDURE OR SERVICE WAS DISTINCT OR INDEPENDENT FROM OTHER SERVICES PERFORMED ON THE SAME DAY. MODIFIER -59 IS USED TO IDENTIFY PROCEDURES&sol;SERVICES THAT ARE NOT NORMALLY REPORTED TOGETHER, BUT ARE APPROPRIATE UNDER THE CIRCUMSTANCES. THIS MAY REPRESENT A DIFFERENT SESSION OR PATIENT ENCOUNTER, DIFFERENT PROCEDURE OR SURGERY, DIFFERNET SITE OR ORGAN SYSTEM, SEPARATE INCISION&sol;EXCISION, SEPARATE LESION, OR SEPARATE INJURY (OR AREA OF INJURY IN EXTENSIVE INJURIES) NOT ORDINARILY ENCOUNTERED OR PERFORMED ON THE SAME DAY BY THE SAME PHYSICIAN. HOWEVER, WHAN ANOTHER ALREADY ESTABLISHED MODIFIER IS APPROPRIATE IT SHOULD BE USED RATHER THAN MODIFIER -59. ONLY IF NO MORE DESCRIPTIVE MODIFIER IS AVAILABLE, AND THE USE OF MODIFIER -59 BEST EXPLAINS THE CIRCUMSTANCES, SHOULD MODIFIER -59 BE USED. MODIFIER CODE 09959 MAY BE USED AS AN ALTERNATE TO MODIFIER -59.",07/28/2026
58710,92,59,16,5,"DISTINCT PROCEDURAL SERVICE: UNDER CERTAIN CIRCUMSTANCES, THE PHYSICIAN MAY NEED TO INDICATE THAT A PROCEDURE OR SERVICE WAS DISTINCT OR INDEPENDENT FROM OTHER SERVICES PERFORMED ON THE SAME DAY. MODIFIER -59 IS USED TO IDENTIFY PROCEDURES&sol;SERVICES THAT ARE NOT NORMALLY REPORTED TOGETHER, BUT ARE APPROPRIATE UNDER THE CIRCUMSTANCES. THIS MAY REPRESENT A DIFFERENT SESSION OR PATIENT ENCOUNTER, DIFFERENT PROCEDURE OR SURGERY, DIFFERNET SITE OR ORGAN SYSTEM, SEPARATE INCISION&sol;EXCISION, SEPARATE LESION, OR SEPARATE INJURY (OR AREA OF INJURY IN EXTENSIVE INJURIES) NOT ORDINARILY ENCOUNTERED OR PERFORMED ON THE SAME DAY BY THE SAME PHYSICIAN. HOWEVER, WHAN ANOTHER ALREADY ESTABLISHED MODIFIER IS APPROPRIATE IT SHOULD BE USED RATHER THAN MODIFIER -59. ONLY IF NO MORE DESCRIPTIVE MODIFIER IS AVAILABLE, AND THE USE OF MODIFIER -59 BEST EXPLAINS THE CIRCUMSTANCES, SHOULD MODIFIER -59 BE USED. MODIFIER CODE 09959 MAY BE USED AS AN ALTERNATE TO MODIFIER -59.",07/28/2026
58710,92,59,16,6,"DISTINCT PROCEDURAL SERVICE: UNDER CERTAIN CIRCUMSTANCES, THE PHYSICIAN MAY NEED TO INDICATE THAT A PROCEDURE OR SERVICE WAS DISTINCT OR INDEPENDENT FROM OTHER SERVICES PERFORMED ON THE SAME DAY. MODIFIER -59 IS USED TO IDENTIFY PROCEDURES&sol;SERVICES THAT ARE NOT NORMALLY REPORTED TOGETHER, BUT ARE APPROPRIATE UNDER THE CIRCUMSTANCES. THIS MAY REPRESENT A DIFFERENT SESSION OR PATIENT ENCOUNTER, DIFFERENT PROCEDURE OR SURGERY, DIFFERNET SITE OR ORGAN SYSTEM, SEPARATE INCISION&sol;EXCISION, SEPARATE LESION, OR SEPARATE INJURY (OR AREA OF INJURY IN EXTENSIVE INJURIES) NOT ORDINARILY ENCOUNTERED OR PERFORMED ON THE SAME DAY BY THE SAME PHYSICIAN. HOWEVER, WHAN ANOTHER ALREADY ESTABLISHED MODIFIER IS APPROPRIATE IT SHOULD BE USED RATHER THAN MODIFIER -59. ONLY IF NO MORE DESCRIPTIVE MODIFIER IS AVAILABLE, AND THE USE OF MODIFIER -59 BEST EXPLAINS THE CIRCUMSTANCES, SHOULD MODIFIER -59 BE USED. MODIFIER CODE 09959 MAY BE USED AS AN ALTERNATE TO MODIFIER -59.",07/28/2026
58710,92,59,16,7,"DISTINCT PROCEDURAL SERVICE: UNDER CERTAIN CIRCUMSTANCES, THE PHYSICIAN MAY NEED TO INDICATE THAT A PROCEDURE OR SERVICE WAS DISTINCT OR INDEPENDENT FROM OTHER SERVICES PERFORMED ON THE SAME DAY. MODIFIER -59 IS USED TO IDENTIFY PROCEDURES&sol;SERVICES THAT ARE NOT NORMALLY REPORTED TOGETHER, BUT ARE APPROPRIATE UNDER THE CIRCUMSTANCES. THIS MAY REPRESENT A DIFFERENT SESSION OR PATIENT ENCOUNTER, DIFFERENT PROCEDURE OR SURGERY, DIFFERNET SITE OR ORGAN SYSTEM, SEPARATE INCISION&sol;EXCISION, SEPARATE LESION, OR SEPARATE INJURY (OR AREA OF INJURY IN EXTENSIVE INJURIES) NOT ORDINARILY ENCOUNTERED OR PERFORMED ON THE SAME DAY BY THE SAME PHYSICIAN. HOWEVER, WHAN ANOTHER ALREADY ESTABLISHED MODIFIER IS APPROPRIATE IT SHOULD BE USED RATHER THAN MODIFIER -59. ONLY IF NO MORE DESCRIPTIVE MODIFIER IS AVAILABLE, AND THE USE OF MODIFIER -59 BEST EXPLAINS THE CIRCUMSTANCES, SHOULD MODIFIER -59 BE USED. MODIFIER CODE 09959 MAY BE USED AS AN ALTERNATE TO MODIFIER -59.",07/28/2026
58710,92,59,16,8,"DISTINCT PROCEDURAL SERVICE: UNDER CERTAIN CIRCUMSTANCES, THE PHYSICIAN MAY NEED TO INDICATE THAT A PROCEDURE OR SERVICE WAS DISTINCT OR INDEPENDENT FROM OTHER SERVICES PERFORMED ON THE SAME DAY. MODIFIER -59 IS USED TO IDENTIFY PROCEDURES&sol;SERVICES THAT ARE NOT NORMALLY REPORTED TOGETHER, BUT ARE APPROPRIATE UNDER THE CIRCUMSTANCES. THIS MAY REPRESENT A DIFFERENT SESSION OR PATIENT ENCOUNTER, DIFFERENT PROCEDURE OR SURGERY, DIFFERNET SITE OR ORGAN SYSTEM, SEPARATE INCISION&sol;EXCISION, SEPARATE LESION, OR SEPARATE INJURY (OR AREA OF INJURY IN EXTENSIVE INJURIES) NOT ORDINARILY ENCOUNTERED OR PERFORMED ON THE SAME DAY BY THE SAME PHYSICIAN. HOWEVER, WHAN ANOTHER ALREADY ESTABLISHED MODIFIER IS APPROPRIATE IT SHOULD BE USED RATHER THAN MODIFIER -59. ONLY IF NO MORE DESCRIPTIVE MODIFIER IS AVAILABLE, AND THE USE OF MODIFIER -59 BEST EXPLAINS THE CIRCUMSTANCES, SHOULD MODIFIER -59 BE USED. MODIFIER CODE 09959 MAY BE USED AS AN ALTERNATE TO MODIFIER -59.",07/28/2026
58710,92,59,16,9,"DISTINCT PROCEDURAL SERVICE: UNDER CERTAIN CIRCUMSTANCES, THE PHYSICIAN MAY NEED TO INDICATE THAT A PROCEDURE OR SERVICE WAS DISTINCT OR INDEPENDENT FROM OTHER SERVICES PERFORMED ON THE SAME DAY. MODIFIER -59 IS USED TO IDENTIFY PROCEDURES&sol;SERVICES THAT ARE NOT NORMALLY REPORTED TOGETHER, BUT ARE APPROPRIATE UNDER THE CIRCUMSTANCES. THIS MAY REPRESENT A DIFFERENT SESSION OR PATIENT ENCOUNTER, DIFFERENT PROCEDURE OR SURGERY, DIFFERNET SITE OR ORGAN SYSTEM, SEPARATE INCISION&sol;EXCISION, SEPARATE LESION, OR SEPARATE INJURY (OR AREA OF INJURY IN EXTENSIVE INJURIES) NOT ORDINARILY ENCOUNTERED OR PERFORMED ON THE SAME DAY BY THE SAME PHYSICIAN. HOWEVER, WHAN ANOTHER ALREADY ESTABLISHED MODIFIER IS APPROPRIATE IT SHOULD BE USED RATHER THAN MODIFIER -59. ONLY IF NO MORE DESCRIPTIVE MODIFIER IS AVAILABLE, AND THE USE OF MODIFIER -59 BEST EXPLAINS THE CIRCUMSTANCES, SHOULD MODIFIER -59 BE USED. MODIFIER CODE 09959 MAY BE USED AS AN ALTERNATE TO MODIFIER -59.",07/28/2026
58710,92,59,16,10,"DISTINCT PROCEDURAL SERVICE: UNDER CERTAIN CIRCUMSTANCES, THE PHYSICIAN MAY NEED TO INDICATE THAT A PROCEDURE OR SERVICE WAS DISTINCT OR INDEPENDENT FROM OTHER SERVICES PERFORMED ON THE SAME DAY. MODIFIER -59 IS USED TO IDENTIFY PROCEDURES&sol;SERVICES THAT ARE NOT NORMALLY REPORTED TOGETHER, BUT ARE APPROPRIATE UNDER THE CIRCUMSTANCES. THIS MAY REPRESENT A DIFFERENT SESSION OR PATIENT ENCOUNTER, DIFFERENT PROCEDURE OR SURGERY, DIFFERNET SITE OR ORGAN SYSTEM, SEPARATE INCISION&sol;EXCISION, SEPARATE LESION, OR SEPARATE INJURY (OR AREA OF INJURY IN EXTENSIVE INJURIES) NOT ORDINARILY ENCOUNTERED OR PERFORMED ON THE SAME DAY BY THE SAME PHYSICIAN. HOWEVER, WHAN ANOTHER ALREADY ESTABLISHED MODIFIER IS APPROPRIATE IT SHOULD BE USED RATHER THAN MODIFIER -59. ONLY IF NO MORE DESCRIPTIVE MODIFIER IS AVAILABLE, AND THE USE OF MODIFIER -59 BEST EXPLAINS THE CIRCUMSTANCES, SHOULD MODIFIER -59 BE USED. MODIFIER CODE 09959 MAY BE USED AS AN ALTERNATE TO MODIFIER -59.",07/28/2026
58710,92,59,16,11,"DISTINCT PROCEDURAL SERVICE: UNDER CERTAIN CIRCUMSTANCES, THE PHYSICIAN MAY NEED TO INDICATE THAT A PROCEDURE OR SERVICE WAS DISTINCT OR INDEPENDENT FROM OTHER SERVICES PERFORMED ON THE SAME DAY. MODIFIER -59 IS USED TO IDENTIFY PROCEDURES&sol;SERVICES THAT ARE NOT NORMALLY REPORTED TOGETHER, BUT ARE APPROPRIATE UNDER THE CIRCUMSTANCES. THIS MAY REPRESENT A DIFFERENT SESSION OR PATIENT ENCOUNTER, DIFFERENT PROCEDURE OR SURGERY, DIFFERNET SITE OR ORGAN SYSTEM, SEPARATE INCISION&sol;EXCISION, SEPARATE LESION, OR SEPARATE INJURY (OR AREA OF INJURY IN EXTENSIVE INJURIES) NOT ORDINARILY ENCOUNTERED OR PERFORMED ON THE SAME DAY BY THE SAME PHYSICIAN. HOWEVER, WHAN ANOTHER ALREADY ESTABLISHED MODIFIER IS APPROPRIATE IT SHOULD BE USED RATHER THAN MODIFIER -59. ONLY IF NO MORE DESCRIPTIVE MODIFIER IS AVAILABLE, AND THE USE OF MODIFIER -59 BEST EXPLAINS THE CIRCUMSTANCES, SHOULD MODIFIER -59 BE USED. MODIFIER CODE 09959 MAY BE USED AS AN ALTERNATE TO MODIFIER -59.",07/28/2026
58710,92,59,16,12,"DISTINCT PROCEDURAL SERVICE: UNDER CERTAIN CIRCUMSTANCES, THE PHYSICIAN MAY NEED TO INDICATE THAT A PROCEDURE OR SERVICE WAS DISTINCT OR INDEPENDENT FROM OTHER SERVICES PERFORMED ON THE SAME DAY. MODIFIER -59 IS USED TO IDENTIFY PROCEDURES&sol;SERVICES THAT ARE NOT NORMALLY REPORTED TOGETHER, BUT ARE APPROPRIATE UNDER THE CIRCUMSTANCES. THIS MAY REPRESENT A DIFFERENT SESSION OR PATIENT ENCOUNTER, DIFFERENT PROCEDURE OR SURGERY, DIFFERNET SITE OR ORGAN SYSTEM, SEPARATE INCISION&sol;EXCISION, SEPARATE LESION, OR SEPARATE INJURY (OR AREA OF INJURY IN EXTENSIVE INJURIES) NOT ORDINARILY ENCOUNTERED OR PERFORMED ON THE SAME DAY BY THE SAME PHYSICIAN. HOWEVER, WHAN ANOTHER ALREADY ESTABLISHED MODIFIER IS APPROPRIATE IT SHOULD BE USED RATHER THAN MODIFIER -59. ONLY IF NO MORE DESCRIPTIVE MODIFIER IS AVAILABLE, AND THE USE OF MODIFIER -59 BEST EXPLAINS THE CIRCUMSTANCES, SHOULD MODIFIER -59 BE USED. MODIFIER CODE 09959 MAY BE USED AS AN ALTERNATE TO MODIFIER -59.",07/28/2026
58720,90,59,16,1,"DISTINCT PROCEDURAL SERVICE: UNDER CERTAIN CIRCUMSTANCES, THE PHYSICIAN MAY NEED TO INDICATE THAT A PROCEDURE OR SERVICE WAS DISTINCT OR INDEPENDENT FROM OTHER SERVICES PERFORMED ON THE SAME DAY. MODIFIER -59 IS USED TO IDENTIFY PROCEDURES&sol;SERVICES THAT ARE NOT NORMALLY REPORTED TOGETHER, BUT ARE APPROPRIATE UNDER THE CIRCUMSTANCES. THIS MAY REPRESENT A DIFFERENT SESSION OR PATIENT ENCOUNTER, DIFFERENT PROCEDURE OR SURGERY, DIFFERNET SITE OR ORGAN SYSTEM, SEPARATE INCISION&sol;EXCISION, SEPARATE LESION, OR SEPARATE INJURY (OR AREA OF INJURY IN EXTENSIVE INJURIES) NOT ORDINARILY ENCOUNTERED OR PERFORMED ON THE SAME DAY BY THE SAME PHYSICIAN. HOWEVER, WHAN ANOTHER ALREADY ESTABLISHED MODIFIER IS APPROPRIATE IT SHOULD BE USED RATHER THAN MODIFIER -59. ONLY IF NO MORE DESCRIPTIVE MODIFIER IS AVAILABLE, AND THE USE OF MODIFIER -59 BEST EXPLAINS THE CIRCUMSTANCES, SHOULD MODIFIER -59 BE USED. MODIFIER CODE 09959 MAY BE USED AS AN ALTERNATE TO MODIFIER -59.",07/28/2026
58720,90,59,16,2,"DISTINCT PROCEDURAL SERVICE: UNDER CERTAIN CIRCUMSTANCES, THE PHYSICIAN MAY NEED TO INDICATE THAT A PROCEDURE OR SERVICE WAS DISTINCT OR INDEPENDENT FROM OTHER SERVICES PERFORMED ON THE SAME DAY. MODIFIER -59 IS USED TO IDENTIFY PROCEDURES&sol;SERVICES THAT ARE NOT NORMALLY REPORTED TOGETHER, BUT ARE APPROPRIATE UNDER THE CIRCUMSTANCES. THIS MAY REPRESENT A DIFFERENT SESSION OR PATIENT ENCOUNTER, DIFFERENT PROCEDURE OR SURGERY, DIFFERNET SITE OR ORGAN SYSTEM, SEPARATE INCISION&sol;EXCISION, SEPARATE LESION, OR SEPARATE INJURY (OR AREA OF INJURY IN EXTENSIVE INJURIES) NOT ORDINARILY ENCOUNTERED OR PERFORMED ON THE SAME DAY BY THE SAME PHYSICIAN. HOWEVER, WHAN ANOTHER ALREADY ESTABLISHED MODIFIER IS APPROPRIATE IT SHOULD BE USED RATHER THAN MODIFIER -59. ONLY IF NO MORE DESCRIPTIVE MODIFIER IS AVAILABLE, AND THE USE OF MODIFIER -59 BEST EXPLAINS THE CIRCUMSTANCES, SHOULD MODIFIER -59 BE USED. MODIFIER CODE 09959 MAY BE USED AS AN ALTERNATE TO MODIFIER -59.",07/28/2026
58720,90,59,16,3,"DISTINCT PROCEDURAL SERVICE: UNDER CERTAIN CIRCUMSTANCES, THE PHYSICIAN MAY NEED TO INDICATE THAT A PROCEDURE OR SERVICE WAS DISTINCT OR INDEPENDENT FROM OTHER SERVICES PERFORMED ON THE SAME DAY. MODIFIER -59 IS USED TO IDENTIFY PROCEDURES&sol;SERVICES THAT ARE NOT NORMALLY REPORTED TOGETHER, BUT ARE APPROPRIATE UNDER THE CIRCUMSTANCES. THIS MAY REPRESENT A DIFFERENT SESSION OR PATIENT ENCOUNTER, DIFFERENT PROCEDURE OR SURGERY, DIFFERNET SITE OR ORGAN SYSTEM, SEPARATE INCISION&sol;EXCISION, SEPARATE LESION, OR SEPARATE INJURY (OR AREA OF INJURY IN EXTENSIVE INJURIES) NOT ORDINARILY ENCOUNTERED OR PERFORMED ON THE SAME DAY BY THE SAME PHYSICIAN. HOWEVER, WHAN ANOTHER ALREADY ESTABLISHED MODIFIER IS APPROPRIATE IT SHOULD BE USED RATHER THAN MODIFIER -59. ONLY IF NO MORE DESCRIPTIVE MODIFIER IS AVAILABLE, AND THE USE OF MODIFIER -59 BEST EXPLAINS THE CIRCUMSTANCES, SHOULD MODIFIER -59 BE USED. MODIFIER CODE 09959 MAY BE USED AS AN ALTERNATE TO MODIFIER -59.",07/28/2026
58720,90,59,16,4,"DISTINCT PROCEDURAL SERVICE: UNDER CERTAIN CIRCUMSTANCES, THE PHYSICIAN MAY NEED TO INDICATE THAT A PROCEDURE OR SERVICE WAS DISTINCT OR INDEPENDENT FROM OTHER SERVICES PERFORMED ON THE SAME DAY. MODIFIER -59 IS USED TO IDENTIFY PROCEDURES&sol;SERVICES THAT ARE NOT NORMALLY REPORTED TOGETHER, BUT ARE APPROPRIATE UNDER THE CIRCUMSTANCES. THIS MAY REPRESENT A DIFFERENT SESSION OR PATIENT ENCOUNTER, DIFFERENT PROCEDURE OR SURGERY, DIFFERNET SITE OR ORGAN SYSTEM, SEPARATE INCISION&sol;EXCISION, SEPARATE LESION, OR SEPARATE INJURY (OR AREA OF INJURY IN EXTENSIVE INJURIES) NOT ORDINARILY ENCOUNTERED OR PERFORMED ON THE SAME DAY BY THE SAME PHYSICIAN. HOWEVER, WHAN ANOTHER ALREADY ESTABLISHED MODIFIER IS APPROPRIATE IT SHOULD BE USED RATHER THAN MODIFIER -59. ONLY IF NO MORE DESCRIPTIVE MODIFIER IS AVAILABLE, AND THE USE OF MODIFIER -59 BEST EXPLAINS THE CIRCUMSTANCES, SHOULD MODIFIER -59 BE USED. MODIFIER CODE 09959 MAY BE USED AS AN ALTERNATE TO MODIFIER -59.",07/28/2026
58720,90,59,16,5,"DISTINCT PROCEDURAL SERVICE: UNDER CERTAIN CIRCUMSTANCES, THE PHYSICIAN MAY NEED TO INDICATE THAT A PROCEDURE OR SERVICE WAS DISTINCT OR INDEPENDENT FROM OTHER SERVICES PERFORMED ON THE SAME DAY. MODIFIER -59 IS USED TO IDENTIFY PROCEDURES&sol;SERVICES THAT ARE NOT NORMALLY REPORTED TOGETHER, BUT ARE APPROPRIATE UNDER THE CIRCUMSTANCES. THIS MAY REPRESENT A DIFFERENT SESSION OR PATIENT ENCOUNTER, DIFFERENT PROCEDURE OR SURGERY, DIFFERNET SITE OR ORGAN SYSTEM, SEPARATE INCISION&sol;EXCISION, SEPARATE LESION, OR SEPARATE INJURY (OR AREA OF INJURY IN EXTENSIVE INJURIES) NOT ORDINARILY ENCOUNTERED OR PERFORMED ON THE SAME DAY BY THE SAME PHYSICIAN. HOWEVER, WHAN ANOTHER ALREADY ESTABLISHED MODIFIER IS APPROPRIATE IT SHOULD BE USED RATHER THAN MODIFIER -59. ONLY IF NO MORE DESCRIPTIVE MODIFIER IS AVAILABLE, AND THE USE OF MODIFIER -59 BEST EXPLAINS THE CIRCUMSTANCES, SHOULD MODIFIER -59 BE USED. MODIFIER CODE 09959 MAY BE USED AS AN ALTERNATE TO MODIFIER -59.",07/28/2026
58720,90,59,16,6,"DISTINCT PROCEDURAL SERVICE: UNDER CERTAIN CIRCUMSTANCES, THE PHYSICIAN MAY NEED TO INDICATE THAT A PROCEDURE OR SERVICE WAS DISTINCT OR INDEPENDENT FROM OTHER SERVICES PERFORMED ON THE SAME DAY. MODIFIER -59 IS USED TO IDENTIFY PROCEDURES&sol;SERVICES THAT ARE NOT NORMALLY REPORTED TOGETHER, BUT ARE APPROPRIATE UNDER THE CIRCUMSTANCES. THIS MAY REPRESENT A DIFFERENT SESSION OR PATIENT ENCOUNTER, DIFFERENT PROCEDURE OR SURGERY, DIFFERNET SITE OR ORGAN SYSTEM, SEPARATE INCISION&sol;EXCISION, SEPARATE LESION, OR SEPARATE INJURY (OR AREA OF INJURY IN EXTENSIVE INJURIES) NOT ORDINARILY ENCOUNTERED OR PERFORMED ON THE SAME DAY BY THE SAME PHYSICIAN. HOWEVER, WHAN ANOTHER ALREADY ESTABLISHED MODIFIER IS APPROPRIATE IT SHOULD BE USED RATHER THAN MODIFIER -59. ONLY IF NO MORE DESCRIPTIVE MODIFIER IS AVAILABLE, AND THE USE OF MODIFIER -59 BEST EXPLAINS THE CIRCUMSTANCES, SHOULD MODIFIER -59 BE USED. MODIFIER CODE 09959 MAY BE USED AS AN ALTERNATE TO MODIFIER -59.",07/28/2026
58720,90,59,16,7,"DISTINCT PROCEDURAL SERVICE: UNDER CERTAIN CIRCUMSTANCES, THE PHYSICIAN MAY NEED TO INDICATE THAT A PROCEDURE OR SERVICE WAS DISTINCT OR INDEPENDENT FROM OTHER SERVICES PERFORMED ON THE SAME DAY. MODIFIER -59 IS USED TO IDENTIFY PROCEDURES&sol;SERVICES THAT ARE NOT NORMALLY REPORTED TOGETHER, BUT ARE APPROPRIATE UNDER THE CIRCUMSTANCES. THIS MAY REPRESENT A DIFFERENT SESSION OR PATIENT ENCOUNTER, DIFFERENT PROCEDURE OR SURGERY, DIFFERNET SITE OR ORGAN SYSTEM, SEPARATE INCISION&sol;EXCISION, SEPARATE LESION, OR SEPARATE INJURY (OR AREA OF INJURY IN EXTENSIVE INJURIES) NOT ORDINARILY ENCOUNTERED OR PERFORMED ON THE SAME DAY BY THE SAME PHYSICIAN. HOWEVER, WHAN ANOTHER ALREADY ESTABLISHED MODIFIER IS APPROPRIATE IT SHOULD BE USED RATHER THAN MODIFIER -59. ONLY IF NO MORE DESCRIPTIVE MODIFIER IS AVAILABLE, AND THE USE OF MODIFIER -59 BEST EXPLAINS THE CIRCUMSTANCES, SHOULD MODIFIER -59 BE USED. MODIFIER CODE 09959 MAY BE USED AS AN ALTERNATE TO MODIFIER -59.",07/28/2026
58720,90,59,16,8,"DISTINCT PROCEDURAL SERVICE: UNDER CERTAIN CIRCUMSTANCES, THE PHYSICIAN MAY NEED TO INDICATE THAT A PROCEDURE OR SERVICE WAS DISTINCT OR INDEPENDENT FROM OTHER SERVICES PERFORMED ON THE SAME DAY. MODIFIER -59 IS USED TO IDENTIFY PROCEDURES&sol;SERVICES THAT ARE NOT NORMALLY REPORTED TOGETHER, BUT ARE APPROPRIATE UNDER THE CIRCUMSTANCES. THIS MAY REPRESENT A DIFFERENT SESSION OR PATIENT ENCOUNTER, DIFFERENT PROCEDURE OR SURGERY, DIFFERNET SITE OR ORGAN SYSTEM, SEPARATE INCISION&sol;EXCISION, SEPARATE LESION, OR SEPARATE INJURY (OR AREA OF INJURY IN EXTENSIVE INJURIES) NOT ORDINARILY ENCOUNTERED OR PERFORMED ON THE SAME DAY BY THE SAME PHYSICIAN. HOWEVER, WHAN ANOTHER ALREADY ESTABLISHED MODIFIER IS APPROPRIATE IT SHOULD BE USED RATHER THAN MODIFIER -59. ONLY IF NO MORE DESCRIPTIVE MODIFIER IS AVAILABLE, AND THE USE OF MODIFIER -59 BEST EXPLAINS THE CIRCUMSTANCES, SHOULD MODIFIER -59 BE USED. MODIFIER CODE 09959 MAY BE USED AS AN ALTERNATE TO MODIFIER -59.",07/28/2026
58720,90,59,16,9,"DISTINCT PROCEDURAL SERVICE: UNDER CERTAIN CIRCUMSTANCES, THE PHYSICIAN MAY NEED TO INDICATE THAT A PROCEDURE OR SERVICE WAS DISTINCT OR INDEPENDENT FROM OTHER SERVICES PERFORMED ON THE SAME DAY. MODIFIER -59 IS USED TO IDENTIFY PROCEDURES&sol;SERVICES THAT ARE NOT NORMALLY REPORTED TOGETHER, BUT ARE APPROPRIATE UNDER THE CIRCUMSTANCES. THIS MAY REPRESENT A DIFFERENT SESSION OR PATIENT ENCOUNTER, DIFFERENT PROCEDURE OR SURGERY, DIFFERNET SITE OR ORGAN SYSTEM, SEPARATE INCISION&sol;EXCISION, SEPARATE LESION, OR SEPARATE INJURY (OR AREA OF INJURY IN EXTENSIVE INJURIES) NOT ORDINARILY ENCOUNTERED OR PERFORMED ON THE SAME DAY BY THE SAME PHYSICIAN. HOWEVER, WHAN ANOTHER ALREADY ESTABLISHED MODIFIER IS APPROPRIATE IT SHOULD BE USED RATHER THAN MODIFIER -59. ONLY IF NO MORE DESCRIPTIVE MODIFIER IS AVAILABLE, AND THE USE OF MODIFIER -59 BEST EXPLAINS THE CIRCUMSTANCES, SHOULD MODIFIER -59 BE USED. MODIFIER CODE 09959 MAY BE USED AS AN ALTERNATE TO MODIFIER -59.",07/28/2026
58720,90,59,16,10,"DISTINCT PROCEDURAL SERVICE: UNDER CERTAIN CIRCUMSTANCES, THE PHYSICIAN MAY NEED TO INDICATE THAT A PROCEDURE OR SERVICE WAS DISTINCT OR INDEPENDENT FROM OTHER SERVICES PERFORMED ON THE SAME DAY. MODIFIER -59 IS USED TO IDENTIFY PROCEDURES&sol;SERVICES THAT ARE NOT NORMALLY REPORTED TOGETHER, BUT ARE APPROPRIATE UNDER THE CIRCUMSTANCES. THIS MAY REPRESENT A DIFFERENT SESSION OR PATIENT ENCOUNTER, DIFFERENT PROCEDURE OR SURGERY, DIFFERNET SITE OR ORGAN SYSTEM, SEPARATE INCISION&sol;EXCISION, SEPARATE LESION, OR SEPARATE INJURY (OR AREA OF INJURY IN EXTENSIVE INJURIES) NOT ORDINARILY ENCOUNTERED OR PERFORMED ON THE SAME DAY BY THE SAME PHYSICIAN. HOWEVER, WHAN ANOTHER ALREADY ESTABLISHED MODIFIER IS APPROPRIATE IT SHOULD BE USED RATHER THAN MODIFIER -59. ONLY IF NO MORE DESCRIPTIVE MODIFIER IS AVAILABLE, AND THE USE OF MODIFIER -59 BEST EXPLAINS THE CIRCUMSTANCES, SHOULD MODIFIER -59 BE USED. MODIFIER CODE 09959 MAY BE USED AS AN ALTERNATE TO MODIFIER -59.",07/28/2026
58720,90,59,16,11,"DISTINCT PROCEDURAL SERVICE: UNDER CERTAIN CIRCUMSTANCES, THE PHYSICIAN MAY NEED TO INDICATE THAT A PROCEDURE OR SERVICE WAS DISTINCT OR INDEPENDENT FROM OTHER SERVICES PERFORMED ON THE SAME DAY. MODIFIER -59 IS USED TO IDENTIFY PROCEDURES&sol;SERVICES THAT ARE NOT NORMALLY REPORTED TOGETHER, BUT ARE APPROPRIATE UNDER THE CIRCUMSTANCES. THIS MAY REPRESENT A DIFFERENT SESSION OR PATIENT ENCOUNTER, DIFFERENT PROCEDURE OR SURGERY, DIFFERNET SITE OR ORGAN SYSTEM, SEPARATE INCISION&sol;EXCISION, SEPARATE LESION, OR SEPARATE INJURY (OR AREA OF INJURY IN EXTENSIVE INJURIES) NOT ORDINARILY ENCOUNTERED OR PERFORMED ON THE SAME DAY BY THE SAME PHYSICIAN. HOWEVER, WHAN ANOTHER ALREADY ESTABLISHED MODIFIER IS APPROPRIATE IT SHOULD BE USED RATHER THAN MODIFIER -59. ONLY IF NO MORE DESCRIPTIVE MODIFIER IS AVAILABLE, AND THE USE OF MODIFIER -59 BEST EXPLAINS THE CIRCUMSTANCES, SHOULD MODIFIER -59 BE USED. MODIFIER CODE 09959 MAY BE USED AS AN ALTERNATE TO MODIFIER -59.",07/28/2026
58720,90,59,16,12,"DISTINCT PROCEDURAL SERVICE: UNDER CERTAIN CIRCUMSTANCES, THE PHYSICIAN MAY NEED TO INDICATE THAT A PROCEDURE OR SERVICE WAS DISTINCT OR INDEPENDENT FROM OTHER SERVICES PERFORMED ON THE SAME DAY. MODIFIER -59 IS USED TO IDENTIFY PROCEDURES&sol;SERVICES THAT ARE NOT NORMALLY REPORTED TOGETHER, BUT ARE APPROPRIATE UNDER THE CIRCUMSTANCES. THIS MAY REPRESENT A DIFFERENT SESSION OR PATIENT ENCOUNTER, DIFFERENT PROCEDURE OR SURGERY, DIFFERNET SITE OR ORGAN SYSTEM, SEPARATE INCISION&sol;EXCISION, SEPARATE LESION, OR SEPARATE INJURY (OR AREA OF INJURY IN EXTENSIVE INJURIES) NOT ORDINARILY ENCOUNTERED OR PERFORMED ON THE SAME DAY BY THE SAME PHYSICIAN. HOWEVER, WHAN ANOTHER ALREADY ESTABLISHED MODIFIER IS APPROPRIATE IT SHOULD BE USED RATHER THAN MODIFIER -59. ONLY IF NO MORE DESCRIPTIVE MODIFIER IS AVAILABLE, AND THE USE OF MODIFIER -59 BEST EXPLAINS THE CIRCUMSTANCES, SHOULD MODIFIER -59 BE USED. MODIFIER CODE 09959 MAY BE USED AS AN ALTERNATE TO MODIFIER -59.",07/28/2026
59807,8,50,16,1,"BILATERAL PROCEDURE: UNLESS OTHERWISE IDENTIFIED IN THE LISTINGS, BILATERAL PROCEDURES THAT ARE PERFORMED AT THE SAME OPERATIVE SESSION SHOULD BE IDENTIFIED BY ADDING THE MODIFIER -50 TO THE APPROPRIATE FIVE DIGIT CODE OR BY USE OF THE SEPARATE FIVE DIGIT MODIFIER CODE 09950",07/27/2026
59807,8,LT,16,1,LEFT SIDE (USED TO IDENTIFY PROCEDURES PERFORMED ON THE LEFT SIDE OF THE BODY),07/27/2026
59807,8,RT,16,1,RIGHT SIDE (USED TO IDENTIFY PROCEDURES PERFORMED ON THE RIGHT SIDE OF THE BODY),07/27/2026
57141,47,77,16,1,REPEAT PROCEDURE BY ANOTHER PHYSICIAN: THE PHYSICIAN MAY NEED TO INDICATE THAT A BASIC PROCEDURE OR SERVICE PERFORMED BY ANOTHER PHYSICIAN HAD TO BE REPEATED. THIS SITUATION MAY BE REPORTED BY ADDING MODIFIER -77 TO THE REPEATED PROCEDURE&sol;SERVICE OR THE SEPARATE FIVE DIGIT MODIFIER CODE 09977 MAY BE USED.,07/24/2026
57331,61,77,16,1,REPEAT PROCEDURE BY ANOTHER PHYSICIAN: THE PHYSICIAN MAY NEED TO INDICATE THAT A BASIC PROCEDURE OR SERVICE PERFORMED BY ANOTHER PHYSICIAN HAD TO BE REPEATED. THIS SITUATION MAY BE REPORTED BY ADDING MODIFIER -77 TO THE REPEATED PROCEDURE&sol;SERVICE OR THE SEPARATE FIVE DIGIT MODIFIER CODE 09977 MAY BE USED.,07/24/2026
58017,55,77,16,1,REPEAT PROCEDURE BY ANOTHER PHYSICIAN: THE PHYSICIAN MAY NEED TO INDICATE THAT A BASIC PROCEDURE OR SERVICE PERFORMED BY ANOTHER PHYSICIAN HAD TO BE REPEATED. THIS SITUATION MAY BE REPORTED BY ADDING MODIFIER -77 TO THE REPEATED PROCEDURE&sol;SERVICE OR THE SEPARATE FIVE DIGIT MODIFIER CODE 09977 MAY BE USED.,07/24/2026
57482,25,25,16,1,"SIGNIFICANT, SEPARATELY IDENTIFIABLE EVALUATION AND MANAGEMENT SERVICE BY THE SAME PHYSICIAN ON THE SAME DAY OF THE PROCEDURE OR OTHER SERVICE: THE PHYSICIAN MAY NEED TO INDICATE THAT ON THE DAY A PROCEDURE OR SERVICE IDENTIFIED BY A CPTCODE WAS PERFORMED, THE PATIENT&#39;S CONDITION REQUIRED A SIGNIFICANT, SEPARATELY IDENTIFIABLE E&sol;M SERVICE ABOVE AND BEYOND THE OTHER SERVICE PROVIDED OR BEYOND THE USUAL PREOPERATIVE AND POSTOPERATIVE CARE ASSOCIATED WITH THE PROCEDURE THAT WAS PERFORMED. THE E&sol;M SERVICE MAY BE PROMPTED BY THE SYMPTOM OR CONDITION FOR WHICH THE PROCEDURE AND&sol;OR SERVICE WAS PROVIDED. AS SUCH, DIFFERENT DIAGNOSES ARE NOT REQUIRED FOR REPORTING OF THE E&sol;M SERVICES ON THE SAME DATE. THIS CIRCUMSTANCE MAY BE REPORTED BY ADDING THE MODIFIER -25 TO THE APPROPRIATE LEVEL OF E&sol;M SERVICE, OR THE SEPARATE FIVE DIGIT MODIFIER 09925 MAY BE USED. NOTE: THIS MODIFIER IS NOT USED TO REPORT AN E&sol;M SERVICE THAT RESULTED IN A DECISION TO PERFORM SURGERY. SEE MODIFIER -57.",07/24/2026
57482,25,57,16,1,"DECISION FOR SURGERY: AN EVALUATION AND MANAGEMENT SERVICE THAT RESULTED IN THE INITIAL DECISION TO PERFORM THE SURGERY, MAY BE IDENTIFIED BY ADDING THE MODIFIER -57 TO THE APPROPRIATE LEVEL OF E&sol;M SERVICE, OR THE SEPARATE FIVE DIGIT MODIFIER 09957 MAY BE USED.",07/24/2026
57482,25,GY,16,1,"ITEM OR SERVICE STATUTORILY EXCLUDED, DOES NOT MEET THE DEFINITION OF ANY MEDICARE BENEFIT OR, FOR NON-MEDICARE INSURERS, IS NOT A CONTRACT BENEFIT",07/24/2026
57477,15,59,16,1,"DISTINCT PROCEDURAL SERVICE: UNDER CERTAIN CIRCUMSTANCES, THE PHYSICIAN MAY NEED TO INDICATE THAT A PROCEDURE OR SERVICE WAS DISTINCT OR INDEPENDENT FROM OTHER SERVICES PERFORMED ON THE SAME DAY. MODIFIER -59 IS USED TO IDENTIFY PROCEDURES&sol;SERVICES THAT ARE NOT NORMALLY REPORTED TOGETHER, BUT ARE APPROPRIATE UNDER THE CIRCUMSTANCES. THIS MAY REPRESENT A DIFFERENT SESSION OR PATIENT ENCOUNTER, DIFFERENT PROCEDURE OR SURGERY, DIFFERNET SITE OR ORGAN SYSTEM, SEPARATE INCISION&sol;EXCISION, SEPARATE LESION, OR SEPARATE INJURY (OR AREA OF INJURY IN EXTENSIVE INJURIES) NOT ORDINARILY ENCOUNTERED OR PERFORMED ON THE SAME DAY BY THE SAME PHYSICIAN. HOWEVER, WHAN ANOTHER ALREADY ESTABLISHED MODIFIER IS APPROPRIATE IT SHOULD BE USED RATHER THAN MODIFIER -59. ONLY IF NO MORE DESCRIPTIVE MODIFIER IS AVAILABLE, AND THE USE OF MODIFIER -59 BEST EXPLAINS THE CIRCUMSTANCES, SHOULD MODIFIER -59 BE USED. MODIFIER CODE 09959 MAY BE USED AS AN ALTERNATE TO MODIFIER -59.",07/24/2026
57100,51,77,16,1,REPEAT PROCEDURE BY ANOTHER PHYSICIAN: THE PHYSICIAN MAY NEED TO INDICATE THAT A BASIC PROCEDURE OR SERVICE PERFORMED BY ANOTHER PHYSICIAN HAD TO BE REPEATED. THIS SITUATION MAY BE REPORTED BY ADDING MODIFIER -77 TO THE REPEATED PROCEDURE&sol;SERVICE OR THE SEPARATE FIVE DIGIT MODIFIER CODE 09977 MAY BE USED.,07/24/2026
57114,21,KX,16,1,REQUIREMENTS SPECIFIED IN THE MEDICAL POLICY HAVE BEEN MET,07/17/2026
57751,28,KX,16,1,REQUIREMENTS SPECIFIED IN THE MEDICAL POLICY HAVE BEEN MET,07/17/2026
58364,39,50,16,1,"BILATERAL PROCEDURE: UNLESS OTHERWISE IDENTIFIED IN THE LISTINGS, BILATERAL PROCEDURES THAT ARE PERFORMED AT THE SAME OPERATIVE SESSION SHOULD BE IDENTIFIED BY ADDING THE MODIFIER -50 TO THE APPROPRIATE FIVE DIGIT CODE OR BY USE OF THE SEPARATE FIVE DIGIT MODIFIER CODE 09950",07/17/2026
58364,39,KX,16,1,REQUIREMENTS SPECIFIED IN THE MEDICAL POLICY HAVE BEEN MET,07/17/2026
58364,39,LT,16,1,LEFT SIDE (USED TO IDENTIFY PROCEDURES PERFORMED ON THE LEFT SIDE OF THE BODY),07/17/2026
58364,39,RT,16,1,RIGHT SIDE (USED TO IDENTIFY PROCEDURES PERFORMED ON THE RIGHT SIDE OF THE BODY),07/17/2026
56394,32,KX,16,1,REQUIREMENTS SPECIFIED IN THE MEDICAL POLICY HAVE BEEN MET,07/16/2026
56199,130,91,15,1,"REPEAT CLINICAL DIAGNOSTIC LABORATORY TEST: IN THE COURSE OF TREATMENT OF THE PATIENT, IT MAY BE NECESSARY TO REPEAT THE SAME LABORATORY TEST ON THE SAME DAY TO OBTAIN SUBSEQUENT (MULTIPLE) TEST RESULTS. UNDER THESE CIRCUMSTANCES, THE LABORATORY TEST PERFORMED CAN BE IDENTIFIED BY ITS USUAL PROCEDURE NUMBER AND THE ADDITION OF THE MODIFIER &#39;-91&#39;. NOTE: THIS MODIFIER MAY NOT BE USED WHEN TESTS ARE RERUN TO CONFIRM INITIAL RESULTS; DUE TO TESTING PROBLEMS WITH SPECIMENS OR EQUIPMENT; OR FOR ANY OTHER REASON WHEN A NORMAL, ONE-TIME, REPORTABLE RESULT IS ALL THAT IS REQUIRED. THIS MODIFIER MAY NOT BE USED WHEN OTHER CODE(S) DESCRIBE A SERIES OF TEST RESULTS (E.G., GLUCOSE TOLERANCE TESTS, EVOCATIVE&sol;SUPPRESSION TESTING). THIS MODIFIER MAY ONLY BE USED FOR LABORATORY TEST(S) PERFORMED MORE THAN ONCE ON THE SAME DAY ON THE SAME PATIENT.",07/16/2026
60381,3,EA,15,1,ERYTHROPOIETIC STIMULATING AGENT (ESA) ADMINISTERED TO TREAT ANEMIA DUE TO ANTI-CANCER CHEMOTHERAPY,07/16/2026
60381,3,EB,15,1,ERYTHROPOIETIC STIMULATING AGENT (ESA) ADMINISTERED TO TREAT ANEMIA DUE TO ANTI-CANCER RADIOTHERAPY,07/16/2026
60381,3,EC,15,1,ERYTHROPOIETIC STIMULATING AGENT (ESA) ADMINISTERED TO TREAT ANEMIA NOT DUE TO ANTI-CANCER RADIOTHERAPY OR ANTI-CANCER CHEMOTHERAPY,07/16/2026
60381,3,ED,15,1,HEMATOCRIT LEVEL HAS EXCEEDED 39% (OR HEMOGLOBIN LEVEL HAS EXCEEDED 13.0 G&sol;DL) FOR 3 OR MORE CONSECUTIVE BILLING CYCLES IMMEDIATELY PRIOR TO AND INCLUDING THE CURRENT CYCLE,07/16/2026
60381,3,EE,15,1,HEMATOCRIT LEVEL HAS NOT EXCEEDED 39% (OR HEMOGLOBIN LEVEL HAS NOT EXCEEDED 13.0 G&sol;DL) FOR 3 OR MORE CONSECUTIVE BILLING CYCLES IMMEDIATELY PRIOR TO AND INCLUDING THE CURRENT CYCLE,07/16/2026
60381,3,GA,15,1,"WAIVER OF LIABILITY STATEMENT ISSUED AS REQUIRED BY PAYER POLICY, INDIVIDUAL CASE",07/16/2026
60381,3,GX,15,1,"NOTICE OF LIABILITY ISSUED, VOLUNTARY UNDER PAYER POLICY",07/16/2026
60381,3,GY,15,1,"ITEM OR SERVICE STATUTORILY EXCLUDED, DOES NOT MEET THE DEFINITION OF ANY MEDICARE BENEFIT OR, FOR NON-MEDICARE INSURERS, IS NOT A CONTRACT BENEFIT",07/16/2026
60381,3,GZ,15,1,ITEM OR SERVICE EXPECTED TO BE DENIED AS NOT REASONABLE AND NECESSARY,07/16/2026
60381,3,JA,15,1,ADMINISTERED INTRAVENOUSLY,07/16/2026
60381,3,JB,15,1,ADMINISTERED SUBCUTANEOUSLY,07/16/2026
60381,3,JE,15,1,ADMINISTERED VIA DIALYSATE,07/16/2026
56588,33,50,15,1,"BILATERAL PROCEDURE: UNLESS OTHERWISE IDENTIFIED IN THE LISTINGS, BILATERAL PROCEDURES THAT ARE PERFORMED AT THE SAME OPERATIVE SESSION SHOULD BE IDENTIFIED BY ADDING THE MODIFIER -50 TO THE APPROPRIATE FIVE DIGIT CODE OR BY USE OF THE SEPARATE FIVE DIGIT MODIFIER CODE 09950",07/16/2026
56588,33,LT,15,1,LEFT SIDE (USED TO IDENTIFY PROCEDURES PERFORMED ON THE LEFT SIDE OF THE BODY),07/16/2026
56588,33,RT,15,1,RIGHT SIDE (USED TO IDENTIFY PROCEDURES PERFORMED ON THE RIGHT SIDE OF THE BODY),07/16/2026
59915,27,59,15,1,"DISTINCT PROCEDURAL SERVICE: UNDER CERTAIN CIRCUMSTANCES, THE PHYSICIAN MAY NEED TO INDICATE THAT A PROCEDURE OR SERVICE WAS DISTINCT OR INDEPENDENT FROM OTHER SERVICES PERFORMED ON THE SAME DAY. MODIFIER -59 IS USED TO IDENTIFY PROCEDURES&sol;SERVICES THAT ARE NOT NORMALLY REPORTED TOGETHER, BUT ARE APPROPRIATE UNDER THE CIRCUMSTANCES. THIS MAY REPRESENT A DIFFERENT SESSION OR PATIENT ENCOUNTER, DIFFERENT PROCEDURE OR SURGERY, DIFFERNET SITE OR ORGAN SYSTEM, SEPARATE INCISION&sol;EXCISION, SEPARATE LESION, OR SEPARATE INJURY (OR AREA OF INJURY IN EXTENSIVE INJURIES) NOT ORDINARILY ENCOUNTERED OR PERFORMED ON THE SAME DAY BY THE SAME PHYSICIAN. HOWEVER, WHAN ANOTHER ALREADY ESTABLISHED MODIFIER IS APPROPRIATE IT SHOULD BE USED RATHER THAN MODIFIER -59. ONLY IF NO MORE DESCRIPTIVE MODIFIER IS AVAILABLE, AND THE USE OF MODIFIER -59 BEST EXPLAINS THE CIRCUMSTANCES, SHOULD MODIFIER -59 BE USED. MODIFIER CODE 09959 MAY BE USED AS AN ALTERNATE TO MODIFIER -59.",07/15/2026
57759,36,Q7,14,1,ONE CLASS A FINDING,07/14/2026
57759,36,Q8,14,1,TWO CLASS B FINDINGS,07/14/2026
57759,36,Q9,14,1,ONE CLASS B AND TWO CLASS C FINDINGS,07/14/2026
60176,18,GY,15,1,"ITEM OR SERVICE STATUTORILY EXCLUDED, DOES NOT MEET THE DEFINITION OF ANY MEDICARE BENEFIT OR, FOR NON-MEDICARE INSURERS, IS NOT A CONTRACT BENEFIT",07/14/2026
60176,18,GZ,15,1,ITEM OR SERVICE EXPECTED TO BE DENIED AS NOT REASONABLE AND NECESSARY,07/14/2026
60176,18,KX,15,1,REQUIREMENTS SPECIFIED IN THE MEDICAL POLICY HAVE BEEN MET,07/14/2026
57092,25,52,14,1,"REDUCED SERVICES: UNDER CERTAIN CIRCUMSTANCES A SERVICE OR PROCEDURE IS PARTIALLY REDUCED OR ELIMINATED AT THE PHYSICIAN&#39;S DISCRETION. UNDER THESE CIRCUMSTANCES THE SERVICE PROVIDED CAN BE IDENTIFIED BY ITS USUAL PROCEDURE NUMBER AND THE ADDITION OF THE MODIFIER -52, SIGNIFYING THAT THE SERVICE IS REDUCED. THIS PROVIDES A MEANS OF REPORTING REDUCED SERVICES WITHOUT DISTURBING THE IDENTIFICATION OF THE BASIC SERVICE. MODIFIER CODE 09952 MAY BE USED AS AN ALTERNATIVE TO MODIFIER -52. NOTE: FOR HOSPITAL OUTPATIENT REPORTING OF A PREVIOUSLY SCHEDULED PROCEDURE&sol;SERVICE THAT IS PARTIALLY REDUCED OR CANCELLED AS A RESULT OF EXTENUATING CIRCUMSTANCES OR THOSE THAT THREATEN THE WELL-BEING OF THE PATIENT PRIOR TO OR AFTER ADMINISTRATION OF ANESTHESIA, SEE MODIFIERS -73 AND -74 (SEE MODIFIERS APPROVED FOR ASC HOSPITAL OUTPATIENT USE).",07/14/2026
57826,37,50,15,1,"BILATERAL PROCEDURE: UNLESS OTHERWISE IDENTIFIED IN THE LISTINGS, BILATERAL PROCEDURES THAT ARE PERFORMED AT THE SAME OPERATIVE SESSION SHOULD BE IDENTIFIED BY ADDING THE MODIFIER -50 TO THE APPROPRIATE FIVE DIGIT CODE OR BY USE OF THE SEPARATE FIVE DIGIT MODIFIER CODE 09950",07/14/2026
57826,37,KX,15,1,REQUIREMENTS SPECIFIED IN THE MEDICAL POLICY HAVE BEEN MET,07/14/2026
57826,37,LT,15,1,LEFT SIDE (USED TO IDENTIFY PROCEDURES PERFORMED ON THE LEFT SIDE OF THE BODY),07/14/2026
57826,37,RT,15,1,RIGHT SIDE (USED TO IDENTIFY PROCEDURES PERFORMED ON THE RIGHT SIDE OF THE BODY),07/14/2026
58745,21,50,14,1,"BILATERAL PROCEDURE: UNLESS OTHERWISE IDENTIFIED IN THE LISTINGS, BILATERAL PROCEDURES THAT ARE PERFORMED AT THE SAME OPERATIVE SESSION SHOULD BE IDENTIFIED BY ADDING THE MODIFIER -50 TO THE APPROPRIATE FIVE DIGIT CODE OR BY USE OF THE SEPARATE FIVE DIGIT MODIFIER CODE 09950",07/14/2026
58745,21,KX,14,1,REQUIREMENTS SPECIFIED IN THE MEDICAL POLICY HAVE BEEN MET,07/14/2026
58745,21,LT,14,1,LEFT SIDE (USED TO IDENTIFY PROCEDURES PERFORMED ON THE LEFT SIDE OF THE BODY),07/14/2026
58745,21,RT,14,1,RIGHT SIDE (USED TO IDENTIFY PROCEDURES PERFORMED ON THE RIGHT SIDE OF THE BODY),07/14/2026
58918,90,59,16,1,"DISTINCT PROCEDURAL SERVICE: UNDER CERTAIN CIRCUMSTANCES, THE PHYSICIAN MAY NEED TO INDICATE THAT A PROCEDURE OR SERVICE WAS DISTINCT OR INDEPENDENT FROM OTHER SERVICES PERFORMED ON THE SAME DAY. MODIFIER -59 IS USED TO IDENTIFY PROCEDURES&sol;SERVICES THAT ARE NOT NORMALLY REPORTED TOGETHER, BUT ARE APPROPRIATE UNDER THE CIRCUMSTANCES. THIS MAY REPRESENT A DIFFERENT SESSION OR PATIENT ENCOUNTER, DIFFERENT PROCEDURE OR SURGERY, DIFFERNET SITE OR ORGAN SYSTEM, SEPARATE INCISION&sol;EXCISION, SEPARATE LESION, OR SEPARATE INJURY (OR AREA OF INJURY IN EXTENSIVE INJURIES) NOT ORDINARILY ENCOUNTERED OR PERFORMED ON THE SAME DAY BY THE SAME PHYSICIAN. HOWEVER, WHAN ANOTHER ALREADY ESTABLISHED MODIFIER IS APPROPRIATE IT SHOULD BE USED RATHER THAN MODIFIER -59. ONLY IF NO MORE DESCRIPTIVE MODIFIER IS AVAILABLE, AND THE USE OF MODIFIER -59 BEST EXPLAINS THE CIRCUMSTANCES, SHOULD MODIFIER -59 BE USED. MODIFIER CODE 09959 MAY BE USED AS AN ALTERNATE TO MODIFIER -59.",07/10/2026
58917,101,59,16,1,"DISTINCT PROCEDURAL SERVICE: UNDER CERTAIN CIRCUMSTANCES, THE PHYSICIAN MAY NEED TO INDICATE THAT A PROCEDURE OR SERVICE WAS DISTINCT OR INDEPENDENT FROM OTHER SERVICES PERFORMED ON THE SAME DAY. MODIFIER -59 IS USED TO IDENTIFY PROCEDURES&sol;SERVICES THAT ARE NOT NORMALLY REPORTED TOGETHER, BUT ARE APPROPRIATE UNDER THE CIRCUMSTANCES. THIS MAY REPRESENT A DIFFERENT SESSION OR PATIENT ENCOUNTER, DIFFERENT PROCEDURE OR SURGERY, DIFFERNET SITE OR ORGAN SYSTEM, SEPARATE INCISION&sol;EXCISION, SEPARATE LESION, OR SEPARATE INJURY (OR AREA OF INJURY IN EXTENSIVE INJURIES) NOT ORDINARILY ENCOUNTERED OR PERFORMED ON THE SAME DAY BY THE SAME PHYSICIAN. HOWEVER, WHAN ANOTHER ALREADY ESTABLISHED MODIFIER IS APPROPRIATE IT SHOULD BE USED RATHER THAN MODIFIER -59. ONLY IF NO MORE DESCRIPTIVE MODIFIER IS AVAILABLE, AND THE USE OF MODIFIER -59 BEST EXPLAINS THE CIRCUMSTANCES, SHOULD MODIFIER -59 BE USED. MODIFIER CODE 09959 MAY BE USED AS AN ALTERNATE TO MODIFIER -59.",07/10/2026
58812,81,59,16,1,"DISTINCT PROCEDURAL SERVICE: UNDER CERTAIN CIRCUMSTANCES, THE PHYSICIAN MAY NEED TO INDICATE THAT A PROCEDURE OR SERVICE WAS DISTINCT OR INDEPENDENT FROM OTHER SERVICES PERFORMED ON THE SAME DAY. MODIFIER -59 IS USED TO IDENTIFY PROCEDURES&sol;SERVICES THAT ARE NOT NORMALLY REPORTED TOGETHER, BUT ARE APPROPRIATE UNDER THE CIRCUMSTANCES. THIS MAY REPRESENT A DIFFERENT SESSION OR PATIENT ENCOUNTER, DIFFERENT PROCEDURE OR SURGERY, DIFFERNET SITE OR ORGAN SYSTEM, SEPARATE INCISION&sol;EXCISION, SEPARATE LESION, OR SEPARATE INJURY (OR AREA OF INJURY IN EXTENSIVE INJURIES) NOT ORDINARILY ENCOUNTERED OR PERFORMED ON THE SAME DAY BY THE SAME PHYSICIAN. HOWEVER, WHAN ANOTHER ALREADY ESTABLISHED MODIFIER IS APPROPRIATE IT SHOULD BE USED RATHER THAN MODIFIER -59. ONLY IF NO MORE DESCRIPTIVE MODIFIER IS AVAILABLE, AND THE USE OF MODIFIER -59 BEST EXPLAINS THE CIRCUMSTANCES, SHOULD MODIFIER -59 BE USED. MODIFIER CODE 09959 MAY BE USED AS AN ALTERNATE TO MODIFIER -59.",07/10/2026
58801,85,59,16,1,"DISTINCT PROCEDURAL SERVICE: UNDER CERTAIN CIRCUMSTANCES, THE PHYSICIAN MAY NEED TO INDICATE THAT A PROCEDURE OR SERVICE WAS DISTINCT OR INDEPENDENT FROM OTHER SERVICES PERFORMED ON THE SAME DAY. MODIFIER -59 IS USED TO IDENTIFY PROCEDURES&sol;SERVICES THAT ARE NOT NORMALLY REPORTED TOGETHER, BUT ARE APPROPRIATE UNDER THE CIRCUMSTANCES. THIS MAY REPRESENT A DIFFERENT SESSION OR PATIENT ENCOUNTER, DIFFERENT PROCEDURE OR SURGERY, DIFFERNET SITE OR ORGAN SYSTEM, SEPARATE INCISION&sol;EXCISION, SEPARATE LESION, OR SEPARATE INJURY (OR AREA OF INJURY IN EXTENSIVE INJURIES) NOT ORDINARILY ENCOUNTERED OR PERFORMED ON THE SAME DAY BY THE SAME PHYSICIAN. HOWEVER, WHAN ANOTHER ALREADY ESTABLISHED MODIFIER IS APPROPRIATE IT SHOULD BE USED RATHER THAN MODIFIER -59. ONLY IF NO MORE DESCRIPTIVE MODIFIER IS AVAILABLE, AND THE USE OF MODIFIER -59 BEST EXPLAINS THE CIRCUMSTANCES, SHOULD MODIFIER -59 BE USED. MODIFIER CODE 09959 MAY BE USED AS AN ALTERNATE TO MODIFIER -59.",07/10/2026
58747,65,59,16,1,"DISTINCT PROCEDURAL SERVICE: UNDER CERTAIN CIRCUMSTANCES, THE PHYSICIAN MAY NEED TO INDICATE THAT A PROCEDURE OR SERVICE WAS DISTINCT OR INDEPENDENT FROM OTHER SERVICES PERFORMED ON THE SAME DAY. MODIFIER -59 IS USED TO IDENTIFY PROCEDURES&sol;SERVICES THAT ARE NOT NORMALLY REPORTED TOGETHER, BUT ARE APPROPRIATE UNDER THE CIRCUMSTANCES. THIS MAY REPRESENT A DIFFERENT SESSION OR PATIENT ENCOUNTER, DIFFERENT PROCEDURE OR SURGERY, DIFFERNET SITE OR ORGAN SYSTEM, SEPARATE INCISION&sol;EXCISION, SEPARATE LESION, OR SEPARATE INJURY (OR AREA OF INJURY IN EXTENSIVE INJURIES) NOT ORDINARILY ENCOUNTERED OR PERFORMED ON THE SAME DAY BY THE SAME PHYSICIAN. HOWEVER, WHAN ANOTHER ALREADY ESTABLISHED MODIFIER IS APPROPRIATE IT SHOULD BE USED RATHER THAN MODIFIER -59. ONLY IF NO MORE DESCRIPTIVE MODIFIER IS AVAILABLE, AND THE USE OF MODIFIER -59 BEST EXPLAINS THE CIRCUMSTANCES, SHOULD MODIFIER -59 BE USED. MODIFIER CODE 09959 MAY BE USED AS AN ALTERNATE TO MODIFIER -59.",07/02/2026
58747,65,59,16,2,"DISTINCT PROCEDURAL SERVICE: UNDER CERTAIN CIRCUMSTANCES, THE PHYSICIAN MAY NEED TO INDICATE THAT A PROCEDURE OR SERVICE WAS DISTINCT OR INDEPENDENT FROM OTHER SERVICES PERFORMED ON THE SAME DAY. MODIFIER -59 IS USED TO IDENTIFY PROCEDURES&sol;SERVICES THAT ARE NOT NORMALLY REPORTED TOGETHER, BUT ARE APPROPRIATE UNDER THE CIRCUMSTANCES. THIS MAY REPRESENT A DIFFERENT SESSION OR PATIENT ENCOUNTER, DIFFERENT PROCEDURE OR SURGERY, DIFFERNET SITE OR ORGAN SYSTEM, SEPARATE INCISION&sol;EXCISION, SEPARATE LESION, OR SEPARATE INJURY (OR AREA OF INJURY IN EXTENSIVE INJURIES) NOT ORDINARILY ENCOUNTERED OR PERFORMED ON THE SAME DAY BY THE SAME PHYSICIAN. HOWEVER, WHAN ANOTHER ALREADY ESTABLISHED MODIFIER IS APPROPRIATE IT SHOULD BE USED RATHER THAN MODIFIER -59. ONLY IF NO MORE DESCRIPTIVE MODIFIER IS AVAILABLE, AND THE USE OF MODIFIER -59 BEST EXPLAINS THE CIRCUMSTANCES, SHOULD MODIFIER -59 BE USED. MODIFIER CODE 09959 MAY BE USED AS AN ALTERNATE TO MODIFIER -59.",07/02/2026
58747,65,59,16,3,"DISTINCT PROCEDURAL SERVICE: UNDER CERTAIN CIRCUMSTANCES, THE PHYSICIAN MAY NEED TO INDICATE THAT A PROCEDURE OR SERVICE WAS DISTINCT OR INDEPENDENT FROM OTHER SERVICES PERFORMED ON THE SAME DAY. MODIFIER -59 IS USED TO IDENTIFY PROCEDURES&sol;SERVICES THAT ARE NOT NORMALLY REPORTED TOGETHER, BUT ARE APPROPRIATE UNDER THE CIRCUMSTANCES. THIS MAY REPRESENT A DIFFERENT SESSION OR PATIENT ENCOUNTER, DIFFERENT PROCEDURE OR SURGERY, DIFFERNET SITE OR ORGAN SYSTEM, SEPARATE INCISION&sol;EXCISION, SEPARATE LESION, OR SEPARATE INJURY (OR AREA OF INJURY IN EXTENSIVE INJURIES) NOT ORDINARILY ENCOUNTERED OR PERFORMED ON THE SAME DAY BY THE SAME PHYSICIAN. HOWEVER, WHAN ANOTHER ALREADY ESTABLISHED MODIFIER IS APPROPRIATE IT SHOULD BE USED RATHER THAN MODIFIER -59. ONLY IF NO MORE DESCRIPTIVE MODIFIER IS AVAILABLE, AND THE USE OF MODIFIER -59 BEST EXPLAINS THE CIRCUMSTANCES, SHOULD MODIFIER -59 BE USED. MODIFIER CODE 09959 MAY BE USED AS AN ALTERNATE TO MODIFIER -59.",07/02/2026
58747,65,59,16,4,"DISTINCT PROCEDURAL SERVICE: UNDER CERTAIN CIRCUMSTANCES, THE PHYSICIAN MAY NEED TO INDICATE THAT A PROCEDURE OR SERVICE WAS DISTINCT OR INDEPENDENT FROM OTHER SERVICES PERFORMED ON THE SAME DAY. MODIFIER -59 IS USED TO IDENTIFY PROCEDURES&sol;SERVICES THAT ARE NOT NORMALLY REPORTED TOGETHER, BUT ARE APPROPRIATE UNDER THE CIRCUMSTANCES. THIS MAY REPRESENT A DIFFERENT SESSION OR PATIENT ENCOUNTER, DIFFERENT PROCEDURE OR SURGERY, DIFFERNET SITE OR ORGAN SYSTEM, SEPARATE INCISION&sol;EXCISION, SEPARATE LESION, OR SEPARATE INJURY (OR AREA OF INJURY IN EXTENSIVE INJURIES) NOT ORDINARILY ENCOUNTERED OR PERFORMED ON THE SAME DAY BY THE SAME PHYSICIAN. HOWEVER, WHAN ANOTHER ALREADY ESTABLISHED MODIFIER IS APPROPRIATE IT SHOULD BE USED RATHER THAN MODIFIER -59. ONLY IF NO MORE DESCRIPTIVE MODIFIER IS AVAILABLE, AND THE USE OF MODIFIER -59 BEST EXPLAINS THE CIRCUMSTANCES, SHOULD MODIFIER -59 BE USED. MODIFIER CODE 09959 MAY BE USED AS AN ALTERNATE TO MODIFIER -59.",07/02/2026
58747,65,59,16,5,"DISTINCT PROCEDURAL SERVICE: UNDER CERTAIN CIRCUMSTANCES, THE PHYSICIAN MAY NEED TO INDICATE THAT A PROCEDURE OR SERVICE WAS DISTINCT OR INDEPENDENT FROM OTHER SERVICES PERFORMED ON THE SAME DAY. MODIFIER -59 IS USED TO IDENTIFY PROCEDURES&sol;SERVICES THAT ARE NOT NORMALLY REPORTED TOGETHER, BUT ARE APPROPRIATE UNDER THE CIRCUMSTANCES. THIS MAY REPRESENT A DIFFERENT SESSION OR PATIENT ENCOUNTER, DIFFERENT PROCEDURE OR SURGERY, DIFFERNET SITE OR ORGAN SYSTEM, SEPARATE INCISION&sol;EXCISION, SEPARATE LESION, OR SEPARATE INJURY (OR AREA OF INJURY IN EXTENSIVE INJURIES) NOT ORDINARILY ENCOUNTERED OR PERFORMED ON THE SAME DAY BY THE SAME PHYSICIAN. HOWEVER, WHAN ANOTHER ALREADY ESTABLISHED MODIFIER IS APPROPRIATE IT SHOULD BE USED RATHER THAN MODIFIER -59. ONLY IF NO MORE DESCRIPTIVE MODIFIER IS AVAILABLE, AND THE USE OF MODIFIER -59 BEST EXPLAINS THE CIRCUMSTANCES, SHOULD MODIFIER -59 BE USED. MODIFIER CODE 09959 MAY BE USED AS AN ALTERNATE TO MODIFIER -59.",07/02/2026
58747,65,59,16,6,"DISTINCT PROCEDURAL SERVICE: UNDER CERTAIN CIRCUMSTANCES, THE PHYSICIAN MAY NEED TO INDICATE THAT A PROCEDURE OR SERVICE WAS DISTINCT OR INDEPENDENT FROM OTHER SERVICES PERFORMED ON THE SAME DAY. MODIFIER -59 IS USED TO IDENTIFY PROCEDURES&sol;SERVICES THAT ARE NOT NORMALLY REPORTED TOGETHER, BUT ARE APPROPRIATE UNDER THE CIRCUMSTANCES. THIS MAY REPRESENT A DIFFERENT SESSION OR PATIENT ENCOUNTER, DIFFERENT PROCEDURE OR SURGERY, DIFFERNET SITE OR ORGAN SYSTEM, SEPARATE INCISION&sol;EXCISION, SEPARATE LESION, OR SEPARATE INJURY (OR AREA OF INJURY IN EXTENSIVE INJURIES) NOT ORDINARILY ENCOUNTERED OR PERFORMED ON THE SAME DAY BY THE SAME PHYSICIAN. HOWEVER, WHAN ANOTHER ALREADY ESTABLISHED MODIFIER IS APPROPRIATE IT SHOULD BE USED RATHER THAN MODIFIER -59. ONLY IF NO MORE DESCRIPTIVE MODIFIER IS AVAILABLE, AND THE USE OF MODIFIER -59 BEST EXPLAINS THE CIRCUMSTANCES, SHOULD MODIFIER -59 BE USED. MODIFIER CODE 09959 MAY BE USED AS AN ALTERNATE TO MODIFIER -59.",07/02/2026
58747,65,59,16,7,"DISTINCT PROCEDURAL SERVICE: UNDER CERTAIN CIRCUMSTANCES, THE PHYSICIAN MAY NEED TO INDICATE THAT A PROCEDURE OR SERVICE WAS DISTINCT OR INDEPENDENT FROM OTHER SERVICES PERFORMED ON THE SAME DAY. MODIFIER -59 IS USED TO IDENTIFY PROCEDURES&sol;SERVICES THAT ARE NOT NORMALLY REPORTED TOGETHER, BUT ARE APPROPRIATE UNDER THE CIRCUMSTANCES. THIS MAY REPRESENT A DIFFERENT SESSION OR PATIENT ENCOUNTER, DIFFERENT PROCEDURE OR SURGERY, DIFFERNET SITE OR ORGAN SYSTEM, SEPARATE INCISION&sol;EXCISION, SEPARATE LESION, OR SEPARATE INJURY (OR AREA OF INJURY IN EXTENSIVE INJURIES) NOT ORDINARILY ENCOUNTERED OR PERFORMED ON THE SAME DAY BY THE SAME PHYSICIAN. HOWEVER, WHAN ANOTHER ALREADY ESTABLISHED MODIFIER IS APPROPRIATE IT SHOULD BE USED RATHER THAN MODIFIER -59. ONLY IF NO MORE DESCRIPTIVE MODIFIER IS AVAILABLE, AND THE USE OF MODIFIER -59 BEST EXPLAINS THE CIRCUMSTANCES, SHOULD MODIFIER -59 BE USED. MODIFIER CODE 09959 MAY BE USED AS AN ALTERNATE TO MODIFIER -59.",07/02/2026
58747,65,59,16,8,"DISTINCT PROCEDURAL SERVICE: UNDER CERTAIN CIRCUMSTANCES, THE PHYSICIAN MAY NEED TO INDICATE THAT A PROCEDURE OR SERVICE WAS DISTINCT OR INDEPENDENT FROM OTHER SERVICES PERFORMED ON THE SAME DAY. MODIFIER -59 IS USED TO IDENTIFY PROCEDURES&sol;SERVICES THAT ARE NOT NORMALLY REPORTED TOGETHER, BUT ARE APPROPRIATE UNDER THE CIRCUMSTANCES. THIS MAY REPRESENT A DIFFERENT SESSION OR PATIENT ENCOUNTER, DIFFERENT PROCEDURE OR SURGERY, DIFFERNET SITE OR ORGAN SYSTEM, SEPARATE INCISION&sol;EXCISION, SEPARATE LESION, OR SEPARATE INJURY (OR AREA OF INJURY IN EXTENSIVE INJURIES) NOT ORDINARILY ENCOUNTERED OR PERFORMED ON THE SAME DAY BY THE SAME PHYSICIAN. HOWEVER, WHAN ANOTHER ALREADY ESTABLISHED MODIFIER IS APPROPRIATE IT SHOULD BE USED RATHER THAN MODIFIER -59. ONLY IF NO MORE DESCRIPTIVE MODIFIER IS AVAILABLE, AND THE USE OF MODIFIER -59 BEST EXPLAINS THE CIRCUMSTANCES, SHOULD MODIFIER -59 BE USED. MODIFIER CODE 09959 MAY BE USED AS AN ALTERNATE TO MODIFIER -59.",07/02/2026
58747,65,59,16,9,"DISTINCT PROCEDURAL SERVICE: UNDER CERTAIN CIRCUMSTANCES, THE PHYSICIAN MAY NEED TO INDICATE THAT A PROCEDURE OR SERVICE WAS DISTINCT OR INDEPENDENT FROM OTHER SERVICES PERFORMED ON THE SAME DAY. MODIFIER -59 IS USED TO IDENTIFY PROCEDURES&sol;SERVICES THAT ARE NOT NORMALLY REPORTED TOGETHER, BUT ARE APPROPRIATE UNDER THE CIRCUMSTANCES. THIS MAY REPRESENT A DIFFERENT SESSION OR PATIENT ENCOUNTER, DIFFERENT PROCEDURE OR SURGERY, DIFFERNET SITE OR ORGAN SYSTEM, SEPARATE INCISION&sol;EXCISION, SEPARATE LESION, OR SEPARATE INJURY (OR AREA OF INJURY IN EXTENSIVE INJURIES) NOT ORDINARILY ENCOUNTERED OR PERFORMED ON THE SAME DAY BY THE SAME PHYSICIAN. HOWEVER, WHAN ANOTHER ALREADY ESTABLISHED MODIFIER IS APPROPRIATE IT SHOULD BE USED RATHER THAN MODIFIER -59. ONLY IF NO MORE DESCRIPTIVE MODIFIER IS AVAILABLE, AND THE USE OF MODIFIER -59 BEST EXPLAINS THE CIRCUMSTANCES, SHOULD MODIFIER -59 BE USED. MODIFIER CODE 09959 MAY BE USED AS AN ALTERNATE TO MODIFIER -59.",07/02/2026
58747,65,59,16,10,"DISTINCT PROCEDURAL SERVICE: UNDER CERTAIN CIRCUMSTANCES, THE PHYSICIAN MAY NEED TO INDICATE THAT A PROCEDURE OR SERVICE WAS DISTINCT OR INDEPENDENT FROM OTHER SERVICES PERFORMED ON THE SAME DAY. MODIFIER -59 IS USED TO IDENTIFY PROCEDURES&sol;SERVICES THAT ARE NOT NORMALLY REPORTED TOGETHER, BUT ARE APPROPRIATE UNDER THE CIRCUMSTANCES. THIS MAY REPRESENT A DIFFERENT SESSION OR PATIENT ENCOUNTER, DIFFERENT PROCEDURE OR SURGERY, DIFFERNET SITE OR ORGAN SYSTEM, SEPARATE INCISION&sol;EXCISION, SEPARATE LESION, OR SEPARATE INJURY (OR AREA OF INJURY IN EXTENSIVE INJURIES) NOT ORDINARILY ENCOUNTERED OR PERFORMED ON THE SAME DAY BY THE SAME PHYSICIAN. HOWEVER, WHAN ANOTHER ALREADY ESTABLISHED MODIFIER IS APPROPRIATE IT SHOULD BE USED RATHER THAN MODIFIER -59. ONLY IF NO MORE DESCRIPTIVE MODIFIER IS AVAILABLE, AND THE USE OF MODIFIER -59 BEST EXPLAINS THE CIRCUMSTANCES, SHOULD MODIFIER -59 BE USED. MODIFIER CODE 09959 MAY BE USED AS AN ALTERNATE TO MODIFIER -59.",07/02/2026
58747,65,59,16,11,"DISTINCT PROCEDURAL SERVICE: UNDER CERTAIN CIRCUMSTANCES, THE PHYSICIAN MAY NEED TO INDICATE THAT A PROCEDURE OR SERVICE WAS DISTINCT OR INDEPENDENT FROM OTHER SERVICES PERFORMED ON THE SAME DAY. MODIFIER -59 IS USED TO IDENTIFY PROCEDURES&sol;SERVICES THAT ARE NOT NORMALLY REPORTED TOGETHER, BUT ARE APPROPRIATE UNDER THE CIRCUMSTANCES. THIS MAY REPRESENT A DIFFERENT SESSION OR PATIENT ENCOUNTER, DIFFERENT PROCEDURE OR SURGERY, DIFFERNET SITE OR ORGAN SYSTEM, SEPARATE INCISION&sol;EXCISION, SEPARATE LESION, OR SEPARATE INJURY (OR AREA OF INJURY IN EXTENSIVE INJURIES) NOT ORDINARILY ENCOUNTERED OR PERFORMED ON THE SAME DAY BY THE SAME PHYSICIAN. HOWEVER, WHAN ANOTHER ALREADY ESTABLISHED MODIFIER IS APPROPRIATE IT SHOULD BE USED RATHER THAN MODIFIER -59. ONLY IF NO MORE DESCRIPTIVE MODIFIER IS AVAILABLE, AND THE USE OF MODIFIER -59 BEST EXPLAINS THE CIRCUMSTANCES, SHOULD MODIFIER -59 BE USED. MODIFIER CODE 09959 MAY BE USED AS AN ALTERNATE TO MODIFIER -59.",07/02/2026
58747,65,59,16,12,"DISTINCT PROCEDURAL SERVICE: UNDER CERTAIN CIRCUMSTANCES, THE PHYSICIAN MAY NEED TO INDICATE THAT A PROCEDURE OR SERVICE WAS DISTINCT OR INDEPENDENT FROM OTHER SERVICES PERFORMED ON THE SAME DAY. MODIFIER -59 IS USED TO IDENTIFY PROCEDURES&sol;SERVICES THAT ARE NOT NORMALLY REPORTED TOGETHER, BUT ARE APPROPRIATE UNDER THE CIRCUMSTANCES. THIS MAY REPRESENT A DIFFERENT SESSION OR PATIENT ENCOUNTER, DIFFERENT PROCEDURE OR SURGERY, DIFFERNET SITE OR ORGAN SYSTEM, SEPARATE INCISION&sol;EXCISION, SEPARATE LESION, OR SEPARATE INJURY (OR AREA OF INJURY IN EXTENSIVE INJURIES) NOT ORDINARILY ENCOUNTERED OR PERFORMED ON THE SAME DAY BY THE SAME PHYSICIAN. HOWEVER, WHAN ANOTHER ALREADY ESTABLISHED MODIFIER IS APPROPRIATE IT SHOULD BE USED RATHER THAN MODIFIER -59. ONLY IF NO MORE DESCRIPTIVE MODIFIER IS AVAILABLE, AND THE USE OF MODIFIER -59 BEST EXPLAINS THE CIRCUMSTANCES, SHOULD MODIFIER -59 BE USED. MODIFIER CODE 09959 MAY BE USED AS AN ALTERNATE TO MODIFIER -59.",07/02/2026
56157,19,25,16,1,"SIGNIFICANT, SEPARATELY IDENTIFIABLE EVALUATION AND MANAGEMENT SERVICE BY THE SAME PHYSICIAN ON THE SAME DAY OF THE PROCEDURE OR OTHER SERVICE: THE PHYSICIAN MAY NEED TO INDICATE THAT ON THE DAY A PROCEDURE OR SERVICE IDENTIFIED BY A CPTCODE WAS PERFORMED, THE PATIENT&#39;S CONDITION REQUIRED A SIGNIFICANT, SEPARATELY IDENTIFIABLE E&sol;M SERVICE ABOVE AND BEYOND THE OTHER SERVICE PROVIDED OR BEYOND THE USUAL PREOPERATIVE AND POSTOPERATIVE CARE ASSOCIATED WITH THE PROCEDURE THAT WAS PERFORMED. THE E&sol;M SERVICE MAY BE PROMPTED BY THE SYMPTOM OR CONDITION FOR WHICH THE PROCEDURE AND&sol;OR SERVICE WAS PROVIDED. AS SUCH, DIFFERENT DIAGNOSES ARE NOT REQUIRED FOR REPORTING OF THE E&sol;M SERVICES ON THE SAME DATE. THIS CIRCUMSTANCE MAY BE REPORTED BY ADDING THE MODIFIER -25 TO THE APPROPRIATE LEVEL OF E&sol;M SERVICE, OR THE SEPARATE FIVE DIGIT MODIFIER 09925 MAY BE USED. NOTE: THIS MODIFIER IS NOT USED TO REPORT AN E&sol;M SERVICE THAT RESULTED IN A DECISION TO PERFORM SURGERY. SEE MODIFIER -57.",06/18/2026
56157,19,50,16,1,"BILATERAL PROCEDURE: UNLESS OTHERWISE IDENTIFIED IN THE LISTINGS, BILATERAL PROCEDURES THAT ARE PERFORMED AT THE SAME OPERATIVE SESSION SHOULD BE IDENTIFIED BY ADDING THE MODIFIER -50 TO THE APPROPRIATE FIVE DIGIT CODE OR BY USE OF THE SEPARATE FIVE DIGIT MODIFIER CODE 09950",06/18/2026
56157,19,EJ,16,1,"SUBSEQUENT CLAIMS FOR A DEFINED COURSE OF THERAPY, E.G., EPO, SODIUM HYALURONATE, INFLIXIMAB",06/18/2026
56157,19,JW,16,1,DRUG AMOUNT DISCARDED&sol;NOT ADMINISTERED TO ANY PATIENT,06/18/2026
56157,19,LT,16,1,LEFT SIDE (USED TO IDENTIFY PROCEDURES PERFORMED ON THE LEFT SIDE OF THE BODY),06/18/2026
56157,19,RT,16,1,RIGHT SIDE (USED TO IDENTIFY PROCEDURES PERFORMED ON THE RIGHT SIDE OF THE BODY),06/18/2026
57765,26,50,16,1,"BILATERAL PROCEDURE: UNLESS OTHERWISE IDENTIFIED IN THE LISTINGS, BILATERAL PROCEDURES THAT ARE PERFORMED AT THE SAME OPERATIVE SESSION SHOULD BE IDENTIFIED BY ADDING THE MODIFIER -50 TO THE APPROPRIATE FIVE DIGIT CODE OR BY USE OF THE SEPARATE FIVE DIGIT MODIFIER CODE 09950",06/18/2026
57765,26,62,16,1,"TWO SURGEONS:WHEN TWO SURGEONS WORK TOGETHER AS PRIMARY SURGEONS PERFORMING DISTINCT PART(S) OF A SINGLE REPORTABLE PROCEDURE, EACH SURGEON SHOULD REPORT HIS&sol;HER DISTINCT OPERATIVE WORK BY ADDING THE MODIFIER -62 TO THE SINGLE DEFINITIVE PROCEDURE CODE. EACH SURGEON SHOULD REPORT THE CO-SURGERY ONCE USING THE SAME PROCEDURE CODE. IF ADDITIONAL PROCEDURE(S) (INCLUDING ADD-ON PROCEDURE(S)) ARE PERFORMED DURING THE SAME SURGICAL SESSION, SEPARATE CODE(S) MAY BE REPORTED WITHOUT THE MODIFIER -62 ADDED. MODIFIER CODE 09962 MAY BE USED AS AN ALTERNATIVE TO MODIFIER -62. NOTE: IF A CO-SURGEON ACTS AS AN ASSISTANT IN THE PERFORMANCE OF ADDITIONAL PROCEDURE(S) DURING THE SAME SURGICAL SESSION, THOSE SERVICES MAY BE REPORTED USING SEPARATE PROCEDURE CODE(S) WITH THE MODIFIER -80 OR MODIFIER -81 ADDED, AS APPROPRIATE.",06/18/2026
57765,26,LT,16,1,LEFT SIDE (USED TO IDENTIFY PROCEDURES PERFORMED ON THE LEFT SIDE OF THE BODY),06/18/2026
57765,26,RT,16,1,RIGHT SIDE (USED TO IDENTIFY PROCEDURES PERFORMED ON THE RIGHT SIDE OF THE BODY),06/18/2026
56866,21,50,16,1,"BILATERAL PROCEDURE: UNLESS OTHERWISE IDENTIFIED IN THE LISTINGS, BILATERAL PROCEDURES THAT ARE PERFORMED AT THE SAME OPERATIVE SESSION SHOULD BE IDENTIFIED BY ADDING THE MODIFIER -50 TO THE APPROPRIATE FIVE DIGIT CODE OR BY USE OF THE SEPARATE FIVE DIGIT MODIFIER CODE 09950",06/12/2026
56866,21,LT,16,1,LEFT SIDE (USED TO IDENTIFY PROCEDURES PERFORMED ON THE LEFT SIDE OF THE BODY),06/12/2026
56866,21,RT,16,1,RIGHT SIDE (USED TO IDENTIFY PROCEDURES PERFORMED ON THE RIGHT SIDE OF THE BODY),06/12/2026
56346,27,25,16,1,"SIGNIFICANT, SEPARATELY IDENTIFIABLE EVALUATION AND MANAGEMENT SERVICE BY THE SAME PHYSICIAN ON THE SAME DAY OF THE PROCEDURE OR OTHER SERVICE: THE PHYSICIAN MAY NEED TO INDICATE THAT ON THE DAY A PROCEDURE OR SERVICE IDENTIFIED BY A CPTCODE WAS PERFORMED, THE PATIENT&#39;S CONDITION REQUIRED A SIGNIFICANT, SEPARATELY IDENTIFIABLE E&sol;M SERVICE ABOVE AND BEYOND THE OTHER SERVICE PROVIDED OR BEYOND THE USUAL PREOPERATIVE AND POSTOPERATIVE CARE ASSOCIATED WITH THE PROCEDURE THAT WAS PERFORMED. THE E&sol;M SERVICE MAY BE PROMPTED BY THE SYMPTOM OR CONDITION FOR WHICH THE PROCEDURE AND&sol;OR SERVICE WAS PROVIDED. AS SUCH, DIFFERENT DIAGNOSES ARE NOT REQUIRED FOR REPORTING OF THE E&sol;M SERVICES ON THE SAME DATE. THIS CIRCUMSTANCE MAY BE REPORTED BY ADDING THE MODIFIER -25 TO THE APPROPRIATE LEVEL OF E&sol;M SERVICE, OR THE SEPARATE FIVE DIGIT MODIFIER 09925 MAY BE USED. NOTE: THIS MODIFIER IS NOT USED TO REPORT AN E&sol;M SERVICE THAT RESULTED IN A DECISION TO PERFORM SURGERY. SEE MODIFIER -57.",06/12/2026
57948,38,52,15,1,"REDUCED SERVICES: UNDER CERTAIN CIRCUMSTANCES A SERVICE OR PROCEDURE IS PARTIALLY REDUCED OR ELIMINATED AT THE PHYSICIAN&#39;S DISCRETION. UNDER THESE CIRCUMSTANCES THE SERVICE PROVIDED CAN BE IDENTIFIED BY ITS USUAL PROCEDURE NUMBER AND THE ADDITION OF THE MODIFIER -52, SIGNIFYING THAT THE SERVICE IS REDUCED. THIS PROVIDES A MEANS OF REPORTING REDUCED SERVICES WITHOUT DISTURBING THE IDENTIFICATION OF THE BASIC SERVICE. MODIFIER CODE 09952 MAY BE USED AS AN ALTERNATIVE TO MODIFIER -52. NOTE: FOR HOSPITAL OUTPATIENT REPORTING OF A PREVIOUSLY SCHEDULED PROCEDURE&sol;SERVICE THAT IS PARTIALLY REDUCED OR CANCELLED AS A RESULT OF EXTENUATING CIRCUMSTANCES OR THOSE THAT THREATEN THE WELL-BEING OF THE PATIENT PRIOR TO OR AFTER ADMINISTRATION OF ANESTHESIA, SEE MODIFIERS -73 AND -74 (SEE MODIFIERS APPROVED FOR ASC HOSPITAL OUTPATIENT USE).",06/09/2026
57863,41,50,15,1,"BILATERAL PROCEDURE: UNLESS OTHERWISE IDENTIFIED IN THE LISTINGS, BILATERAL PROCEDURES THAT ARE PERFORMED AT THE SAME OPERATIVE SESSION SHOULD BE IDENTIFIED BY ADDING THE MODIFIER -50 TO THE APPROPRIATE FIVE DIGIT CODE OR BY USE OF THE SEPARATE FIVE DIGIT MODIFIER CODE 09950",06/04/2026
57863,41,LT,15,1,LEFT SIDE (USED TO IDENTIFY PROCEDURES PERFORMED ON THE LEFT SIDE OF THE BODY),06/04/2026
57863,41,RT,15,1,RIGHT SIDE (USED TO IDENTIFY PROCEDURES PERFORMED ON THE RIGHT SIDE OF THE BODY),06/04/2026
58477,22,50,15,1,"BILATERAL PROCEDURE: UNLESS OTHERWISE IDENTIFIED IN THE LISTINGS, BILATERAL PROCEDURES THAT ARE PERFORMED AT THE SAME OPERATIVE SESSION SHOULD BE IDENTIFIED BY ADDING THE MODIFIER -50 TO THE APPROPRIATE FIVE DIGIT CODE OR BY USE OF THE SEPARATE FIVE DIGIT MODIFIER CODE 09950",05/21/2026
58477,22,KX,15,1,REQUIREMENTS SPECIFIED IN THE MEDICAL POLICY HAVE BEEN MET,05/21/2026
58477,22,LT,15,1,LEFT SIDE (USED TO IDENTIFY PROCEDURES PERFORMED ON THE LEFT SIDE OF THE BODY),05/21/2026
58477,22,RT,15,1,RIGHT SIDE (USED TO IDENTIFY PROCEDURES PERFORMED ON THE RIGHT SIDE OF THE BODY),05/21/2026
58350,24,50,15,1,"BILATERAL PROCEDURE: UNLESS OTHERWISE IDENTIFIED IN THE LISTINGS, BILATERAL PROCEDURES THAT ARE PERFORMED AT THE SAME OPERATIVE SESSION SHOULD BE IDENTIFIED BY ADDING THE MODIFIER -50 TO THE APPROPRIATE FIVE DIGIT CODE OR BY USE OF THE SEPARATE FIVE DIGIT MODIFIER CODE 09950",05/15/2026
58350,24,KX,15,1,REQUIREMENTS SPECIFIED IN THE MEDICAL POLICY HAVE BEEN MET,05/15/2026
58350,24,LT,15,1,LEFT SIDE (USED TO IDENTIFY PROCEDURES PERFORMED ON THE LEFT SIDE OF THE BODY),05/15/2026
58350,24,RT,15,1,RIGHT SIDE (USED TO IDENTIFY PROCEDURES PERFORMED ON THE RIGHT SIDE OF THE BODY),05/15/2026
58075,24,52,15,1,"REDUCED SERVICES: UNDER CERTAIN CIRCUMSTANCES A SERVICE OR PROCEDURE IS PARTIALLY REDUCED OR ELIMINATED AT THE PHYSICIAN&#39;S DISCRETION. UNDER THESE CIRCUMSTANCES THE SERVICE PROVIDED CAN BE IDENTIFIED BY ITS USUAL PROCEDURE NUMBER AND THE ADDITION OF THE MODIFIER -52, SIGNIFYING THAT THE SERVICE IS REDUCED. THIS PROVIDES A MEANS OF REPORTING REDUCED SERVICES WITHOUT DISTURBING THE IDENTIFICATION OF THE BASIC SERVICE. MODIFIER CODE 09952 MAY BE USED AS AN ALTERNATIVE TO MODIFIER -52. NOTE: FOR HOSPITAL OUTPATIENT REPORTING OF A PREVIOUSLY SCHEDULED PROCEDURE&sol;SERVICE THAT IS PARTIALLY REDUCED OR CANCELLED AS A RESULT OF EXTENUATING CIRCUMSTANCES OR THOSE THAT THREATEN THE WELL-BEING OF THE PATIENT PRIOR TO OR AFTER ADMINISTRATION OF ANESTHESIA, SEE MODIFIERS -73 AND -74 (SEE MODIFIERS APPROVED FOR ASC HOSPITAL OUTPATIENT USE).",05/15/2026
58075,24,GA,15,1,"WAIVER OF LIABILITY STATEMENT ISSUED AS REQUIRED BY PAYER POLICY, INDIVIDUAL CASE",05/15/2026
58075,24,GX,15,1,"NOTICE OF LIABILITY ISSUED, VOLUNTARY UNDER PAYER POLICY",05/15/2026
58075,24,GY,15,1,"ITEM OR SERVICE STATUTORILY EXCLUDED, DOES NOT MEET THE DEFINITION OF ANY MEDICARE BENEFIT OR, FOR NON-MEDICARE INSURERS, IS NOT A CONTRACT BENEFIT",05/15/2026
58075,24,GZ,15,1,ITEM OR SERVICE EXPECTED TO BE DENIED AS NOT REASONABLE AND NECESSARY,05/15/2026
60222,4,KX,15,1,REQUIREMENTS SPECIFIED IN THE MEDICAL POLICY HAVE BEEN MET,05/14/2026
58403,27,50,15,1,"BILATERAL PROCEDURE: UNLESS OTHERWISE IDENTIFIED IN THE LISTINGS, BILATERAL PROCEDURES THAT ARE PERFORMED AT THE SAME OPERATIVE SESSION SHOULD BE IDENTIFIED BY ADDING THE MODIFIER -50 TO THE APPROPRIATE FIVE DIGIT CODE OR BY USE OF THE SEPARATE FIVE DIGIT MODIFIER CODE 09950",05/12/2026
58403,27,KX,15,1,REQUIREMENTS SPECIFIED IN THE MEDICAL POLICY HAVE BEEN MET,05/12/2026
58403,27,LT,15,1,LEFT SIDE (USED TO IDENTIFY PROCEDURES PERFORMED ON THE LEFT SIDE OF THE BODY),05/12/2026
58403,27,RT,15,1,RIGHT SIDE (USED TO IDENTIFY PROCEDURES PERFORMED ON THE RIGHT SIDE OF THE BODY),05/12/2026
55115,18,GX,15,1,"NOTICE OF LIABILITY ISSUED, VOLUNTARY UNDER PAYER POLICY",05/05/2026
55115,18,GY,15,1,"ITEM OR SERVICE STATUTORILY EXCLUDED, DOES NOT MEET THE DEFINITION OF ANY MEDICARE BENEFIT OR, FOR NON-MEDICARE INSURERS, IS NOT A CONTRACT BENEFIT",05/05/2026
53484,18,GX,15,1,"NOTICE OF LIABILITY ISSUED, VOLUNTARY UNDER PAYER POLICY",05/04/2026
53484,18,GY,15,1,"ITEM OR SERVICE STATUTORILY EXCLUDED, DOES NOT MEET THE DEFINITION OF ANY MEDICARE BENEFIT OR, FOR NON-MEDICARE INSURERS, IS NOT A CONTRACT BENEFIT",05/04/2026
57944,25,52,15,1,"REDUCED SERVICES: UNDER CERTAIN CIRCUMSTANCES A SERVICE OR PROCEDURE IS PARTIALLY REDUCED OR ELIMINATED AT THE PHYSICIAN&#39;S DISCRETION. UNDER THESE CIRCUMSTANCES THE SERVICE PROVIDED CAN BE IDENTIFIED BY ITS USUAL PROCEDURE NUMBER AND THE ADDITION OF THE MODIFIER -52, SIGNIFYING THAT THE SERVICE IS REDUCED. THIS PROVIDES A MEANS OF REPORTING REDUCED SERVICES WITHOUT DISTURBING THE IDENTIFICATION OF THE BASIC SERVICE. MODIFIER CODE 09952 MAY BE USED AS AN ALTERNATIVE TO MODIFIER -52. NOTE: FOR HOSPITAL OUTPATIENT REPORTING OF A PREVIOUSLY SCHEDULED PROCEDURE&sol;SERVICE THAT IS PARTIALLY REDUCED OR CANCELLED AS A RESULT OF EXTENUATING CIRCUMSTANCES OR THOSE THAT THREATEN THE WELL-BEING OF THE PATIENT PRIOR TO OR AFTER ADMINISTRATION OF ANESTHESIA, SEE MODIFIERS -73 AND -74 (SEE MODIFIERS APPROVED FOR ASC HOSPITAL OUTPATIENT USE).",05/01/2026
60185,11,GY,15,1,"ITEM OR SERVICE STATUTORILY EXCLUDED, DOES NOT MEET THE DEFINITION OF ANY MEDICARE BENEFIT OR, FOR NON-MEDICARE INSURERS, IS NOT A CONTRACT BENEFIT",04/29/2026
60185,11,GZ,15,1,ITEM OR SERVICE EXPECTED TO BE DENIED AS NOT REASONABLE AND NECESSARY,04/29/2026
60185,11,KX,15,1,REQUIREMENTS SPECIFIED IN THE MEDICAL POLICY HAVE BEEN MET,04/29/2026
59674,18,GA,15,1,"WAIVER OF LIABILITY STATEMENT ISSUED AS REQUIRED BY PAYER POLICY, INDIVIDUAL CASE",04/24/2026
59674,18,GX,15,1,"NOTICE OF LIABILITY ISSUED, VOLUNTARY UNDER PAYER POLICY",04/24/2026
59674,18,GY,15,1,"ITEM OR SERVICE STATUTORILY EXCLUDED, DOES NOT MEET THE DEFINITION OF ANY MEDICARE BENEFIT OR, FOR NON-MEDICARE INSURERS, IS NOT A CONTRACT BENEFIT",04/24/2026
59674,18,GZ,15,1,ITEM OR SERVICE EXPECTED TO BE DENIED AS NOT REASONABLE AND NECESSARY,04/24/2026
59668,29,GA,15,1,"WAIVER OF LIABILITY STATEMENT ISSUED AS REQUIRED BY PAYER POLICY, INDIVIDUAL CASE",04/24/2026
59668,29,GX,15,1,"NOTICE OF LIABILITY ISSUED, VOLUNTARY UNDER PAYER POLICY",04/24/2026
59668,29,GY,15,1,"ITEM OR SERVICE STATUTORILY EXCLUDED, DOES NOT MEET THE DEFINITION OF ANY MEDICARE BENEFIT OR, FOR NON-MEDICARE INSURERS, IS NOT A CONTRACT BENEFIT",04/24/2026
59668,29,GZ,15,1,ITEM OR SERVICE EXPECTED TO BE DENIED AS NOT REASONABLE AND NECESSARY,04/24/2026
55146,17,GX,15,1,"NOTICE OF LIABILITY ISSUED, VOLUNTARY UNDER PAYER POLICY",04/21/2026
55146,17,GY,15,1,"ITEM OR SERVICE STATUTORILY EXCLUDED, DOES NOT MEET THE DEFINITION OF ANY MEDICARE BENEFIT OR, FOR NON-MEDICARE INSURERS, IS NOT A CONTRACT BENEFIT",04/21/2026
58405,22,50,13,1,"BILATERAL PROCEDURE: UNLESS OTHERWISE IDENTIFIED IN THE LISTINGS, BILATERAL PROCEDURES THAT ARE PERFORMED AT THE SAME OPERATIVE SESSION SHOULD BE IDENTIFIED BY ADDING THE MODIFIER -50 TO THE APPROPRIATE FIVE DIGIT CODE OR BY USE OF THE SEPARATE FIVE DIGIT MODIFIER CODE 09950",04/16/2026
58405,22,KX,13,1,REQUIREMENTS SPECIFIED IN THE MEDICAL POLICY HAVE BEEN MET,04/16/2026
58405,22,LT,13,1,LEFT SIDE (USED TO IDENTIFY PROCEDURES PERFORMED ON THE LEFT SIDE OF THE BODY),04/16/2026
58405,22,RT,13,1,RIGHT SIDE (USED TO IDENTIFY PROCEDURES PERFORMED ON THE RIGHT SIDE OF THE BODY),04/16/2026
60213,13,GY,15,1,"ITEM OR SERVICE STATUTORILY EXCLUDED, DOES NOT MEET THE DEFINITION OF ANY MEDICARE BENEFIT OR, FOR NON-MEDICARE INSURERS, IS NOT A CONTRACT BENEFIT",04/10/2026
60213,13,GZ,15,1,ITEM OR SERVICE EXPECTED TO BE DENIED AS NOT REASONABLE AND NECESSARY,04/10/2026
60213,13,KX,15,1,REQUIREMENTS SPECIFIED IN THE MEDICAL POLICY HAVE BEEN MET,04/10/2026
60181,12,GY,15,1,"ITEM OR SERVICE STATUTORILY EXCLUDED, DOES NOT MEET THE DEFINITION OF ANY MEDICARE BENEFIT OR, FOR NON-MEDICARE INSURERS, IS NOT A CONTRACT BENEFIT",04/06/2026
60181,12,GZ,15,1,ITEM OR SERVICE EXPECTED TO BE DENIED AS NOT REASONABLE AND NECESSARY,04/06/2026
60181,12,KX,15,1,REQUIREMENTS SPECIFIED IN THE MEDICAL POLICY HAVE BEEN MET,04/06/2026
60211,10,GY,15,1,"ITEM OR SERVICE STATUTORILY EXCLUDED, DOES NOT MEET THE DEFINITION OF ANY MEDICARE BENEFIT OR, FOR NON-MEDICARE INSURERS, IS NOT A CONTRACT BENEFIT",04/06/2026
60211,10,GZ,15,1,ITEM OR SERVICE EXPECTED TO BE DENIED AS NOT REASONABLE AND NECESSARY,04/06/2026
60211,10,KX,15,1,REQUIREMENTS SPECIFIED IN THE MEDICAL POLICY HAVE BEEN MET,04/06/2026
59055,15,59,15,1,"DISTINCT PROCEDURAL SERVICE: UNDER CERTAIN CIRCUMSTANCES, THE PHYSICIAN MAY NEED TO INDICATE THAT A PROCEDURE OR SERVICE WAS DISTINCT OR INDEPENDENT FROM OTHER SERVICES PERFORMED ON THE SAME DAY. MODIFIER -59 IS USED TO IDENTIFY PROCEDURES&sol;SERVICES THAT ARE NOT NORMALLY REPORTED TOGETHER, BUT ARE APPROPRIATE UNDER THE CIRCUMSTANCES. THIS MAY REPRESENT A DIFFERENT SESSION OR PATIENT ENCOUNTER, DIFFERENT PROCEDURE OR SURGERY, DIFFERNET SITE OR ORGAN SYSTEM, SEPARATE INCISION&sol;EXCISION, SEPARATE LESION, OR SEPARATE INJURY (OR AREA OF INJURY IN EXTENSIVE INJURIES) NOT ORDINARILY ENCOUNTERED OR PERFORMED ON THE SAME DAY BY THE SAME PHYSICIAN. HOWEVER, WHAN ANOTHER ALREADY ESTABLISHED MODIFIER IS APPROPRIATE IT SHOULD BE USED RATHER THAN MODIFIER -59. ONLY IF NO MORE DESCRIPTIVE MODIFIER IS AVAILABLE, AND THE USE OF MODIFIER -59 BEST EXPLAINS THE CIRCUMSTANCES, SHOULD MODIFIER -59 BE USED. MODIFIER CODE 09959 MAY BE USED AS AN ALTERNATE TO MODIFIER -59.",04/06/2026
59055,15,QW,15,1,CLIA WAIVED TEST,04/06/2026
57787,47,50,15,1,"BILATERAL PROCEDURE: UNLESS OTHERWISE IDENTIFIED IN THE LISTINGS, BILATERAL PROCEDURES THAT ARE PERFORMED AT THE SAME OPERATIVE SESSION SHOULD BE IDENTIFIED BY ADDING THE MODIFIER -50 TO THE APPROPRIATE FIVE DIGIT CODE OR BY USE OF THE SEPARATE FIVE DIGIT MODIFIER CODE 09950",04/02/2026
57787,47,KX,15,1,REQUIREMENTS SPECIFIED IN THE MEDICAL POLICY HAVE BEEN MET,04/02/2026
57787,47,LT,15,1,LEFT SIDE (USED TO IDENTIFY PROCEDURES PERFORMED ON THE LEFT SIDE OF THE BODY),04/02/2026
57787,47,RT,15,1,RIGHT SIDE (USED TO IDENTIFY PROCEDURES PERFORMED ON THE RIGHT SIDE OF THE BODY),04/02/2026
56670,61,50,15,1,"BILATERAL PROCEDURE: UNLESS OTHERWISE IDENTIFIED IN THE LISTINGS, BILATERAL PROCEDURES THAT ARE PERFORMED AT THE SAME OPERATIVE SESSION SHOULD BE IDENTIFIED BY ADDING THE MODIFIER -50 TO THE APPROPRIATE FIVE DIGIT CODE OR BY USE OF THE SEPARATE FIVE DIGIT MODIFIER CODE 09950",04/02/2026
56670,61,KX,15,1,REQUIREMENTS SPECIFIED IN THE MEDICAL POLICY HAVE BEEN MET,04/02/2026
56670,61,LT,15,1,LEFT SIDE (USED TO IDENTIFY PROCEDURES PERFORMED ON THE LEFT SIDE OF THE BODY),04/02/2026
56670,61,RT,15,1,RIGHT SIDE (USED TO IDENTIFY PROCEDURES PERFORMED ON THE RIGHT SIDE OF THE BODY),04/02/2026
60318,5,KX,15,1,REQUIREMENTS SPECIFIED IN THE MEDICAL POLICY HAVE BEEN MET,03/27/2026
60318,5,LT,15,1,LEFT SIDE (USED TO IDENTIFY PROCEDURES PERFORMED ON THE LEFT SIDE OF THE BODY),03/27/2026
60318,5,RT,15,1,RIGHT SIDE (USED TO IDENTIFY PROCEDURES PERFORMED ON THE RIGHT SIDE OF THE BODY),03/27/2026
60315,4,KX,15,1,REQUIREMENTS SPECIFIED IN THE MEDICAL POLICY HAVE BEEN MET,03/27/2026
60315,4,LT,15,1,LEFT SIDE (USED TO IDENTIFY PROCEDURES PERFORMED ON THE LEFT SIDE OF THE BODY),03/27/2026
60315,4,RT,15,1,RIGHT SIDE (USED TO IDENTIFY PROCEDURES PERFORMED ON THE RIGHT SIDE OF THE BODY),03/27/2026
56465,16,GX,15,1,"NOTICE OF LIABILITY ISSUED, VOLUNTARY UNDER PAYER POLICY",03/25/2026
56465,16,GY,15,1,"ITEM OR SERVICE STATUTORILY EXCLUDED, DOES NOT MEET THE DEFINITION OF ANY MEDICARE BENEFIT OR, FOR NON-MEDICARE INSURERS, IS NOT A CONTRACT BENEFIT",03/25/2026
56159,23,CG,15,1,POLICY CRITERIA APPLIED,02/27/2026
56159,23,KX,15,1,REQUIREMENTS SPECIFIED IN THE MEDICAL POLICY HAVE BEEN MET,02/27/2026
56462,32,EA,15,1,ERYTHROPOIETIC STIMULATING AGENT (ESA) ADMINISTERED TO TREAT ANEMIA DUE TO ANTI-CANCER CHEMOTHERAPY,02/27/2026
56462,32,EB,15,1,ERYTHROPOIETIC STIMULATING AGENT (ESA) ADMINISTERED TO TREAT ANEMIA DUE TO ANTI-CANCER RADIOTHERAPY,02/27/2026
56462,32,EC,15,1,ERYTHROPOIETIC STIMULATING AGENT (ESA) ADMINISTERED TO TREAT ANEMIA NOT DUE TO ANTI-CANCER RADIOTHERAPY OR ANTI-CANCER CHEMOTHERAPY,02/27/2026
56462,32,ED,15,1,HEMATOCRIT LEVEL HAS EXCEEDED 39% (OR HEMOGLOBIN LEVEL HAS EXCEEDED 13.0 G&sol;DL) FOR 3 OR MORE CONSECUTIVE BILLING CYCLES IMMEDIATELY PRIOR TO AND INCLUDING THE CURRENT CYCLE,02/27/2026
56462,32,EE,15,1,HEMATOCRIT LEVEL HAS NOT EXCEEDED 39% (OR HEMOGLOBIN LEVEL HAS NOT EXCEEDED 13.0 G&sol;DL) FOR 3 OR MORE CONSECUTIVE BILLING CYCLES IMMEDIATELY PRIOR TO AND INCLUDING THE CURRENT CYCLE,02/27/2026
58121,17,59,12,1,"DISTINCT PROCEDURAL SERVICE: UNDER CERTAIN CIRCUMSTANCES, THE PHYSICIAN MAY NEED TO INDICATE THAT A PROCEDURE OR SERVICE WAS DISTINCT OR INDEPENDENT FROM OTHER SERVICES PERFORMED ON THE SAME DAY. MODIFIER -59 IS USED TO IDENTIFY PROCEDURES&sol;SERVICES THAT ARE NOT NORMALLY REPORTED TOGETHER, BUT ARE APPROPRIATE UNDER THE CIRCUMSTANCES. THIS MAY REPRESENT A DIFFERENT SESSION OR PATIENT ENCOUNTER, DIFFERENT PROCEDURE OR SURGERY, DIFFERNET SITE OR ORGAN SYSTEM, SEPARATE INCISION&sol;EXCISION, SEPARATE LESION, OR SEPARATE INJURY (OR AREA OF INJURY IN EXTENSIVE INJURIES) NOT ORDINARILY ENCOUNTERED OR PERFORMED ON THE SAME DAY BY THE SAME PHYSICIAN. HOWEVER, WHAN ANOTHER ALREADY ESTABLISHED MODIFIER IS APPROPRIATE IT SHOULD BE USED RATHER THAN MODIFIER -59. ONLY IF NO MORE DESCRIPTIVE MODIFIER IS AVAILABLE, AND THE USE OF MODIFIER -59 BEST EXPLAINS THE CIRCUMSTANCES, SHOULD MODIFIER -59 BE USED. MODIFIER CODE 09959 MAY BE USED AS AN ALTERNATE TO MODIFIER -59.",02/27/2026
55601,14,GX,12,1,"NOTICE OF LIABILITY ISSUED, VOLUNTARY UNDER PAYER POLICY",02/27/2026
55601,14,GY,12,1,"ITEM OR SERVICE STATUTORILY EXCLUDED, DOES NOT MEET THE DEFINITION OF ANY MEDICARE BENEFIT OR, FOR NON-MEDICARE INSURERS, IS NOT A CONTRACT BENEFIT",02/27/2026
55116,16,GX,12,1,"NOTICE OF LIABILITY ISSUED, VOLUNTARY UNDER PAYER POLICY",02/27/2026
55116,16,GY,12,1,"ITEM OR SERVICE STATUTORILY EXCLUDED, DOES NOT MEET THE DEFINITION OF ANY MEDICARE BENEFIT OR, FOR NON-MEDICARE INSURERS, IS NOT A CONTRACT BENEFIT",02/27/2026
58726,82,59,15,1,"DISTINCT PROCEDURAL SERVICE: UNDER CERTAIN CIRCUMSTANCES, THE PHYSICIAN MAY NEED TO INDICATE THAT A PROCEDURE OR SERVICE WAS DISTINCT OR INDEPENDENT FROM OTHER SERVICES PERFORMED ON THE SAME DAY. MODIFIER -59 IS USED TO IDENTIFY PROCEDURES&sol;SERVICES THAT ARE NOT NORMALLY REPORTED TOGETHER, BUT ARE APPROPRIATE UNDER THE CIRCUMSTANCES. THIS MAY REPRESENT A DIFFERENT SESSION OR PATIENT ENCOUNTER, DIFFERENT PROCEDURE OR SURGERY, DIFFERNET SITE OR ORGAN SYSTEM, SEPARATE INCISION&sol;EXCISION, SEPARATE LESION, OR SEPARATE INJURY (OR AREA OF INJURY IN EXTENSIVE INJURIES) NOT ORDINARILY ENCOUNTERED OR PERFORMED ON THE SAME DAY BY THE SAME PHYSICIAN. HOWEVER, WHAN ANOTHER ALREADY ESTABLISHED MODIFIER IS APPROPRIATE IT SHOULD BE USED RATHER THAN MODIFIER -59. ONLY IF NO MORE DESCRIPTIVE MODIFIER IS AVAILABLE, AND THE USE OF MODIFIER -59 BEST EXPLAINS THE CIRCUMSTANCES, SHOULD MODIFIER -59 BE USED. MODIFIER CODE 09959 MAY BE USED AS AN ALTERNATE TO MODIFIER -59.",02/24/2026
58726,82,59,15,2,"DISTINCT PROCEDURAL SERVICE: UNDER CERTAIN CIRCUMSTANCES, THE PHYSICIAN MAY NEED TO INDICATE THAT A PROCEDURE OR SERVICE WAS DISTINCT OR INDEPENDENT FROM OTHER SERVICES PERFORMED ON THE SAME DAY. MODIFIER -59 IS USED TO IDENTIFY PROCEDURES&sol;SERVICES THAT ARE NOT NORMALLY REPORTED TOGETHER, BUT ARE APPROPRIATE UNDER THE CIRCUMSTANCES. THIS MAY REPRESENT A DIFFERENT SESSION OR PATIENT ENCOUNTER, DIFFERENT PROCEDURE OR SURGERY, DIFFERNET SITE OR ORGAN SYSTEM, SEPARATE INCISION&sol;EXCISION, SEPARATE LESION, OR SEPARATE INJURY (OR AREA OF INJURY IN EXTENSIVE INJURIES) NOT ORDINARILY ENCOUNTERED OR PERFORMED ON THE SAME DAY BY THE SAME PHYSICIAN. HOWEVER, WHAN ANOTHER ALREADY ESTABLISHED MODIFIER IS APPROPRIATE IT SHOULD BE USED RATHER THAN MODIFIER -59. ONLY IF NO MORE DESCRIPTIVE MODIFIER IS AVAILABLE, AND THE USE OF MODIFIER -59 BEST EXPLAINS THE CIRCUMSTANCES, SHOULD MODIFIER -59 BE USED. MODIFIER CODE 09959 MAY BE USED AS AN ALTERNATE TO MODIFIER -59.",02/24/2026
58726,82,59,15,3,"DISTINCT PROCEDURAL SERVICE: UNDER CERTAIN CIRCUMSTANCES, THE PHYSICIAN MAY NEED TO INDICATE THAT A PROCEDURE OR SERVICE WAS DISTINCT OR INDEPENDENT FROM OTHER SERVICES PERFORMED ON THE SAME DAY. MODIFIER -59 IS USED TO IDENTIFY PROCEDURES&sol;SERVICES THAT ARE NOT NORMALLY REPORTED TOGETHER, BUT ARE APPROPRIATE UNDER THE CIRCUMSTANCES. THIS MAY REPRESENT A DIFFERENT SESSION OR PATIENT ENCOUNTER, DIFFERENT PROCEDURE OR SURGERY, DIFFERNET SITE OR ORGAN SYSTEM, SEPARATE INCISION&sol;EXCISION, SEPARATE LESION, OR SEPARATE INJURY (OR AREA OF INJURY IN EXTENSIVE INJURIES) NOT ORDINARILY ENCOUNTERED OR PERFORMED ON THE SAME DAY BY THE SAME PHYSICIAN. HOWEVER, WHAN ANOTHER ALREADY ESTABLISHED MODIFIER IS APPROPRIATE IT SHOULD BE USED RATHER THAN MODIFIER -59. ONLY IF NO MORE DESCRIPTIVE MODIFIER IS AVAILABLE, AND THE USE OF MODIFIER -59 BEST EXPLAINS THE CIRCUMSTANCES, SHOULD MODIFIER -59 BE USED. MODIFIER CODE 09959 MAY BE USED AS AN ALTERNATE TO MODIFIER -59.",02/24/2026
58726,82,59,15,4,"DISTINCT PROCEDURAL SERVICE: UNDER CERTAIN CIRCUMSTANCES, THE PHYSICIAN MAY NEED TO INDICATE THAT A PROCEDURE OR SERVICE WAS DISTINCT OR INDEPENDENT FROM OTHER SERVICES PERFORMED ON THE SAME DAY. MODIFIER -59 IS USED TO IDENTIFY PROCEDURES&sol;SERVICES THAT ARE NOT NORMALLY REPORTED TOGETHER, BUT ARE APPROPRIATE UNDER THE CIRCUMSTANCES. THIS MAY REPRESENT A DIFFERENT SESSION OR PATIENT ENCOUNTER, DIFFERENT PROCEDURE OR SURGERY, DIFFERNET SITE OR ORGAN SYSTEM, SEPARATE INCISION&sol;EXCISION, SEPARATE LESION, OR SEPARATE INJURY (OR AREA OF INJURY IN EXTENSIVE INJURIES) NOT ORDINARILY ENCOUNTERED OR PERFORMED ON THE SAME DAY BY THE SAME PHYSICIAN. HOWEVER, WHAN ANOTHER ALREADY ESTABLISHED MODIFIER IS APPROPRIATE IT SHOULD BE USED RATHER THAN MODIFIER -59. ONLY IF NO MORE DESCRIPTIVE MODIFIER IS AVAILABLE, AND THE USE OF MODIFIER -59 BEST EXPLAINS THE CIRCUMSTANCES, SHOULD MODIFIER -59 BE USED. MODIFIER CODE 09959 MAY BE USED AS AN ALTERNATE TO MODIFIER -59.",02/24/2026
58726,82,59,15,5,"DISTINCT PROCEDURAL SERVICE: UNDER CERTAIN CIRCUMSTANCES, THE PHYSICIAN MAY NEED TO INDICATE THAT A PROCEDURE OR SERVICE WAS DISTINCT OR INDEPENDENT FROM OTHER SERVICES PERFORMED ON THE SAME DAY. MODIFIER -59 IS USED TO IDENTIFY PROCEDURES&sol;SERVICES THAT ARE NOT NORMALLY REPORTED TOGETHER, BUT ARE APPROPRIATE UNDER THE CIRCUMSTANCES. THIS MAY REPRESENT A DIFFERENT SESSION OR PATIENT ENCOUNTER, DIFFERENT PROCEDURE OR SURGERY, DIFFERNET SITE OR ORGAN SYSTEM, SEPARATE INCISION&sol;EXCISION, SEPARATE LESION, OR SEPARATE INJURY (OR AREA OF INJURY IN EXTENSIVE INJURIES) NOT ORDINARILY ENCOUNTERED OR PERFORMED ON THE SAME DAY BY THE SAME PHYSICIAN. HOWEVER, WHAN ANOTHER ALREADY ESTABLISHED MODIFIER IS APPROPRIATE IT SHOULD BE USED RATHER THAN MODIFIER -59. ONLY IF NO MORE DESCRIPTIVE MODIFIER IS AVAILABLE, AND THE USE OF MODIFIER -59 BEST EXPLAINS THE CIRCUMSTANCES, SHOULD MODIFIER -59 BE USED. MODIFIER CODE 09959 MAY BE USED AS AN ALTERNATE TO MODIFIER -59.",02/24/2026
58726,82,59,15,6,"DISTINCT PROCEDURAL SERVICE: UNDER CERTAIN CIRCUMSTANCES, THE PHYSICIAN MAY NEED TO INDICATE THAT A PROCEDURE OR SERVICE WAS DISTINCT OR INDEPENDENT FROM OTHER SERVICES PERFORMED ON THE SAME DAY. MODIFIER -59 IS USED TO IDENTIFY PROCEDURES&sol;SERVICES THAT ARE NOT NORMALLY REPORTED TOGETHER, BUT ARE APPROPRIATE UNDER THE CIRCUMSTANCES. THIS MAY REPRESENT A DIFFERENT SESSION OR PATIENT ENCOUNTER, DIFFERENT PROCEDURE OR SURGERY, DIFFERNET SITE OR ORGAN SYSTEM, SEPARATE INCISION&sol;EXCISION, SEPARATE LESION, OR SEPARATE INJURY (OR AREA OF INJURY IN EXTENSIVE INJURIES) NOT ORDINARILY ENCOUNTERED OR PERFORMED ON THE SAME DAY BY THE SAME PHYSICIAN. HOWEVER, WHAN ANOTHER ALREADY ESTABLISHED MODIFIER IS APPROPRIATE IT SHOULD BE USED RATHER THAN MODIFIER -59. ONLY IF NO MORE DESCRIPTIVE MODIFIER IS AVAILABLE, AND THE USE OF MODIFIER -59 BEST EXPLAINS THE CIRCUMSTANCES, SHOULD MODIFIER -59 BE USED. MODIFIER CODE 09959 MAY BE USED AS AN ALTERNATE TO MODIFIER -59.",02/24/2026
58726,82,59,15,7,"DISTINCT PROCEDURAL SERVICE: UNDER CERTAIN CIRCUMSTANCES, THE PHYSICIAN MAY NEED TO INDICATE THAT A PROCEDURE OR SERVICE WAS DISTINCT OR INDEPENDENT FROM OTHER SERVICES PERFORMED ON THE SAME DAY. MODIFIER -59 IS USED TO IDENTIFY PROCEDURES&sol;SERVICES THAT ARE NOT NORMALLY REPORTED TOGETHER, BUT ARE APPROPRIATE UNDER THE CIRCUMSTANCES. THIS MAY REPRESENT A DIFFERENT SESSION OR PATIENT ENCOUNTER, DIFFERENT PROCEDURE OR SURGERY, DIFFERNET SITE OR ORGAN SYSTEM, SEPARATE INCISION&sol;EXCISION, SEPARATE LESION, OR SEPARATE INJURY (OR AREA OF INJURY IN EXTENSIVE INJURIES) NOT ORDINARILY ENCOUNTERED OR PERFORMED ON THE SAME DAY BY THE SAME PHYSICIAN. HOWEVER, WHAN ANOTHER ALREADY ESTABLISHED MODIFIER IS APPROPRIATE IT SHOULD BE USED RATHER THAN MODIFIER -59. ONLY IF NO MORE DESCRIPTIVE MODIFIER IS AVAILABLE, AND THE USE OF MODIFIER -59 BEST EXPLAINS THE CIRCUMSTANCES, SHOULD MODIFIER -59 BE USED. MODIFIER CODE 09959 MAY BE USED AS AN ALTERNATE TO MODIFIER -59.",02/24/2026
58726,82,59,15,8,"DISTINCT PROCEDURAL SERVICE: UNDER CERTAIN CIRCUMSTANCES, THE PHYSICIAN MAY NEED TO INDICATE THAT A PROCEDURE OR SERVICE WAS DISTINCT OR INDEPENDENT FROM OTHER SERVICES PERFORMED ON THE SAME DAY. MODIFIER -59 IS USED TO IDENTIFY PROCEDURES&sol;SERVICES THAT ARE NOT NORMALLY REPORTED TOGETHER, BUT ARE APPROPRIATE UNDER THE CIRCUMSTANCES. THIS MAY REPRESENT A DIFFERENT SESSION OR PATIENT ENCOUNTER, DIFFERENT PROCEDURE OR SURGERY, DIFFERNET SITE OR ORGAN SYSTEM, SEPARATE INCISION&sol;EXCISION, SEPARATE LESION, OR SEPARATE INJURY (OR AREA OF INJURY IN EXTENSIVE INJURIES) NOT ORDINARILY ENCOUNTERED OR PERFORMED ON THE SAME DAY BY THE SAME PHYSICIAN. HOWEVER, WHAN ANOTHER ALREADY ESTABLISHED MODIFIER IS APPROPRIATE IT SHOULD BE USED RATHER THAN MODIFIER -59. ONLY IF NO MORE DESCRIPTIVE MODIFIER IS AVAILABLE, AND THE USE OF MODIFIER -59 BEST EXPLAINS THE CIRCUMSTANCES, SHOULD MODIFIER -59 BE USED. MODIFIER CODE 09959 MAY BE USED AS AN ALTERNATE TO MODIFIER -59.",02/24/2026
58726,82,59,15,9,"DISTINCT PROCEDURAL SERVICE: UNDER CERTAIN CIRCUMSTANCES, THE PHYSICIAN MAY NEED TO INDICATE THAT A PROCEDURE OR SERVICE WAS DISTINCT OR INDEPENDENT FROM OTHER SERVICES PERFORMED ON THE SAME DAY. MODIFIER -59 IS USED TO IDENTIFY PROCEDURES&sol;SERVICES THAT ARE NOT NORMALLY REPORTED TOGETHER, BUT ARE APPROPRIATE UNDER THE CIRCUMSTANCES. THIS MAY REPRESENT A DIFFERENT SESSION OR PATIENT ENCOUNTER, DIFFERENT PROCEDURE OR SURGERY, DIFFERNET SITE OR ORGAN SYSTEM, SEPARATE INCISION&sol;EXCISION, SEPARATE LESION, OR SEPARATE INJURY (OR AREA OF INJURY IN EXTENSIVE INJURIES) NOT ORDINARILY ENCOUNTERED OR PERFORMED ON THE SAME DAY BY THE SAME PHYSICIAN. HOWEVER, WHAN ANOTHER ALREADY ESTABLISHED MODIFIER IS APPROPRIATE IT SHOULD BE USED RATHER THAN MODIFIER -59. ONLY IF NO MORE DESCRIPTIVE MODIFIER IS AVAILABLE, AND THE USE OF MODIFIER -59 BEST EXPLAINS THE CIRCUMSTANCES, SHOULD MODIFIER -59 BE USED. MODIFIER CODE 09959 MAY BE USED AS AN ALTERNATE TO MODIFIER -59.",02/24/2026
58726,82,59,15,10,"DISTINCT PROCEDURAL SERVICE: UNDER CERTAIN CIRCUMSTANCES, THE PHYSICIAN MAY NEED TO INDICATE THAT A PROCEDURE OR SERVICE WAS DISTINCT OR INDEPENDENT FROM OTHER SERVICES PERFORMED ON THE SAME DAY. MODIFIER -59 IS USED TO IDENTIFY PROCEDURES&sol;SERVICES THAT ARE NOT NORMALLY REPORTED TOGETHER, BUT ARE APPROPRIATE UNDER THE CIRCUMSTANCES. THIS MAY REPRESENT A DIFFERENT SESSION OR PATIENT ENCOUNTER, DIFFERENT PROCEDURE OR SURGERY, DIFFERNET SITE OR ORGAN SYSTEM, SEPARATE INCISION&sol;EXCISION, SEPARATE LESION, OR SEPARATE INJURY (OR AREA OF INJURY IN EXTENSIVE INJURIES) NOT ORDINARILY ENCOUNTERED OR PERFORMED ON THE SAME DAY BY THE SAME PHYSICIAN. HOWEVER, WHAN ANOTHER ALREADY ESTABLISHED MODIFIER IS APPROPRIATE IT SHOULD BE USED RATHER THAN MODIFIER -59. ONLY IF NO MORE DESCRIPTIVE MODIFIER IS AVAILABLE, AND THE USE OF MODIFIER -59 BEST EXPLAINS THE CIRCUMSTANCES, SHOULD MODIFIER -59 BE USED. MODIFIER CODE 09959 MAY BE USED AS AN ALTERNATE TO MODIFIER -59.",02/24/2026
58726,82,59,15,11,"DISTINCT PROCEDURAL SERVICE: UNDER CERTAIN CIRCUMSTANCES, THE PHYSICIAN MAY NEED TO INDICATE THAT A PROCEDURE OR SERVICE WAS DISTINCT OR INDEPENDENT FROM OTHER SERVICES PERFORMED ON THE SAME DAY. MODIFIER -59 IS USED TO IDENTIFY PROCEDURES&sol;SERVICES THAT ARE NOT NORMALLY REPORTED TOGETHER, BUT ARE APPROPRIATE UNDER THE CIRCUMSTANCES. THIS MAY REPRESENT A DIFFERENT SESSION OR PATIENT ENCOUNTER, DIFFERENT PROCEDURE OR SURGERY, DIFFERNET SITE OR ORGAN SYSTEM, SEPARATE INCISION&sol;EXCISION, SEPARATE LESION, OR SEPARATE INJURY (OR AREA OF INJURY IN EXTENSIVE INJURIES) NOT ORDINARILY ENCOUNTERED OR PERFORMED ON THE SAME DAY BY THE SAME PHYSICIAN. HOWEVER, WHAN ANOTHER ALREADY ESTABLISHED MODIFIER IS APPROPRIATE IT SHOULD BE USED RATHER THAN MODIFIER -59. ONLY IF NO MORE DESCRIPTIVE MODIFIER IS AVAILABLE, AND THE USE OF MODIFIER -59 BEST EXPLAINS THE CIRCUMSTANCES, SHOULD MODIFIER -59 BE USED. MODIFIER CODE 09959 MAY BE USED AS AN ALTERNATE TO MODIFIER -59.",02/24/2026
58726,82,59,15,12,"DISTINCT PROCEDURAL SERVICE: UNDER CERTAIN CIRCUMSTANCES, THE PHYSICIAN MAY NEED TO INDICATE THAT A PROCEDURE OR SERVICE WAS DISTINCT OR INDEPENDENT FROM OTHER SERVICES PERFORMED ON THE SAME DAY. MODIFIER -59 IS USED TO IDENTIFY PROCEDURES&sol;SERVICES THAT ARE NOT NORMALLY REPORTED TOGETHER, BUT ARE APPROPRIATE UNDER THE CIRCUMSTANCES. THIS MAY REPRESENT A DIFFERENT SESSION OR PATIENT ENCOUNTER, DIFFERENT PROCEDURE OR SURGERY, DIFFERNET SITE OR ORGAN SYSTEM, SEPARATE INCISION&sol;EXCISION, SEPARATE LESION, OR SEPARATE INJURY (OR AREA OF INJURY IN EXTENSIVE INJURIES) NOT ORDINARILY ENCOUNTERED OR PERFORMED ON THE SAME DAY BY THE SAME PHYSICIAN. HOWEVER, WHAN ANOTHER ALREADY ESTABLISHED MODIFIER IS APPROPRIATE IT SHOULD BE USED RATHER THAN MODIFIER -59. ONLY IF NO MORE DESCRIPTIVE MODIFIER IS AVAILABLE, AND THE USE OF MODIFIER -59 BEST EXPLAINS THE CIRCUMSTANCES, SHOULD MODIFIER -59 BE USED. MODIFIER CODE 09959 MAY BE USED AS AN ALTERNATE TO MODIFIER -59.",02/24/2026
57474,34,25,14,1,"SIGNIFICANT, SEPARATELY IDENTIFIABLE EVALUATION AND MANAGEMENT SERVICE BY THE SAME PHYSICIAN ON THE SAME DAY OF THE PROCEDURE OR OTHER SERVICE: THE PHYSICIAN MAY NEED TO INDICATE THAT ON THE DAY A PROCEDURE OR SERVICE IDENTIFIED BY A CPTCODE WAS PERFORMED, THE PATIENT&#39;S CONDITION REQUIRED A SIGNIFICANT, SEPARATELY IDENTIFIABLE E&sol;M SERVICE ABOVE AND BEYOND THE OTHER SERVICE PROVIDED OR BEYOND THE USUAL PREOPERATIVE AND POSTOPERATIVE CARE ASSOCIATED WITH THE PROCEDURE THAT WAS PERFORMED. THE E&sol;M SERVICE MAY BE PROMPTED BY THE SYMPTOM OR CONDITION FOR WHICH THE PROCEDURE AND&sol;OR SERVICE WAS PROVIDED. AS SUCH, DIFFERENT DIAGNOSES ARE NOT REQUIRED FOR REPORTING OF THE E&sol;M SERVICES ON THE SAME DATE. THIS CIRCUMSTANCE MAY BE REPORTED BY ADDING THE MODIFIER -25 TO THE APPROPRIATE LEVEL OF E&sol;M SERVICE, OR THE SEPARATE FIVE DIGIT MODIFIER 09925 MAY BE USED. NOTE: THIS MODIFIER IS NOT USED TO REPORT AN E&sol;M SERVICE THAT RESULTED IN A DECISION TO PERFORM SURGERY. SEE MODIFIER -57.",02/21/2026
57474,34,JW,14,1,DRUG AMOUNT DISCARDED&sol;NOT ADMINISTERED TO ANY PATIENT,02/21/2026
57474,34,JZ,14,1,ZERO DRUG AMOUNT DISCARDED&sol;NOT ADMINISTERED TO ANY PATIENT,02/21/2026
56456,32,53,15,1,"DISCONTINUED PROCEDURE: UNDER CERTAIN CIRCUMSTANCES, THE PHYSICIAN MAY ELECT TO TERMINATE A SURGICAL OR DIAGNOSTIC PROCEDURE. DUE TO EXTENUATING CIRCUMSTANCES OR THOSE THAT THREATEN THE WELL BEING OF THE PATIENT, IT MAY BE NECESSARY TO INDICATE THAT A SURGICAL OR DIAGNOSTIC PROCEDURE WAS STARTED BUT DISCONTINUED. THIS CIRCUMSTANCE MAY BE REPORTED BY ADDING THE MODIFIER -53 TO THE CODE REPORTED BY THE PHYSICIAN FOR THE DISCONTINUED PROCEDURE OR BY USE OF THE SEPARATE FIVE DIGIT MODIFIER CODE 09953. NOTE: THIS MODIFIER IS NOT USED TO REPORT THE ELECTIVE CANCELLATION OF A PROCEDURE PRIOR TO THE PATIENT&#39;S ANESTHESIA INDUCTION AND&sol;OR SURGICAL PREPARATION IN THE OPERATING SUITE. FOR OUTPATIENT HOSPITAL&sol;AMBULATORY SURGERY CENTER (ASC) REPORTING OF A PREVIOUSLY SCHEDULED PROCEDURE&sol;SERVICE THAT IS PARTIALLY REDUCED OR CANCELLED AS A RESULT OF EXTENUATING CIRCUMSTANCES OR THOSE THAT THREATEN THE WELL BEING OF THE PATIENT PRIOR TO OR AFTER ADMINISTRATION OF ANESTHESIA, SEE MODIFIERS -73 AND -74 (SEE MODIFIERS APPROVED FOR ASC HOSPITAL OUTPATIENT USE).",02/20/2026
54976,16,GX,12,1,"NOTICE OF LIABILITY ISSUED, VOLUNTARY UNDER PAYER POLICY",02/19/2026
54976,16,GY,12,1,"ITEM OR SERVICE STATUTORILY EXCLUDED, DOES NOT MEET THE DEFINITION OF ANY MEDICARE BENEFIT OR, FOR NON-MEDICARE INSURERS, IS NOT A CONTRACT BENEFIT",02/19/2026
55265,13,GX,12,1,"NOTICE OF LIABILITY ISSUED, VOLUNTARY UNDER PAYER POLICY",02/19/2026
55265,13,GY,12,1,"ITEM OR SERVICE STATUTORILY EXCLUDED, DOES NOT MEET THE DEFINITION OF ANY MEDICARE BENEFIT OR, FOR NON-MEDICARE INSURERS, IS NOT A CONTRACT BENEFIT",02/19/2026
55628,14,GX,12,1,"NOTICE OF LIABILITY ISSUED, VOLUNTARY UNDER PAYER POLICY",02/19/2026
55628,14,GY,12,1,"ITEM OR SERVICE STATUTORILY EXCLUDED, DOES NOT MEET THE DEFINITION OF ANY MEDICARE BENEFIT OR, FOR NON-MEDICARE INSURERS, IS NOT A CONTRACT BENEFIT",02/19/2026
58120,17,59,12,1,"DISTINCT PROCEDURAL SERVICE: UNDER CERTAIN CIRCUMSTANCES, THE PHYSICIAN MAY NEED TO INDICATE THAT A PROCEDURE OR SERVICE WAS DISTINCT OR INDEPENDENT FROM OTHER SERVICES PERFORMED ON THE SAME DAY. MODIFIER -59 IS USED TO IDENTIFY PROCEDURES&sol;SERVICES THAT ARE NOT NORMALLY REPORTED TOGETHER, BUT ARE APPROPRIATE UNDER THE CIRCUMSTANCES. THIS MAY REPRESENT A DIFFERENT SESSION OR PATIENT ENCOUNTER, DIFFERENT PROCEDURE OR SURGERY, DIFFERNET SITE OR ORGAN SYSTEM, SEPARATE INCISION&sol;EXCISION, SEPARATE LESION, OR SEPARATE INJURY (OR AREA OF INJURY IN EXTENSIVE INJURIES) NOT ORDINARILY ENCOUNTERED OR PERFORMED ON THE SAME DAY BY THE SAME PHYSICIAN. HOWEVER, WHAN ANOTHER ALREADY ESTABLISHED MODIFIER IS APPROPRIATE IT SHOULD BE USED RATHER THAN MODIFIER -59. ONLY IF NO MORE DESCRIPTIVE MODIFIER IS AVAILABLE, AND THE USE OF MODIFIER -59 BEST EXPLAINS THE CIRCUMSTANCES, SHOULD MODIFIER -59 BE USED. MODIFIER CODE 09959 MAY BE USED AS AN ALTERNATE TO MODIFIER -59.",02/09/2026
55596,13,GX,12,1,"NOTICE OF LIABILITY ISSUED, VOLUNTARY UNDER PAYER POLICY",02/09/2026
55596,13,GY,12,1,"ITEM OR SERVICE STATUTORILY EXCLUDED, DOES NOT MEET THE DEFINITION OF ANY MEDICARE BENEFIT OR, FOR NON-MEDICARE INSURERS, IS NOT A CONTRACT BENEFIT",02/09/2026
55623,16,GX,12,1,"NOTICE OF LIABILITY ISSUED, VOLUNTARY UNDER PAYER POLICY",02/09/2026
55623,16,GY,12,1,"ITEM OR SERVICE STATUTORILY EXCLUDED, DOES NOT MEET THE DEFINITION OF ANY MEDICARE BENEFIT OR, FOR NON-MEDICARE INSURERS, IS NOT A CONTRACT BENEFIT",02/09/2026
55264,14,GX,12,1,"NOTICE OF LIABILITY ISSUED, VOLUNTARY UNDER PAYER POLICY",02/09/2026
55264,14,GY,12,1,"ITEM OR SERVICE STATUTORILY EXCLUDED, DOES NOT MEET THE DEFINITION OF ANY MEDICARE BENEFIT OR, FOR NON-MEDICARE INSURERS, IS NOT A CONTRACT BENEFIT",02/09/2026
54975,17,GX,12,1,"NOTICE OF LIABILITY ISSUED, VOLUNTARY UNDER PAYER POLICY",02/09/2026
54975,17,GY,12,1,"ITEM OR SERVICE STATUTORILY EXCLUDED, DOES NOT MEET THE DEFINITION OF ANY MEDICARE BENEFIT OR, FOR NON-MEDICARE INSURERS, IS NOT A CONTRACT BENEFIT",02/09/2026
57332,55,77,15,1,REPEAT PROCEDURE BY ANOTHER PHYSICIAN: THE PHYSICIAN MAY NEED TO INDICATE THAT A BASIC PROCEDURE OR SERVICE PERFORMED BY ANOTHER PHYSICIAN HAD TO BE REPEATED. THIS SITUATION MAY BE REPORTED BY ADDING MODIFIER -77 TO THE REPEATED PROCEDURE&sol;SERVICE OR THE SEPARATE FIVE DIGIT MODIFIER CODE 09977 MAY BE USED.,02/05/2026
57517,13,GX,14,1,"NOTICE OF LIABILITY ISSUED, VOLUNTARY UNDER PAYER POLICY",02/05/2026
57517,13,GY,14,1,"ITEM OR SERVICE STATUTORILY EXCLUDED, DOES NOT MEET THE DEFINITION OF ANY MEDICARE BENEFIT OR, FOR NON-MEDICARE INSURERS, IS NOT A CONTRACT BENEFIT",02/05/2026
59036,23,25,15,1,"SIGNIFICANT, SEPARATELY IDENTIFIABLE EVALUATION AND MANAGEMENT SERVICE BY THE SAME PHYSICIAN ON THE SAME DAY OF THE PROCEDURE OR OTHER SERVICE: THE PHYSICIAN MAY NEED TO INDICATE THAT ON THE DAY A PROCEDURE OR SERVICE IDENTIFIED BY A CPTCODE WAS PERFORMED, THE PATIENT&#39;S CONDITION REQUIRED A SIGNIFICANT, SEPARATELY IDENTIFIABLE E&sol;M SERVICE ABOVE AND BEYOND THE OTHER SERVICE PROVIDED OR BEYOND THE USUAL PREOPERATIVE AND POSTOPERATIVE CARE ASSOCIATED WITH THE PROCEDURE THAT WAS PERFORMED. THE E&sol;M SERVICE MAY BE PROMPTED BY THE SYMPTOM OR CONDITION FOR WHICH THE PROCEDURE AND&sol;OR SERVICE WAS PROVIDED. AS SUCH, DIFFERENT DIAGNOSES ARE NOT REQUIRED FOR REPORTING OF THE E&sol;M SERVICES ON THE SAME DATE. THIS CIRCUMSTANCE MAY BE REPORTED BY ADDING THE MODIFIER -25 TO THE APPROPRIATE LEVEL OF E&sol;M SERVICE, OR THE SEPARATE FIVE DIGIT MODIFIER 09925 MAY BE USED. NOTE: THIS MODIFIER IS NOT USED TO REPORT AN E&sol;M SERVICE THAT RESULTED IN A DECISION TO PERFORM SURGERY. SEE MODIFIER -57.",02/04/2026
59030,13,25,15,1,"SIGNIFICANT, SEPARATELY IDENTIFIABLE EVALUATION AND MANAGEMENT SERVICE BY THE SAME PHYSICIAN ON THE SAME DAY OF THE PROCEDURE OR OTHER SERVICE: THE PHYSICIAN MAY NEED TO INDICATE THAT ON THE DAY A PROCEDURE OR SERVICE IDENTIFIED BY A CPTCODE WAS PERFORMED, THE PATIENT&#39;S CONDITION REQUIRED A SIGNIFICANT, SEPARATELY IDENTIFIABLE E&sol;M SERVICE ABOVE AND BEYOND THE OTHER SERVICE PROVIDED OR BEYOND THE USUAL PREOPERATIVE AND POSTOPERATIVE CARE ASSOCIATED WITH THE PROCEDURE THAT WAS PERFORMED. THE E&sol;M SERVICE MAY BE PROMPTED BY THE SYMPTOM OR CONDITION FOR WHICH THE PROCEDURE AND&sol;OR SERVICE WAS PROVIDED. AS SUCH, DIFFERENT DIAGNOSES ARE NOT REQUIRED FOR REPORTING OF THE E&sol;M SERVICES ON THE SAME DATE. THIS CIRCUMSTANCE MAY BE REPORTED BY ADDING THE MODIFIER -25 TO THE APPROPRIATE LEVEL OF E&sol;M SERVICE, OR THE SEPARATE FIVE DIGIT MODIFIER 09925 MAY BE USED. NOTE: THIS MODIFIER IS NOT USED TO REPORT AN E&sol;M SERVICE THAT RESULTED IN A DECISION TO PERFORM SURGERY. SEE MODIFIER -57.",01/27/2026
59030,13,50,15,1,"BILATERAL PROCEDURE: UNLESS OTHERWISE IDENTIFIED IN THE LISTINGS, BILATERAL PROCEDURES THAT ARE PERFORMED AT THE SAME OPERATIVE SESSION SHOULD BE IDENTIFIED BY ADDING THE MODIFIER -50 TO THE APPROPRIATE FIVE DIGIT CODE OR BY USE OF THE SEPARATE FIVE DIGIT MODIFIER CODE 09950",01/27/2026
59030,13,EJ,15,1,"SUBSEQUENT CLAIMS FOR A DEFINED COURSE OF THERAPY, E.G., EPO, SODIUM HYALURONATE, INFLIXIMAB",01/27/2026
59030,13,JW,15,1,DRUG AMOUNT DISCARDED&sol;NOT ADMINISTERED TO ANY PATIENT,01/27/2026
59030,13,JZ,15,1,ZERO DRUG AMOUNT DISCARDED&sol;NOT ADMINISTERED TO ANY PATIENT,01/27/2026
59030,13,LT,15,1,LEFT SIDE (USED TO IDENTIFY PROCEDURES PERFORMED ON THE LEFT SIDE OF THE BODY),01/27/2026
59030,13,RT,15,1,RIGHT SIDE (USED TO IDENTIFY PROCEDURES PERFORMED ON THE RIGHT SIDE OF THE BODY),01/27/2026
59028,12,F1,15,1,"LEFT HAND, SECOND DIGIT",01/27/2026
59028,12,F2,15,1,"LEFT HAND, THIRD DIGIT",01/27/2026
59028,12,F3,15,1,"LEFT HAND, FOURTH DIGIT",01/27/2026
59028,12,F4,15,1,"LEFT HAND, FIFTH DIGIT",01/27/2026
59028,12,F5,15,1,"RIGHT HAND, THUMB",01/27/2026
59028,12,F6,15,1,"RIGHT HAND, SECOND DIGIT",01/27/2026
59028,12,F7,15,1,"RIGHT HAND, THIRD DIGIT",01/27/2026
59028,12,F8,15,1,"RIGHT HAND, FOURTH DIGIT",01/27/2026
59028,12,F9,15,1,"RIGHT HAND, FIFTH DIGIT",01/27/2026
59028,12,FA,15,1,"LEFT HAND, THUMB",01/27/2026
59028,12,T1,15,1,"LEFT FOOT, SECOND DIGIT",01/27/2026
59028,12,T2,15,1,"LEFT FOOT, THIRD DIGIT",01/27/2026
59028,12,T3,15,1,"LEFT FOOT, FOURTH DIGIT",01/27/2026
59028,12,T4,15,1,"LEFT FOOT, FIFTH DIGIT",01/27/2026
59028,12,T5,15,1,"RIGHT FOOT, GREAT TOE",01/27/2026
59028,12,T6,15,1,"RIGHT FOOT, SECOND DIGIT",01/27/2026
59028,12,T7,15,1,"RIGHT FOOT, THIRD DIGIT",01/27/2026
59028,12,T8,15,1,"RIGHT FOOT, FOURTH DIGIT",01/27/2026
59028,12,T9,15,1,"RIGHT FOOT, FIFTH DIGIT",01/27/2026
59028,12,TA,15,1,"LEFT FOOT, GREAT TOE",01/27/2026
57516,12,GX,14,1,"NOTICE OF LIABILITY ISSUED, VOLUNTARY UNDER PAYER POLICY",01/26/2026
57516,12,GY,14,1,"ITEM OR SERVICE STATUTORILY EXCLUDED, DOES NOT MEET THE DEFINITION OF ANY MEDICARE BENEFIT OR, FOR NON-MEDICARE INSURERS, IS NOT A CONTRACT BENEFIT",01/26/2026
57666,36,F1,15,1,"LEFT HAND, SECOND DIGIT",01/23/2026
57666,36,F2,15,1,"LEFT HAND, THIRD DIGIT",01/23/2026
57666,36,F3,15,1,"LEFT HAND, FOURTH DIGIT",01/23/2026
57666,36,F4,15,1,"LEFT HAND, FIFTH DIGIT",01/23/2026
57666,36,F5,15,1,"RIGHT HAND, THUMB",01/23/2026
57666,36,F6,15,1,"RIGHT HAND, SECOND DIGIT",01/23/2026
57666,36,F7,15,1,"RIGHT HAND, THIRD DIGIT",01/23/2026
57666,36,F8,15,1,"RIGHT HAND, FOURTH DIGIT",01/23/2026
57666,36,F9,15,1,"RIGHT HAND, FIFTH DIGIT",01/23/2026
57666,36,FA,15,1,"LEFT HAND, THUMB",01/23/2026
57666,36,T1,15,1,"LEFT FOOT, SECOND DIGIT",01/23/2026
57666,36,T2,15,1,"LEFT FOOT, THIRD DIGIT",01/23/2026
57666,36,T3,15,1,"LEFT FOOT, FOURTH DIGIT",01/23/2026
57666,36,T4,15,1,"LEFT FOOT, FIFTH DIGIT",01/23/2026
57666,36,T5,15,1,"RIGHT FOOT, GREAT TOE",01/23/2026
57666,36,T6,15,1,"RIGHT FOOT, SECOND DIGIT",01/23/2026
57666,36,T7,15,1,"RIGHT FOOT, THIRD DIGIT",01/23/2026
57666,36,T8,15,1,"RIGHT FOOT, FOURTH DIGIT",01/23/2026
57666,36,T9,15,1,"RIGHT FOOT, FIFTH DIGIT",01/23/2026
57666,36,TA,15,1,"LEFT FOOT, GREAT TOE",01/23/2026
52998,50,F1,15,1,"LEFT HAND, SECOND DIGIT",01/23/2026
52998,50,F2,15,1,"LEFT HAND, THIRD DIGIT",01/23/2026
52998,50,F3,15,1,"LEFT HAND, FOURTH DIGIT",01/23/2026
52998,50,F4,15,1,"LEFT HAND, FIFTH DIGIT",01/23/2026
52998,50,F5,15,1,"RIGHT HAND, THUMB",01/23/2026
52998,50,F6,15,1,"RIGHT HAND, SECOND DIGIT",01/23/2026
52998,50,F7,15,1,"RIGHT HAND, THIRD DIGIT",01/23/2026
52998,50,F8,15,1,"RIGHT HAND, FOURTH DIGIT",01/23/2026
52998,50,F9,15,1,"RIGHT HAND, FIFTH DIGIT",01/23/2026
52998,50,FA,15,1,"LEFT HAND, THUMB",01/23/2026
52998,50,T1,15,1,"LEFT FOOT, SECOND DIGIT",01/23/2026
52998,50,T2,15,1,"LEFT FOOT, THIRD DIGIT",01/23/2026
52998,50,T3,15,1,"LEFT FOOT, FOURTH DIGIT",01/23/2026
52998,50,T4,15,1,"LEFT FOOT, FIFTH DIGIT",01/23/2026
52998,50,T5,15,1,"RIGHT FOOT, GREAT TOE",01/23/2026
52998,50,T6,15,1,"RIGHT FOOT, SECOND DIGIT",01/23/2026
52998,50,T7,15,1,"RIGHT FOOT, THIRD DIGIT",01/23/2026
52998,50,T8,15,1,"RIGHT FOOT, FOURTH DIGIT",01/23/2026
52998,50,T9,15,1,"RIGHT FOOT, FIFTH DIGIT",01/23/2026
52998,50,TA,15,1,"LEFT FOOT, GREAT TOE",01/23/2026
56914,19,50,15,1,"BILATERAL PROCEDURE: UNLESS OTHERWISE IDENTIFIED IN THE LISTINGS, BILATERAL PROCEDURES THAT ARE PERFORMED AT THE SAME OPERATIVE SESSION SHOULD BE IDENTIFIED BY ADDING THE MODIFIER -50 TO THE APPROPRIATE FIVE DIGIT CODE OR BY USE OF THE SEPARATE FIVE DIGIT MODIFIER CODE 09950",01/22/2026
56914,19,79,15,1,"UNRELATED PROCEDURE OR SERVICE BY THE SAME PHYSICIAN DURING THE POSTOPERATIVE PERIOD: THE PHYSICIAN MAY NEED TO INDICATE THAT THE PERFORMANCE OF A PROCEDURE OR SERVICE DURING THE POSTOPERATIVE PERIOD WAS UNRELATED TO THE ORIGINAL PROCEDURE. THIS CIRCUMSTANCE MAY BE REPORTED BY USING THE MODIFIER -79 OR BY USING THE SEPARATE FIVE DIGIT MODIFIER 09979. (FOR REPEAT PROCEDURES ON THE SAME DAY, SEE -76).",01/22/2026
56914,19,LT,15,1,LEFT SIDE (USED TO IDENTIFY PROCEDURES PERFORMED ON THE LEFT SIDE OF THE BODY),01/22/2026
56914,19,RT,15,1,RIGHT SIDE (USED TO IDENTIFY PROCEDURES PERFORMED ON THE RIGHT SIDE OF THE BODY),01/22/2026
55210,15,GX,15,1,"NOTICE OF LIABILITY ISSUED, VOLUNTARY UNDER PAYER POLICY",01/22/2026
55210,15,GY,15,1,"ITEM OR SERVICE STATUTORILY EXCLUDED, DOES NOT MEET THE DEFINITION OF ANY MEDICARE BENEFIT OR, FOR NON-MEDICARE INSURERS, IS NOT A CONTRACT BENEFIT",01/22/2026
59721,6,GA,15,1,"WAIVER OF LIABILITY STATEMENT ISSUED AS REQUIRED BY PAYER POLICY, INDIVIDUAL CASE",01/16/2026
59721,6,GX,15,1,"NOTICE OF LIABILITY ISSUED, VOLUNTARY UNDER PAYER POLICY",01/16/2026
59721,6,GY,15,1,"ITEM OR SERVICE STATUTORILY EXCLUDED, DOES NOT MEET THE DEFINITION OF ANY MEDICARE BENEFIT OR, FOR NON-MEDICARE INSURERS, IS NOT A CONTRACT BENEFIT",01/16/2026
59721,6,GZ,15,1,ITEM OR SERVICE EXPECTED TO BE DENIED AS NOT REASONABLE AND NECESSARY,01/16/2026
58218,17,KX,15,1,REQUIREMENTS SPECIFIED IN THE MEDICAL POLICY HAVE BEEN MET,12/26/2025
54958,28,KX,15,1,REQUIREMENTS SPECIFIED IN THE MEDICAL POLICY HAVE BEEN MET,12/24/2025
54958,28,SC,15,1,MEDICALLY NECESSARY SERVICE OR SUPPLY,12/24/2025
56908,19,50,15,1,"BILATERAL PROCEDURE: UNLESS OTHERWISE IDENTIFIED IN THE LISTINGS, BILATERAL PROCEDURES THAT ARE PERFORMED AT THE SAME OPERATIVE SESSION SHOULD BE IDENTIFIED BY ADDING THE MODIFIER -50 TO THE APPROPRIATE FIVE DIGIT CODE OR BY USE OF THE SEPARATE FIVE DIGIT MODIFIER CODE 09950",12/24/2025
56908,19,52,15,1,"REDUCED SERVICES: UNDER CERTAIN CIRCUMSTANCES A SERVICE OR PROCEDURE IS PARTIALLY REDUCED OR ELIMINATED AT THE PHYSICIAN&#39;S DISCRETION. UNDER THESE CIRCUMSTANCES THE SERVICE PROVIDED CAN BE IDENTIFIED BY ITS USUAL PROCEDURE NUMBER AND THE ADDITION OF THE MODIFIER -52, SIGNIFYING THAT THE SERVICE IS REDUCED. THIS PROVIDES A MEANS OF REPORTING REDUCED SERVICES WITHOUT DISTURBING THE IDENTIFICATION OF THE BASIC SERVICE. MODIFIER CODE 09952 MAY BE USED AS AN ALTERNATIVE TO MODIFIER -52. NOTE: FOR HOSPITAL OUTPATIENT REPORTING OF A PREVIOUSLY SCHEDULED PROCEDURE&sol;SERVICE THAT IS PARTIALLY REDUCED OR CANCELLED AS A RESULT OF EXTENUATING CIRCUMSTANCES OR THOSE THAT THREATEN THE WELL-BEING OF THE PATIENT PRIOR TO OR AFTER ADMINISTRATION OF ANESTHESIA, SEE MODIFIERS -73 AND -74 (SEE MODIFIERS APPROVED FOR ASC HOSPITAL OUTPATIENT USE).",12/24/2025
56908,19,GY,15,1,"ITEM OR SERVICE STATUTORILY EXCLUDED, DOES NOT MEET THE DEFINITION OF ANY MEDICARE BENEFIT OR, FOR NON-MEDICARE INSURERS, IS NOT A CONTRACT BENEFIT",12/24/2025
56908,19,LT,15,1,LEFT SIDE (USED TO IDENTIFY PROCEDURES PERFORMED ON THE LEFT SIDE OF THE BODY),12/24/2025
56908,19,RT,15,1,RIGHT SIDE (USED TO IDENTIFY PROCEDURES PERFORMED ON THE RIGHT SIDE OF THE BODY),12/24/2025
57880,13,59,14,1,"DISTINCT PROCEDURAL SERVICE: UNDER CERTAIN CIRCUMSTANCES, THE PHYSICIAN MAY NEED TO INDICATE THAT A PROCEDURE OR SERVICE WAS DISTINCT OR INDEPENDENT FROM OTHER SERVICES PERFORMED ON THE SAME DAY. MODIFIER -59 IS USED TO IDENTIFY PROCEDURES&sol;SERVICES THAT ARE NOT NORMALLY REPORTED TOGETHER, BUT ARE APPROPRIATE UNDER THE CIRCUMSTANCES. THIS MAY REPRESENT A DIFFERENT SESSION OR PATIENT ENCOUNTER, DIFFERENT PROCEDURE OR SURGERY, DIFFERNET SITE OR ORGAN SYSTEM, SEPARATE INCISION&sol;EXCISION, SEPARATE LESION, OR SEPARATE INJURY (OR AREA OF INJURY IN EXTENSIVE INJURIES) NOT ORDINARILY ENCOUNTERED OR PERFORMED ON THE SAME DAY BY THE SAME PHYSICIAN. HOWEVER, WHAN ANOTHER ALREADY ESTABLISHED MODIFIER IS APPROPRIATE IT SHOULD BE USED RATHER THAN MODIFIER -59. ONLY IF NO MORE DESCRIPTIVE MODIFIER IS AVAILABLE, AND THE USE OF MODIFIER -59 BEST EXPLAINS THE CIRCUMSTANCES, SHOULD MODIFIER -59 BE USED. MODIFIER CODE 09959 MAY BE USED AS AN ALTERNATE TO MODIFIER -59.",12/11/2025
57715,55,JW,14,1,DRUG AMOUNT DISCARDED&sol;NOT ADMINISTERED TO ANY PATIENT,12/05/2025
57715,55,JZ,14,1,ZERO DRUG AMOUNT DISCARDED&sol;NOT ADMINISTERED TO ANY PATIENT,12/05/2025
58423,48,JW,14,1,DRUG AMOUNT DISCARDED&sol;NOT ADMINISTERED TO ANY PATIENT,12/05/2025
58423,48,JZ,14,1,ZERO DRUG AMOUNT DISCARDED&sol;NOT ADMINISTERED TO ANY PATIENT,12/05/2025
56433,85,JW,14,1,DRUG AMOUNT DISCARDED&sol;NOT ADMINISTERED TO ANY PATIENT,12/04/2025
56433,85,JZ,14,1,ZERO DRUG AMOUNT DISCARDED&sol;NOT ADMINISTERED TO ANY PATIENT,12/04/2025
56482,49,JW,14,1,DRUG AMOUNT DISCARDED&sol;NOT ADMINISTERED TO ANY PATIENT,12/04/2025
56482,49,JZ,14,1,ZERO DRUG AMOUNT DISCARDED&sol;NOT ADMINISTERED TO ANY PATIENT,12/04/2025
57954,73,Q7,14,1,ONE CLASS A FINDING,11/10/2025
57954,73,Q8,14,1,TWO CLASS B FINDINGS,11/10/2025
57954,73,Q9,14,1,ONE CLASS B AND TWO CLASS C FINDINGS,11/10/2025
53009,54,50,14,1,"BILATERAL PROCEDURE: UNLESS OTHERWISE IDENTIFIED IN THE LISTINGS, BILATERAL PROCEDURES THAT ARE PERFORMED AT THE SAME OPERATIVE SESSION SHOULD BE IDENTIFIED BY ADDING THE MODIFIER -50 TO THE APPROPRIATE FIVE DIGIT CODE OR BY USE OF THE SEPARATE FIVE DIGIT MODIFIER CODE 09950",11/06/2025
53009,54,LT,14,1,LEFT SIDE (USED TO IDENTIFY PROCEDURES PERFORMED ON THE LEFT SIDE OF THE BODY),11/06/2025
53009,54,RT,14,1,RIGHT SIDE (USED TO IDENTIFY PROCEDURES PERFORMED ON THE RIGHT SIDE OF THE BODY),11/06/2025
55029,36,TC,14,1,"TECHNICAL COMPONENT; UNDER CERTAIN CIRCUMSTANCES, A CHARGE MAY BE MADE FOR THE TECHNICAL COMPONENT ALONE; UNDER THOSE CIRCUMSTANCES THE TECHNICAL COMPONENT CHARGE IS IDENTIFIED BY ADDING MODIFIER &#39;TC&#39; TO THE USUAL PROCEDURE NUMBER; TECHNICAL COMPONENT CHARGES ARE INSTITUTIONAL CHARGES AND NOT BILLED SEPARATELY BY PHYSICIANS; HOWEVER, PORTABLE X-RAY SUPPLIERS ONLY BILL FOR TECHNICAL COMPONENT AND SHOULD UTILIZE MODIFIER TC; THE CHARGE DATA FROM PORTABLE X-RAY SUPPLIERS WILL THEN BE USED TO BUILD CUSTOMARY AND PREVAILING PROFILES",11/06/2025
57957,53,Q7,14,1,ONE CLASS A FINDING,11/06/2025
57957,53,Q8,14,1,TWO CLASS B FINDINGS,11/06/2025
57957,53,Q9,14,1,ONE CLASS B AND TWO CLASS C FINDINGS,11/06/2025
55028,45,TC,14,1,"TECHNICAL COMPONENT; UNDER CERTAIN CIRCUMSTANCES, A CHARGE MAY BE MADE FOR THE TECHNICAL COMPONENT ALONE; UNDER THOSE CIRCUMSTANCES THE TECHNICAL COMPONENT CHARGE IS IDENTIFIED BY ADDING MODIFIER &#39;TC&#39; TO THE USUAL PROCEDURE NUMBER; TECHNICAL COMPONENT CHARGES ARE INSTITUTIONAL CHARGES AND NOT BILLED SEPARATELY BY PHYSICIANS; HOWEVER, PORTABLE X-RAY SUPPLIERS ONLY BILL FOR TECHNICAL COMPONENT AND SHOULD UTILIZE MODIFIER TC; THE CHARGE DATA FROM PORTABLE X-RAY SUPPLIERS WILL THEN BE USED TO BUILD CUSTOMARY AND PREVAILING PROFILES",10/27/2025
53008,56,50,14,1,"BILATERAL PROCEDURE: UNLESS OTHERWISE IDENTIFIED IN THE LISTINGS, BILATERAL PROCEDURES THAT ARE PERFORMED AT THE SAME OPERATIVE SESSION SHOULD BE IDENTIFIED BY ADDING THE MODIFIER -50 TO THE APPROPRIATE FIVE DIGIT CODE OR BY USE OF THE SEPARATE FIVE DIGIT MODIFIER CODE 09950",10/27/2025
53008,56,LT,14,1,LEFT SIDE (USED TO IDENTIFY PROCEDURES PERFORMED ON THE LEFT SIDE OF THE BODY),10/27/2025
53008,56,RT,14,1,RIGHT SIDE (USED TO IDENTIFY PROCEDURES PERFORMED ON THE RIGHT SIDE OF THE BODY),10/27/2025
56680,44,Q7,14,1,ONE CLASS A FINDING,10/24/2025
56680,44,Q8,14,1,TWO CLASS B FINDINGS,10/24/2025
56680,44,Q9,14,1,ONE CLASS B AND TWO CLASS C FINDINGS,10/24/2025
57357,16,KX,14,2,REQUIREMENTS SPECIFIED IN THE MEDICAL POLICY HAVE BEEN MET,10/23/2025
57588,11,GX,14,1,"NOTICE OF LIABILITY ISSUED, VOLUNTARY UNDER PAYER POLICY",10/22/2025
57588,11,GY,14,1,"ITEM OR SERVICE STATUTORILY EXCLUDED, DOES NOT MEET THE DEFINITION OF ANY MEDICARE BENEFIT OR, FOR NON-MEDICARE INSURERS, IS NOT A CONTRACT BENEFIT",10/22/2025
55169,15,GX,14,1,"NOTICE OF LIABILITY ISSUED, VOLUNTARY UNDER PAYER POLICY",10/22/2025
55169,15,GY,14,1,"ITEM OR SERVICE STATUTORILY EXCLUDED, DOES NOT MEET THE DEFINITION OF ANY MEDICARE BENEFIT OR, FOR NON-MEDICARE INSURERS, IS NOT A CONTRACT BENEFIT",10/22/2025
55770,11,GX,12,1,"NOTICE OF LIABILITY ISSUED, VOLUNTARY UNDER PAYER POLICY",10/16/2025
56073,22,GX,13,1,"NOTICE OF LIABILITY ISSUED, VOLUNTARY UNDER PAYER POLICY",10/16/2025
56073,22,GY,13,1,"ITEM OR SERVICE STATUTORILY EXCLUDED, DOES NOT MEET THE DEFINITION OF ANY MEDICARE BENEFIT OR, FOR NON-MEDICARE INSURERS, IS NOT A CONTRACT BENEFIT",10/16/2025
57238,10,GX,12,1,"NOTICE OF LIABILITY ISSUED, VOLUNTARY UNDER PAYER POLICY",10/16/2025
57238,10,GY,12,1,"ITEM OR SERVICE STATUTORILY EXCLUDED, DOES NOT MEET THE DEFINITION OF ANY MEDICARE BENEFIT OR, FOR NON-MEDICARE INSURERS, IS NOT A CONTRACT BENEFIT",10/16/2025
57949,21,52,14,1,"REDUCED SERVICES: UNDER CERTAIN CIRCUMSTANCES A SERVICE OR PROCEDURE IS PARTIALLY REDUCED OR ELIMINATED AT THE PHYSICIAN&#39;S DISCRETION. UNDER THESE CIRCUMSTANCES THE SERVICE PROVIDED CAN BE IDENTIFIED BY ITS USUAL PROCEDURE NUMBER AND THE ADDITION OF THE MODIFIER -52, SIGNIFYING THAT THE SERVICE IS REDUCED. THIS PROVIDES A MEANS OF REPORTING REDUCED SERVICES WITHOUT DISTURBING THE IDENTIFICATION OF THE BASIC SERVICE. MODIFIER CODE 09952 MAY BE USED AS AN ALTERNATIVE TO MODIFIER -52. NOTE: FOR HOSPITAL OUTPATIENT REPORTING OF A PREVIOUSLY SCHEDULED PROCEDURE&sol;SERVICE THAT IS PARTIALLY REDUCED OR CANCELLED AS A RESULT OF EXTENUATING CIRCUMSTANCES OR THOSE THAT THREATEN THE WELL-BEING OF THE PATIENT PRIOR TO OR AFTER ADMINISTRATION OF ANESTHESIA, SEE MODIFIERS -73 AND -74 (SEE MODIFIERS APPROVED FOR ASC HOSPITAL OUTPATIENT USE).",10/16/2025
57356,14,KX,12,2,REQUIREMENTS SPECIFIED IN THE MEDICAL POLICY HAVE BEEN MET,10/14/2025
55769,14,GX,12,1,"NOTICE OF LIABILITY ISSUED, VOLUNTARY UNDER PAYER POLICY",10/06/2025
56071,23,GX,13,1,"NOTICE OF LIABILITY ISSUED, VOLUNTARY UNDER PAYER POLICY",10/06/2025
56071,23,GY,13,1,"ITEM OR SERVICE STATUTORILY EXCLUDED, DOES NOT MEET THE DEFINITION OF ANY MEDICARE BENEFIT OR, FOR NON-MEDICARE INSURERS, IS NOT A CONTRACT BENEFIT",10/06/2025
57237,11,GX,12,1,"NOTICE OF LIABILITY ISSUED, VOLUNTARY UNDER PAYER POLICY",10/06/2025
57237,11,GY,12,1,"ITEM OR SERVICE STATUTORILY EXCLUDED, DOES NOT MEET THE DEFINITION OF ANY MEDICARE BENEFIT OR, FOR NON-MEDICARE INSURERS, IS NOT A CONTRACT BENEFIT",10/06/2025
55045,17,JW,12,1,DRUG AMOUNT DISCARDED&sol;NOT ADMINISTERED TO ANY PATIENT,10/02/2025
55775,12,GY,14,1,"ITEM OR SERVICE STATUTORILY EXCLUDED, DOES NOT MEET THE DEFINITION OF ANY MEDICARE BENEFIT OR, FOR NON-MEDICARE INSURERS, IS NOT A CONTRACT BENEFIT",10/02/2025
57849,18,50,14,1,"BILATERAL PROCEDURE: UNLESS OTHERWISE IDENTIFIED IN THE LISTINGS, BILATERAL PROCEDURES THAT ARE PERFORMED AT THE SAME OPERATIVE SESSION SHOULD BE IDENTIFIED BY ADDING THE MODIFIER -50 TO THE APPROPRIATE FIVE DIGIT CODE OR BY USE OF THE SEPARATE FIVE DIGIT MODIFIER CODE 09950",10/02/2025
57849,18,59,14,1,"DISTINCT PROCEDURAL SERVICE: UNDER CERTAIN CIRCUMSTANCES, THE PHYSICIAN MAY NEED TO INDICATE THAT A PROCEDURE OR SERVICE WAS DISTINCT OR INDEPENDENT FROM OTHER SERVICES PERFORMED ON THE SAME DAY. MODIFIER -59 IS USED TO IDENTIFY PROCEDURES&sol;SERVICES THAT ARE NOT NORMALLY REPORTED TOGETHER, BUT ARE APPROPRIATE UNDER THE CIRCUMSTANCES. THIS MAY REPRESENT A DIFFERENT SESSION OR PATIENT ENCOUNTER, DIFFERENT PROCEDURE OR SURGERY, DIFFERNET SITE OR ORGAN SYSTEM, SEPARATE INCISION&sol;EXCISION, SEPARATE LESION, OR SEPARATE INJURY (OR AREA OF INJURY IN EXTENSIVE INJURIES) NOT ORDINARILY ENCOUNTERED OR PERFORMED ON THE SAME DAY BY THE SAME PHYSICIAN. HOWEVER, WHAN ANOTHER ALREADY ESTABLISHED MODIFIER IS APPROPRIATE IT SHOULD BE USED RATHER THAN MODIFIER -59. ONLY IF NO MORE DESCRIPTIVE MODIFIER IS AVAILABLE, AND THE USE OF MODIFIER -59 BEST EXPLAINS THE CIRCUMSTANCES, SHOULD MODIFIER -59 BE USED. MODIFIER CODE 09959 MAY BE USED AS AN ALTERNATE TO MODIFIER -59.",10/02/2025
52767,14,24,12,1,"UNRELATED EVALUATION AND MANAGEMENT SERVICE BY THE SAME PHYSICIAN DURING A POSTOPERATIVE PERIOD: THE PHYSICIAN MAY NEED TO INDICATE THAT AN EVALUATION AND MANAGEMENT SERVICE WAS PERFORMED DURING A POSTOPERATIVE PERIOD FOR A REASON(S) UNRELATED TO THE ORIGINAL PROCEDURE. THIS CIRCUMSTANCE MAY BE REPORTED BY ADDING THE MODIFIER -24 TO THE APPROPRIATE LEVEL OF E&sol;M SERVICE, OR THE SEPARATE FIVE DIGIT MODIFIER 09924 MAY BE USED.",09/25/2025
52767,14,54,12,1,"SURGICAL CARE ONLY: WHEN ONE PHYSICIAN PERFORMS A SURGICAL PROCEDURE AND ANOTHER PROVIDES PREOPERATIVE AND&sol;OR POSTOPERATIVE MANAGEMENT, SURGICAL SERVICES MAY BE IDENTIFIED BY ADDING THE MODIFIER -54 TO THE USUAL PROCEDURE NUMBER OR BY USE OF THE SEPARATE FIVE DIGIT MODIFIER CODE 09954.",09/25/2025
52767,14,55,12,1,"POSTOPERATIVE MANAGEMENT ONLY: WHEN ONE PHYSICIAN PERFORMS THE POSTOPERATIVE MANAGEMENT AND ANOTHER PHYSICIAN HAS PERFORMED THE SURGICAL PROCEDURE, THE POSTOPERATIVE COMPONENT MAY BE IDENTIFIED BY ADDING THE MODIFIER -55 TO THE USUAL PROCEDURE NUMBER OR BY USE OF THE SEPARATE FIVE DIGIT MODIFIER CODE 09955.",09/25/2025
52767,14,57,12,1,"DECISION FOR SURGERY: AN EVALUATION AND MANAGEMENT SERVICE THAT RESULTED IN THE INITIAL DECISION TO PERFORM THE SURGERY, MAY BE IDENTIFIED BY ADDING THE MODIFIER -57 TO THE APPROPRIATE LEVEL OF E&sol;M SERVICE, OR THE SEPARATE FIVE DIGIT MODIFIER 09957 MAY BE USED.",09/25/2025
55756,17,52,12,1,"REDUCED SERVICES: UNDER CERTAIN CIRCUMSTANCES A SERVICE OR PROCEDURE IS PARTIALLY REDUCED OR ELIMINATED AT THE PHYSICIAN&#39;S DISCRETION. UNDER THESE CIRCUMSTANCES THE SERVICE PROVIDED CAN BE IDENTIFIED BY ITS USUAL PROCEDURE NUMBER AND THE ADDITION OF THE MODIFIER -52, SIGNIFYING THAT THE SERVICE IS REDUCED. THIS PROVIDES A MEANS OF REPORTING REDUCED SERVICES WITHOUT DISTURBING THE IDENTIFICATION OF THE BASIC SERVICE. MODIFIER CODE 09952 MAY BE USED AS AN ALTERNATIVE TO MODIFIER -52. NOTE: FOR HOSPITAL OUTPATIENT REPORTING OF A PREVIOUSLY SCHEDULED PROCEDURE&sol;SERVICE THAT IS PARTIALLY REDUCED OR CANCELLED AS A RESULT OF EXTENUATING CIRCUMSTANCES OR THOSE THAT THREATEN THE WELL-BEING OF THE PATIENT PRIOR TO OR AFTER ADMINISTRATION OF ANESTHESIA, SEE MODIFIERS -73 AND -74 (SEE MODIFIERS APPROVED FOR ASC HOSPITAL OUTPATIENT USE).",09/25/2025
55932,19,JW,12,1,DRUG AMOUNT DISCARDED&sol;NOT ADMINISTERED TO ANY PATIENT,09/25/2025
55932,19,JZ,12,1,ZERO DRUG AMOUNT DISCARDED&sol;NOT ADMINISTERED TO ANY PATIENT,09/25/2025
59056,11,59,14,1,"DISTINCT PROCEDURAL SERVICE: UNDER CERTAIN CIRCUMSTANCES, THE PHYSICIAN MAY NEED TO INDICATE THAT A PROCEDURE OR SERVICE WAS DISTINCT OR INDEPENDENT FROM OTHER SERVICES PERFORMED ON THE SAME DAY. MODIFIER -59 IS USED TO IDENTIFY PROCEDURES&sol;SERVICES THAT ARE NOT NORMALLY REPORTED TOGETHER, BUT ARE APPROPRIATE UNDER THE CIRCUMSTANCES. THIS MAY REPRESENT A DIFFERENT SESSION OR PATIENT ENCOUNTER, DIFFERENT PROCEDURE OR SURGERY, DIFFERNET SITE OR ORGAN SYSTEM, SEPARATE INCISION&sol;EXCISION, SEPARATE LESION, OR SEPARATE INJURY (OR AREA OF INJURY IN EXTENSIVE INJURIES) NOT ORDINARILY ENCOUNTERED OR PERFORMED ON THE SAME DAY BY THE SAME PHYSICIAN. HOWEVER, WHAN ANOTHER ALREADY ESTABLISHED MODIFIER IS APPROPRIATE IT SHOULD BE USED RATHER THAN MODIFIER -59. ONLY IF NO MORE DESCRIPTIVE MODIFIER IS AVAILABLE, AND THE USE OF MODIFIER -59 BEST EXPLAINS THE CIRCUMSTANCES, SHOULD MODIFIER -59 BE USED. MODIFIER CODE 09959 MAY BE USED AS AN ALTERNATE TO MODIFIER -59.",09/25/2025
59056,11,QW,14,1,CLIA WAIVED TEST,09/25/2025
55044,18,JW,12,1,DRUG AMOUNT DISCARDED&sol;NOT ADMINISTERED TO ANY PATIENT,09/23/2025
55774,13,GY,14,1,"ITEM OR SERVICE STATUTORILY EXCLUDED, DOES NOT MEET THE DEFINITION OF ANY MEDICARE BENEFIT OR, FOR NON-MEDICARE INSURERS, IS NOT A CONTRACT BENEFIT",09/23/2025
57848,19,50,14,1,"BILATERAL PROCEDURE: UNLESS OTHERWISE IDENTIFIED IN THE LISTINGS, BILATERAL PROCEDURES THAT ARE PERFORMED AT THE SAME OPERATIVE SESSION SHOULD BE IDENTIFIED BY ADDING THE MODIFIER -50 TO THE APPROPRIATE FIVE DIGIT CODE OR BY USE OF THE SEPARATE FIVE DIGIT MODIFIER CODE 09950",09/23/2025
57848,19,59,14,1,"DISTINCT PROCEDURAL SERVICE: UNDER CERTAIN CIRCUMSTANCES, THE PHYSICIAN MAY NEED TO INDICATE THAT A PROCEDURE OR SERVICE WAS DISTINCT OR INDEPENDENT FROM OTHER SERVICES PERFORMED ON THE SAME DAY. MODIFIER -59 IS USED TO IDENTIFY PROCEDURES&sol;SERVICES THAT ARE NOT NORMALLY REPORTED TOGETHER, BUT ARE APPROPRIATE UNDER THE CIRCUMSTANCES. THIS MAY REPRESENT A DIFFERENT SESSION OR PATIENT ENCOUNTER, DIFFERENT PROCEDURE OR SURGERY, DIFFERNET SITE OR ORGAN SYSTEM, SEPARATE INCISION&sol;EXCISION, SEPARATE LESION, OR SEPARATE INJURY (OR AREA OF INJURY IN EXTENSIVE INJURIES) NOT ORDINARILY ENCOUNTERED OR PERFORMED ON THE SAME DAY BY THE SAME PHYSICIAN. HOWEVER, WHAN ANOTHER ALREADY ESTABLISHED MODIFIER IS APPROPRIATE IT SHOULD BE USED RATHER THAN MODIFIER -59. ONLY IF NO MORE DESCRIPTIVE MODIFIER IS AVAILABLE, AND THE USE OF MODIFIER -59 BEST EXPLAINS THE CIRCUMSTANCES, SHOULD MODIFIER -59 BE USED. MODIFIER CODE 09959 MAY BE USED AS AN ALTERNATE TO MODIFIER -59.",09/23/2025
57483,28,26,14,1,"PROFESSIONAL COMPONENT: CERTAIN PROCEDURES ARE A COMBINATION OF A PHYSICIAN COMPONENT AND A TECHNICAL COMPONENT. WHEN THE PHYSICIAN COMPONENT IS REPORTED SEPARATELY, THE SERVICE MAY BE IDENTIFIED BY ADDING THE MODIFIER -26 TO THE USUAL PROCEDURE NUMBER OR THE SERVICE MAY BE REPORTED BY USE OF THE FIVE DIGIT MODIFIER CODE 09926.",09/18/2025
57483,28,TC,14,1,"TECHNICAL COMPONENT; UNDER CERTAIN CIRCUMSTANCES, A CHARGE MAY BE MADE FOR THE TECHNICAL COMPONENT ALONE; UNDER THOSE CIRCUMSTANCES THE TECHNICAL COMPONENT CHARGE IS IDENTIFIED BY ADDING MODIFIER &#39;TC&#39; TO THE USUAL PROCEDURE NUMBER; TECHNICAL COMPONENT CHARGES ARE INSTITUTIONAL CHARGES AND NOT BILLED SEPARATELY BY PHYSICIANS; HOWEVER, PORTABLE X-RAY SUPPLIERS ONLY BILL FOR TECHNICAL COMPONENT AND SHOULD UTILIZE MODIFIER TC; THE CHARGE DATA FROM PORTABLE X-RAY SUPPLIERS WILL THEN BE USED TO BUILD CUSTOMARY AND PREVAILING PROFILES",09/18/2025
56232,34,Q7,14,1,ONE CLASS A FINDING,09/17/2025
56232,34,Q8,14,1,TWO CLASS B FINDINGS,09/17/2025
56232,34,Q9,14,1,ONE CLASS B AND TWO CLASS C FINDINGS,09/17/2025
57478,40,25,14,1,"SIGNIFICANT, SEPARATELY IDENTIFIABLE EVALUATION AND MANAGEMENT SERVICE BY THE SAME PHYSICIAN ON THE SAME DAY OF THE PROCEDURE OR OTHER SERVICE: THE PHYSICIAN MAY NEED TO INDICATE THAT ON THE DAY A PROCEDURE OR SERVICE IDENTIFIED BY A CPTCODE WAS PERFORMED, THE PATIENT&#39;S CONDITION REQUIRED A SIGNIFICANT, SEPARATELY IDENTIFIABLE E&sol;M SERVICE ABOVE AND BEYOND THE OTHER SERVICE PROVIDED OR BEYOND THE USUAL PREOPERATIVE AND POSTOPERATIVE CARE ASSOCIATED WITH THE PROCEDURE THAT WAS PERFORMED. THE E&sol;M SERVICE MAY BE PROMPTED BY THE SYMPTOM OR CONDITION FOR WHICH THE PROCEDURE AND&sol;OR SERVICE WAS PROVIDED. AS SUCH, DIFFERENT DIAGNOSES ARE NOT REQUIRED FOR REPORTING OF THE E&sol;M SERVICES ON THE SAME DATE. THIS CIRCUMSTANCE MAY BE REPORTED BY ADDING THE MODIFIER -25 TO THE APPROPRIATE LEVEL OF E&sol;M SERVICE, OR THE SEPARATE FIVE DIGIT MODIFIER 09925 MAY BE USED. NOTE: THIS MODIFIER IS NOT USED TO REPORT AN E&sol;M SERVICE THAT RESULTED IN A DECISION TO PERFORM SURGERY. SEE MODIFIER -57.",09/16/2025
53024,22,JW,12,1,DRUG AMOUNT DISCARDED&sol;NOT ADMINISTERED TO ANY PATIENT,09/16/2025
53024,22,JZ,12,1,ZERO DRUG AMOUNT DISCARDED&sol;NOT ADMINISTERED TO ANY PATIENT,09/16/2025
53322,16,24,12,1,"UNRELATED EVALUATION AND MANAGEMENT SERVICE BY THE SAME PHYSICIAN DURING A POSTOPERATIVE PERIOD: THE PHYSICIAN MAY NEED TO INDICATE THAT AN EVALUATION AND MANAGEMENT SERVICE WAS PERFORMED DURING A POSTOPERATIVE PERIOD FOR A REASON(S) UNRELATED TO THE ORIGINAL PROCEDURE. THIS CIRCUMSTANCE MAY BE REPORTED BY ADDING THE MODIFIER -24 TO THE APPROPRIATE LEVEL OF E&sol;M SERVICE, OR THE SEPARATE FIVE DIGIT MODIFIER 09924 MAY BE USED.",09/16/2025
53322,16,54,12,1,"SURGICAL CARE ONLY: WHEN ONE PHYSICIAN PERFORMS A SURGICAL PROCEDURE AND ANOTHER PROVIDES PREOPERATIVE AND&sol;OR POSTOPERATIVE MANAGEMENT, SURGICAL SERVICES MAY BE IDENTIFIED BY ADDING THE MODIFIER -54 TO THE USUAL PROCEDURE NUMBER OR BY USE OF THE SEPARATE FIVE DIGIT MODIFIER CODE 09954.",09/16/2025
53322,16,55,12,1,"POSTOPERATIVE MANAGEMENT ONLY: WHEN ONE PHYSICIAN PERFORMS THE POSTOPERATIVE MANAGEMENT AND ANOTHER PHYSICIAN HAS PERFORMED THE SURGICAL PROCEDURE, THE POSTOPERATIVE COMPONENT MAY BE IDENTIFIED BY ADDING THE MODIFIER -55 TO THE USUAL PROCEDURE NUMBER OR BY USE OF THE SEPARATE FIVE DIGIT MODIFIER CODE 09955.",09/16/2025
53322,16,57,12,1,"DECISION FOR SURGERY: AN EVALUATION AND MANAGEMENT SERVICE THAT RESULTED IN THE INITIAL DECISION TO PERFORM THE SURGERY, MAY BE IDENTIFIED BY ADDING THE MODIFIER -57 TO THE APPROPRIATE LEVEL OF E&sol;M SERVICE, OR THE SEPARATE FIVE DIGIT MODIFIER 09957 MAY BE USED.",09/16/2025
55754,22,52,12,1,"REDUCED SERVICES: UNDER CERTAIN CIRCUMSTANCES A SERVICE OR PROCEDURE IS PARTIALLY REDUCED OR ELIMINATED AT THE PHYSICIAN&#39;S DISCRETION. UNDER THESE CIRCUMSTANCES THE SERVICE PROVIDED CAN BE IDENTIFIED BY ITS USUAL PROCEDURE NUMBER AND THE ADDITION OF THE MODIFIER -52, SIGNIFYING THAT THE SERVICE IS REDUCED. THIS PROVIDES A MEANS OF REPORTING REDUCED SERVICES WITHOUT DISTURBING THE IDENTIFICATION OF THE BASIC SERVICE. MODIFIER CODE 09952 MAY BE USED AS AN ALTERNATIVE TO MODIFIER -52. NOTE: FOR HOSPITAL OUTPATIENT REPORTING OF A PREVIOUSLY SCHEDULED PROCEDURE&sol;SERVICE THAT IS PARTIALLY REDUCED OR CANCELLED AS A RESULT OF EXTENUATING CIRCUMSTANCES OR THOSE THAT THREATEN THE WELL-BEING OF THE PATIENT PRIOR TO OR AFTER ADMINISTRATION OF ANESTHESIA, SEE MODIFIERS -73 AND -74 (SEE MODIFIERS APPROVED FOR ASC HOSPITAL OUTPATIENT USE).",09/16/2025
58567,29,59,14,1,"DISTINCT PROCEDURAL SERVICE: UNDER CERTAIN CIRCUMSTANCES, THE PHYSICIAN MAY NEED TO INDICATE THAT A PROCEDURE OR SERVICE WAS DISTINCT OR INDEPENDENT FROM OTHER SERVICES PERFORMED ON THE SAME DAY. MODIFIER -59 IS USED TO IDENTIFY PROCEDURES&sol;SERVICES THAT ARE NOT NORMALLY REPORTED TOGETHER, BUT ARE APPROPRIATE UNDER THE CIRCUMSTANCES. THIS MAY REPRESENT A DIFFERENT SESSION OR PATIENT ENCOUNTER, DIFFERENT PROCEDURE OR SURGERY, DIFFERNET SITE OR ORGAN SYSTEM, SEPARATE INCISION&sol;EXCISION, SEPARATE LESION, OR SEPARATE INJURY (OR AREA OF INJURY IN EXTENSIVE INJURIES) NOT ORDINARILY ENCOUNTERED OR PERFORMED ON THE SAME DAY BY THE SAME PHYSICIAN. HOWEVER, WHAN ANOTHER ALREADY ESTABLISHED MODIFIER IS APPROPRIATE IT SHOULD BE USED RATHER THAN MODIFIER -59. ONLY IF NO MORE DESCRIPTIVE MODIFIER IS AVAILABLE, AND THE USE OF MODIFIER -59 BEST EXPLAINS THE CIRCUMSTANCES, SHOULD MODIFIER -59 BE USED. MODIFIER CODE 09959 MAY BE USED AS AN ALTERNATE TO MODIFIER -59.",09/11/2025
58567,29,F1,14,1,"LEFT HAND, SECOND DIGIT",09/11/2025
58567,29,F2,14,1,"LEFT HAND, THIRD DIGIT",09/11/2025
58567,29,F3,14,1,"LEFT HAND, FOURTH DIGIT",09/11/2025
58567,29,F4,14,1,"LEFT HAND, FIFTH DIGIT",09/11/2025
58567,29,F5,14,1,"RIGHT HAND, THUMB",09/11/2025
58567,29,F6,14,1,"RIGHT HAND, SECOND DIGIT",09/11/2025
58567,29,F7,14,1,"RIGHT HAND, THIRD DIGIT",09/11/2025
58567,29,F8,14,1,"RIGHT HAND, FOURTH DIGIT",09/11/2025
58567,29,F9,14,1,"RIGHT HAND, FIFTH DIGIT",09/11/2025
58567,29,FA,14,1,"LEFT HAND, THUMB",09/11/2025
58567,29,LT,14,1,LEFT SIDE (USED TO IDENTIFY PROCEDURES PERFORMED ON THE LEFT SIDE OF THE BODY),09/11/2025
58567,29,RT,14,1,RIGHT SIDE (USED TO IDENTIFY PROCEDURES PERFORMED ON THE RIGHT SIDE OF THE BODY),09/11/2025
58567,29,T1,14,1,"LEFT FOOT, SECOND DIGIT",09/11/2025
58567,29,T2,14,1,"LEFT FOOT, THIRD DIGIT",09/11/2025
58567,29,T3,14,1,"LEFT FOOT, FOURTH DIGIT",09/11/2025
58567,29,T4,14,1,"LEFT FOOT, FIFTH DIGIT",09/11/2025
58567,29,T5,14,1,"RIGHT FOOT, GREAT TOE",09/11/2025
58567,29,T6,14,1,"RIGHT FOOT, SECOND DIGIT",09/11/2025
58567,29,T7,14,1,"RIGHT FOOT, THIRD DIGIT",09/11/2025
58567,29,T8,14,1,"RIGHT FOOT, FOURTH DIGIT",09/11/2025
58567,29,T9,14,1,"RIGHT FOOT, FIFTH DIGIT",09/11/2025
58567,29,TA,14,1,"LEFT FOOT, GREAT TOE",09/11/2025
58567,29,XE,14,1,"SEPARATE ENCOUNTER, A SERVICE THAT IS DISTINCT BECAUSE IT OCCURRED DURING A SEPARATE ENCOUNTER",09/11/2025
58567,29,XP,14,1,"SEPARATE PRACTITIONER, A SERVICE THAT IS DISTINCT BECAUSE IT WAS PERFORMED BY A DIFFERENT PRACTITIONER",09/11/2025
58567,29,XS,14,1,"SEPARATE STRUCTURE, A SERVICE THAT IS DISTINCT BECAUSE IT WAS PERFORMED ON A SEPARATE ORGAN&sol;STRUCTURE",09/11/2025
58567,29,XU,14,1,"UNUSUAL NON-OVERLAPPING SERVICE, THE USE OF A SERVICE THAT IS DISTINCT BECAUSE IT DOES NOT OVERLAP USUAL COMPONENTS OF THE MAIN SERVICE",09/11/2025
56695,24,JW,14,1,DRUG AMOUNT DISCARDED&sol;NOT ADMINISTERED TO ANY PATIENT,08/25/2025
56695,24,KD,14,1,DRUG OR BIOLOGICAL INFUSED THROUGH DME,08/25/2025
59160,13,JW,14,1,DRUG AMOUNT DISCARDED&sol;NOT ADMINISTERED TO ANY PATIENT,08/14/2025
59160,13,JZ,14,1,ZERO DRUG AMOUNT DISCARDED&sol;NOT ADMINISTERED TO ANY PATIENT,08/14/2025
55069,26,PT,14,1,COLORECTAL CANCER SCREENING TEST; CONVERTED TO DIAGNOSTIC TEST OR OTHER PROCEDURE,08/14/2025
55227,19,53,14,1,"DISCONTINUED PROCEDURE: UNDER CERTAIN CIRCUMSTANCES, THE PHYSICIAN MAY ELECT TO TERMINATE A SURGICAL OR DIAGNOSTIC PROCEDURE. DUE TO EXTENUATING CIRCUMSTANCES OR THOSE THAT THREATEN THE WELL BEING OF THE PATIENT, IT MAY BE NECESSARY TO INDICATE THAT A SURGICAL OR DIAGNOSTIC PROCEDURE WAS STARTED BUT DISCONTINUED. THIS CIRCUMSTANCE MAY BE REPORTED BY ADDING THE MODIFIER -53 TO THE CODE REPORTED BY THE PHYSICIAN FOR THE DISCONTINUED PROCEDURE OR BY USE OF THE SEPARATE FIVE DIGIT MODIFIER CODE 09953. NOTE: THIS MODIFIER IS NOT USED TO REPORT THE ELECTIVE CANCELLATION OF A PROCEDURE PRIOR TO THE PATIENT&#39;S ANESTHESIA INDUCTION AND&sol;OR SURGICAL PREPARATION IN THE OPERATING SUITE. FOR OUTPATIENT HOSPITAL&sol;AMBULATORY SURGERY CENTER (ASC) REPORTING OF A PREVIOUSLY SCHEDULED PROCEDURE&sol;SERVICE THAT IS PARTIALLY REDUCED OR CANCELLED AS A RESULT OF EXTENUATING CIRCUMSTANCES OR THOSE THAT THREATEN THE WELL BEING OF THE PATIENT PRIOR TO OR AFTER ADMINISTRATION OF ANESTHESIA, SEE MODIFIERS -73 AND -74 (SEE MODIFIERS APPROVED FOR ASC HOSPITAL OUTPATIENT USE).",08/14/2025
56825,20,59,14,1,"DISTINCT PROCEDURAL SERVICE: UNDER CERTAIN CIRCUMSTANCES, THE PHYSICIAN MAY NEED TO INDICATE THAT A PROCEDURE OR SERVICE WAS DISTINCT OR INDEPENDENT FROM OTHER SERVICES PERFORMED ON THE SAME DAY. MODIFIER -59 IS USED TO IDENTIFY PROCEDURES&sol;SERVICES THAT ARE NOT NORMALLY REPORTED TOGETHER, BUT ARE APPROPRIATE UNDER THE CIRCUMSTANCES. THIS MAY REPRESENT A DIFFERENT SESSION OR PATIENT ENCOUNTER, DIFFERENT PROCEDURE OR SURGERY, DIFFERNET SITE OR ORGAN SYSTEM, SEPARATE INCISION&sol;EXCISION, SEPARATE LESION, OR SEPARATE INJURY (OR AREA OF INJURY IN EXTENSIVE INJURIES) NOT ORDINARILY ENCOUNTERED OR PERFORMED ON THE SAME DAY BY THE SAME PHYSICIAN. HOWEVER, WHAN ANOTHER ALREADY ESTABLISHED MODIFIER IS APPROPRIATE IT SHOULD BE USED RATHER THAN MODIFIER -59. ONLY IF NO MORE DESCRIPTIVE MODIFIER IS AVAILABLE, AND THE USE OF MODIFIER -59 BEST EXPLAINS THE CIRCUMSTANCES, SHOULD MODIFIER -59 BE USED. MODIFIER CODE 09959 MAY BE USED AS AN ALTERNATE TO MODIFIER -59.",08/14/2025
53060,48,52,14,1,"REDUCED SERVICES: UNDER CERTAIN CIRCUMSTANCES A SERVICE OR PROCEDURE IS PARTIALLY REDUCED OR ELIMINATED AT THE PHYSICIAN&#39;S DISCRETION. UNDER THESE CIRCUMSTANCES THE SERVICE PROVIDED CAN BE IDENTIFIED BY ITS USUAL PROCEDURE NUMBER AND THE ADDITION OF THE MODIFIER -52, SIGNIFYING THAT THE SERVICE IS REDUCED. THIS PROVIDES A MEANS OF REPORTING REDUCED SERVICES WITHOUT DISTURBING THE IDENTIFICATION OF THE BASIC SERVICE. MODIFIER CODE 09952 MAY BE USED AS AN ALTERNATIVE TO MODIFIER -52. NOTE: FOR HOSPITAL OUTPATIENT REPORTING OF A PREVIOUSLY SCHEDULED PROCEDURE&sol;SERVICE THAT IS PARTIALLY REDUCED OR CANCELLED AS A RESULT OF EXTENUATING CIRCUMSTANCES OR THOSE THAT THREATEN THE WELL-BEING OF THE PATIENT PRIOR TO OR AFTER ADMINISTRATION OF ANESTHESIA, SEE MODIFIERS -73 AND -74 (SEE MODIFIERS APPROVED FOR ASC HOSPITAL OUTPATIENT USE).",08/14/2025
53060,48,76,14,1,REPEAT PROCEDURE BY SAME PHYSICIAN: THE PHYSICIAN MAY NEED TO INDICATE THAT A PROCEDURE OR SERVICE WAS REPEATED SUBSEQUENT TO THE ORIGINAL PROCEDURE OR SERVICE. THIS CIRCUMSTANCE MAY BE REPORTED BY ADDING THE MODIFIER -76 TO THE REPEATED PROCEDURE OR SERVICE OR THE SEPARATE FIVE DIGIT MODIFIER CODE 09976 MAY BE USED.,08/14/2025
53060,48,79,14,1,"UNRELATED PROCEDURE OR SERVICE BY THE SAME PHYSICIAN DURING THE POSTOPERATIVE PERIOD: THE PHYSICIAN MAY NEED TO INDICATE THAT THE PERFORMANCE OF A PROCEDURE OR SERVICE DURING THE POSTOPERATIVE PERIOD WAS UNRELATED TO THE ORIGINAL PROCEDURE. THIS CIRCUMSTANCE MAY BE REPORTED BY USING THE MODIFIER -79 OR BY USING THE SEPARATE FIVE DIGIT MODIFIER 09979. (FOR REPEAT PROCEDURES ON THE SAME DAY, SEE -76).",08/14/2025
56903,15,52,14,1,"REDUCED SERVICES: UNDER CERTAIN CIRCUMSTANCES A SERVICE OR PROCEDURE IS PARTIALLY REDUCED OR ELIMINATED AT THE PHYSICIAN&#39;S DISCRETION. UNDER THESE CIRCUMSTANCES THE SERVICE PROVIDED CAN BE IDENTIFIED BY ITS USUAL PROCEDURE NUMBER AND THE ADDITION OF THE MODIFIER -52, SIGNIFYING THAT THE SERVICE IS REDUCED. THIS PROVIDES A MEANS OF REPORTING REDUCED SERVICES WITHOUT DISTURBING THE IDENTIFICATION OF THE BASIC SERVICE. MODIFIER CODE 09952 MAY BE USED AS AN ALTERNATIVE TO MODIFIER -52. NOTE: FOR HOSPITAL OUTPATIENT REPORTING OF A PREVIOUSLY SCHEDULED PROCEDURE&sol;SERVICE THAT IS PARTIALLY REDUCED OR CANCELLED AS A RESULT OF EXTENUATING CIRCUMSTANCES OR THOSE THAT THREATEN THE WELL-BEING OF THE PATIENT PRIOR TO OR AFTER ADMINISTRATION OF ANESTHESIA, SEE MODIFIERS -73 AND -74 (SEE MODIFIERS APPROVED FOR ASC HOSPITAL OUTPATIENT USE).",06/18/2025
56795,34,EA,14,1,ERYTHROPOIETIC STIMULATING AGENT (ESA) ADMINISTERED TO TREAT ANEMIA DUE TO ANTI-CANCER CHEMOTHERAPY,04/23/2025
56795,34,EB,14,1,ERYTHROPOIETIC STIMULATING AGENT (ESA) ADMINISTERED TO TREAT ANEMIA DUE TO ANTI-CANCER RADIOTHERAPY,04/23/2025
56795,34,EC,14,1,ERYTHROPOIETIC STIMULATING AGENT (ESA) ADMINISTERED TO TREAT ANEMIA NOT DUE TO ANTI-CANCER RADIOTHERAPY OR ANTI-CANCER CHEMOTHERAPY,04/23/2025
56795,34,JA,14,1,ADMINISTERED INTRAVENOUSLY,04/23/2025
56795,34,JB,14,1,ADMINISTERED SUBCUTANEOUSLY,04/23/2025
56795,34,JE,14,1,ADMINISTERED VIA DIALYSATE,04/23/2025
58982,19,EA,14,1,ERYTHROPOIETIC STIMULATING AGENT (ESA) ADMINISTERED TO TREAT ANEMIA DUE TO ANTI-CANCER CHEMOTHERAPY,04/10/2025
58982,19,EB,14,1,ERYTHROPOIETIC STIMULATING AGENT (ESA) ADMINISTERED TO TREAT ANEMIA DUE TO ANTI-CANCER RADIOTHERAPY,04/10/2025
58982,19,EC,14,1,ERYTHROPOIETIC STIMULATING AGENT (ESA) ADMINISTERED TO TREAT ANEMIA NOT DUE TO ANTI-CANCER RADIOTHERAPY OR ANTI-CANCER CHEMOTHERAPY,04/10/2025
58982,19,GA,14,1,"WAIVER OF LIABILITY STATEMENT ISSUED AS REQUIRED BY PAYER POLICY, INDIVIDUAL CASE",04/10/2025
58982,19,GX,14,1,"NOTICE OF LIABILITY ISSUED, VOLUNTARY UNDER PAYER POLICY",04/10/2025
58982,19,GY,14,1,"ITEM OR SERVICE STATUTORILY EXCLUDED, DOES NOT MEET THE DEFINITION OF ANY MEDICARE BENEFIT OR, FOR NON-MEDICARE INSURERS, IS NOT A CONTRACT BENEFIT",04/10/2025
58982,19,GZ,14,1,ITEM OR SERVICE EXPECTED TO BE DENIED AS NOT REASONABLE AND NECESSARY,04/10/2025
58982,19,JA,14,1,ADMINISTERED INTRAVENOUSLY,04/10/2025
58982,19,JB,14,1,ADMINISTERED SUBCUTANEOUSLY,04/10/2025
58982,19,JE,14,1,ADMINISTERED VIA DIALYSATE,04/10/2025
56940,11,GX,13,1,"NOTICE OF LIABILITY ISSUED, VOLUNTARY UNDER PAYER POLICY",02/06/2025
56940,11,GY,13,1,"ITEM OR SERVICE STATUTORILY EXCLUDED, DOES NOT MEET THE DEFINITION OF ANY MEDICARE BENEFIT OR, FOR NON-MEDICARE INSURERS, IS NOT A CONTRACT BENEFIT",02/06/2025
58695,11,50,13,1,"BILATERAL PROCEDURE: UNLESS OTHERWISE IDENTIFIED IN THE LISTINGS, BILATERAL PROCEDURES THAT ARE PERFORMED AT THE SAME OPERATIVE SESSION SHOULD BE IDENTIFIED BY ADDING THE MODIFIER -50 TO THE APPROPRIATE FIVE DIGIT CODE OR BY USE OF THE SEPARATE FIVE DIGIT MODIFIER CODE 09950",01/13/2025
58695,11,KX,13,1,REQUIREMENTS SPECIFIED IN THE MEDICAL POLICY HAVE BEEN MET,01/13/2025
58695,11,LT,13,1,LEFT SIDE (USED TO IDENTIFY PROCEDURES PERFORMED ON THE LEFT SIDE OF THE BODY),01/13/2025
58695,11,RT,13,1,RIGHT SIDE (USED TO IDENTIFY PROCEDURES PERFORMED ON THE RIGHT SIDE OF THE BODY),01/13/2025
56869,12,LT,13,1,LEFT SIDE (USED TO IDENTIFY PROCEDURES PERFORMED ON THE LEFT SIDE OF THE BODY),12/17/2024
56869,12,RT,13,1,RIGHT SIDE (USED TO IDENTIFY PROCEDURES PERFORMED ON THE RIGHT SIDE OF THE BODY),12/17/2024
56871,19,GX,13,1,"NOTICE OF LIABILITY ISSUED, VOLUNTARY UNDER PAYER POLICY",12/16/2024
56871,19,GY,13,1,"ITEM OR SERVICE STATUTORILY EXCLUDED, DOES NOT MEET THE DEFINITION OF ANY MEDICARE BENEFIT OR, FOR NON-MEDICARE INSURERS, IS NOT A CONTRACT BENEFIT",12/16/2024
56616,11,AT,13,1,"ACUTE TREATMENT (THIS MODIFIER SHOULD BE USED WHEN REPORTING SERVICE 98940, 98941, 98942)",12/13/2024
57125,22,50,12,1,"BILATERAL PROCEDURE: UNLESS OTHERWISE IDENTIFIED IN THE LISTINGS, BILATERAL PROCEDURES THAT ARE PERFORMED AT THE SAME OPERATIVE SESSION SHOULD BE IDENTIFIED BY ADDING THE MODIFIER -50 TO THE APPROPRIATE FIVE DIGIT CODE OR BY USE OF THE SEPARATE FIVE DIGIT MODIFIER CODE 09950",10/18/2024
52993,54,50,12,1,"BILATERAL PROCEDURE: UNLESS OTHERWISE IDENTIFIED IN THE LISTINGS, BILATERAL PROCEDURES THAT ARE PERFORMED AT THE SAME OPERATIVE SESSION SHOULD BE IDENTIFIED BY ADDING THE MODIFIER -50 TO THE APPROPRIATE FIVE DIGIT CODE OR BY USE OF THE SEPARATE FIVE DIGIT MODIFIER CODE 09950",10/18/2024
53095,28,TC,12,1,"TECHNICAL COMPONENT; UNDER CERTAIN CIRCUMSTANCES, A CHARGE MAY BE MADE FOR THE TECHNICAL COMPONENT ALONE; UNDER THOSE CIRCUMSTANCES THE TECHNICAL COMPONENT CHARGE IS IDENTIFIED BY ADDING MODIFIER &#39;TC&#39; TO THE USUAL PROCEDURE NUMBER; TECHNICAL COMPONENT CHARGES ARE INSTITUTIONAL CHARGES AND NOT BILLED SEPARATELY BY PHYSICIANS; HOWEVER, PORTABLE X-RAY SUPPLIERS ONLY BILL FOR TECHNICAL COMPONENT AND SHOULD UTILIZE MODIFIER TC; THE CHARGE DATA FROM PORTABLE X-RAY SUPPLIERS WILL THEN BE USED TO BUILD CUSTOMARY AND PREVAILING PROFILES",09/05/2024
59892,2,Q0,12,1,INVESTIGATIONAL CLINICAL SERVICE PROVIDED IN A CLINICAL RESEARCH STUDY THAT IS IN AN APPROVED CLINICAL RESEARCH STUDY,08/16/2024
59892,2,Q1,12,1,ROUTINE CLINICAL SERVICE PROVIDED IN A CLINICAL RESEARCH STUDY THAT IS IN AN APPROVED CLINICAL RESEARCH STUDY,08/16/2024
57630,11,59,12,1,"DISTINCT PROCEDURAL SERVICE: UNDER CERTAIN CIRCUMSTANCES, THE PHYSICIAN MAY NEED TO INDICATE THAT A PROCEDURE OR SERVICE WAS DISTINCT OR INDEPENDENT FROM OTHER SERVICES PERFORMED ON THE SAME DAY. MODIFIER -59 IS USED TO IDENTIFY PROCEDURES&sol;SERVICES THAT ARE NOT NORMALLY REPORTED TOGETHER, BUT ARE APPROPRIATE UNDER THE CIRCUMSTANCES. THIS MAY REPRESENT A DIFFERENT SESSION OR PATIENT ENCOUNTER, DIFFERENT PROCEDURE OR SURGERY, DIFFERNET SITE OR ORGAN SYSTEM, SEPARATE INCISION&sol;EXCISION, SEPARATE LESION, OR SEPARATE INJURY (OR AREA OF INJURY IN EXTENSIVE INJURIES) NOT ORDINARILY ENCOUNTERED OR PERFORMED ON THE SAME DAY BY THE SAME PHYSICIAN. HOWEVER, WHAN ANOTHER ALREADY ESTABLISHED MODIFIER IS APPROPRIATE IT SHOULD BE USED RATHER THAN MODIFIER -59. ONLY IF NO MORE DESCRIPTIVE MODIFIER IS AVAILABLE, AND THE USE OF MODIFIER -59 BEST EXPLAINS THE CIRCUMSTANCES, SHOULD MODIFIER -59 BE USED. MODIFIER CODE 09959 MAY BE USED AS AN ALTERNATE TO MODIFIER -59.",07/24/2024
57630,11,XS,12,1,"SEPARATE STRUCTURE, A SERVICE THAT IS DISTINCT BECAUSE IT WAS PERFORMED ON A SEPARATE ORGAN&sol;STRUCTURE",07/24/2024
55709,11,GX,12,1,"NOTICE OF LIABILITY ISSUED, VOLUNTARY UNDER PAYER POLICY",04/16/2024
57767,12,59,12,1,"DISTINCT PROCEDURAL SERVICE: UNDER CERTAIN CIRCUMSTANCES, THE PHYSICIAN MAY NEED TO INDICATE THAT A PROCEDURE OR SERVICE WAS DISTINCT OR INDEPENDENT FROM OTHER SERVICES PERFORMED ON THE SAME DAY. MODIFIER -59 IS USED TO IDENTIFY PROCEDURES&sol;SERVICES THAT ARE NOT NORMALLY REPORTED TOGETHER, BUT ARE APPROPRIATE UNDER THE CIRCUMSTANCES. THIS MAY REPRESENT A DIFFERENT SESSION OR PATIENT ENCOUNTER, DIFFERENT PROCEDURE OR SURGERY, DIFFERNET SITE OR ORGAN SYSTEM, SEPARATE INCISION&sol;EXCISION, SEPARATE LESION, OR SEPARATE INJURY (OR AREA OF INJURY IN EXTENSIVE INJURIES) NOT ORDINARILY ENCOUNTERED OR PERFORMED ON THE SAME DAY BY THE SAME PHYSICIAN. HOWEVER, WHAN ANOTHER ALREADY ESTABLISHED MODIFIER IS APPROPRIATE IT SHOULD BE USED RATHER THAN MODIFIER -59. ONLY IF NO MORE DESCRIPTIVE MODIFIER IS AVAILABLE, AND THE USE OF MODIFIER -59 BEST EXPLAINS THE CIRCUMSTANCES, SHOULD MODIFIER -59 BE USED. MODIFIER CODE 09959 MAY BE USED AS AN ALTERNATE TO MODIFIER -59.",03/01/2024
57767,12,XE,12,1,"SEPARATE ENCOUNTER, A SERVICE THAT IS DISTINCT BECAUSE IT OCCURRED DURING A SEPARATE ENCOUNTER",03/01/2024
57767,12,XP,12,1,"SEPARATE PRACTITIONER, A SERVICE THAT IS DISTINCT BECAUSE IT WAS PERFORMED BY A DIFFERENT PRACTITIONER",03/01/2024
57767,12,XS,12,1,"SEPARATE STRUCTURE, A SERVICE THAT IS DISTINCT BECAUSE IT WAS PERFORMED ON A SEPARATE ORGAN&sol;STRUCTURE",03/01/2024
57767,12,XU,12,1,"UNUSUAL NON-OVERLAPPING SERVICE, THE USE OF A SERVICE THAT IS DISTINCT BECAUSE IT DOES NOT OVERLAP USUAL COMPONENTS OF THE MAIN SERVICE",03/01/2024
53883,26,59,12,1,"DISTINCT PROCEDURAL SERVICE: UNDER CERTAIN CIRCUMSTANCES, THE PHYSICIAN MAY NEED TO INDICATE THAT A PROCEDURE OR SERVICE WAS DISTINCT OR INDEPENDENT FROM OTHER SERVICES PERFORMED ON THE SAME DAY. MODIFIER -59 IS USED TO IDENTIFY PROCEDURES&sol;SERVICES THAT ARE NOT NORMALLY REPORTED TOGETHER, BUT ARE APPROPRIATE UNDER THE CIRCUMSTANCES. THIS MAY REPRESENT A DIFFERENT SESSION OR PATIENT ENCOUNTER, DIFFERENT PROCEDURE OR SURGERY, DIFFERNET SITE OR ORGAN SYSTEM, SEPARATE INCISION&sol;EXCISION, SEPARATE LESION, OR SEPARATE INJURY (OR AREA OF INJURY IN EXTENSIVE INJURIES) NOT ORDINARILY ENCOUNTERED OR PERFORMED ON THE SAME DAY BY THE SAME PHYSICIAN. HOWEVER, WHAN ANOTHER ALREADY ESTABLISHED MODIFIER IS APPROPRIATE IT SHOULD BE USED RATHER THAN MODIFIER -59. ONLY IF NO MORE DESCRIPTIVE MODIFIER IS AVAILABLE, AND THE USE OF MODIFIER -59 BEST EXPLAINS THE CIRCUMSTANCES, SHOULD MODIFIER -59 BE USED. MODIFIER CODE 09959 MAY BE USED AS AN ALTERNATE TO MODIFIER -59.",03/01/2024
53883,26,XE,12,1,"SEPARATE ENCOUNTER, A SERVICE THAT IS DISTINCT BECAUSE IT OCCURRED DURING A SEPARATE ENCOUNTER",03/01/2024
53883,26,XP,12,1,"SEPARATE PRACTITIONER, A SERVICE THAT IS DISTINCT BECAUSE IT WAS PERFORMED BY A DIFFERENT PRACTITIONER",03/01/2024
53883,26,XS,12,1,"SEPARATE STRUCTURE, A SERVICE THAT IS DISTINCT BECAUSE IT WAS PERFORMED ON A SEPARATE ORGAN&sol;STRUCTURE",03/01/2024
53883,26,XU,12,1,"UNUSUAL NON-OVERLAPPING SERVICE, THE USE OF A SERVICE THAT IS DISTINCT BECAUSE IT DOES NOT OVERLAP USUAL COMPONENTS OF THE MAIN SERVICE",03/01/2024
53781,17,25,12,1,"SIGNIFICANT, SEPARATELY IDENTIFIABLE EVALUATION AND MANAGEMENT SERVICE BY THE SAME PHYSICIAN ON THE SAME DAY OF THE PROCEDURE OR OTHER SERVICE: THE PHYSICIAN MAY NEED TO INDICATE THAT ON THE DAY A PROCEDURE OR SERVICE IDENTIFIED BY A CPTCODE WAS PERFORMED, THE PATIENT&#39;S CONDITION REQUIRED A SIGNIFICANT, SEPARATELY IDENTIFIABLE E&sol;M SERVICE ABOVE AND BEYOND THE OTHER SERVICE PROVIDED OR BEYOND THE USUAL PREOPERATIVE AND POSTOPERATIVE CARE ASSOCIATED WITH THE PROCEDURE THAT WAS PERFORMED. THE E&sol;M SERVICE MAY BE PROMPTED BY THE SYMPTOM OR CONDITION FOR WHICH THE PROCEDURE AND&sol;OR SERVICE WAS PROVIDED. AS SUCH, DIFFERENT DIAGNOSES ARE NOT REQUIRED FOR REPORTING OF THE E&sol;M SERVICES ON THE SAME DATE. THIS CIRCUMSTANCE MAY BE REPORTED BY ADDING THE MODIFIER -25 TO THE APPROPRIATE LEVEL OF E&sol;M SERVICE, OR THE SEPARATE FIVE DIGIT MODIFIER 09925 MAY BE USED. NOTE: THIS MODIFIER IS NOT USED TO REPORT AN E&sol;M SERVICE THAT RESULTED IN A DECISION TO PERFORM SURGERY. SEE MODIFIER -57.",01/11/2024
56732,15,59,12,1,"DISTINCT PROCEDURAL SERVICE: UNDER CERTAIN CIRCUMSTANCES, THE PHYSICIAN MAY NEED TO INDICATE THAT A PROCEDURE OR SERVICE WAS DISTINCT OR INDEPENDENT FROM OTHER SERVICES PERFORMED ON THE SAME DAY. MODIFIER -59 IS USED TO IDENTIFY PROCEDURES&sol;SERVICES THAT ARE NOT NORMALLY REPORTED TOGETHER, BUT ARE APPROPRIATE UNDER THE CIRCUMSTANCES. THIS MAY REPRESENT A DIFFERENT SESSION OR PATIENT ENCOUNTER, DIFFERENT PROCEDURE OR SURGERY, DIFFERNET SITE OR ORGAN SYSTEM, SEPARATE INCISION&sol;EXCISION, SEPARATE LESION, OR SEPARATE INJURY (OR AREA OF INJURY IN EXTENSIVE INJURIES) NOT ORDINARILY ENCOUNTERED OR PERFORMED ON THE SAME DAY BY THE SAME PHYSICIAN. HOWEVER, WHAN ANOTHER ALREADY ESTABLISHED MODIFIER IS APPROPRIATE IT SHOULD BE USED RATHER THAN MODIFIER -59. ONLY IF NO MORE DESCRIPTIVE MODIFIER IS AVAILABLE, AND THE USE OF MODIFIER -59 BEST EXPLAINS THE CIRCUMSTANCES, SHOULD MODIFIER -59 BE USED. MODIFIER CODE 09959 MAY BE USED AS AN ALTERNATE TO MODIFIER -59.",12/20/2023
55206,18,GX,12,1,"NOTICE OF LIABILITY ISSUED, VOLUNTARY UNDER PAYER POLICY",11/20/2023
55206,18,GY,12,1,"ITEM OR SERVICE STATUTORILY EXCLUDED, DOES NOT MEET THE DEFINITION OF ANY MEDICARE BENEFIT OR, FOR NON-MEDICARE INSURERS, IS NOT A CONTRACT BENEFIT",11/20/2023
58777,11,50,12,1,"BILATERAL PROCEDURE: UNLESS OTHERWISE IDENTIFIED IN THE LISTINGS, BILATERAL PROCEDURES THAT ARE PERFORMED AT THE SAME OPERATIVE SESSION SHOULD BE IDENTIFIED BY ADDING THE MODIFIER -50 TO THE APPROPRIATE FIVE DIGIT CODE OR BY USE OF THE SEPARATE FIVE DIGIT MODIFIER CODE 09950",11/20/2023
58777,11,KX,12,1,REQUIREMENTS SPECIFIED IN THE MEDICAL POLICY HAVE BEEN MET,11/20/2023
58777,11,LT,12,1,LEFT SIDE (USED TO IDENTIFY PROCEDURES PERFORMED ON THE LEFT SIDE OF THE BODY),11/20/2023
58777,11,RT,12,1,RIGHT SIDE (USED TO IDENTIFY PROCEDURES PERFORMED ON THE RIGHT SIDE OF THE BODY),11/20/2023
54283,15,GX,12,1,"NOTICE OF LIABILITY ISSUED, VOLUNTARY UNDER PAYER POLICY",11/15/2023
54283,15,GY,12,1,"ITEM OR SERVICE STATUTORILY EXCLUDED, DOES NOT MEET THE DEFINITION OF ANY MEDICARE BENEFIT OR, FOR NON-MEDICARE INSURERS, IS NOT A CONTRACT BENEFIT",11/15/2023
54270,16,GX,12,1,"NOTICE OF LIABILITY ISSUED, VOLUNTARY UNDER PAYER POLICY",11/14/2023
54270,16,GY,12,1,"ITEM OR SERVICE STATUTORILY EXCLUDED, DOES NOT MEET THE DEFINITION OF ANY MEDICARE BENEFIT OR, FOR NON-MEDICARE INSURERS, IS NOT A CONTRACT BENEFIT",11/14/2023
54269,14,GX,12,1,"NOTICE OF LIABILITY ISSUED, VOLUNTARY UNDER PAYER POLICY",11/14/2023
54269,14,GY,12,1,"ITEM OR SERVICE STATUTORILY EXCLUDED, DOES NOT MEET THE DEFINITION OF ANY MEDICARE BENEFIT OR, FOR NON-MEDICARE INSURERS, IS NOT A CONTRACT BENEFIT",11/14/2023
54257,14,GX,12,1,"NOTICE OF LIABILITY ISSUED, VOLUNTARY UNDER PAYER POLICY",11/08/2023
54257,14,GY,12,1,"ITEM OR SERVICE STATUTORILY EXCLUDED, DOES NOT MEET THE DEFINITION OF ANY MEDICARE BENEFIT OR, FOR NON-MEDICARE INSURERS, IS NOT A CONTRACT BENEFIT",11/08/2023
54685,17,GX,12,1,"NOTICE OF LIABILITY ISSUED, VOLUNTARY UNDER PAYER POLICY",11/08/2023
54685,17,GY,12,1,"ITEM OR SERVICE STATUTORILY EXCLUDED, DOES NOT MEET THE DEFINITION OF ANY MEDICARE BENEFIT OR, FOR NON-MEDICARE INSURERS, IS NOT A CONTRACT BENEFIT",11/08/2023
58817,6,59,12,1,"DISTINCT PROCEDURAL SERVICE: UNDER CERTAIN CIRCUMSTANCES, THE PHYSICIAN MAY NEED TO INDICATE THAT A PROCEDURE OR SERVICE WAS DISTINCT OR INDEPENDENT FROM OTHER SERVICES PERFORMED ON THE SAME DAY. MODIFIER -59 IS USED TO IDENTIFY PROCEDURES&sol;SERVICES THAT ARE NOT NORMALLY REPORTED TOGETHER, BUT ARE APPROPRIATE UNDER THE CIRCUMSTANCES. THIS MAY REPRESENT A DIFFERENT SESSION OR PATIENT ENCOUNTER, DIFFERENT PROCEDURE OR SURGERY, DIFFERNET SITE OR ORGAN SYSTEM, SEPARATE INCISION&sol;EXCISION, SEPARATE LESION, OR SEPARATE INJURY (OR AREA OF INJURY IN EXTENSIVE INJURIES) NOT ORDINARILY ENCOUNTERED OR PERFORMED ON THE SAME DAY BY THE SAME PHYSICIAN. HOWEVER, WHAN ANOTHER ALREADY ESTABLISHED MODIFIER IS APPROPRIATE IT SHOULD BE USED RATHER THAN MODIFIER -59. ONLY IF NO MORE DESCRIPTIVE MODIFIER IS AVAILABLE, AND THE USE OF MODIFIER -59 BEST EXPLAINS THE CIRCUMSTANCES, SHOULD MODIFIER -59 BE USED. MODIFIER CODE 09959 MAY BE USED AS AN ALTERNATE TO MODIFIER -59.",11/07/2023
58817,6,QW,12,1,CLIA WAIVED TEST,11/07/2023
54300,16,GX,12,1,"NOTICE OF LIABILITY ISSUED, VOLUNTARY UNDER PAYER POLICY",11/07/2023
54300,16,GY,12,1,"ITEM OR SERVICE STATUTORILY EXCLUDED, DOES NOT MEET THE DEFINITION OF ANY MEDICARE BENEFIT OR, FOR NON-MEDICARE INSURERS, IS NOT A CONTRACT BENEFIT",11/07/2023
56929,15,KX,12,2,REQUIREMENTS SPECIFIED IN THE MEDICAL POLICY HAVE BEEN MET,09/14/2023
54831,28,GA,12,1,"WAIVER OF LIABILITY STATEMENT ISSUED AS REQUIRED BY PAYER POLICY, INDIVIDUAL CASE",08/24/2023
54831,28,GZ,12,1,ITEM OR SERVICE EXPECTED TO BE DENIED AS NOT REASONABLE AND NECESSARY,08/24/2023
54831,28,KX,12,1,REQUIREMENTS SPECIFIED IN THE MEDICAL POLICY HAVE BEEN MET,08/24/2023
54831,28,SC,12,1,MEDICALLY NECESSARY SERVICE OR SUPPLY,08/24/2023
56872,10,GX,12,1,"NOTICE OF LIABILITY ISSUED, VOLUNTARY UNDER PAYER POLICY",07/21/2023
56872,10,GY,12,1,"ITEM OR SERVICE STATUTORILY EXCLUDED, DOES NOT MEET THE DEFINITION OF ANY MEDICARE BENEFIT OR, FOR NON-MEDICARE INSURERS, IS NOT A CONTRACT BENEFIT",07/21/2023
55235,15,GX,12,1,"NOTICE OF LIABILITY ISSUED, VOLUNTARY UNDER PAYER POLICY",07/19/2023
55235,15,GY,12,1,"ITEM OR SERVICE STATUTORILY EXCLUDED, DOES NOT MEET THE DEFINITION OF ANY MEDICARE BENEFIT OR, FOR NON-MEDICARE INSURERS, IS NOT A CONTRACT BENEFIT",07/19/2023
55354,35,CG,11,1,POLICY CRITERIA APPLIED,06/05/2023
55354,35,KX,11,1,REQUIREMENTS SPECIFIED IN THE MEDICAL POLICY HAVE BEEN MET,06/05/2023
56419,20,GA,11,1,"WAIVER OF LIABILITY STATEMENT ISSUED AS REQUIRED BY PAYER POLICY, INDIVIDUAL CASE",04/10/2023
56419,20,GX,11,1,"NOTICE OF LIABILITY ISSUED, VOLUNTARY UNDER PAYER POLICY",04/10/2023
56419,20,GY,11,1,"ITEM OR SERVICE STATUTORILY EXCLUDED, DOES NOT MEET THE DEFINITION OF ANY MEDICARE BENEFIT OR, FOR NON-MEDICARE INSURERS, IS NOT A CONTRACT BENEFIT",04/10/2023
56419,20,GZ,11,1,ITEM OR SERVICE EXPECTED TO BE DENIED AS NOT REASONABLE AND NECESSARY,04/10/2023
57558,11,KX,11,2,REQUIREMENTS SPECIFIED IN THE MEDICAL POLICY HAVE BEEN MET,03/22/2023
53444,14,25,10,1,"SIGNIFICANT, SEPARATELY IDENTIFIABLE EVALUATION AND MANAGEMENT SERVICE BY THE SAME PHYSICIAN ON THE SAME DAY OF THE PROCEDURE OR OTHER SERVICE: THE PHYSICIAN MAY NEED TO INDICATE THAT ON THE DAY A PROCEDURE OR SERVICE IDENTIFIED BY A CPTCODE WAS PERFORMED, THE PATIENT&#39;S CONDITION REQUIRED A SIGNIFICANT, SEPARATELY IDENTIFIABLE E&sol;M SERVICE ABOVE AND BEYOND THE OTHER SERVICE PROVIDED OR BEYOND THE USUAL PREOPERATIVE AND POSTOPERATIVE CARE ASSOCIATED WITH THE PROCEDURE THAT WAS PERFORMED. THE E&sol;M SERVICE MAY BE PROMPTED BY THE SYMPTOM OR CONDITION FOR WHICH THE PROCEDURE AND&sol;OR SERVICE WAS PROVIDED. AS SUCH, DIFFERENT DIAGNOSES ARE NOT REQUIRED FOR REPORTING OF THE E&sol;M SERVICES ON THE SAME DATE. THIS CIRCUMSTANCE MAY BE REPORTED BY ADDING THE MODIFIER -25 TO THE APPROPRIATE LEVEL OF E&sol;M SERVICE, OR THE SEPARATE FIVE DIGIT MODIFIER 09925 MAY BE USED. NOTE: THIS MODIFIER IS NOT USED TO REPORT AN E&sol;M SERVICE THAT RESULTED IN A DECISION TO PERFORM SURGERY. SEE MODIFIER -57.",01/10/2023
56933,9,GX,9,1,"NOTICE OF LIABILITY ISSUED, VOLUNTARY UNDER PAYER POLICY",10/10/2022
56933,9,GY,9,1,"ITEM OR SERVICE STATUTORILY EXCLUDED, DOES NOT MEET THE DEFINITION OF ANY MEDICARE BENEFIT OR, FOR NON-MEDICARE INSURERS, IS NOT A CONTRACT BENEFIT",10/10/2022
57503,17,59,7,1,"DISTINCT PROCEDURAL SERVICE: UNDER CERTAIN CIRCUMSTANCES, THE PHYSICIAN MAY NEED TO INDICATE THAT A PROCEDURE OR SERVICE WAS DISTINCT OR INDEPENDENT FROM OTHER SERVICES PERFORMED ON THE SAME DAY. MODIFIER -59 IS USED TO IDENTIFY PROCEDURES&sol;SERVICES THAT ARE NOT NORMALLY REPORTED TOGETHER, BUT ARE APPROPRIATE UNDER THE CIRCUMSTANCES. THIS MAY REPRESENT A DIFFERENT SESSION OR PATIENT ENCOUNTER, DIFFERENT PROCEDURE OR SURGERY, DIFFERNET SITE OR ORGAN SYSTEM, SEPARATE INCISION&sol;EXCISION, SEPARATE LESION, OR SEPARATE INJURY (OR AREA OF INJURY IN EXTENSIVE INJURIES) NOT ORDINARILY ENCOUNTERED OR PERFORMED ON THE SAME DAY BY THE SAME PHYSICIAN. HOWEVER, WHAN ANOTHER ALREADY ESTABLISHED MODIFIER IS APPROPRIATE IT SHOULD BE USED RATHER THAN MODIFIER -59. ONLY IF NO MORE DESCRIPTIVE MODIFIER IS AVAILABLE, AND THE USE OF MODIFIER -59 BEST EXPLAINS THE CIRCUMSTANCES, SHOULD MODIFIER -59 BE USED. MODIFIER CODE 09959 MAY BE USED AS AN ALTERNATE TO MODIFIER -59.",03/24/2022
58821,7,GA,7,1,"WAIVER OF LIABILITY STATEMENT ISSUED AS REQUIRED BY PAYER POLICY, INDIVIDUAL CASE",03/09/2022
58821,7,GZ,7,1,ITEM OR SERVICE EXPECTED TO BE DENIED AS NOT REASONABLE AND NECESSARY,03/09/2022
58821,7,KX,7,1,REQUIREMENTS SPECIFIED IN THE MEDICAL POLICY HAVE BEEN MET,03/09/2022
58821,7,SC,7,1,MEDICALLY NECESSARY SERVICE OR SUPPLY,03/09/2022
54769,27,59,7,1,"DISTINCT PROCEDURAL SERVICE: UNDER CERTAIN CIRCUMSTANCES, THE PHYSICIAN MAY NEED TO INDICATE THAT A PROCEDURE OR SERVICE WAS DISTINCT OR INDEPENDENT FROM OTHER SERVICES PERFORMED ON THE SAME DAY. MODIFIER -59 IS USED TO IDENTIFY PROCEDURES&sol;SERVICES THAT ARE NOT NORMALLY REPORTED TOGETHER, BUT ARE APPROPRIATE UNDER THE CIRCUMSTANCES. THIS MAY REPRESENT A DIFFERENT SESSION OR PATIENT ENCOUNTER, DIFFERENT PROCEDURE OR SURGERY, DIFFERNET SITE OR ORGAN SYSTEM, SEPARATE INCISION&sol;EXCISION, SEPARATE LESION, OR SEPARATE INJURY (OR AREA OF INJURY IN EXTENSIVE INJURIES) NOT ORDINARILY ENCOUNTERED OR PERFORMED ON THE SAME DAY BY THE SAME PHYSICIAN. HOWEVER, WHAN ANOTHER ALREADY ESTABLISHED MODIFIER IS APPROPRIATE IT SHOULD BE USED RATHER THAN MODIFIER -59. ONLY IF NO MORE DESCRIPTIVE MODIFIER IS AVAILABLE, AND THE USE OF MODIFIER -59 BEST EXPLAINS THE CIRCUMSTANCES, SHOULD MODIFIER -59 BE USED. MODIFIER CODE 09959 MAY BE USED AS AN ALTERNATE TO MODIFIER -59.",01/18/2022
54769,27,QW,7,1,CLIA WAIVED TEST,01/18/2022
53605,21,GX,6,1,"NOTICE OF LIABILITY ISSUED, VOLUNTARY UNDER PAYER POLICY",07/08/2021
53605,21,GY,6,1,"ITEM OR SERVICE STATUTORILY EXCLUDED, DOES NOT MEET THE DEFINITION OF ANY MEDICARE BENEFIT OR, FOR NON-MEDICARE INSURERS, IS NOT A CONTRACT BENEFIT",07/08/2021
56497,20,52,6,1,"REDUCED SERVICES: UNDER CERTAIN CIRCUMSTANCES A SERVICE OR PROCEDURE IS PARTIALLY REDUCED OR ELIMINATED AT THE PHYSICIAN&#39;S DISCRETION. UNDER THESE CIRCUMSTANCES THE SERVICE PROVIDED CAN BE IDENTIFIED BY ITS USUAL PROCEDURE NUMBER AND THE ADDITION OF THE MODIFIER -52, SIGNIFYING THAT THE SERVICE IS REDUCED. THIS PROVIDES A MEANS OF REPORTING REDUCED SERVICES WITHOUT DISTURBING THE IDENTIFICATION OF THE BASIC SERVICE. MODIFIER CODE 09952 MAY BE USED AS AN ALTERNATIVE TO MODIFIER -52. NOTE: FOR HOSPITAL OUTPATIENT REPORTING OF A PREVIOUSLY SCHEDULED PROCEDURE&sol;SERVICE THAT IS PARTIALLY REDUCED OR CANCELLED AS A RESULT OF EXTENUATING CIRCUMSTANCES OR THOSE THAT THREATEN THE WELL-BEING OF THE PATIENT PRIOR TO OR AFTER ADMINISTRATION OF ANESTHESIA, SEE MODIFIERS -73 AND -74 (SEE MODIFIERS APPROVED FOR ASC HOSPITAL OUTPATIENT USE).",02/09/2021
53784,15,Q0,4,1,INVESTIGATIONAL CLINICAL SERVICE PROVIDED IN A CLINICAL RESEARCH STUDY THAT IS IN AN APPROVED CLINICAL RESEARCH STUDY,08/12/2020
53472,18,54,2,1,"SURGICAL CARE ONLY: WHEN ONE PHYSICIAN PERFORMS A SURGICAL PROCEDURE AND ANOTHER PROVIDES PREOPERATIVE AND&sol;OR POSTOPERATIVE MANAGEMENT, SURGICAL SERVICES MAY BE IDENTIFIED BY ADDING THE MODIFIER -54 TO THE USUAL PROCEDURE NUMBER OR BY USE OF THE SEPARATE FIVE DIGIT MODIFIER CODE 09954.",12/03/2019
53472,18,55,2,1,"POSTOPERATIVE MANAGEMENT ONLY: WHEN ONE PHYSICIAN PERFORMS THE POSTOPERATIVE MANAGEMENT AND ANOTHER PHYSICIAN HAS PERFORMED THE SURGICAL PROCEDURE, THE POSTOPERATIVE COMPONENT MAY BE IDENTIFIED BY ADDING THE MODIFIER -55 TO THE USUAL PROCEDURE NUMBER OR BY USE OF THE SEPARATE FIVE DIGIT MODIFIER CODE 09955.",12/03/2019
53702,19,GX,1,1,"NOTICE OF LIABILITY ISSUED, VOLUNTARY UNDER PAYER POLICY",11/11/2019
53702,19,GY,1,1,"ITEM OR SERVICE STATUTORILY EXCLUDED, DOES NOT MEET THE DEFINITION OF ANY MEDICARE BENEFIT OR, FOR NON-MEDICARE INSURERS, IS NOT A CONTRACT BENEFIT",11/11/2019
53399,13,59,1,1,"DISTINCT PROCEDURAL SERVICE: UNDER CERTAIN CIRCUMSTANCES, THE PHYSICIAN MAY NEED TO INDICATE THAT A PROCEDURE OR SERVICE WAS DISTINCT OR INDEPENDENT FROM OTHER SERVICES PERFORMED ON THE SAME DAY. MODIFIER -59 IS USED TO IDENTIFY PROCEDURES&sol;SERVICES THAT ARE NOT NORMALLY REPORTED TOGETHER, BUT ARE APPROPRIATE UNDER THE CIRCUMSTANCES. THIS MAY REPRESENT A DIFFERENT SESSION OR PATIENT ENCOUNTER, DIFFERENT PROCEDURE OR SURGERY, DIFFERNET SITE OR ORGAN SYSTEM, SEPARATE INCISION&sol;EXCISION, SEPARATE LESION, OR SEPARATE INJURY (OR AREA OF INJURY IN EXTENSIVE INJURIES) NOT ORDINARILY ENCOUNTERED OR PERFORMED ON THE SAME DAY BY THE SAME PHYSICIAN. HOWEVER, WHAN ANOTHER ALREADY ESTABLISHED MODIFIER IS APPROPRIATE IT SHOULD BE USED RATHER THAN MODIFIER -59. ONLY IF NO MORE DESCRIPTIVE MODIFIER IS AVAILABLE, AND THE USE OF MODIFIER -59 BEST EXPLAINS THE CIRCUMSTANCES, SHOULD MODIFIER -59 BE USED. MODIFIER CODE 09959 MAY BE USED AS AN ALTERNATE TO MODIFIER -59.",11/07/2019
53482,13,26,1,1,"PROFESSIONAL COMPONENT: CERTAIN PROCEDURES ARE A COMBINATION OF A PHYSICIAN COMPONENT AND A TECHNICAL COMPONENT. WHEN THE PHYSICIAN COMPONENT IS REPORTED SEPARATELY, THE SERVICE MAY BE IDENTIFIED BY ADDING THE MODIFIER -26 TO THE USUAL PROCEDURE NUMBER OR THE SERVICE MAY BE REPORTED BY USE OF THE FIVE DIGIT MODIFIER CODE 09926.",10/23/2019
53482,13,76,1,1,REPEAT PROCEDURE BY SAME PHYSICIAN: THE PHYSICIAN MAY NEED TO INDICATE THAT A PROCEDURE OR SERVICE WAS REPEATED SUBSEQUENT TO THE ORIGINAL PROCEDURE OR SERVICE. THIS CIRCUMSTANCE MAY BE REPORTED BY ADDING THE MODIFIER -76 TO THE REPEATED PROCEDURE OR SERVICE OR THE SEPARATE FIVE DIGIT MODIFIER CODE 09976 MAY BE USED.,10/23/2019
53482,13,77,1,1,REPEAT PROCEDURE BY ANOTHER PHYSICIAN: THE PHYSICIAN MAY NEED TO INDICATE THAT A BASIC PROCEDURE OR SERVICE PERFORMED BY ANOTHER PHYSICIAN HAD TO BE REPEATED. THIS SITUATION MAY BE REPORTED BY ADDING MODIFIER -77 TO THE REPEATED PROCEDURE&sol;SERVICE OR THE SEPARATE FIVE DIGIT MODIFIER CODE 09977 MAY BE USED.,10/23/2019
53482,13,91,1,1,"REPEAT CLINICAL DIAGNOSTIC LABORATORY TEST: IN THE COURSE OF TREATMENT OF THE PATIENT, IT MAY BE NECESSARY TO REPEAT THE SAME LABORATORY TEST ON THE SAME DAY TO OBTAIN SUBSEQUENT (MULTIPLE) TEST RESULTS. UNDER THESE CIRCUMSTANCES, THE LABORATORY TEST PERFORMED CAN BE IDENTIFIED BY ITS USUAL PROCEDURE NUMBER AND THE ADDITION OF THE MODIFIER &#39;-91&#39;. NOTE: THIS MODIFIER MAY NOT BE USED WHEN TESTS ARE RERUN TO CONFIRM INITIAL RESULTS; DUE TO TESTING PROBLEMS WITH SPECIMENS OR EQUIPMENT; OR FOR ANY OTHER REASON WHEN A NORMAL, ONE-TIME, REPORTABLE RESULT IS ALL THAT IS REQUIRED. THIS MODIFIER MAY NOT BE USED WHEN OTHER CODE(S) DESCRIBE A SERIES OF TEST RESULTS (E.G., GLUCOSE TOLERANCE TESTS, EVOCATIVE&sol;SUPPRESSION TESTING). THIS MODIFIER MAY ONLY BE USED FOR LABORATORY TEST(S) PERFORMED MORE THAN ONCE ON THE SAME DAY ON THE SAME PATIENT.",10/23/2019
53482,13,LT,1,1,LEFT SIDE (USED TO IDENTIFY PROCEDURES PERFORMED ON THE LEFT SIDE OF THE BODY),10/23/2019
53482,13,RT,1,1,RIGHT SIDE (USED TO IDENTIFY PROCEDURES PERFORMED ON THE RIGHT SIDE OF THE BODY),10/23/2019
53482,13,T1,1,1,"LEFT FOOT, SECOND DIGIT",10/23/2019
53482,13,T3,1,1,"LEFT FOOT, FOURTH DIGIT",10/23/2019
53538,15,GX,1,1,"NOTICE OF LIABILITY ISSUED, VOLUNTARY UNDER PAYER POLICY",10/15/2019
53538,15,GY,1,1,"ITEM OR SERVICE STATUTORILY EXCLUDED, DOES NOT MEET THE DEFINITION OF ANY MEDICARE BENEFIT OR, FOR NON-MEDICARE INSURERS, IS NOT A CONTRACT BENEFIT",10/15/2019
53480,14,GX,1,1,"NOTICE OF LIABILITY ISSUED, VOLUNTARY UNDER PAYER POLICY",10/15/2019
53480,14,GY,1,1,"ITEM OR SERVICE STATUTORILY EXCLUDED, DOES NOT MEET THE DEFINITION OF ANY MEDICARE BENEFIT OR, FOR NON-MEDICARE INSURERS, IS NOT A CONTRACT BENEFIT",10/15/2019
56384,7,KX,1,1,REQUIREMENTS SPECIFIED IN THE MEDICAL POLICY HAVE BEEN MET,10/08/2019
53488,11,76,1,1,REPEAT PROCEDURE BY SAME PHYSICIAN: THE PHYSICIAN MAY NEED TO INDICATE THAT A PROCEDURE OR SERVICE WAS REPEATED SUBSEQUENT TO THE ORIGINAL PROCEDURE OR SERVICE. THIS CIRCUMSTANCE MAY BE REPORTED BY ADDING THE MODIFIER -76 TO THE REPEATED PROCEDURE OR SERVICE OR THE SEPARATE FIVE DIGIT MODIFIER CODE 09976 MAY BE USED.,10/02/2019
53488,11,77,1,1,REPEAT PROCEDURE BY ANOTHER PHYSICIAN: THE PHYSICIAN MAY NEED TO INDICATE THAT A BASIC PROCEDURE OR SERVICE PERFORMED BY ANOTHER PHYSICIAN HAD TO BE REPEATED. THIS SITUATION MAY BE REPORTED BY ADDING MODIFIER -77 TO THE REPEATED PROCEDURE&sol;SERVICE OR THE SEPARATE FIVE DIGIT MODIFIER CODE 09977 MAY BE USED.,10/02/2019
53423,16,76,1,1,REPEAT PROCEDURE BY SAME PHYSICIAN: THE PHYSICIAN MAY NEED TO INDICATE THAT A PROCEDURE OR SERVICE WAS REPEATED SUBSEQUENT TO THE ORIGINAL PROCEDURE OR SERVICE. THIS CIRCUMSTANCE MAY BE REPORTED BY ADDING THE MODIFIER -76 TO THE REPEATED PROCEDURE OR SERVICE OR THE SEPARATE FIVE DIGIT MODIFIER CODE 09976 MAY BE USED.,09/30/2019
53423,16,77,1,1,REPEAT PROCEDURE BY ANOTHER PHYSICIAN: THE PHYSICIAN MAY NEED TO INDICATE THAT A BASIC PROCEDURE OR SERVICE PERFORMED BY ANOTHER PHYSICIAN HAD TO BE REPEATED. THIS SITUATION MAY BE REPORTED BY ADDING MODIFIER -77 TO THE REPEATED PROCEDURE&sol;SERVICE OR THE SEPARATE FIVE DIGIT MODIFIER CODE 09977 MAY BE USED.,09/30/2019
53778,14,59,1,1,"DISTINCT PROCEDURAL SERVICE: UNDER CERTAIN CIRCUMSTANCES, THE PHYSICIAN MAY NEED TO INDICATE THAT A PROCEDURE OR SERVICE WAS DISTINCT OR INDEPENDENT FROM OTHER SERVICES PERFORMED ON THE SAME DAY. MODIFIER -59 IS USED TO IDENTIFY PROCEDURES&sol;SERVICES THAT ARE NOT NORMALLY REPORTED TOGETHER, BUT ARE APPROPRIATE UNDER THE CIRCUMSTANCES. THIS MAY REPRESENT A DIFFERENT SESSION OR PATIENT ENCOUNTER, DIFFERENT PROCEDURE OR SURGERY, DIFFERNET SITE OR ORGAN SYSTEM, SEPARATE INCISION&sol;EXCISION, SEPARATE LESION, OR SEPARATE INJURY (OR AREA OF INJURY IN EXTENSIVE INJURIES) NOT ORDINARILY ENCOUNTERED OR PERFORMED ON THE SAME DAY BY THE SAME PHYSICIAN. HOWEVER, WHAN ANOTHER ALREADY ESTABLISHED MODIFIER IS APPROPRIATE IT SHOULD BE USED RATHER THAN MODIFIER -59. ONLY IF NO MORE DESCRIPTIVE MODIFIER IS AVAILABLE, AND THE USE OF MODIFIER -59 BEST EXPLAINS THE CIRCUMSTANCES, SHOULD MODIFIER -59 BE USED. MODIFIER CODE 09959 MAY BE USED AS AN ALTERNATE TO MODIFIER -59.",09/25/2019
