article_id,article_version,hcpc_code_group,paragraph,last_updated
58679,38,1,&lt;p&gt;Single genes and solid tumor panels&lt;&sol;p&gt;,08/07/2026
58679,38,2,&lt;p&gt;Hematologic neoplasm panels&lt;&sol;p&gt;,08/07/2026
58679,38,3,"&lt;p&gt;&lt;!&amp;mdash;&amp;mdash;&amp;mdash;&amp;mdash;StartFragment &amp;mdash;&amp;mdash;&amp;mdash;&amp;mdash;&gt;&lt;&sol;p&gt;
&lt;p class=&quot;pf0&quot;&gt;&lt;span class=&quot;cf0&quot;&gt;These code(s) are non-covered.&lt;&sol;span&gt;&lt;&sol;p&gt;
&lt;p&gt;&lt;!&amp;mdash;&amp;mdash;&amp;mdash;&amp;mdash;EndFragment &amp;mdash;&amp;mdash;&amp;mdash;&amp;mdash;&gt;&lt;&sol;p&gt;",08/07/2026
60377,5,1,&lt;p&gt;N&sol;A&lt;&sol;p&gt;,08/06/2026
60377,5,2,&lt;p&gt;The following CPT code is considered non-covered.&lt;&sol;p&gt;,08/06/2026
60375,5,1,,08/06/2026
60375,5,2,&lt;p&gt;The following CPT&lt;sup&gt;&amp;#174;&lt;&sol;sup&gt; code is considered non-covered.&lt;&sol;p&gt;,08/06/2026
60391,4,1,&lt;p&gt;N&sol;A&lt;&sol;p&gt;,08/06/2026
60391,4,2,&lt;p&gt;The following CPT code is considered non-covered.&lt;&sol;p&gt;,08/06/2026
60361,7,1,&lt;p&gt;N&sol;A&lt;&sol;p&gt;,08/05/2026
60361,7,2,&lt;p&gt;The following CPT code is considered non-covered.&lt;&sol;p&gt;,08/05/2026
58323,13,1,,08/05/2026
58565,52,1,&lt;p&gt;Providers are reminded to refer to the long descriptors of the CPT codes in their CPT book.&lt;&sol;p&gt;,08/04/2026
57917,32,1,,08/03/2026
57917,32,2,&lt;p&gt;These code(s) are non-covered. &amp;nbsp;&lt;&sol;p&gt;,08/03/2026
56690,18,1,,07/31/2026
57435,27,1,,07/31/2026
60155,6,1,,07/31/2026
60152,8,1,,07/31/2026
52370,135,1,"&lt;p&gt;Effective 01&sol;01&sol;2026, HCPCS code Q5160 should be used to report bevacizumab-nwgd (jobevneTM), 10mg&lt;&sol;p&gt;
&lt;p&gt;Effective 04&sol;01&sol;2023, HCPCS code Q5129 should be used to report bevacizumab-adcd (Vegzelma&amp;#174;). Effective 09&sol;27&sol;2022 through 03&sol;31&sol;2023 HCPCS code J3590 should be reported.&lt;span style=&quot;line-height: 107%;&quot;&gt;&lt;br &sol;&gt;&lt;&sol;span&gt;&lt;&sol;p&gt;
&lt;p style=&quot;line-height: normal;&quot;&gt;Effective 01&sol;01&sol;2023, HCPCS code Q5126 should be reported for bevacizumab-maly, biosimilar, (ALYMSYS1&amp;#174;), 10 mg. Effective 10&sol;01&sol;2022 through 12&sol;31&sol;2022, HCPCS code C9142 Injection, bevacizumab-maly, biosimilar, (ALYMSYS&amp;#174;), 10 mg has been added for services billed to the Part A MAC. HCPCS code J3590 should be reported for the Part B MAC.&lt;&sol;p&gt;
&lt;p style=&quot;line-height: normal;&quot;&gt;HCPCS code C9142, C9257, Q5107, Q5118 or Q5126 should be reported for treatment of approved ophthalmologic indications billed to the Part A MAC.&lt;br &sol;&gt;&lt;br &sol;&gt;HCPCS code C9142, J9035, Q5107, Q5118 or Q5126 (bill one unit per eye) should be reported for the treatment of approved ophthalmologic indications billed to the Part B MAC.&lt;&sol;p&gt;",07/31/2026
52370,135,2,&lt;p&gt;&lt;u&gt;Intravitreal injection code &lt;&sol;u&gt;&lt;&sol;p&gt;,07/31/2026
57326,42,1,,07/31/2026
58559,42,1,,07/31/2026
58756,26,1,&lt;p&gt;Single genes and solid tumor panels&lt;&sol;p&gt;,07/31/2026
58756,26,2,&lt;p&gt;Hematologic neoplasm panels&lt;&sol;p&gt;,07/31/2026
58756,26,3,&lt;p&gt;These code(s) are non-covered.&lt;&sol;p&gt;,07/31/2026
58468,41,1,"&lt;p&gt;&lt;strong&gt;This group includes NGS-based MRD tests for the purpose of diagnosing disease progression, recurrence, or relapse.&lt;&sol;strong&gt;&lt;&sol;p&gt;
&lt;p&gt;If no relevant CPT&lt;sup&gt;&amp;#174;&lt;&sol;sup&gt; codes exist for the test submitted, you may bill with the NOC code 81479.&lt;&sol;p&gt;",07/31/2026
58468,41,2,&lt;p&gt;&lt;strong&gt;This group includes tests for monitoring the response to immune-checkpoint inhibitor (ICI) therapy.&lt;&sol;strong&gt;&lt;&sol;p&gt;,07/31/2026
58468,41,3,"&lt;p&gt;&lt;strong&gt;This group includes MRD tests that do not use NGS for the purpose of diagnosing disease progression, recurrence, or relapse.&lt;&sol;strong&gt;&lt;&sol;p&gt;",07/31/2026
58761,70,1,&lt;p&gt;&lt;strong&gt;Targeted Respiratory Panels:&lt;&sol;strong&gt;&lt;br &sol;&gt;These codes are covered under limited circumstances.&lt;&sol;p&gt;,07/31/2026
58761,70,2,&lt;p&gt;&lt;strong&gt;Targeted Gastrointestinal Panels:&lt;&sol;strong&gt;&lt;br &sol;&gt;This code is covered under limited circumstances.&lt;&sol;p&gt;,07/31/2026
58761,70,3,&lt;p&gt;&lt;strong&gt;Meningoencephalitis Panels:&lt;&sol;strong&gt;&lt;br &sol;&gt;This code is covered under limited circumstances.&lt;&sol;p&gt;,07/31/2026
58761,70,4,&lt;p&gt;&lt;strong&gt;Bloodstream Infection Panels:&lt;&sol;strong&gt;&lt;br &sol;&gt;These codes are covered under limited circumstances.&lt;&sol;p&gt;,07/31/2026
58761,70,5,&lt;p&gt;&lt;strong&gt;Urogenital&sol;Anogenital Panels:&lt;&sol;strong&gt;&lt;br &sol;&gt;These codes are covered under limited circumstances.&lt;&sol;p&gt;,07/31/2026
58761,70,6,"&lt;p&gt;&lt;strong&gt;Expanded Respiratory and Pneumonia Panels:&lt;&sol;strong&gt;&lt;&sol;p&gt;
&lt;p&gt;Covered under limited circumstances. Per policy, these codes are covered in beneficiaries with serious or critical illness or at imminent risk of becoming seriously or critically ill, immunodeficiency, and&sol;or severe underlying condition contributory to testing using an expanded syndromic panel.&lt;&sol;p&gt;
&lt;p style=&quot;padding-left: 40px;&quot;&gt;Testing is billed according to 1 of the following:&lt;&sol;p&gt;
&lt;p style=&quot;padding-left: 80px;&quot;&gt;(a) Places of service (POS) 19, 21, 22, 23 OR&lt;br &sol;&gt;(b) The test is ordered as follows &lt;strong&gt;(for healthcare POS other than those listed in (a))&lt;&sol;strong&gt;:&lt;&sol;p&gt;
&lt;p style=&quot;padding-left: 120px;&quot;&gt;(1) &lt;strong&gt;For immune-competent beneficiaries&lt;&sol;strong&gt;, the test must be ordered by an Infectious Disease Specialist or Pulmonologist who is diagnosing and treating the beneficiary. &lt;br &sol;&gt;(2) &lt;strong&gt;For immune-compromised beneficiaries&lt;&sol;strong&gt;, the test must be ordered by a clinician specialist in 1 of the following: Infectious Diseases,&amp;#160; Oncology, Transplant (for any panel), or Pulmonologist who is diagnosing and treating the beneficiary. &lt;br &sol;&gt;(3) Regarding (1) and (2), An exception may be made in geographic locations where the specialist(s) cannot be reasonably reached by the beneficiary, and the ordering provider is located closer to the beneficiary&amp;#8217;s place of residence than the nearest specialist. We would generally expect that beneficiaries for whom the test is ordered under this exception to be living in rural locations, islands, or some other&amp;#160; location where access to care is limited.&lt;br &sol;&gt;(4) For testing in POS other than POS 19, 21, 22, or 23, to bill one of the Group 6 CPT codes, &lt;strong&gt;TWO&lt;&sol;strong&gt; ICD-10 codes are required-one from Group 6 and another from Group 1.&lt;&sol;p&gt;",07/31/2026
58761,70,7,"&lt;p&gt;&lt;strong&gt;Expanded Gastrointestinal Panels:&lt;&sol;strong&gt;&lt;&sol;p&gt;
&lt;p&gt;Covered under limited circumstances. Per policy, these codes are covered in beneficiaries with serious or critical illness or at imminent risk of becoming seriously or critically ill, immunodeficiency, and&sol;or severe underlying condition contributory to testing using an expanded syndromic panel.&lt;&sol;p&gt;
&lt;p style=&quot;padding-left: 40px;&quot;&gt;Testing is billed according to 1 of the following:&lt;&sol;p&gt;
&lt;p style=&quot;padding-left: 80px;&quot;&gt;(a) Places of service (POS) 19, 21, 22, 23 OR&lt;br &sol;&gt;(b) The test is ordered as follows &lt;strong&gt;(for healthcare POS other than those listed in (a))&lt;&sol;strong&gt;:&lt;&sol;p&gt;
&lt;p style=&quot;padding-left: 120px;&quot;&gt;(1)&lt;strong&gt; For immune-competent beneficiaries&lt;&sol;strong&gt;, the test must be ordered by an Infectious Disease Specialist or Gastroenterologist who is diagnosing and treating the beneficiary. &lt;br &sol;&gt;(2) &lt;strong&gt;For immune-compromised beneficiaries&lt;&sol;strong&gt;, the test must be ordered by a clinician specialist in 1 of the following: Infectious Diseases,&amp;#160; Oncology, Transplant (for any panel), or Gastroenterologist who is diagnosing and treating the beneficiary. &lt;br &sol;&gt;(3) Regarding (1) and (2), An exception may be made in geographic locations where the specialist(s) cannot be reasonably reached by the beneficiary, and the ordering provider is located closer to the beneficiary&amp;#8217;s place of residence than the nearest specialist. We would generally expect that beneficiaries for whom the test is ordered under this exception to be living in rural locations, islands, or some other&amp;#160; location where access to care is limited.&lt;br &sol;&gt;(4) For testing in POS other than POS 19, 21, 22, or 23, to bill one of the Group 7 CPT codes, &lt;strong&gt;TWO&lt;&sol;strong&gt; ICD-10 codes are required-one from Group 7 and another from Group 2.&lt;&sol;p&gt;",07/31/2026
58761,70,8,"&lt;p&gt;&lt;strong&gt;Conditionally Non-covered CPT codes:&lt;&sol;strong&gt;&lt;br &sol;&gt;The following CPT codes are NOT covered for a given beneficiary on the same DOS when &amp;gt;&lt;strong&gt;1&lt;&sol;strong&gt; is billed in combination with another CPT or PLA code from Groups 1-7 &lt;em&gt;for the same intended use&lt;&sol;em&gt;.&lt;&sol;p&gt;
&lt;p&gt;Additionally, the following CPT codes are NOT covered for a given beneficiary on the same DOS when &amp;gt;&lt;strong&gt;2&lt;&sol;strong&gt; are billed &lt;em&gt;for the same intended use&lt;&sol;em&gt;.&lt;&sol;p&gt;",07/31/2026
58761,70,9,"&lt;p&gt;&lt;strong&gt;Zoonotic Infection Panels:&lt;&sol;strong&gt;&lt;br &sol;&gt;These codes are reimbursed under limited circumstances.&lt;&sol;p&gt;
&lt;p&gt;&lt;strong&gt;Note also the additional diagnostic guidance provided by the Centers for Disease Control and Prevention (CDC): &lt;&sol;strong&gt;&lt;a href=&quot;https:&sol;&sol;www.cdc.gov&sol;ticks&sol;hcp&sol;data-research&sol;tickborne-disease-reference-guide&sol;&quot; target=&quot;_blank&quot; rel=&quot;noopener&quot;&gt;https:&sol;&sol;www.cdc.gov&sol;ticks&sol;hcp&sol;data-research&sol;tickborne-disease-reference-guide&sol;&lt;&sol;a&gt;&lt;&sol;p&gt;",07/31/2026
58761,70,10,&lt;p&gt;&lt;strong&gt;Joint Infection Panels:&lt;&sol;strong&gt;&lt;br &sol;&gt;These codes are reimbursed under limited circumstances.&lt;&sol;p&gt;,07/31/2026
58761,70,11,&lt;p&gt;&lt;strong&gt;Non-Urogenital&sol;Anogential Cutaneous&sol;Mucocutaneous Lesions Panels:&lt;&sol;strong&gt;&lt;br &sol;&gt;These codes are reimbursed under limited circumstances.&lt;&sol;p&gt;,07/31/2026
58761,70,12,&lt;p&gt;&lt;strong&gt;Onychomycosis Panels:&lt;&sol;strong&gt;&lt;br &sol;&gt;This code is only reimbursed for patients with a confirmed histopathologic diagnosis of an infiltrative&sol;invasive fungal onychomycosis and whose culture (and antifungal susceptibility) of the nail is negative or cannot be performed.&lt;&sol;p&gt;,07/31/2026
58734,20,1,&lt;p&gt;Single genes and solid tumor panels.&amp;#160;&lt;&sol;p&gt;,07/30/2026
58734,20,2,&lt;p&gt;Hematologic neoplasm panels&lt;&sol;p&gt;,07/30/2026
58734,20,3,&lt;p&gt;These code(s) are non-covered.&lt;&sol;p&gt;,07/30/2026
59416,14,1,&lt;p&gt;&lt;br &sol;&gt;&lt;br &sol;&gt;&lt;br &sol;&gt;&lt;&sol;p&gt;,07/30/2026
52830,9,1,Not applicable,07/28/2026
58376,67,1,"&lt;p&gt;&lt;strong&gt;&lt;span style=&quot;line-height: 115%;&quot;&gt;This group includes NGS-based MRD tests for the purpose of diagnosing disease progression, recurrence, or relapse.&amp;nbsp;&lt;&sol;span&gt;&lt;&sol;strong&gt;&lt;&sol;p&gt;
&lt;p&gt;&lt;span style=&quot;background: white; line-height: 115%;&quot;&gt;If no relevant CPT&lt;sup&gt;&amp;reg;&lt;&sol;sup&gt; code exists for the test submitted, you may bill with the NOC code 81479.&lt;&sol;span&gt;&lt;&sol;p&gt;",07/28/2026
58376,67,2,&lt;p&gt;&lt;span style=&quot;background-color: #ffffff;&quot;&gt;&lt;strong&gt;This group includes tests for monitoring the response to immune-checkpoint inhibitor (ICI) therapy.&amp;nbsp;&lt;&sol;strong&gt;&lt;&sol;span&gt;&lt;&sol;p&gt;,07/28/2026
58376,67,3,"&lt;p&gt;&lt;p style=&quot;line-height: 98%;&quot;&gt;&lt;strong&gt;&lt;span style=&quot;line-height: 98%;&quot;&gt;This group includes MRD tests that do not use NGS for the purpose of diagnosing disease progression, recurrence, or relapse.&lt;&sol;span&gt;&lt;&sol;strong&gt;&lt;&sol;p&gt;&lt;&sol;p&gt;",07/28/2026
58710,92,1,"&lt;p&gt;&lt;strong&gt;&lt;span style=&quot;line-height: 115%;&quot;&gt;Targeted Respiratory Panels:&lt;&sol;span&gt;&lt;&sol;strong&gt;&lt;&sol;p&gt;
&lt;p&gt;&lt;span style=&quot;line-height: 115%;&quot;&gt; &lt;&sol;span&gt;&lt;&sol;p&gt;
&lt;p&gt;&lt;span style=&quot;line-height: 115%;&quot;&gt;These codes are covered under limited circumstances. &lt;&sol;span&gt;&lt;&sol;p&gt;",07/28/2026
58710,92,2,"&lt;p&gt;&lt;strong&gt;&lt;span style=&quot;line-height: 115%;&quot;&gt;Targeted Gastrointestinal&lt;&sol;span&gt;&lt;&sol;strong&gt;&lt;strong&gt;&lt;span style=&quot;line-height: 115%;&quot;&gt; Panels:&lt;&sol;span&gt;&lt;&sol;strong&gt;&lt;&sol;p&gt;
&lt;p&gt;&lt;span style=&quot;line-height: 115%;&quot;&gt; &lt;&sol;span&gt;&lt;&sol;p&gt;
&lt;p&gt;&lt;span style=&quot;line-height: 115%;&quot;&gt;This code is covered under limited circumstances. &lt;&sol;span&gt;&lt;&sol;p&gt;",07/28/2026
58710,92,3,"&lt;p&gt;&lt;strong&gt;&lt;span style=&quot;line-height: 115%;&quot;&gt;Meningoencephalitis&lt;&sol;span&gt;&lt;&sol;strong&gt;&lt;strong&gt;&lt;span style=&quot;line-height: 115%;&quot;&gt; Panels:&lt;&sol;span&gt;&lt;&sol;strong&gt;&lt;&sol;p&gt;
&lt;p&gt;&lt;span style=&quot;line-height: 115%;&quot;&gt; &lt;&sol;span&gt;&lt;&sol;p&gt;
&lt;p&gt;&lt;span style=&quot;line-height: 115%;&quot;&gt;This code is covered under limited circumstances. &lt;&sol;span&gt;&lt;&sol;p&gt;",07/28/2026
58710,92,4,"&lt;p&gt;&lt;strong&gt;&lt;span style=&quot;line-height: 115%;&quot;&gt;Bloodstream Infection&lt;&sol;span&gt;&lt;&sol;strong&gt;&lt;strong&gt;&lt;span style=&quot;line-height: 115%;&quot;&gt; Panels:&lt;&sol;span&gt;&lt;&sol;strong&gt;&lt;&sol;p&gt;
&lt;p&gt;&lt;span style=&quot;line-height: 115%;&quot;&gt; &lt;&sol;span&gt;&lt;&sol;p&gt;
&lt;p&gt;&lt;span style=&quot;line-height: 115%;&quot;&gt;This code is covered under limited circumstances. &lt;&sol;span&gt;&lt;&sol;p&gt;",07/28/2026
58710,92,5,"&lt;p&gt;&lt;strong&gt;&lt;span style=&quot;line-height: 115%;&quot;&gt;Urogenital&sol;Anogenital&lt;&sol;span&gt;&lt;&sol;strong&gt;&lt;strong&gt;&lt;span style=&quot;line-height: 115%;&quot;&gt; Panels:&lt;&sol;span&gt;&lt;&sol;strong&gt;&lt;&sol;p&gt;
&lt;p&gt;&lt;span style=&quot;line-height: 115%;&quot;&gt; &lt;&sol;span&gt;&lt;&sol;p&gt;
&lt;p&gt;&lt;span style=&quot;line-height: 115%;&quot;&gt;These codes are covered under limited circumstances. &lt;&sol;span&gt;&lt;&sol;p&gt;",07/28/2026
58710,92,6,"&lt;p&gt;&lt;strong&gt;&lt;span style=&quot;line-height: 115%;&quot;&gt;Expanded Respiratory and Pneumonia Panels: &lt;&sol;span&gt;&lt;&sol;strong&gt;&lt;&sol;p&gt;
&lt;p&gt;&lt;strong&gt;&lt;span style=&quot;line-height: 115%;&quot;&gt; &lt;&sol;span&gt;&lt;&sol;strong&gt;&lt;&sol;p&gt;
&lt;p&gt;&lt;span style=&quot;line-height: 115%;&quot;&gt;Covered under limited circumstances. Per policy, these codes are covered in beneficiaries with serious or critical illness or at imminent risk of becoming seriously or critically ill, immunodeficiency, and&sol;or severe underlying condition contributory to testing using an expanded syndromic panel.&amp;nbsp;&lt;&sol;span&gt;&lt;&sol;p&gt;
&lt;p style=&quot;line-height: 121%; padding-left: 40px;&quot;&gt;Testing is billed according to 1 of the following:&lt;&sol;p&gt;
&lt;p style=&quot;line-height: 121%; padding-left: 80px;&quot;&gt;(a) Places of service (POS) 19, 21, 22, 23, OR&lt;&sol;p&gt;
&lt;p style=&quot;line-height: 121%; padding-left: 80px;&quot;&gt;(b) The test is ordered as follows (&lt;strong&gt;for healthcare POS other than those listed in (a)&lt;&sol;strong&gt;):&lt;&sol;p&gt;
&lt;p style=&quot;line-height: 121%; padding-left: 120px;&quot;&gt;(1) &lt;strong&gt;For immune-competent beneficiaries&lt;&sol;strong&gt;, the test must be ordered by an Infectious Disease Specialist or&amp;nbsp;Pulmonologist who is diagnosing and treating the beneficiary.&lt;&sol;p&gt;
&lt;p style=&quot;line-height: 121%; padding-left: 120px;&quot;&gt;(2)&lt;strong&gt; For immune-compromised beneficiaries&lt;&sol;strong&gt;, the test must be ordered by a clinician specialist in 1 of the following: Infectious Diseases, Oncology, Transplant (for any panel), or Pulmonologist who is diagnosing and treating the beneficiary.&lt;&sol;p&gt;
&lt;p style=&quot;line-height: 121%; padding-left: 120px;&quot;&gt;(3) Regarding (1) and (2), An exception may be made in geographic locations where the specialist(s) cannot be reasonably reached by the beneficiary, and the ordering provider is located closer to the beneficiary&amp;rsquo;s place of residence than the nearest specialist. We would generally expect that beneficiaries for whom the test is ordered under this exception to be living in rural locations, islands, or some other location where access to care is limited.&lt;&sol;p&gt;
&lt;p style=&quot;line-height: 121%; padding-left: 120px;&quot;&gt;(4) For testing in POS other than POS 19, 21, 22, or 23, to bill one of the Group 6 CPT codes,&amp;nbsp;&lt;strong&gt;TWO&lt;&sol;strong&gt; ICD-10 codes are required-one from Group 6 and another from Group 1.&lt;&sol;p&gt;",07/28/2026
58710,92,7,"&lt;p&gt;&lt;strong&gt;&lt;span style=&quot;line-height: 115%;&quot;&gt;Expanded Gastrointestinal Panels:&lt;&sol;span&gt;&lt;&sol;strong&gt;&lt;span style=&quot;line-height: 115%;&quot;&gt; &lt;&sol;span&gt;&lt;&sol;p&gt;
&lt;p&gt;&lt;span style=&quot;line-height: 115%;&quot;&gt;Covered under limited circumstances. Per policy, these codes are covered in beneficiaries with serious or critical illness or at imminent risk of becoming seriously or critically ill, immunodeficiency, and&sol;or severe underlying condition contributory to testing using an expanded syndromic panel. &lt;&sol;span&gt;&lt;&sol;p&gt;
&lt;p&gt;&lt;span style=&quot;line-height: 115%;&quot;&gt; &lt;&sol;span&gt;&lt;&sol;p&gt;
&lt;p style=&quot;line-height: 121%; padding-left: 40px;&quot;&gt;(a) Places of service (POS) 19, 21, 22, 23, OR&lt;&sol;p&gt;
&lt;p style=&quot;line-height: 121%; padding-left: 40px;&quot;&gt;(b) The test is ordered as follows (&lt;strong&gt;for healthcare POS other than those listed in (a)&lt;&sol;strong&gt;):&lt;&sol;p&gt;
&lt;p style=&quot;line-height: 121%; padding-left: 80px;&quot;&gt;(1) &lt;strong&gt;For immune-competent beneficiaries&lt;&sol;strong&gt;, the test must be ordered by an Infectious Disease Specialist or Gastroenterologist who is diagnosing and treating the beneficiary.&lt;&sol;p&gt;
&lt;p style=&quot;line-height: 121%; padding-left: 80px;&quot;&gt;(2)&lt;strong&gt; For immune-compromised beneficiaries&lt;&sol;strong&gt;, the test must be ordered by a clinician specialist in 1 of the following: Infectious Diseases, Oncology, Transplant (for any panel), or Gastroenterologist who is diagnosing and treating the beneficiary.&lt;&sol;p&gt;
&lt;p style=&quot;padding-left: 80px;&quot;&gt;&lt;span style=&quot;line-height: 115%;&quot;&gt;(3) Regarding (1) and (2), An exception may be made in geographic locations where the specialist(s) cannot be reasonably reached by the beneficiary, and the ordering provider is located closer to the beneficiary&amp;rsquo;s place of residence than the nearest specialist. We would generally expect that beneficiaries for whom the test is ordered under this exception to be living in rural locations, islands, or some other location where access to care is limited.&lt;&sol;span&gt;&lt;&sol;p&gt;
&lt;p style=&quot;padding-left: 80px;&quot;&gt;&lt;span style=&quot;line-height: 115%;&quot;&gt;(4) For testing in POS other than POS 19, 21, 22, or 23, to bill one of the Group 7 CPT codes,&amp;nbsp;&lt;strong&gt;TWO&amp;nbsp;&lt;&sol;strong&gt;ICD-10 codes are required-one from Group 7 and another from Group 2.&lt;&sol;span&gt;&lt;&sol;p&gt;",07/28/2026
58710,92,8,"&lt;p&gt;&lt;strong&gt;Conditionally Non-covered CPT codes:&lt;&sol;strong&gt;&lt;&sol;p&gt;
&lt;p&gt;The following CPT codes are NOT covered for a given beneficiary on the same DOS when &lt;strong&gt;&amp;gt;1&lt;&sol;strong&gt; is billed in combination with another CPT or PLA code from Groups 1-7 &lt;em&gt;for the same intended use.&lt;&sol;em&gt;&lt;&sol;p&gt;
&lt;p&gt;Additionally, the following CPT codes are NOT covered for a given beneficiary on the same DOS when &lt;strong&gt;&amp;gt;2&lt;&sol;strong&gt; are billed &lt;em&gt;for the same intended use.&lt;&sol;em&gt;&lt;&sol;p&gt;",07/28/2026
58710,92,9,"&lt;p&gt;&lt;strong&gt;Zoonotic Infection Panels:&lt;&sol;strong&gt;&lt;&sol;p&gt;
&lt;p&gt;This code is reimbursed under limited circumstances.&lt;&sol;p&gt;
&lt;p&gt;&lt;strong&gt;Note also the additional diagnostic guidance provided by the Centers for Disease Control and Prevention (CDC):&lt;&sol;strong&gt; &lt;a href=&quot;https:&sol;&sol;www.cdc.gov&sol;ticks&sol;hcp&sol;data-research&sol;tickborne-disease-reference-guide&sol;&quot; target=&quot;_blank&quot; rel=&quot;noopener&quot;&gt;https:&sol;&sol;www.cdc.gov&sol;ticks&sol;hcp&sol;data-research&sol;tickborne-disease-reference-guide&sol;&lt;&sol;a&gt;&lt;&sol;p&gt;
&lt;p&gt;&amp;nbsp;&lt;&sol;p&gt;",07/28/2026
58710,92,10,"&lt;p&gt;&lt;strong&gt;Joint Infection Panels&lt;&sol;strong&gt;:&lt;&sol;p&gt;
&lt;p&gt;This code is reimbursed under limited circumstances.&lt;&sol;p&gt;",07/28/2026
58710,92,11,"&lt;p&gt;&lt;p style=&quot;text-align: justify; line-height: 98%;&quot;&gt;&lt;strong&gt;&lt;span style=&quot;line-height: 98%;&quot;&gt;Non-Urogenital&sol;Anogenital Cutaneous&sol;Mucocutaneous &lt;&sol;span&gt;&lt;&sol;strong&gt;&lt;strong&gt;&lt;span style=&quot;line-height: 98%;&quot;&gt;Lesion Panels:&lt;&sol;span&gt;&lt;&sol;strong&gt;&lt;&sol;p&gt;
&lt;p style=&quot;text-align: justify; line-height: 98%;&quot;&gt;&lt;span style=&quot;line-height: 98%;&quot;&gt;This code is reimbursed under limited circumstances.&lt;&sol;span&gt;&lt;&sol;p&gt;&lt;&sol;p&gt;",07/28/2026
58710,92,12,"&lt;p&gt;&lt;p style=&quot;line-height: 12.2pt;&quot;&gt;&lt;strong&gt;Onychomycosis Panels:&lt;&sol;strong&gt;&lt;&sol;p&gt;
&lt;p style=&quot;line-height: 90%;&quot;&gt;&lt;span style=&quot;line-height: 90%;&quot;&gt;This code is only reimbursed for patients with a confirmed histopathologic diagnosis of an infiltrative&sol;invasive fungal onychomycosis and whose culture (and antifungal susceptibility) of the nail is negative or cannot be performed.&lt;&sol;span&gt;&lt;&sol;p&gt;&lt;&sol;p&gt;",07/28/2026
58652,29,1,&lt;p&gt;Single genes and solid tumor panels&lt;&sol;p&gt;,07/28/2026
58652,29,2,&lt;p&gt;Hematologic neoplasm panels&lt;&sol;p&gt;,07/28/2026
58652,29,3,&lt;p&gt;These code(s) are non-covered.&lt;&sol;p&gt;,07/28/2026
58720,90,1,"&lt;p&gt;&lt;strong&gt;&lt;span style=&quot;line-height: 115%;&quot;&gt;Targeted Respiratory Panels:&lt;&sol;span&gt;&lt;&sol;strong&gt;&lt;&sol;p&gt;
&lt;p&gt;&lt;span style=&quot;line-height: 115%;&quot;&gt; &lt;&sol;span&gt;&lt;&sol;p&gt;
&lt;p&gt;&lt;span style=&quot;line-height: 115%;&quot;&gt;These codes are covered under limited circumstances.&amp;#160;&lt;&sol;span&gt;&lt;&sol;p&gt;
&lt;p&gt;&lt;strong&gt;&lt;span style=&quot;line-height: 115%;&quot;&gt; &lt;&sol;span&gt;&lt;&sol;strong&gt;&lt;&sol;p&gt;
&lt;p&gt;&lt;span style=&quot;line-height: 115%;&quot;&gt;&amp;#160;&lt;&sol;span&gt;&lt;&sol;p&gt;",07/28/2026
58720,90,2,"&lt;p&gt;&lt;strong&gt;&lt;span style=&quot;line-height: 115%;&quot;&gt;Targeted Gastrointestinal&lt;&sol;span&gt;&lt;&sol;strong&gt;&lt;strong&gt;&lt;span style=&quot;line-height: 115%;&quot;&gt; Panels:&lt;&sol;span&gt;&lt;&sol;strong&gt;&lt;&sol;p&gt;
&lt;p&gt;&lt;span style=&quot;line-height: 115%;&quot;&gt; &lt;&sol;span&gt;&lt;&sol;p&gt;
&lt;p&gt;&lt;span style=&quot;line-height: 115%;&quot;&gt;This code is covered under limited circumstances.&lt;&sol;span&gt;&lt;&sol;p&gt;
&lt;p&gt;&lt;strong&gt;&lt;span style=&quot;line-height: 115%;&quot;&gt; &lt;&sol;span&gt;&lt;&sol;strong&gt;&lt;&sol;p&gt;
&lt;p&gt;&lt;span style=&quot;line-height: 115%;&quot;&gt;&amp;#160;&lt;&sol;span&gt;&lt;&sol;p&gt;",07/28/2026
58720,90,3,"&lt;p&gt;&lt;strong&gt;&lt;span style=&quot;line-height: 115%;&quot;&gt;Meningoencephalitis&lt;&sol;span&gt;&lt;&sol;strong&gt;&lt;strong&gt;&lt;span style=&quot;line-height: 115%;&quot;&gt; Panels:&lt;&sol;span&gt;&lt;&sol;strong&gt;&lt;&sol;p&gt;
&lt;p&gt;&lt;span style=&quot;line-height: 115%;&quot;&gt; &lt;&sol;span&gt;&lt;&sol;p&gt;
&lt;p&gt;&lt;span style=&quot;line-height: 115%;&quot;&gt;This code is covered under limited circumstances.&amp;#160;&lt;&sol;span&gt;&lt;&sol;p&gt;",07/28/2026
58720,90,4,"&lt;p&gt;&lt;strong&gt;&lt;span style=&quot;line-height: 115%;&quot;&gt;Bloodstream Infection&lt;&sol;span&gt;&lt;&sol;strong&gt;&lt;strong&gt;&lt;span style=&quot;line-height: 115%;&quot;&gt; Panels:&lt;&sol;span&gt;&lt;&sol;strong&gt;&lt;&sol;p&gt;
&lt;p&gt;&lt;span style=&quot;line-height: 115%;&quot;&gt; &lt;&sol;span&gt;&lt;&sol;p&gt;
&lt;p&gt;&lt;span style=&quot;line-height: 115%;&quot;&gt;This code is covered under limited circumstances. &lt;&sol;span&gt;&lt;&sol;p&gt;",07/28/2026
58720,90,5,"&lt;p&gt;&lt;strong&gt;&lt;span style=&quot;line-height: 115%;&quot;&gt;Urogenital&sol;Anogenital&lt;&sol;span&gt;&lt;&sol;strong&gt;&lt;strong&gt;&lt;span style=&quot;line-height: 115%;&quot;&gt; Panels:&lt;&sol;span&gt;&lt;&sol;strong&gt;&lt;&sol;p&gt;
&lt;p&gt;&lt;span style=&quot;line-height: 115%;&quot;&gt; &lt;&sol;span&gt;&lt;&sol;p&gt;
&lt;p&gt;&lt;span style=&quot;line-height: 115%;&quot;&gt;These codes are covered under limited circumstances. &lt;&sol;span&gt;&lt;&sol;p&gt;",07/28/2026
58720,90,6,"&lt;p&gt;&lt;strong&gt;&lt;span style=&quot;line-height: 115%;&quot;&gt;Expanded Respiratory and Pneumonia Panels: &lt;&sol;span&gt;&lt;&sol;strong&gt;&lt;&sol;p&gt;
&lt;p&gt;&lt;strong&gt;&lt;span style=&quot;line-height: 115%;&quot;&gt; &lt;&sol;span&gt;&lt;&sol;strong&gt;&lt;&sol;p&gt;
&lt;p style=&quot;line-height: 122%;&quot;&gt;Covered under limited circumstances. Per policy, these codes are covered in beneficiaries with serious or critical illness or at imminent risk of becoming seriously or critically ill, immunodeficiency, and&sol;or severe underlying condition contributory to testing using an expanded syndromic panel.&lt;&sol;p&gt;
&lt;p style=&quot;line-height: 121%; padding-left: 40px;&quot;&gt;Testing is billed according to 1 of the following:&lt;&sol;p&gt;
&lt;p style=&quot;line-height: 121%; padding-left: 80px;&quot;&gt;(a) Places of service (POS) 19, 21, 22, 23, OR&lt;&sol;p&gt;
&lt;p style=&quot;line-height: 121%; padding-left: 80px;&quot;&gt;(b) The test is ordered as follows (&lt;strong&gt;for healthcare POS other than those listed in (a)&lt;&sol;strong&gt;):&lt;&sol;p&gt;
&lt;p style=&quot;line-height: 121%; padding-left: 120px;&quot;&gt;(1) &lt;strong&gt;For immune-competent beneficiaries&lt;&sol;strong&gt;, the test must be ordered by an Infectious Disease Specialist or Pulmonologist who is diagnosing and treating the beneficiary.&lt;&sol;p&gt;
&lt;p style=&quot;line-height: 121%; padding-left: 120px;&quot;&gt;(2)&lt;strong&gt; For immune-compromised beneficiaries&lt;&sol;strong&gt;, the test must be ordered by a clinician specialist in 1 of the following: Infectious Diseases, Oncology, Transplant (for any panel), or Pulmonologist who is diagnosing and treating the beneficiary.&lt;&sol;p&gt;
&lt;p style=&quot;line-height: 121%; padding-left: 120px;&quot;&gt;(3) Regarding (1) and (2), An exception may be made in geographic locations where the specialist(s) cannot be reasonably reached by the beneficiary, and the ordering provider is located closer to the beneficiary&amp;rsquo;s place of residence than the nearest specialist. We would generally expect that beneficiaries for whom the test is ordered under this exception to be living in rural locations, islands, or some other location where access to care is limited.&lt;&sol;p&gt;
&lt;p style=&quot;line-height: 121%; padding-left: 120px;&quot;&gt;(4) For testing in POS other than POS 19, 21, 22, or 23, to bill one of the Group 6 CPT codes, &lt;strong&gt;TWO &lt;&sol;strong&gt;ICD-10 codes are required-one from Group 6 and another from Group 1.&lt;&sol;p&gt;
&lt;p&gt;&amp;nbsp;&lt;&sol;p&gt;",07/28/2026
58720,90,7,"&lt;p&gt;&lt;strong&gt;Expanded Gastrointestinal Panels:&lt;&sol;strong&gt;&lt;&sol;p&gt;
&lt;p&gt;&lt;strong&gt; &lt;&sol;strong&gt;&lt;&sol;p&gt;
&lt;p style=&quot;line-height: 122%;&quot;&gt;Covered under limited circumstances. Per policy, these codes are covered in beneficiaries with serious or critical illness or at imminent risk of becoming seriously or critically ill, immunodeficiency, and&sol;or severe underlying condition contributory to testing using an expanded syndromic panel.&lt;&sol;p&gt;
&lt;ul&gt;
&lt;li&gt;Places of service (POS) 19, 21, 22, 23, OR&lt;&sol;li&gt;
&lt;li&gt;The test is ordered as follows (&lt;strong&gt;for healthcare POS other than those listed in (a)&lt;&sol;strong&gt;):
&lt;ul&gt;
&lt;li&gt;&lt;strong&gt;For immune-competent beneficiaries&lt;&sol;strong&gt;, the test must be ordered by an Infectious Disease Specialist or Gastroenterologist who is diagnosing and treating the beneficiary.&lt;&sol;li&gt;
&lt;li&gt;&lt;strong&gt;For immune-compromised beneficiaries&lt;&sol;strong&gt;, the test must be ordered by a clinician specialist in 1 of the following: Infectious Diseases, Oncology, Transplant (for any panel), or Gastroenterologist who is diagnosing and treating the beneficiary.&lt;&sol;li&gt;
&lt;li style=&quot;line-height: 122%;&quot;&gt;&lt;span style=&quot;line-height: 122%;&quot;&gt; &lt;&sol;span&gt;&lt;span style=&quot;line-height: 122%;&quot;&gt;Regarding (1) and (2), An exception may be made in geographic locations where the specialist(s) cannot be reasonably reached by the beneficiary, and the ordering provider is located closer to the beneficiary&amp;rsquo;s place of residence than the nearest specialist. We would generally expect that beneficiaries for whom the test is ordered under this exception to be living in rural locations, islands, or some other location where access to care is limited.&lt;&sol;span&gt;&lt;&sol;li&gt;
&lt;li style=&quot;line-height: 122%;&quot;&gt;&lt;span style=&quot;line-height: 122%;&quot;&gt; &lt;&sol;span&gt;&lt;span style=&quot;line-height: 122%;&quot;&gt;For testing in POS other than POS 19, 21, 22, or 23, to bill one of the Group 7 CPT codes, &lt;strong&gt;TWO &lt;&sol;strong&gt;ICD-10 codes are required-one from Group 7 and another from Group 2.&lt;&sol;span&gt;&lt;&sol;li&gt;
&lt;&sol;ul&gt;
&lt;&sol;li&gt;
&lt;&sol;ul&gt;",07/28/2026
58720,90,8,"&lt;p style=&quot;line-height: normal;&quot;&gt;&lt;strong&gt;Conditionally Non-covered CPT codes:&lt;&sol;strong&gt;&lt;&sol;p&gt;
&lt;p style=&quot;line-height: normal;&quot;&gt;The following CPT codes are NOT covered for a given beneficiary on the same DOS when &lt;strong&gt;&amp;gt;1&lt;&sol;strong&gt; is billed in combination with another CPT or PLA code from Groups 1-7 &lt;em&gt;for the same intended use.&lt;&sol;em&gt;&lt;&sol;p&gt;
&lt;p&gt;&lt;span style=&quot;line-height: 107%;&quot;&gt;Additionally, the following CPT codes are NOT covered for a given beneficiary on the same DOS when &lt;strong&gt;&amp;gt;2&lt;&sol;strong&gt; are billed &lt;em&gt;for the same intended use.&lt;&sol;em&gt;&lt;&sol;span&gt;&lt;&sol;p&gt;",07/28/2026
58720,90,9,"&lt;p&gt;&lt;strong&gt;Zoonotic Infection Panels:&lt;&sol;strong&gt;&lt;&sol;p&gt;
&lt;p&gt;This code is reimbursed under limited circumstances.&amp;nbsp;&lt;&sol;p&gt;
&lt;p&gt;&lt;strong&gt;Note also the additional diagnostic guidance provided by the Centers for Disease Control and Prevention (CDC): &lt;a href=&quot;https:&sol;&sol;www.cdc.gov&sol;ticks&sol;hcp&sol;data-research&sol;tickborne-disease-reference-guide&sol;&quot; target=&quot;_blank&quot; rel=&quot;noopener&quot;&gt;https:&sol;&sol;www.cdc.gov&sol;ticks&sol;hcp&sol;data-research&sol;tickborne-disease-reference-guide&sol;&lt;&sol;a&gt;&lt;&sol;strong&gt;&lt;&sol;p&gt;
&lt;p&gt;&amp;nbsp;&lt;&sol;p&gt;",07/28/2026
58720,90,10,"&lt;p&gt;&lt;strong&gt;Joint Infection Panels:&lt;&sol;strong&gt;&lt;&sol;p&gt;
&lt;p&gt;This code is reimbursed under limited circumstances.&lt;&sol;p&gt;",07/28/2026
58720,90,11,"&lt;p&gt;&lt;p style=&quot;text-align: justify; line-height: 98%;&quot;&gt;&lt;strong&gt;&lt;span style=&quot;line-height: 98%;&quot;&gt;Non-Urogenital&sol;Anogenital Cutaneous&sol;Mucocutaneous &lt;&sol;span&gt;&lt;&sol;strong&gt;&lt;strong&gt;&lt;span style=&quot;line-height: 98%;&quot;&gt;Lesion Panels:&lt;&sol;span&gt;&lt;&sol;strong&gt;&lt;&sol;p&gt;
&lt;p style=&quot;text-align: justify; line-height: 98%;&quot;&gt;&lt;span style=&quot;line-height: 98%;&quot;&gt;This code is reimbursed under limited circumstances.&lt;&sol;span&gt;&lt;&sol;p&gt;&lt;&sol;p&gt;",07/28/2026
58720,90,12,"&lt;p&gt;&lt;p style=&quot;line-height: 12.2pt;&quot;&gt;&lt;strong&gt;Onychomycosis Panels:&lt;&sol;strong&gt;&lt;&sol;p&gt;
&lt;p style=&quot;line-height: 90%;&quot;&gt;&lt;span style=&quot;line-height: 90%;&quot;&gt;This code is only reimbursed for patients with a confirmed histopathologic diagnosis of an infiltrative&sol;invasive fungal onychomycosis and whose culture (and antifungal susceptibility) of the nail is negative or cannot be performed.&lt;&sol;span&gt;&lt;&sol;p&gt;&lt;&sol;p&gt;",07/28/2026
58454,50,1,"&lt;p&gt;&lt;strong&gt;This group includes NGS-based MRD tests for the purpose of diagnosing disease progression, recurrence, or relapse. &lt;&sol;strong&gt;&lt;&sol;p&gt;
&lt;p&gt;If no relevant CPT&amp;#174; code exists for the test submitted, you may bill with the NOC code 81479.&lt;&sol;p&gt;",07/28/2026
58454,50,2,&lt;p&gt;&lt;strong&gt;This group includes tests for monitoring the response to immune-checkpoint inhibitor (ICI) therapy. &lt;&sol;strong&gt;&lt;&sol;p&gt;,07/28/2026
58454,50,3,"&lt;p&gt;&lt;p style=&quot;line-height: 98%;&quot;&gt;&lt;strong&gt;&lt;span style=&quot;line-height: 98%;&quot;&gt;This group includes MRD tests that do not use NGS for the purpose of diagnosing disease progression, recurrence, or relapse.&lt;&sol;span&gt;&lt;&sol;strong&gt;&lt;&sol;p&gt;&lt;&sol;p&gt;",07/28/2026
52470,19,1,,07/27/2026
52535,14,1,,07/27/2026
56083,14,1,,07/27/2026
56798,29,1,,07/27/2026
57040,26,1,,07/27/2026
56692,19,1,,07/27/2026
57193,31,1,,07/27/2026
57193,31,2,&lt;p&gt;N&sol;A&lt;&sol;p&gt;,07/27/2026
57044,22,1,,07/27/2026
57043,24,1,&lt;p&gt;CPT codes 86001 and 86005 are not covered services.&lt;&sol;p&gt;,07/27/2026
58582,20,1,&lt;p&gt;N&sol;A&lt;&sol;p&gt;,07/27/2026
57311,35,1,"&lt;p&gt;As of July 1999, physical therapists must report time spent with the patient in 15-minute increments. The following code should be used by physical therapy:&lt;&sol;p&gt;",07/27/2026
57311,35,2,&lt;p&gt;Other CPT&sol;HCPCS codes found in this policy are for informational and descriptive use only.&lt;&sol;p&gt;,07/27/2026
57311,35,3,"&lt;p&gt;Telehealth Codes&lt;&sol;p&gt;
&lt;p&gt;&amp;nbsp;&lt;&sol;p&gt;",07/27/2026
56926,17,1,,07/27/2026
59807,8,1,"&lt;p&gt;&lt;strong&gt;Note:&lt;&sol;strong&gt; Providers are reminded to refer to the long descriptors of the CPT codes in their CPT book.&lt;&sol;p&gt;
&lt;p&gt;The CPT codes in Group 1 are considered medically necessary when the Indications of Coverage are met. The 90-day global periods apply.&lt;&sol;p&gt;
&lt;p&gt;Due to the laterality of eye procedures, modifiers RT, LT or 50 should be used to indicate the eye(s) being treated.&lt;&sol;p&gt;
&lt;p&gt;See L39905 Cataract Surgery LCD and related B&amp;amp;C article for additional coverage indications and diagnoses.&lt;&sol;p&gt;",07/27/2026
59807,8,2,"&lt;p&gt;The CPT codes in Group 2 are considered medically necessary when the Indications of Coverage are met. The 90-day global periods applies.&lt;&sol;p&gt;
&lt;p&gt;Do not report 0671T in conjunction with 66989 or 66991.&lt;&sol;p&gt;",07/27/2026
59807,8,3,&lt;p&gt;The following CPT codes are considered not medically reasonable and necessary (non-covered).&lt;&sol;p&gt;,07/27/2026
60507,2,1,,07/24/2026
52451,89,1,"&lt;p&gt;Effective for dates of service 04&sol;01&sol;2024, HCPCS code J0177 should be used to report aflibercept HD for Part A and B services. For services performed 8&sol;18&sol;2023 through 1&sol;1&sol;2024, aflibercept HD should be reported using HCPCS codes J3490, J3590, C9161 or C9399 for Part A and Part B services.&lt;&sol;p&gt;
&lt;p style=&quot;line-height: normal;&quot;&gt;Effective for dates of service 10&sol;01&sol;2022, HCPCS code J2777 should be used to report Faricimab-svoa (Vabysmo&amp;#8482;) for Part A and Part B services. Effective for dates of service 07&sol;01&sol;2022 through 09&sol;30&sol;2022, HCPCS code C9097 should be used to report Faricimab-svoa (Vabysmo&amp;#8482;) for Part A services. For dates of service 01&sol;28&sol;2022 through 06&sol;30&sol;2022, HCPCS code J3590 should be used to report Faricimab-svoa (Vabysmo&amp;#8482;) for Part A services.&lt;&sol;p&gt;
&lt;p style=&quot;line-height: normal;&quot;&gt;&lt;span style=&quot;line-height: 107%;&quot;&gt;Effective for dates of service 1&sol;28&sol;2022 &lt;&sol;span&gt;through 09&sol;30&sol;2022, &lt;span style=&quot;line-height: 107%;&quot;&gt;HCPCS code J3590 should be used to report Faricimab-svoa (Vabysmo&amp;#8482;) for Part B services.&lt;br &sol;&gt;&lt;&sol;span&gt;&lt;&sol;p&gt;
&lt;p&gt;Effective 04&sol;01&sol;2023, HCPCS code Q5128 should be used to report Ranibizumab-eqrn (CIMERLI&amp;#8482;). Effective for dates of service on or after 08&sol;02&sol;2022 through 03&sol;31&sol;2023, HCPCS codes J3490, J3590 or C9399 should be used to report Ranibizumab-eqrn (CIMERLI&amp;#8482;) for Part A and Part B services.&amp;#160;&lt;&sol;p&gt;
&lt;p style=&quot;line-height: normal;&quot;&gt;Effective for dates of service 4&sol;1&sol;2022 HCPCS code Q5124 should be used to report ranibizumab-nuna, biosimilar, (Byooviz). For dates of service 9&sol;17&sol;2021 through 3&sol;31&sol;2022 HCPCS code J3590 should be used to report ranibizumab-nuna, biosimilar, (Byooviz).&lt;span style=&quot;line-height: 107%;&quot;&gt;&amp;#160;&lt;&sol;span&gt;&lt;&sol;p&gt;
&lt;p&gt;Effective 10&sol;30&sol;2024 PAVBLU (aflibercept-ayyh) should be reported using HCPCS codes J3490, J3590 for Part B services, or C9399 for Part A services through 3&sol;31&sol;2025. Effective 4&sol;1&sol;2025, PAVBLU (aflibercept-ayyh) should be reported using HCPCS code Q5147.&lt;&sol;p&gt;
&lt;p&gt;Effective 4&sol;1&sol;2025,&amp;#160;AHZANTIVE&amp;#174; (aflibercept-mrbb) should be reported using HCPCS code Q5150.&lt;&sol;p&gt;
&lt;p&gt;Effective 4&sol;1&sol;2025,&amp;#160;ENZEEVU&amp;#8482; (aflibercept-abzv) should be reported using HCPCS code Q5149.&lt;&sol;p&gt;
&lt;p&gt;Effective 7&sol;1&sol;2025, OPUVIZ&amp;#8482;aflibercept-yszy should be reported using HCPCS code Q5153.&lt;&sol;p&gt;
&lt;p&gt;Effective 10&sol;1&sol;2025 YESAFILI&amp;#8482;aflibercept-jbvf should be reported using HCPCS code Q5155.&lt;&sol;p&gt;
&lt;p&gt;Effective 07&sol;01&sol;2026 Ranibizumab-leyk should be reported using HCPCS code Q5168.&lt;&sol;p&gt;
&lt;p&gt;Effective 07&sol;01&sol;2026 Aflibercept-boav should be reported using HCPCS code Q5170.&lt;&sol;p&gt;",07/24/2026
52451,89,2,&lt;p&gt;&lt;u&gt;Intravitreal injection code&lt;&sol;u&gt;&lt;&sol;p&gt;,07/24/2026
52451,89,3,&lt;p&gt;Via SUSVIMO drug implant only&lt;&sol;p&gt;,07/24/2026
59105,36,1,"&lt;p&gt;Effective for dates of service 7&sol;1&sol;2023 HCPCS code J1576 should be used to report Injection, Immune Globulin (PANZYGA) 500 MG&lt;span style=&quot;line-height: 107%;&quot;&gt;&lt;br &sol;&gt;&lt;br &sol;&gt;&lt;&sol;span&gt;&lt;&sol;p&gt;",07/24/2026
59105,36,2,&lt;p&gt;&lt;u&gt;Administration Codes:&lt;&sol;u&gt;&lt;&sol;p&gt;,07/24/2026
57141,47,1,"&lt;p&gt;&lt;span style=&quot;line-height: 115%;&quot;&gt;For the following CPT&lt;sup&gt;&amp;reg;&lt;&sol;sup&gt; codes associated with germline testing, a beneficiary may only be covered for one test per lifetime. This list does not imply coverage for any of the below codes, it identifies codes within scope of the Repeat Germline Testing Policy. &lt;&sol;span&gt;&lt;&sol;p&gt;
&lt;p&gt;&lt;span style=&quot;line-height: 115%;&quot;&gt;If non-duplicative testing is considered medically reasonable and necessary but utilizes the same billing codes as prior testing, please use a -77 modifier to trigger a medical review for coverage. This includes testing to identify different genetic content or information, such as different variant types or classes, or leveraging newer and more sensitive methodologies. Providers will be expected to provide a rationale for additional testing.&lt;&sol;span&gt;&lt;&sol;p&gt;",07/24/2026
57141,47,2,"&lt;p&gt;&lt;strong&gt;&lt;u&gt;&lt;span style=&quot;line-height: 115%;&quot;&gt;For tests billed under the Not Otherwise Classified (NOC) CPT&lt;sup&gt;&amp;reg;&lt;&sol;sup&gt; code 81479:&lt;&sol;span&gt;&lt;&sol;u&gt;&lt;&sol;strong&gt;&lt;&sol;p&gt;
&lt;p style=&quot;background: white; line-height: 14.4pt;&quot;&gt;Tests billed under the NOC CPT&lt;sup&gt;&amp;reg;&lt;&sol;sup&gt; code 81479 that are used for germline testing and are further defined by a unique identifier (such as a Z-Identifier code) are limited to once per lifetime, as are such tests that are duplicative.&lt;&sol;p&gt;
&lt;p&gt;&lt;span style=&quot;line-height: 115%;&quot;&gt;If non-duplicative testing of such a test is considered medically reasonable and necessary, please use a -77 modifier to trigger a medical review.&lt;&sol;span&gt;&lt;&sol;p&gt;",07/24/2026
57554,52,1,,07/24/2026
57331,61,1,"&lt;p&gt;&lt;span style=&quot;line-height: 115%;&quot;&gt;For the following CPT&amp;#174; codes associated with germline testing, a beneficiary may only be covered for one test per lifetime. This list does not imply coverage for any of the below codes; it identifies codes within scope of the Repeat Germline Testing Policy. &lt;&sol;span&gt;&lt;&sol;p&gt;
&lt;p style=&quot;background: white; line-height: 14.4pt;&quot;&gt;If non-duplicative testing is considered medically reasonable and necessary but utilizes the same billing codes as prior testing, please use a -77 modifier to trigger a medical review for coverage. This includes testing to identify different genetic content or information, such as different variant types or classes, or leveraging newer and more sensitive methodologies. Providers will be expected to provide a rationale for additional testing.&lt;&sol;p&gt;",07/24/2026
57331,61,2,"&lt;p&gt;&lt;span style=&quot;text-decoration: underline;&quot;&gt;&lt;strong&gt;For tests billed under the Not Otherwise Classified (NOC) CPT&amp;reg; code 81479:&lt;&sol;strong&gt;&lt;&sol;span&gt;&lt;&sol;p&gt;
&lt;p&gt;Tests billed under the NOC CPT&lt;sup&gt;&amp;reg;&lt;&sol;sup&gt; code 81479 that are used for germline testing and are further defined by a unique identifier (such as a Z-Identifier code) are limited to once per lifetime, as are such tests that are duplicative.&lt;&sol;p&gt;
&lt;p&gt;If non-duplicative testing of such a test is considered medically reasonable and necessary, please use a -77 modifier to trigger a medical review.&lt;&sol;p&gt;",07/24/2026
58318,65,1,&lt;p&gt;CPT&lt;sup&gt;&amp;reg;&lt;&sol;sup&gt; code 81479 is used to describe multi-gene panels and single genes not otherwise classified.&lt;&sol;p&gt;,07/24/2026
57384,53,1,&lt;p&gt;CPT&lt;sup&gt;&lt;span style=&quot;line-height: 107%;&quot;&gt;&amp;#174;&lt;&sol;span&gt;&lt;&sol;sup&gt; code 81479 is used to describe multi-gene panels and single genes not otherwise classified.&lt;&sol;p&gt;,07/24/2026
58017,55,1,"&lt;p&gt;&lt;span style=&quot;line-height: 115%;&quot;&gt;For the following CPT&lt;sup&gt;&amp;reg;&lt;&sol;sup&gt; codes associated with germline testing, a beneficiary may only be covered for one test per lifetime. This list does not imply coverage for any of the below codes, it identifies codes within scope of the Repeat Germline Testing Policy. &lt;&sol;span&gt;&lt;&sol;p&gt;
&lt;p&gt;&lt;span style=&quot;line-height: 115%;&quot;&gt;If non-duplicative testing is considered medically reasonable and necessary but utilizes the same billing codes as prior testing, please use a -77 modifier to trigger a medical review for coverage. This includes testing to identify different genetic content or information, such as different variant types or classes, or leveraging newer and more sensitive methodologies. Providers will be expected to provide a rationale for additional testing.&lt;&sol;span&gt;&lt;&sol;p&gt;",07/24/2026
58017,55,2,"&lt;p&gt;&lt;strong&gt;&lt;u&gt;&lt;span style=&quot;line-height: 115%;&quot;&gt;For tests billed under the Not Otherwise Classified (NOC) CPT&lt;sup&gt;&amp;reg;&lt;&sol;sup&gt; code 81479:&lt;&sol;span&gt;&lt;&sol;u&gt;&lt;&sol;strong&gt;&lt;&sol;p&gt;
&lt;p style=&quot;background: white; line-height: 14.4pt;&quot;&gt;Tests billed under the NOC CPT&lt;sup&gt;&amp;reg;&lt;&sol;sup&gt; code 81479 that are used for germline testing and are further defined by a unique identifier (such as a Z-Identifier code) are limited to once per lifetime, as are such tests that are duplicative.&lt;&sol;p&gt;
&lt;p&gt;&lt;span style=&quot;line-height: 115%;&quot;&gt;If non-duplicative testing of such a test is considered medically reasonable and necessary, please use a -77 modifier to trigger a medical review.&lt;&sol;span&gt;&lt;&sol;p&gt;",07/24/2026
57482,25,1,&lt;p&gt;CPT codes 11300-11313 may also be covered for the removal of cancerous skin lesions which are not addressed in this LCD&lt;&sol;p&gt;,07/24/2026
59646,19,1,&lt;p&gt;&lt;span style=&quot;line-height: 115%;&quot;&gt;The codes listed below fall within scope of the associated policy but do not automatically imply coverage.&lt;&sol;span&gt;&lt;&sol;p&gt;,07/24/2026
57477,15,1,,07/24/2026
57100,51,1,"&lt;p&gt;For the following CPT&lt;sup&gt;&amp;#174;&lt;&sol;sup&gt; codes associated with germline testing, a beneficiary may only be covered for one test per lifetime. This list does not imply coverage for any of the below codes; it identifies codes within scope of the Repeat Germline Testing Policy.&lt;&sol;p&gt;
&lt;p&gt;If non-duplicative testing is considered medically reasonable and necessary but utilizes the same billing codes as prior testing, please use a -77 modifier to trigger a medical review for coverage. This includes testing to identify different genetic content or information, such as different variant types or classes, or leveraging newer and more sensitive methodologies. Providers will be expected to provide a rationale for additional testing.&lt;&sol;p&gt;",07/24/2026
57100,51,2,"&lt;p&gt;&lt;span style=&quot;text-decoration: underline;&quot;&gt;&lt;strong&gt;For tests billed under the Not Otherwise Classified (NOC) CPT&lt;sup&gt;&amp;#174;&lt;&sol;sup&gt; code 81479:&lt;&sol;strong&gt;&lt;&sol;span&gt;&lt;br &sol;&gt;Tests billed under the NOC CPT&lt;sup&gt;&amp;#174;&lt;&sol;sup&gt; code 81479 that are used for germline testing and are further defined by a unique identifier (such as a Z-Identifier code) are limited to once per lifetime, as are such tests that are duplicative.&lt;&sol;p&gt;
&lt;p&gt;If non-duplicative testing of such a test is considered medically reasonable and necessary, please use a -77 modifier to trigger a medical review.&lt;&sol;p&gt;",07/24/2026
56973,69,1,&lt;p&gt;The codes listed below fall within scope of the associated policy but do not automatically imply coverage.&lt;&sol;p&gt;,07/24/2026
56973,69,2,"&lt;p&gt;Codes 81599 and 87999 require a Z-Code for DNA&sol;RNA based testing. The remaining molecular microbiology tests, a Z-Code is only required for non-FDA approved&sol;cleared services&sol;tests.&lt;&sol;p&gt;
&lt;p&gt;&amp;nbsp;&lt;&sol;p&gt;",07/24/2026
57772,81,1,&lt;p&gt;The codes listed below fall within scope of the associated policy but do not automatically imply coverage.&lt;&sol;p&gt;,07/24/2026
57772,81,2,&lt;p&gt;For DNA&sol;RNA based testing that use CPT&lt;sup&gt;&amp;#174;&lt;&sol;sup&gt; code 87999 a Z-code is required for claims submission. Any remaining molecular microbiology tests that are non-FDA approved&sol;cleared services&sol;tests also require a Z-code for claims submission.&lt;&sol;p&gt;,07/24/2026
58395,44,1,&lt;p&gt;CPT&lt;sup&gt;&amp;#174;&lt;&sol;sup&gt; code 81479 is used to describe multi-gene panels and single genes not otherwise classified.&lt;&sol;p&gt;,07/24/2026
59649,30,1,&lt;p&gt;The codes listed below fall within scope of the associated policy but do not automatically imply coverage.&lt;&sol;p&gt;,07/24/2026
55162,20,1,,07/24/2026
59805,20,1,"&lt;p&gt;The CPT&lt;sup&gt;&amp;reg;&lt;&sol;sup&gt; codes are considered medically necessary when the indications of coverage in the Cataract Extraction L39716 Local Coverage Determination (LCD) are met for surgical cataract treatment. A reasonable and necessary standard must be met for the utilized anterior segment drainage device.&lt;&sol;p&gt;
&lt;p&gt;Note: CPT&lt;sup&gt;&amp;reg;&lt;&sol;sup&gt; codes 66989 and 66991 cannot be billed in conjunction with 66982-66989 on the same date of service and the same eye. Claims billed with these mutually exclusive codes will be denied.&lt;&sol;p&gt;",07/24/2026
59805,20,2,&lt;p&gt;CPT codes 66982 and 66987 must be reported with ICD-10-CM diagnosis codes from both the ICD-10-CM Diagnosis codes sections- Groups 1 and Group 2.&lt;&sol;p&gt;,07/24/2026
58788,18,1,&lt;p&gt;The following CPT&amp;#174;&sol;HCPCS codes are noncovered when used to report PRP injections for non-wound indications:&lt;&sol;p&gt;,07/23/2026
59636,34,1,&lt;p&gt;&lt;span style=&quot;line-height: 115%;&quot;&gt;The codes listed below fall within scope of the associated policy but do not automatically imply coverage.&lt;&sol;span&gt;&lt;&sol;p&gt;,07/21/2026
56853,102,1,&lt;p&gt;&lt;span style=&quot;line-height: 115%;&quot;&gt;The codes listed below fall within scope of the associated policy but do not automatically imply coverage. &lt;&sol;span&gt;&lt;&sol;p&gt;,07/21/2026
56853,102,2,"&lt;p&gt;&lt;p style=&quot;line-height: normal;&quot;&gt;For DNA&sol;RNA based testing that use CPT&lt;sup&gt;&amp;reg;&lt;&sol;sup&gt; code 87999 a Z-code is required for claims submission. Any remaining molecular microbiology tests that are non-FDA approved&sol;cleared services&sol;tests also require a Z-code for claims submission.&lt;&sol;p&gt;
&lt;p style=&quot;line-height: normal;&quot;&gt;&amp;nbsp;&lt;&sol;p&gt;&lt;&sol;p&gt;",07/21/2026
59641,35,1,&lt;p&gt;&lt;span style=&quot;line-height: 115%;&quot;&gt;The codes listed below fall within scope of the associated policy but do not automatically imply coverage.&lt;&sol;span&gt;&lt;&sol;p&gt;,07/21/2026
57526,93,1,"&lt;p&gt;&lt;span style=&quot;text-align: left; color: #212529; text-transform: none; text-indent: 0px; letter-spacing: normal; font-family: Verdana, &#39;Helvetica Neue&#39;, Helvetica, Arial, sans-serif; font-size: 14px; font-style: normal; font-weight: 400; word-spacing: 0px; float: none; display: inline !important; white-space: normal; orphans: 2; widows: 2; background-color: #ffffff; font-variant-ligatures: normal; font-variant-caps: normal; -webkit-text-stroke-width: 0px; text-decoration-style: initial; text-decoration-color: initial; text-decoration-thickness: initial;&quot;&gt;The codes listed below fall within scope of the associated policy but do not automatically imply coverage.&lt;&sol;span&gt;&lt;&sol;p&gt;",07/21/2026
57526,93,2,&lt;p&gt;For DNA&sol;RNA based testing that use CPT&lt;sup&gt;&amp;reg;&lt;&sol;sup&gt; code 87999 a Z-code is required for claims submission. Any remaining molecular microbiology tests that are non-FDA approved&sol;cleared services&sol;tests also require a Z-code for claims submission.&lt;&sol;p&gt;,07/21/2026
58741,18,1,"&lt;p&gt;&lt;strong&gt;Note: &lt;&sol;strong&gt;Providers are reminded to refer to the long descriptors of the CPT codes in their CPT book.&lt;&sol;p&gt;
&lt;p&gt;&amp;nbsp;&lt;&sol;p&gt;",07/20/2026
58741,18,2,&lt;p&gt;These codes are non-covered.&lt;&sol;p&gt;,07/20/2026
60274,4,1,,07/20/2026
57114,21,1,"&lt;p&gt;&lt;br &sol;&gt;&lt;strong&gt;Trigger Point Injections&lt;&sol;strong&gt;&lt;&sol;p&gt;
&lt;p&gt;&lt;strong&gt;Note&lt;&sol;strong&gt;: Providers are reminded to refer to the long descriptors of the CPT codes in their CPT book.&lt;&sol;p&gt;",07/17/2026
57114,21,2,"&lt;p&gt;&lt;br &sol;&gt;&lt;strong&gt;Injectates that will be Denied &lt;&sol;strong&gt;&lt;&sol;p&gt;
&lt;p&gt;&lt;strong&gt;Note: &lt;&sol;strong&gt;Providers are reminded to refer to the long descriptors of the HCPCS codes in their HCPCS book.&lt;&sol;p&gt;
&lt;p&gt;In accordance with the LCD, the following HCPCS codes will be &lt;span style=&quot;text-decoration: underline;&quot;&gt;&lt;strong&gt;denied&lt;&sol;strong&gt;&lt;&sol;span&gt; when billed with CPT codes &lt;strong&gt;20552&lt;&sol;strong&gt; and &lt;strong&gt;20553&lt;&sol;strong&gt;:&lt;&sol;p&gt;",07/17/2026
57751,28,1,"&lt;p&gt;&lt;br &sol;&gt;&lt;strong&gt;Trigger Point Injections&lt;&sol;strong&gt;&lt;&sol;p&gt;
&lt;p&gt;&lt;strong&gt;Note&lt;&sol;strong&gt;: Providers are reminded to refer to the long descriptors of the CPT codes in their CPT book.&lt;&sol;p&gt;",07/17/2026
57751,28,2,"&lt;p&gt;&lt;br &sol;&gt;&lt;strong&gt;Injectates that will be Denied &lt;&sol;strong&gt;&lt;&sol;p&gt;
&lt;p&gt;&lt;strong&gt;Note: &lt;&sol;strong&gt;Providers are reminded to refer to the long descriptors of the HCPCS codes in their HCPCS book.&lt;&sol;p&gt;
&lt;p&gt;In accordance with the LCD, the following HCPCS codes will be &lt;span style=&quot;text-decoration: underline;&quot;&gt;&lt;strong&gt;denied&lt;&sol;strong&gt;&lt;&sol;span&gt; when billed with CPT codes &lt;strong&gt;20552&lt;&sol;strong&gt; and &lt;strong&gt;20553&lt;&sol;strong&gt;:&lt;&sol;p&gt;",07/17/2026
58364,39,1,&lt;p&gt;N&sol;A&lt;&sol;p&gt;,07/17/2026
58364,39,2,"&lt;p style=&quot;line-height: 9.95pt;&quot;&gt;The following CPT&sol;HCPCS codes are non-covered*:&lt;&sol;p&gt;
&lt;p style=&quot;line-height: 9.95pt;&quot;&gt;* this is not an inclusive list of non-covered codes&lt;&sol;p&gt;
&lt;p style=&quot;line-height: 9.95pt;&quot;&gt;*Note: 64492 or 64495 describes a third and additional levels and should be listed separately in addition to the code for the primary procedure and the second level procedure and cannot be reported more than once per day. 64492 should be reported in conjunction with 64490&sol;64491 and 64495 should be reported in conjunction with 64493&sol;64494. Codes 64492 and 64495 will only be covered upon appeal if sufficient documentation of medical necessity is present.&lt;&sol;p&gt;
&lt;p&gt;&amp;#160;&lt;&sol;p&gt;",07/17/2026
56612,35,1,,07/17/2026
56394,32,1,&lt;p&gt;N&sol;A&lt;&sol;p&gt;,07/16/2026
60324,3,1,&lt;p&gt;&lt;strong&gt;&lt;span style=&quot;line-height: 115%;&quot;&gt;Note: &lt;&sol;span&gt;&lt;&sol;strong&gt;&lt;span style=&quot;line-height: 115%;&quot;&gt;Providers are reminded to refer to the long descriptors of the CPT codes in their CPT book.&lt;&sol;span&gt;&lt;&sol;p&gt;,07/16/2026
56199,130,1,"&lt;p style=&quot;line-height: normal;&quot;&gt;&lt;strong&gt;&lt;u&gt;Tier 1 Covered Codes&lt;&sol;u&gt;&lt;&sol;strong&gt;&lt;&sol;p&gt;
&lt;p style=&quot;line-height: normal;&quot;&gt;Limited coverage may be provided for the genetic tests, submitted under the following CPT codes:&lt;&sol;p&gt;
&lt;p style=&quot;line-height: normal;&quot;&gt;Please refer to the Indications and Limitations of Coverage section (L35000)&amp;#160;and the ICD-10-CM diagnosis to CPT procedure groupings below.&lt;&sol;p&gt;
&lt;p&gt;&amp;#160;&lt;&sol;p&gt;",07/16/2026
56199,130,2,"&lt;p&gt;&lt;p style=&quot;line-height: normal;&quot;&gt;&lt;strong&gt;&lt;u&gt;Tier 1 Individual Review Codes&lt;&sol;u&gt;&lt;&sol;strong&gt;&lt;&sol;p&gt;
&lt;p style=&quot;line-height: normal;&quot;&gt;Coverage may be provided for the genetic tests submitted under the following Tier 1 CPT codes, if documentation supports medical necessity:&lt;&sol;p&gt;
&lt;p style=&quot;line-height: normal;&quot;&gt;Please refer to the Indications and Limitations of Coverage section (L35000)&amp;nbsp;and the ICD-10-CM diagnosis to CPT procedure groupings below. Not all procedure codes have related diagnosis codes listed.&lt;&sol;p&gt;
&lt;p style=&quot;line-height: normal;&quot;&gt;&amp;nbsp;&lt;&sol;p&gt;&lt;&sol;p&gt;",07/16/2026
56199,130,3,"&lt;p style=&quot;line-height: normal;&quot;&gt;&lt;strong&gt;&lt;u&gt;Tier 1 Non-covered Codes&lt;&sol;u&gt;&lt;&sol;strong&gt;&lt;&sol;p&gt;
&lt;p&gt;&lt;span style=&quot;line-height: 107%;&quot;&gt;Genetic testing procedures submitted under the following CPT codes are unlikely to impact therapeutic decision-making in the clinical management of the patient and will be denied automatically as not medically necessary: &lt;&sol;span&gt;&lt;&sol;p&gt;",07/16/2026
56199,130,4,"&lt;p style=&quot;line-height: normal;&quot;&gt;&lt;strong&gt;&lt;u&gt;Tier 2 CPT and NOC Codes&lt;&sol;u&gt;&lt;&sol;strong&gt;&lt;&sol;p&gt;
&lt;p style=&quot;line-height: normal;&quot;&gt;Refer to indications and Limitations of Coverage section (L35000).&lt;&sol;p&gt;
&lt;p style=&quot;line-height: normal;&quot;&gt;&lt;strong&gt;&lt;u&gt;Tier 2&sol;NOC Covered Code&sol;Gene Combinations&lt;&sol;u&gt;&lt;&sol;strong&gt;&lt;&sol;p&gt;
&lt;p style=&quot;line-height: normal;&quot;&gt;Limited coverage may be provided for specific genes reported below:&lt;&sol;p&gt;
&lt;p style=&quot;line-height: normal;&quot;&gt;&lt;strong&gt;81400&lt;&sol;strong&gt; ACE, F13B, F5, F7, FGB&lt;&sol;p&gt;
&lt;p style=&quot;line-height: normal;&quot;&gt;&lt;strong&gt;81401&lt;&sol;strong&gt; CBFB-MYH11, E2A&sol;PBX1, EML4-ALK, ETV6-RUNX1, EWSR1&sol;ERG, EWSR1&sol;FLI1, EWSR1&sol;WT1, F11coagulation factor XI, FIP1L1-PDGFR, FOXO1&sol;PAX3, FOXO1&sol;PAX7, MUTYH (mutY homolog [E.coli]), NPM&sol;ALK, PAX8&sol;PPARG, RUNX1&sol;RUNX1T1&lt;&sol;p&gt;
&lt;p style=&quot;line-height: normal;&quot;&gt;&lt;strong&gt;81403&lt;&sol;strong&gt; F8 (coagulation factor VIII), VHL (von Hippel-Lindau tumor suppressor)&lt;&sol;p&gt;
&lt;p style=&quot;line-height: normal;&quot;&gt;&lt;strong&gt;81404&lt;&sol;strong&gt; CDKN2A (cyclin-dependent kinase inhibitor 2A), PRSS1 (protease, serine, 1 [trypsin 1]), MEN1 (multiple endocrine neoplasia 1) (eg, multiple endocrine neoplasia type 1, Wermer syndrome), duplication&sol;deletion, TP53 (tumor protein 53) (e.g. tumor samples), targeted sequence analysis of 2-5 exons, VHL (von Hippel-Lindau tumor suppressor)&lt;&sol;p&gt;
&lt;p style=&quot;line-height: normal;&quot;&gt;&lt;strong&gt;81405&lt;&sol;strong&gt; TP53 (tumor protein 53) (e.g. Li-Fraumeni syndrome, tumor samples), full gene sequence or targeted sequence analysis of &amp;gt;5 exons,&lt;&sol;p&gt;
&lt;p style=&quot;line-height: normal;&quot;&gt;&lt;strong&gt;81406&lt;&sol;strong&gt; ATP7B (ATPase, Cu++ transporting, beta polypeptide)&lt;&sol;p&gt;
&lt;p style=&quot;line-height: normal;&quot;&gt;&lt;strong&gt;&lt;u&gt;Tier 2&sol;NOC Individual Review Code&sol;Gene Combinations&lt;&sol;u&gt;&lt;&sol;strong&gt;&lt;&sol;p&gt;
&lt;p style=&quot;line-height: normal;&quot;&gt;Any genetic test reported with a Tier 2 CPT code, not listed above or below, is subject to individual review.&lt;&sol;p&gt;
&lt;p style=&quot;line-height: normal;&quot;&gt;&lt;strong&gt;&lt;u&gt;Tier 2&sol;NOC Non-covered Code&sol;Gene Combinations&lt;&sol;u&gt;&lt;&sol;strong&gt;&lt;&sol;p&gt;
&lt;p style=&quot;line-height: normal;&quot;&gt;The following individual Tier 2 genetic tests are unlikely to impact therapeutic decision-making, directly impact treatment, outcome and&sol;or clinical management in the care of the beneficiary and will be denied as not medically necessary (Please note that this list of non-covered genes is not exhaustive, and the fact that a specific gene is not mentioned does not mean it is covered. In addition, many genes have several names that are used. The most common names have been used in this article):&lt;&sol;p&gt;
&lt;p style=&quot;line-height: normal;&quot;&gt;&lt;strong&gt;81400 &lt;&sol;strong&gt;ABCC8, ACADM, AGTR1, CCR5, CLRN1, DYT1 (TOR1A), FGFR3, IL28B, IVD, TOR1A&lt;&sol;p&gt;
&lt;p style=&quot;line-height: normal;&quot;&gt;&lt;strong&gt;81401&lt;&sol;strong&gt; ADRB2, ATN1, CFH&sol;ARMS2, DEK&sol;NUP214, FGFR3, GALT (galactose-1-phosphate uridylyltransferase), H19, KCNQ10T1 (KCNQ1 overlapping transcript 1), MEG3&sol;DLK1, MLL&sol;AFF, MT-ATP6, MT-ND4, MT-ND6, MT-ND5 mitochondrially encoded tRNA leucine 1 [UUA&sol;G] mitochondrially encoded NADH dehydrogenase 5), MT-RNR1 (mitochondrially encoded 12S RNA), MT-TK (mitochondrially encoded tRNA lysine), MT-TL1, MT-TS1, PRSS1 (protease, serine, 1 [trypsin 1])&lt;&sol;p&gt;
&lt;p style=&quot;line-height: normal;&quot;&gt;&lt;strong&gt;81402&lt;&sol;strong&gt; CYP21A2, Chromosome 18q-, MEFV (Mediterranean fever) (eg, familial Mediterranean fever), TRD 81402 Uniparental disomy (UPD)&lt;&sol;p&gt;
&lt;p style=&quot;line-height: normal;&quot;&gt;&lt;strong&gt;81403&lt;&sol;strong&gt; ANG (angiogenin, ribonuclease, RNase A family, 5), FGFR3 (fibroblast growth factor receptor 3) one exon, GJB1 (gap junction protein, beta 1) (eg, Charcot-Marie-Tooth X-linked), full gene sequence, HRAS (v-Ha-ras Harvey rat sarcoma viral oncogene homolog Costello syndrome), MT-RNR1 (mitochondrially encoded 12S RNA), MT-TS1 (mitochondrially encoded tRNA serine 1)&lt;&sol;p&gt;
&lt;p style=&quot;line-height: normal;&quot;&gt;&lt;strong&gt;81404&lt;&sol;strong&gt; ACADS (acyl-CoA dehydrogenase), AQP2 (aquaporin 2 [collecting duct]), ARX (aristaless related homeobox), BTD (biotinidase), CAV3 (caveolin 3) (eg, CAV3-related distal myopathy, limb-girdle muscular dystrophy type 1C), full gene sequence, CLRN1 (clarin 1), CYP1B1 (cytochrome P450, family 1, subfamily B, polypeptide 1), EGR2 (early growth response 2) (eg, Charcot-Marie-Tooth), FGFR2 (fibroblast growth factor receptor 2) (2 EXONS), FGFR3 (fibroblast growth factor receptor 3) (4 EXONS), FKRP (Fukutin related protein), FOXG1 (forkhead box G1), FSHMD1A (facioscapulohumeral muscular dystrophy 1A), FSHMD1A (facioscapulohumeral muscular dystrophy 1A), HNF1B (HNF1 homeobox B), HRAS (v-Ha-ras Harvey rat sarcoma viral oncogene homolog), KCNJ10 (potassium inwardly-rectifying channel, subfamily J, member 10), SLC25A4 (solute carrier family 25 [mitochondrial carrier; adenine nucleotide translocation], VWF (von Willebrand factor)&lt;&sol;p&gt;
&lt;p style=&quot;line-height: normal;&quot;&gt;&lt;strong&gt;81405&lt;&sol;strong&gt; CASR (CAR, EIG8, extracellular calcium-sensing receptor, FHH, FIH, GPRC2A, HHC, HHC1, NSHPT, PCAR1), CYP21A2 (cytochrome P450, family 21, subfamily A, polypeptide2), MPZ (myelin protein zero)&lt;&sol;p&gt;
&lt;p style=&quot;line-height: normal;&quot;&gt;&lt;strong&gt;81406&lt;&sol;strong&gt; ACADVL (acyl-CoA dehydrogenase, very long chain), CBS (cystathionine-beta-synthase), CDKL5 (cyclin-dependent kinase-like 5) DLAT (dihydrolipoamide S-acetyltransferase), DLD (dihydrolipoamide dehydrogenase), F8 (coagulation factor VIII), GALT (galactose-1-phosphate uridylyltransferase), HADHA (hydroxyacyl-CoA dehydrogenase&sol;3-ketoacyl-CoA thiolase&sol;enoyl-CoA hydratase [trifunctional protein] alpha subunit), HEXA (hexosaminidase A, alpha polypeptide), LMNA (lamin A&sol;C), MUTYH (mutY homolog [E. coli]), NF2 (neurofibromin 2 [merlin]), NSD1 (nuclear receptor binding SET domain protein 1), PAH (phenylalanine hydroxylase), PAX2 (paired box 2), PDHA1 (pyruvate dehydrogenase [lipoamide] alpha1), POLG (polymerase [DNA directed], gamma), PRKAG2 (protein kinase, AMP-activated, gamma 2 non-catalytic subunit), PTPN11 (protein tyrosine phosphatase, non-receptor type 11), RET (ret-proto-oncogene) (eg, Hirschsprung disease), full gene sequence, SLC9A6 (solute carrier family 9 [sodium&sol;hydrogen exchanger] member 6), SOS1 (son of sevenless homolog 1), TAZ (tafazzin), TSC1 (tuberous sclerosis 1), TSC2 (tuberous sclerosis 2), UBE3A (ubiquitin protein ligase)&lt;&sol;p&gt;
&lt;p style=&quot;line-height: normal;&quot;&gt;&lt;strong&gt;81407&lt;&sol;strong&gt; Level 8 Molecular Pathology Procedures, F8 (coagulation factor VIII)&lt;&sol;p&gt;
&lt;p style=&quot;line-height: normal;&quot;&gt;&lt;strong&gt;81408&lt;&sol;strong&gt; Level 9 Molecular Pathology Procedures&lt;&sol;p&gt;
&lt;p style=&quot;line-height: normal;&quot;&gt;&lt;strong&gt;81479&lt;&sol;strong&gt; PIK3C, PI3Ks, PI(3)Ks, PI-3Ks, AKT1, MEK1, VEGFR2 (CD309, FLK1, VEGFR), LPA intron 25 genotype, KIF6, SPG4, C9orf72, MLH1, AIRE (APSI), SDA2, HAX1 (HAX1_HUMAN, HCLS1- associated protein X-1, HCLSBP1, HS1-associating protein X-1, HS1 binding protein, HS1-binding protein 1, HS1BP1, HSP1BP-1)&lt;&sol;p&gt;
&lt;p&gt;&lt;strong&gt;Note:&lt;&sol;strong&gt; When a panel with greater than one or less than five genes is ordered, use the corresponding existing panel CPT code or CPT code 81479 if none exists.&lt;&sol;p&gt;",07/16/2026
56199,130,5,&lt;p&gt;&lt;p style=&quot;line-height: normal;&quot;&gt;The following PLA codes in Group 5 below are unlikely to impact therapeutic decision-making in the clinical management of the patient and will be denied automatically as not medically necessary:&lt;&sol;p&gt;&lt;&sol;p&gt;,07/16/2026
60381,3,1,&lt;p&gt;&lt;strong&gt;&lt;span style=&quot;line-height: 115%;&quot;&gt;For anemia in patients with ESRD (dialysis requiring)&lt;&sol;span&gt;&lt;&sol;strong&gt;&lt;&sol;p&gt;,07/16/2026
60381,3,2,&lt;p&gt;&lt;strong&gt;&lt;span style=&quot;line-height: 115%;&quot;&gt;For anemia in patients with CKD (non-dialysis requiring)&lt;&sol;span&gt;&lt;&sol;strong&gt;&lt;&sol;p&gt;,07/16/2026
60381,3,3,&lt;p&gt;&lt;strong&gt;&lt;span style=&quot;line-height: 115%;&quot;&gt;For anemia in patients with antineoplastic chemotherapy-induced anemia &lt;&sol;span&gt;&lt;&sol;strong&gt;&lt;&sol;p&gt;,07/16/2026
60381,3,4,&lt;p&gt;&lt;strong&gt;&lt;span style=&quot;line-height: 115%;&quot;&gt;For anemia in patients on Zidovudine for HIV disease&lt;&sol;span&gt;&lt;&sol;strong&gt;&lt;&sol;p&gt;,07/16/2026
60381,3,5,&lt;p&gt;&lt;strong&gt;&lt;span style=&quot;line-height: 115%;&quot;&gt;For symptomatic anemia associated with MDS&lt;&sol;span&gt;&lt;&sol;strong&gt;&lt;&sol;p&gt;,07/16/2026
60381,3,6,&lt;p&gt;&lt;strong&gt;&lt;span style=&quot;line-height: 115%;&quot;&gt;For prophylactic allogeneic transfusion reduction intent in presurgical anemia&lt;&sol;span&gt;&lt;&sol;strong&gt;&lt;&sol;p&gt;,07/16/2026
60381,3,7,&lt;p&gt;&lt;strong&gt;&lt;span style=&quot;line-height: 115%;&quot;&gt;Non-Covered CPT&sol;HCPCS Codes&lt;&sol;span&gt;&lt;&sol;strong&gt;&lt;&sol;p&gt;,07/16/2026
52399,75,1,,07/16/2026
58649,13,1,&lt;p&gt;58999&lt;&sol;p&gt;,07/16/2026
56588,33,1,"&lt;p style=&quot;line-height: 11.65pt;&quot;&gt;&lt;strong&gt;Note: &lt;&sol;strong&gt;Providers are reminded to refer to the long descriptors of the CPT codes in their CPT book.&lt;&sol;p&gt;
&lt;p style=&quot;line-height: 14.15pt;&quot;&gt;The CPT codes in Group 1 are considered medically necessary when the Indications of Coverage are met. The 90-day global periods apply.&lt;&sol;p&gt;
&lt;p&gt;Due to the laterality of eye procedures, modifiers RT, LT or 50 must be used to indicate the eye(s) being treated.&lt;&sol;p&gt;
&lt;p&gt;See L33558 Cataract Extraction LCD and related Billing and Coding article for additional coverage indications and diagnoses.&lt;&sol;p&gt;",07/16/2026
56588,33,2,"&lt;p&gt;&lt;p style=&quot;text-align: justify; line-height: 15.35pt;&quot;&gt;The CPT codes in Group 2 are considered medically necessary when the Indications of Coverage are met. The 90-day global periods apply.&lt;&sol;p&gt;
&lt;p style=&quot;line-height: 11.4pt;&quot;&gt;Do not report 0671T in conjunction with 66989 or 66991.&lt;&sol;p&gt;&lt;&sol;p&gt;",07/16/2026
56588,33,3,&lt;p&gt;&lt;span style=&quot;background: white;&quot;&gt;The following CPT codes are considered not medically reasonable and necessary (non-covered).&lt;&sol;span&gt;&lt;&sol;p&gt;,07/16/2026
59632,23,1,,07/16/2026
59707,25,1,,07/15/2026
59707,25,2,,07/15/2026
59915,27,1,&lt;p&gt;&lt;strong&gt;&lt;span style=&quot;line-height: 115%;&quot;&gt;Note: &lt;&sol;span&gt;&lt;&sol;strong&gt;&lt;span style=&quot;line-height: 115%;&quot;&gt;Providers are reminded to refer to the long descriptors of the CPT codes in their CPT book.&lt;strong&gt; &lt;&sol;strong&gt;&lt;&sol;span&gt;&lt;&sol;p&gt;,07/15/2026
59915,27,2,,07/15/2026
59915,27,3,,07/15/2026
59915,27,4,,07/15/2026
59915,27,5,,07/15/2026
59915,27,6,,07/15/2026
59915,27,7,,07/15/2026
59915,27,8,,07/15/2026
59915,27,9,,07/15/2026
59915,27,10,,07/15/2026
59915,27,11,,07/15/2026
59915,27,12,,07/15/2026
59915,27,13,,07/15/2026
59915,27,14,,07/15/2026
59915,27,15,,07/15/2026
59915,27,16,,07/15/2026
59915,27,17,"&lt;p&gt;&lt;strong&gt;Report code 81479, 0347U, 0348U, 0349U, 0350U, 0419U, or 0434U and gene test CYP2B6 in the claim narrative&sol;remarks.&lt;&sol;strong&gt;&lt;&sol;p&gt;",07/15/2026
59915,27,18,"&lt;p&gt;&lt;strong&gt;Report code 81479, 0347U, 0348U, 0349U, 0350U, or 0434U and gene test CYP4F2 in the claim narrative&sol;remarks.&lt;&sol;strong&gt;&lt;&sol;p&gt;",07/15/2026
59915,27,19,&lt;p&gt;&lt;strong&gt;Report code 81479 and gene test CACNA1S in the claim narrative&sol;remarks.&lt;&sol;strong&gt;&lt;&sol;p&gt;,07/15/2026
59915,27,20,&lt;p&gt;&lt;strong&gt;Report code 81479 and gene test BCHE in the claim narrative&sol;remarks.&lt;&sol;strong&gt;&lt;&sol;p&gt;,07/15/2026
59915,27,21,"&lt;p&gt;&lt;strong&gt;Report code 81479, 0347U, 0348U, 0349U, 0350U, or 0434U and gene test IFNL4 in the claim narrative&sol;remarks.&lt;&sol;strong&gt;&lt;&sol;p&gt;",07/15/2026
59915,27,22,&lt;p&gt;&lt;strong&gt;Report code 81479 and gene test NAT2 in the claim narrative&sol;remarks.&lt;&sol;strong&gt;&lt;&sol;p&gt;,07/15/2026
59915,27,23,&lt;p&gt;&lt;strong&gt;Report code 81479 and gene test Nonspecific (NAT) in the claim narrative&sol;remarks.&lt;&sol;strong&gt;&lt;&sol;p&gt;,07/15/2026
59915,27,24,,07/15/2026
59915,27,25,"&lt;p&gt;&lt;strong&gt;Consistent with the LCD, the following CPT codes are Non-Covered for pharmacogenomic testing:&lt;&sol;strong&gt;&lt;&sol;p&gt;",07/15/2026
52825,12,1,,07/14/2026
53019,15,1,,07/14/2026
53020,3,1,,07/14/2026
56198,11,1,,07/14/2026
59060,4,1,"&lt;b&gt; The following procedures, when used for sterilization to prevent reproduction, will be auto-denied due to the absence of a Medicare benefit category.&lt;&sol;b&gt;&lt;br&gt;&lt;br&gt;&lt;br&gt;",07/14/2026
59217,5,1,,07/14/2026
59218,5,1,,07/14/2026
59661,3,1,,07/14/2026
52434,51,1,"&lt;p&gt;CPT codes 96170, 96171 are not covered services.&lt;&sol;p&gt;",07/14/2026
52447,30,1,,07/14/2026
52837,21,1,&lt;p&gt;The CPT codes in Group 1 are generally considered reconstructive in nature.&lt;&sol;p&gt;,07/14/2026
52837,21,2,"&lt;p&gt;The CPT codes in Group 2 may potentially be considered as cosmetic and thus not covered by Medicare. Documentation to support functional impairment, visual or otherwise, must be present. (Please see the &quot;Indications and Limitations&quot; and &quot;Documentation Requirements&quot; sections.)&lt;&sol;p&gt;",07/14/2026
52840,3,1,"Procedure codes may be subject to National Correct Coding Initiative (NCCI) edits or OPPS packaging edits. Refer to NCCI and OPPS requirements prior to billing Medicare.&lt;br&gt;&lt;br&gt;For services requiring a referring&sol;ordering physician, the name and NPI of the referring&sol;ordering physician must be reported on the claim.&lt;br&gt;&lt;br&gt;&lt;b&gt;Part B Services&lt;&sol;b&gt;&lt;br&gt;Providers should enter clinical trial and non-clinical trial services on separate lines when both types of services are submitted on the same claim form.&lt;br&gt;&lt;br&gt;Items and services provided free of charge by research sponsors should not be billed to Medicare. If these items are required for payment of another payable service, providers should submit the items as non-covered (use modifiers FB and GX or GY). For OPPS claims, a token charge must be entered on the line for a no-cost item.&lt;br&gt;&lt;br&gt;Routine costs of a clinical trial should be submitted to the Part B MAC as follows:&lt;ul type=disc&gt; &lt;li&gt; Report modifier &quot;Q1&quot; with each service. ICD-10-CM code Z00.6 (examination of participant in clinical trial) should be reported as the secondary diagnosis.&lt;li&gt;It is mandatory to report a clinical trial number on claims for items and services provided in clinical trials that are qualified for coverage. However, for physicians, providers, and suppliers who do not have the capacity at this time to report the clinical trials identifier number associated with trial-related claims, CMS is providing an option to submit a generic number in place of the actual National Clinical Trials (NCT) number. Beginning January 1, 2014, and continuing no later than through December 31, 2014, those above-mentioned physicians, providers, and suppliers may instead report an 8-digit, generic number 99999999, following the instructions in transmittal #R2805CP.&lt;br&gt;&lt;br&gt;",07/14/2026
52841,4,1,,07/14/2026
52842,18,1,,07/14/2026
52870,38,1,"&lt;p&gt;CPT code 37799 should be used to report &quot;Trivex Procedure&quot;.&lt;&sol;p&gt;
&lt;p&gt;&amp;nbsp;&lt;&sol;p&gt;",07/14/2026
56551,34,1,,07/14/2026
56781,39,1,,07/14/2026
56781,39,2,"&lt;p&gt;&lt;p style=&quot;line-height: normal;&quot;&gt;&lt;strong&gt;These stress agents can be billed with stress test codes 93350, 93351, 93352, C8928, and C8930.&lt;&sol;strong&gt;&lt;&sol;p&gt;&lt;&sol;p&gt;",07/14/2026
56845,12,1,,07/14/2026
57060,12,1,,07/14/2026
57060,12,2,&lt;p&gt;The CPT codes listed below are considered not medically necessary:&lt;&sol;p&gt;,07/14/2026
57455,24,1,"&lt;p&gt;If a penile pressure cuff is used when providing a voiding pressure study, CPT Code 55899 should be reported with non-invasive urodynamic studies noted in the narrative portion of the claim.&lt;&sol;p&gt;
&lt;p&gt;CPT Code 55899 should only be used if a penile pressure cuff is used when providing a voiding pressure study.&lt;&sol;p&gt;",07/14/2026
57736,18,1,"&lt;p&gt;Italicized and&sol;or quoted material is excerpted from the American Medical Association, &lt;em&gt;Current Procedural Terminology (CPT)&lt;&sol;em&gt; codes.&lt;&sol;p&gt;",07/14/2026
57889,4,1,&lt;p&gt;N&sol;A&lt;&sol;p&gt;,07/14/2026
59487,15,1,,07/14/2026
52866,35,1,&lt;p&gt;N&sol;A&lt;&sol;p&gt;,07/14/2026
52868,46,1,,07/14/2026
53018,14,1,,07/14/2026
54602,25,1,,07/14/2026
54909,25,1,&lt;p&gt;Group 1 CPT codes apply to Groups 1 and 2 ICD-10-CM Codes&lt;&sol;p&gt;,07/14/2026
56537,41,1,,07/14/2026
56837,18,1,&lt;p&gt;N&sol;A&lt;&sol;p&gt;,07/14/2026
56863,15,1,,07/14/2026
56863,15,2,&lt;p&gt;&lt;p style=&quot;line-height: normal;&quot;&gt;&lt;strong&gt;The CPT codes listed below are considered not medically necessary:&lt;&sol;strong&gt;&lt;&sol;p&gt;&lt;&sol;p&gt;,07/14/2026
56874,29,1,&lt;p style=&quot;line-height: normal;&quot;&gt;Stereotactic Radiosurgery (SRS)&sol;SBRT (for Cranial Lesions only) Services&lt;&sol;p&gt;,07/14/2026
56874,29,2,"&lt;p&gt;&lt;span style=&quot;line-height: 107%;&quot;&gt;Stereotactic Body Radiation Therapy (SBRT) Services&lt;&sol;span&gt;&lt;&sol;p&gt;
&lt;p&gt;&amp;nbsp;&lt;&sol;p&gt;",07/14/2026
57427,11,1,,07/14/2026
57428,10,1,&lt;p&gt;Total Hip Arthroplasty&lt;&sol;p&gt;,07/14/2026
57428,10,2,&lt;p&gt;&lt;strong&gt;Revision of Total Hip Arthroplasty&lt;&sol;strong&gt;&lt;&sol;p&gt;,07/14/2026
57428,10,3,&lt;p&gt;&lt;strong&gt;Total Knee Arthroplasty&lt;&sol;strong&gt;&lt;&sol;p&gt;,07/14/2026
57428,10,4,&lt;p&gt;&lt;strong&gt;Revision of Total Knee Arthroplasty&lt;&sol;strong&gt;&lt;&sol;p&gt;,07/14/2026
57528,5,1,,07/14/2026
57759,36,1,,07/14/2026
58656,9,1,,07/14/2026
58656,9,2,&lt;p&gt;The following CPT and PLA codes will be rejected as extra-jurisdictional.&lt;&sol;p&gt;,07/14/2026
59233,19,1,,07/14/2026
59233,19,2,"&lt;p&gt;&lt;span style=&quot;line-height: 107%;&quot;&gt;The following CPT&sol;HCPCS codes are non-covered.&amp;nbsp; T&lt;&sol;span&gt;&lt;span style=&quot;line-height: 107%;&quot;&gt;his is not an inclusive list of non-covered codes&lt;&sol;span&gt;&lt;&sol;p&gt;
&lt;p&gt;&lt;span style=&quot;line-height: 107%;&quot;&gt;&amp;nbsp;&lt;&sol;span&gt;&lt;&sol;p&gt;",07/14/2026
59233,19,3,&lt;p&gt;&lt;strong&gt;For ASC facility and OPPS hospital outpatient department claims only: &lt;&sol;strong&gt;&lt;&sol;p&gt;,07/14/2026
60176,18,1,"&lt;p&gt;Below are CPT&lt;sup&gt;&amp;#174;&lt;&sol;sup&gt;&sol;HCPCS codes related to SRT.&lt;strong&gt; &lt;&sol;strong&gt;Providers are reminded to refer to the long descriptors of the CPT&lt;sup&gt;&amp;#174;&lt;&sol;sup&gt; codes in their CPT&lt;sup&gt;&amp;#174;&lt;&sol;sup&gt; books.&lt;&sol;p&gt;
&lt;p&gt;&lt;strong&gt;Per CPT 2026 guidance SRT should not be reported in conjunction with megavoltage (MeV) (77402, 77407, 77412).&lt;&sol;strong&gt;&lt;&sol;p&gt;
&lt;p&gt;&lt;strong&gt; To bill electronic brachytherapy treatment delivery use CPT code 77437 (e.g., electronic brachytherapy). When billing 77437 for SRT treatment delivery services covered by the LCD providers must append the KX modifier. &lt;&sol;strong&gt;&lt;&sol;p&gt;
&lt;p&gt;&lt;strong&gt;For SRT treatment planning and simulation aided field setting use CPT code 77436.&lt;&sol;strong&gt;&lt;&sol;p&gt;
&lt;p&gt;CPT 77436 is not typically repeated with each treatment except when clinically indicated and documentation supports additional simulation requirements. Do not report clinical treatment planning (77261, 77262, 77263), simulation (77280, 77285, 77290, 77295), basic dosimetry calculation (77300), special dosimetry (77331), treatment devices (77332, 77333, 77334), isodose planning (77306, 77307, 77316, 77317, 77318), or radiation treatment management (77427, 77431, 77432, 77435, 77469, 77470, 77499) in conjunction with 77436 and 77437.&lt;&sol;p&gt;
&lt;p&gt;Code 77336 can only be billed when medically necessary for treatment adjustments in support of the radiation oncologist or other health care qualified professional.&lt;&sol;p&gt;
&lt;p&gt;Code 77370 is to be used when the complexity of the treatment plan is great. It is not expected that code 77370 will be reported for SRT services.&lt;&sol;p&gt;
&lt;p&gt;Use of 77370 with SRT code 77437 may lead to medical review.&lt;&sol;p&gt;",07/14/2026
60176,18,2,"&lt;p&gt;The following CPT codes are considered not medically reasonable and necessary (non-covered).&lt;&sol;p&gt;
&lt;p&gt;Electronic brachytherapy is non-covered and must be billed without a KX modifier.&lt;&sol;p&gt;",07/14/2026
52450,83,1,"&lt;p&gt;Effective for dates of service from 7&sol;1&sol;2023 through 12&sol;31&sol;2024, HCPCS code J9259 should be used to report Injection, paclitaxel protein-bound particles (American regent).&lt;span style=&quot;line-height: 107%;&quot;&gt;&lt;br &sol;&gt;&lt;br &sol;&gt;&lt;&sol;span&gt;&lt;&sol;p&gt;
&lt;p&gt;&lt;span style=&quot;line-height: 107%;&quot;&gt;&lt;br &sol;&gt;&lt;br &sol;&gt;&lt;&sol;span&gt;&lt;&sol;p&gt;",07/14/2026
52863,59,1,"&lt;p&gt;&lt;strong&gt;INJECTION OF TENDON SHEATHS, LIGAMENTS, GANGLION CYSTS, CARPAL AND TARSAL TUNNELS &lt;&sol;strong&gt;&lt;&sol;p&gt;",07/14/2026
52863,59,2,"&lt;p&gt;&lt;p style=&quot;line-height: normal;&quot;&gt;&lt;strong&gt;Dry Needling&lt;&sol;strong&gt;&lt;&sol;p&gt;
&lt;p style=&quot;line-height: normal;&quot;&gt;For dates of service on or after 01&sol;01&sol;2020, dry needling should be reported using CPT codes 20560 or 20561. Effective January 21, 2020, Medicare will cover all types of acupuncture including dry needling for chronic low back pain within specific guidelines in accordance with NCD 30.3.3.&lt;&sol;p&gt;&lt;&sol;p&gt;",07/14/2026
56178,21,1,,07/14/2026
56550,12,1,,07/14/2026
56823,22,1,"&lt;p&gt;Claims for percutaneous coronary intervention must include the appropriate modifiers to identify which vessel is undergoing a specific procedure. The modifiers are RC: right coronary artery, LC: left circumflex coronary artery, LD: left anterior descending coronary artery, LM: left main coronary artery, and RI: ramus intermedius.&lt;&sol;p&gt;
&lt;p&gt;HCPCS codes C9600-C9608 are only billable to the intermediary or Part A MAC.&lt;&sol;p&gt;",07/14/2026
56844,26,1,&lt;p&gt;&lt;span style=&quot;line-height: 107%;&quot;&gt;CPT codes 86001 and 86005 are not covered services. &lt;&sol;span&gt;&lt;&sol;p&gt;,07/14/2026
56850,33,1,,07/14/2026
56865,29,1,&lt;p&gt;CPT coding does not apply.&lt;&sol;p&gt;,07/14/2026
56937,43,1,&lt;p&gt;&lt;p style=&quot;line-height: normal;&quot;&gt;CPT code 90863 is invalid for Medicare.&lt;&sol;p&gt;&lt;&sol;p&gt;,07/14/2026
57452,46,1,,07/14/2026
57452,46,2,"&lt;p&gt;&lt;p style=&quot;line-height: normal;&quot;&gt;&lt;strong&gt;Dry Needling&lt;&sol;strong&gt;&lt;&sol;p&gt;
&lt;p style=&quot;line-height: normal;&quot;&gt;Effective January 21, 2020, all types of acupuncture including dry needling for any condition other than chronic low back pain are non-covered by Medicare. Medicare will cover acupuncture for Medicare patients with chronic lower back pain within specific guidelines in accordance with NCD 30.3.3.&lt;&sol;p&gt;&lt;&sol;p&gt;",07/14/2026
57453,5,1,,07/14/2026
58609,7,1,&lt;p&gt;&lt;span style=&quot;line-height: 115%;&quot;&gt;The following CPT&lt;sup&gt;&amp;reg;&lt;&sol;sup&gt;&sol;HCPCS codes are noncovered:&lt;&sol;span&gt;&lt;&sol;p&gt;,07/14/2026
52448,24,1,,07/14/2026
56549,13,1,,07/14/2026
56566,46,1,"&lt;p&gt;This list represents common physical and occupational therapy services and is not all-inclusive.&lt;&sol;p&gt;
&lt;p&gt;HCPCS code G0295 is status N (non-covered) under Medicare.&lt;&sol;p&gt;
&lt;p&gt;CPT code 97037 is status N (non-covered) under Medicare.&lt;&sol;p&gt;
&lt;p&gt;&amp;nbsp;&lt;&sol;p&gt;",07/14/2026
56726,43,1,,07/14/2026
56758,62,1,&lt;p&gt;&lt;p style=&quot;line-height: normal;&quot;&gt;&lt;strong&gt;Cerebrovascular Arterial Studies&lt;&sol;strong&gt;&lt;&sol;p&gt;&lt;&sol;p&gt;,07/14/2026
56758,62,2,&lt;p&gt;&lt;p style=&quot;line-height: normal;&quot;&gt;&lt;strong&gt;Transcranial Doppler Studies&lt;&sol;strong&gt;&lt;&sol;p&gt;&lt;&sol;p&gt;,07/14/2026
56758,62,3,&lt;p&gt;&lt;p style=&quot;line-height: normal;&quot;&gt;&lt;strong&gt;Extremity Arterial Studies &lt;&sol;strong&gt;&lt;&sol;p&gt;&lt;&sol;p&gt;,07/14/2026
56758,62,4,&lt;p&gt;&lt;span style=&quot;line-height: 107%;&quot;&gt;&lt;strong&gt;Extremity Venous Studies&lt;&sol;strong&gt;&lt;&sol;span&gt;&lt;&sol;p&gt;,07/14/2026
56758,62,5,&lt;p&gt;&lt;p style=&quot;line-height: normal;&quot;&gt;&lt;strong&gt;Visceral Vascular Studies&lt;&sol;strong&gt;&lt;&sol;p&gt;&lt;&sol;p&gt;,07/14/2026
56758,62,6,"&lt;p&gt;&lt;p style=&quot;line-height: normal;&quot;&gt;&lt;strong&gt;Hemodialysis Access Studies&lt;&sol;strong&gt;&lt;&sol;p&gt;
&lt;p style=&quot;line-height: normal;&quot;&gt;&amp;nbsp;&lt;&sol;p&gt;&lt;&sol;p&gt;",07/14/2026
56787,24,1,&lt;p&gt;N&sol;A&lt;&sol;p&gt;,07/14/2026
56954,6,1,,07/14/2026
58814,12,1,&lt;p&gt;N&sol;A&lt;&sol;p&gt;,07/14/2026
59101,28,1,&lt;p&gt;N&sol;A&lt;&sol;p&gt;,07/14/2026
52420,64,1,"&lt;p&gt;Effective for dates of service on or after 04&sol;01&sol;2021, HCPCS code J7321 should be used to report Visco-3&amp;trade;.&lt;&sol;p&gt;
&lt;p&gt;Report&amp;nbsp;HCPCS code C9465 for&amp;nbsp;Durolane&amp;reg; when billed to the Part A MAC and HCPCS code J3490&amp;nbsp;when billed to the Part B MAC for dates of service prior to 01&sol;01&sol;2019.&lt;&sol;p&gt;
&lt;p&gt;For dates of service on or after 10&sol;01&sol;2019 HCPCS code J7331 should be used to report Synojoynt&amp;trade;.&lt;&sol;p&gt;
&lt;p&gt;For dates of service on or after 10&sol;01&sol;2019 HCPCS code J7332 should be used to report Triluron&amp;trade;.&lt;&sol;p&gt;
&lt;p&gt;&amp;nbsp;&lt;&sol;p&gt;
&lt;p&gt;&amp;nbsp;&lt;&sol;p&gt;
&lt;p&gt;&amp;nbsp;&lt;&sol;p&gt;",07/14/2026
52420,64,2,&lt;p&gt;&lt;u&gt;Injection procedure codes&lt;&sol;u&gt;&lt;&sol;p&gt;,07/14/2026
52421,23,1,,07/14/2026
52423,84,1,"&lt;p&gt;&amp;nbsp;&lt;&sol;p&gt;
&lt;p&gt;&amp;nbsp;&lt;&sol;p&gt;
&lt;p&gt;&amp;nbsp;&lt;&sol;p&gt;
&lt;p&gt;&amp;nbsp;&lt;&sol;p&gt;",07/14/2026
52453,49,1,"&lt;p&gt;Effective for dates of service on or after 01&sol;01&sol;2023, leuprolide acetate for depot suspension (Lutrate) should be reported with HCPCS code J1954.&lt;br &sol;&gt;&lt;br &sol;&gt;Effective for dates of service on or after 01&sol;01&sol;2022, leuprolide mesylate (Camcevi&amp;reg;), should be reported with HCPCS code J1952.&lt;&sol;p&gt;
&lt;p&gt;Effective for dates of service 5&sol;26&sol;2021 through 12&sol;31&sol;2021, leuprolide mesylate (Camcevi&amp;reg;), should be reported with HCPCS code J3590.&lt;&sol;p&gt;
&lt;p&gt;CPT Code J9218 is not covered under Medicare because it is self-administered.&lt;&sol;p&gt;",07/14/2026
56747,29,1,&lt;p&gt;&lt;p style=&quot;line-height: normal;&quot;&gt;Part A billers should report HCPCS codes C8900-C8902 for MRA of the abdomen. CPT code 74185 applies only for Part B claims.&lt;&sol;p&gt;&lt;&sol;p&gt;,07/14/2026
56747,29,2,"&lt;p&gt;&lt;span style=&quot;line-height: 107%;&quot;&gt;&lt;strong&gt;Non-covered services&lt;&sol;strong&gt;&lt;&sol;span&gt;&lt;&sol;p&gt;
&lt;p&gt;&lt;span style=&quot;line-height: 107%;&quot;&gt;Effective 06&sol;03&sol;2010, CPT code 72159 has been replaced with HCPCS codes C8931, C8932, and C8933 and CPT code 73225 has been replaced with HCPCS codes C8934, C8935, and C8936 for ASC providers submitting claims to the carrier or Part B MAC and for providers subject to Outpatient Prospective Payment System (OPPS) submitting claims to the Part A MAC.&lt;&sol;span&gt;&lt;&sol;p&gt;",07/14/2026
56766,25,1,&lt;p&gt;N&sol;A&lt;&sol;p&gt;,07/14/2026
57020,6,1,"&lt;p&gt;The CPT codes&amp;nbsp;below are listed for billing purposes, but coverage for these codes is defined by&amp;nbsp;the provisions in the related LCD.&lt;&sol;p&gt;",07/14/2026
57092,25,1,"&lt;p&gt;&lt;strong&gt;For dates of service on or after 01&sol;01&sol;2022,&lt;&sol;strong&gt; CPT codes 64582, 64583 and 64584 should be used to report hypoglossal nerve neurostimulation. At this time, CPT code 64584 will not have diagnosis code limitations applied.&lt;&sol;p&gt;
&lt;p&gt;&amp;#160;&lt;&sol;p&gt;",07/14/2026
57431,14,1,,07/14/2026
57668,45,1,&lt;p&gt;&lt;strong&gt;Nerve Conduction Studies (NCS) and Electromyography (EMG) and Guidance for Chemodenervation and Ischemic Muscle Testing&lt;&sol;strong&gt;&lt;&sol;p&gt;,07/14/2026
57668,45,2,&lt;p&gt;&lt;strong&gt;Neuromuscular Junction Testing&lt;&sol;strong&gt;&lt;&sol;p&gt;,07/14/2026
58116,29,1,&lt;p&gt;&lt;strong&gt;Note:&lt;&sol;strong&gt; Providers are reminded to refer to the long descriptors of the CPT&amp;reg; codes in their CPT&amp;reg; book.&lt;&sol;p&gt;,07/14/2026
58921,11,1,,07/14/2026
58963,11,1,,07/14/2026
58963,11,2,"&lt;p style=&quot;line-height: normal;&quot;&gt;&lt;span style=&quot;text-decoration: underline;&quot;&gt;&lt;strong&gt;Highly Multiplexed GPPs- Group 2 Codes&lt;&sol;strong&gt;&lt;&sol;span&gt;&lt;&sol;p&gt;
&lt;p style=&quot;line-height: normal;&quot;&gt;Must be billed in POS 20, 21, 22, 23, or 81 (Urgent Care, Inpatient Hospital, Outpatient Hospital (observation), or Emergency Room), or in POS 81 (Independent Laboratory) in the case of a pre-transplant evaluation for an immune-compromised beneficiary.&lt;&sol;p&gt;
&lt;p style=&quot;line-height: normal;&quot;&gt;Outside of one of these POS, a clinician specialist in one of the following: Infectious Diseases (44), Gastroenterology (10), Oncology (83,90,91), or Transplant&amp;nbsp;must either order the test or communicate with the treating and ordering physician as to appropriate test and interpretation.&lt;&sol;p&gt;
&lt;p&gt;The specialist communication must be documented in the medical record.&lt;&sol;p&gt;
&lt;p&gt;&lt;span style=&quot;line-height: 107%;&quot;&gt;CPT code 0097U was deleted. effective for services rendered on or after 4&sol;1&sol;2022.&lt;&sol;span&gt;&lt;&sol;p&gt;",07/14/2026
59595,4,1,,07/14/2026
52379,10,1,,07/14/2026
52855,31,1,,07/14/2026
54548,36,1,"&lt;p&gt;HCPCS code J1300 should be used to report eculizumab, effective 01&sol;01&sol;2025 through 03&sol;31&sol;2025.&lt;&sol;p&gt;
&lt;p&gt;HCPCS code J1300 has been deleted and replaced by HCPCS codes J1299, effective 4&sol;1&sol;2025.&lt;&sol;p&gt;
&lt;p&gt;HCPCS code Q5139 should be used to report eculizumab-aeeb, effective 01&sol;01&sol;2025 through 03&sol;31&sol;2025.&lt;&sol;p&gt;
&lt;p&gt;HCPCS code Q5139 has been deleted and replaced by HCPCS codes Q5152, and should be used to report eculizumab-aeeb, effective 4&sol;1&sol;2025.&lt;&sol;p&gt;
&lt;p&gt;HCPCS code Q5151 has been added and should be used to report eculixumab-aagh, effective 4&sol;1&sol;2025.&lt;&sol;p&gt;
&lt;p&gt;Effective for dates of service on or after 05&sol;01&sol;2021, the administration of eculizumab should be billed using the intravenous infusion administration codes (Refer to article A58620 - Billing and Coding: Complex Drug Administration Coding).&lt;&sol;p&gt;
&lt;p&gt;For dates of service prior to 05&sol;01&sol;2021, administration of eculizumab may be billed using the chemotherapy administration code 96413 - Chemotherapy administration, intravenous infusion technique; up to 1 hour, single or initial substance&sol;drug and 96415 - Chemotherapy administration, intravenous infusion technique; each additional hour (List separately in addition to code for primary procedure) when required due to infusion related adverse reactions in adults (up to 2 hours total) or when used in pediatric or aged Medicare beneficiaries (up to 4 hours total).&lt;&sol;p&gt;",07/14/2026
55672,26,1,&lt;p&gt;Providers are reminded to refer to the long descriptors of the CPT codes in their CPT book.&lt;&sol;p&gt;,07/14/2026
56248,12,1,&lt;p&gt;CPT code 92145 is considered not medically necessary and will be automatically denied as a non-covered procedure.&lt;&sol;p&gt;,07/14/2026
56548,20,1,&lt;p&gt;CPT code 92499 should be used to report optical pachymetry.&lt;&sol;p&gt;,07/14/2026
56617,26,1,&lt;p&gt;N&sol;A&lt;&sol;p&gt;,07/14/2026
56767,29,1,&lt;p&gt;N&sol;A&lt;&sol;p&gt;,07/14/2026
56793,35,1,"&lt;p&gt;&lt;p style=&quot;line-height: normal;&quot;&gt;CPT code 81450, or 81451 Targeted Genomic Sequence Analysis Panel, hematolymphoid neoplasm or disorder, DNA analysis, and RNA analysis when performed, 5-50 genes, or &lt;span style=&quot;line-height: 107%;&quot;&gt;DNA analysis, and RNA analysis 51 or greater genes &lt;&sol;span&gt;CPT code 81455 or&amp;nbsp; 81456 may be used as long as the panel contains, at a minimum, 5 or more gene tests for molecular biomarkers determined to meet Medicare coverage criteria as listed above.&amp;nbsp;&lt;&sol;p&gt;&lt;&sol;p&gt;",07/14/2026
56797,18,1,,07/14/2026
56867,45,1,,07/14/2026
57030,11,1,,07/14/2026
57826,37,1,&lt;p&gt;N&sol;A&lt;&sol;p&gt;,07/14/2026
57826,37,2,"&lt;p&gt;The following CPT&sol;HCPCS codes are non-covered*:&lt;&sol;p&gt;
&lt;p&gt;* this is not an inclusive list of non-covered codes&lt;&sol;p&gt;
&lt;p&gt;*Note: 64492 or 64495 describes a third and additional levels and should be listed separately in addition to the code for the primary procedure and the second level procedure and cannot be reported more than once per day. 64492 should be reported in conjunction with 64490&sol;64491 and 64495 should be reported in conjunction with 64493&sol;64494. Codes 64492 and 64495 will only be covered upon appeal if sufficient documentation of medical necessity is present.&lt;&sol;p&gt;
&lt;p&gt;&amp;nbsp;&lt;&sol;p&gt;",07/14/2026
58152,13,1,,07/14/2026
58294,8,1,,07/14/2026
58745,21,1,&lt;p&gt;&lt;span style=&quot;line-height: 115%;&quot;&gt;N&sol;A&lt;&sol;span&gt;&lt;&sol;p&gt;,07/14/2026
58745,21,2,&lt;p&gt;&lt;p style=&quot;line-height: 11.3pt;&quot;&gt;These codes are non-covered.&amp;nbsp;&lt;&sol;p&gt;&lt;&sol;p&gt;,07/14/2026
52369,17,1,,07/14/2026
52849,36,1,&lt;p&gt;&lt;strong&gt;CPT code 77048 and 77049 should not be used by OPPS providers.&lt;&sol;strong&gt;&lt;br &sol;&gt;&lt;br &sol;&gt;HCPCS codes C8903 through C8908 are to be billed to the Part A MAC and not the Part B MAC.&lt;br &sol;&gt;&lt;br &sol;&gt;&lt;&sol;p&gt;,07/14/2026
52850,56,1,&lt;p&gt;&lt;b&gt;The following CPT&sol;HCPCS codes describe cardiac catheterization.&lt;&sol;b&gt;&lt;&sol;p&gt;,07/14/2026
52850,56,2,&lt;p&gt;&lt;b&gt;The following CPT&sol;HCPCS codes describe SELECTIVE extra-cardiac angiography.&lt;&sol;b&gt;&lt;&sol;p&gt;,07/14/2026
52850,56,3,&lt;p&gt;&lt;strong&gt;The following CPT&sol;HCPCS code describes NON-SELECTIVE extra-cardiac angiography.&lt;&sol;strong&gt;&lt;&sol;p&gt;,07/14/2026
56544,28,1,&lt;p&gt;The following CPT codes should be reported with ICD-10-CM diagnosis codes from the ICD-10-CM Diagnosis codes section-Group 1&lt;&sol;p&gt;,07/14/2026
56544,28,2,&lt;p&gt;CPT codes 66982 and&amp;nbsp;66987&amp;nbsp;should be reported with ICD-10-CM diagnosis codes from both the ICD-10-CM Diagnosis codes sections- Groups 1 and Group 2.&lt;&sol;p&gt;,07/14/2026
56609,18,1,"&lt;p&gt;&lt;p style=&quot;line-height: normal;&quot;&gt;The CPT codes in Group 1 are considered medically necessary when ordered by a physician or other qualified health care professional (i.e., NP, CNS, PA).&lt;&sol;p&gt;
&lt;p style=&quot;line-height: normal;&quot;&gt;&lt;strong&gt;4K Score &lt;&sol;strong&gt;should be billed with 81539&lt;&sol;p&gt;
&lt;p style=&quot;line-height: normal;&quot;&gt;&lt;strong&gt;PCA3 &lt;&sol;strong&gt;should be billed using code 81313&lt;&sol;p&gt;
&lt;p style=&quot;line-height: normal;&quot;&gt;&lt;strong&gt;ConfirmDx &lt;&sol;strong&gt;should be billed using code 81551&lt;&sol;p&gt;
&lt;p style=&quot;line-height: normal;&quot;&gt;&lt;strong&gt;%fPSA &lt;&sol;strong&gt;should be billed using codes 84153 and 84154.&lt;&sol;p&gt;
&lt;p style=&quot;line-height: normal;&quot;&gt;&lt;strong&gt;PHI &lt;&sol;strong&gt;should be billed using codes 84153, 84154 and 86316.&lt;&sol;p&gt;
&lt;p style=&quot;line-height: normal;&quot;&gt;&lt;strong&gt;SelectMDX&lt;&sol;strong&gt; should be billed using code 81479&lt;&sol;p&gt;
&lt;p&gt;&lt;strong&gt;&lt;span style=&quot;line-height: 107%;&quot;&gt;EPI&lt;&sol;span&gt;&lt;&sol;strong&gt;&lt;span style=&quot;line-height: 107%;&quot;&gt; should be billed using code 0005U.&lt;&sol;span&gt;&lt;&sol;p&gt;
&lt;p&gt;&amp;nbsp;&lt;&sol;p&gt;&lt;&sol;p&gt;",07/14/2026
56737,31,1,&lt;p&gt;&lt;p style=&quot;line-height: normal;&quot;&gt;CPT code 75571 is not a covered service.&lt;&sol;p&gt;&lt;&sol;p&gt;,07/14/2026
56743,26,1,,07/14/2026
56826,12,1,&lt;p&gt;N&sol;A&lt;&sol;p&gt;,07/14/2026
57024,16,1,&lt;p&gt;&lt;strong&gt;N&sol;A&lt;&sol;strong&gt;&lt;&sol;p&gt;,07/14/2026
57024,16,2,"&lt;p&gt;CPT 95999 should be used to report testing other than autonomic nervous system function testing. If a physician finds that this non-standardized component information of autonomic function testing (AFT) is useful in a patient assessment and clinical decision making given certain patient risks&sol;signs&sol;symptoms, this would be included in the physician&amp;rsquo;s basic evaluation and management service and not separately covered. In addition, testing patients prior to the development of symptomatic autonomic neuropathy would be screening, and there is no such screening Medicare benefit with the absence of disease.&lt;&sol;p&gt;",07/14/2026
59733,10,1,,07/14/2026
56827,17,1,&lt;p&gt;N&sol;A&lt;&sol;p&gt;,07/14/2026
58893,19,1,"&lt;p&gt;All amniotic and placental-derived products injected and&sol;or applied for musculoskeletal indications, non-wound are considered NON-Covered, including but not limited to the codes listed below.&lt;&sol;p&gt;
&lt;p&gt;&amp;nbsp;&lt;&sol;p&gt;",07/14/2026
59311,10,1,"&lt;p&gt;&lt;span style=&quot;line-height: 115%;&quot;&gt;Procedure codes may be subject to National Correct Coding Initiative (NCCI) edits or OPPS packaging edits. Refer to NCCI and OPPS requirements prior to billing Medicare.&lt;&sol;span&gt;&lt;&sol;p&gt;
&lt;p&gt;&lt;span style=&quot;line-height: 115%;&quot;&gt; &lt;&sol;span&gt;&lt;&sol;p&gt;
&lt;p&gt;&lt;span style=&quot;line-height: 115%;&quot;&gt;For services requiring a referring&sol;ordering physician, the name and NPI of the referring&sol;ordering physician must be reported on the claim.&lt;&sol;span&gt;&lt;&sol;p&gt;
&lt;p&gt;&lt;span style=&quot;line-height: 115%;&quot;&gt; &lt;&sol;span&gt;&lt;&sol;p&gt;
&lt;p&gt;&lt;span style=&quot;line-height: 115%;&quot;&gt;A claim submitted without a valid ICD-10-CM diagnosis code will be returned to the provider as an incomplete claim under &amp;sect;1833(e) of the Social Security Act.&lt;&sol;span&gt;&lt;&sol;p&gt;
&lt;p&gt;&lt;span style=&quot;line-height: 115%;&quot;&gt;All services&sol;procedures performed on the same day for the same beneficiary by the physician&sol;provider should be billed on the same claim.&lt;&sol;span&gt;&lt;&sol;p&gt;
&lt;p&gt;&lt;span style=&quot;line-height: 115%;&quot;&gt; &lt;&sol;span&gt;&lt;&sol;p&gt;
&lt;p&gt;&lt;span style=&quot;line-height: 115%;&quot;&gt;Billing for preparatory services&sol;acquisition costs is covered in CMS Internet-Only Manual, Pub. 100-04, Medicare Claims Processing Manual, Chapter 3, &amp;sect;90.3.1 Allogeneic for Stem Cell Transplantation.&lt;&sol;span&gt;&lt;&sol;p&gt;",07/14/2026
59973,7,1,&lt;p&gt;&lt;span style=&quot;line-height: 115%;&quot;&gt;Below are CPT&sol;HCPCS codes related to SCIT. Providers are reminded to refer to the long descriptors of the CPT&lt;sup&gt;&amp;reg;&lt;&sol;sup&gt; codes in their CPT&lt;sup&gt;&amp;reg;&lt;&sol;sup&gt; books.&lt;&sol;span&gt;&lt;&sol;p&gt;,07/14/2026
52845,8,1,,07/14/2026
58282,14,1,&lt;p&gt;&lt;span style=&quot;line-height: 115%;&quot;&gt;The following CPT&lt;sup&gt;&amp;reg;&lt;&sol;sup&gt;&sol;HCPCS codes are noncovered:&lt;&sol;span&gt;&lt;&sol;p&gt;,07/13/2026
58918,90,1,"&lt;p&gt;&lt;br &sol;&gt;&lt;strong&gt;Multiple Gene Testing, NGS Testing, GSPs, MAAAs, and PLAs&lt;&sol;strong&gt;&lt;&sol;p&gt;
&lt;p&gt;&lt;strong&gt;Note: &lt;&sol;strong&gt;Providers are reminded to refer to the long descriptors of the CPT codes in their CPT book.&lt;&sol;p&gt;",07/10/2026
58917,101,1,"&lt;p&gt;&lt;br &sol;&gt;&lt;strong&gt;Multiple Gene Testing, NGS Testing, GSPs, MAAAs, and PLAs&lt;&sol;strong&gt;&lt;&sol;p&gt;
&lt;p&gt;&lt;strong&gt;Note: &lt;&sol;strong&gt;Providers are reminded to refer to the long descriptors of the CPT codes in their CPT book.&lt;&sol;p&gt;
&lt;p&gt;&amp;#160;&lt;&sol;p&gt;",07/10/2026
58812,81,1,"&lt;p&gt;&lt;br &sol;&gt;&lt;strong&gt;CFTR Gene Analysis&lt;&sol;strong&gt;&lt;&sol;p&gt;
&lt;p&gt;&lt;strong&gt;&lt;span style=&quot;line-height: 115%;&quot;&gt;Note: &lt;&sol;span&gt;&lt;&sol;strong&gt;&lt;span style=&quot;line-height: 115%;&quot;&gt;Providers are reminded to refer to the long descriptors of the CPT codes in their CPT book.&lt;strong&gt; &lt;&sol;strong&gt;&lt;&sol;span&gt;&lt;&sol;p&gt;",07/10/2026
58812,81,2,"&lt;p&gt;&lt;br &sol;&gt;&lt;strong&gt;CYP2C19 Gene Analysis &lt;&sol;strong&gt;&lt;&sol;p&gt;
&lt;p&gt;&lt;strong&gt;Note:&lt;&sol;strong&gt; Providers are reminded to refer to the long descriptors of the CPT codes in their CPT book.&lt;&sol;p&gt;",07/10/2026
58812,81,3,"&lt;p&gt;&lt;br &sol;&gt;&lt;strong&gt;CYP2D6 Gene Analysis and Additional Testing for Conclusive Genotyping&lt;&sol;strong&gt;&lt;&sol;p&gt;
&lt;p&gt;&lt;strong&gt;Note:&lt;&sol;strong&gt; Providers are reminded to refer to the long descriptors of the CPT codes in their CPT book.&lt;&sol;p&gt;",07/10/2026
58812,81,4,"&lt;p&gt;&lt;br &sol;&gt;&lt;strong&gt;CYP2D6 Gene Analysis including Pharmacogenomic Testing for Psychiatric Medication Management&lt;&sol;strong&gt;&lt;&sol;p&gt;
&lt;p&gt;&lt;strong&gt;Note: &lt;&sol;strong&gt;Providers are reminded to refer to the long descriptors of the CPT codes in their CPT book.&lt;&sol;p&gt;",07/10/2026
58812,81,5,"&lt;p&gt;&lt;br &sol;&gt;&lt;strong&gt;CYP2C9 Gene Analysis&lt;&sol;strong&gt;&lt;&sol;p&gt;
&lt;p&gt;&lt;strong&gt;Note:&lt;&sol;strong&gt; Providers are reminded to refer to the long descriptors of the CPT codes in their CPT book.&lt;&sol;p&gt;",07/10/2026
58812,81,6,"&lt;p&gt;&lt;br &sol;&gt;&lt;strong&gt;CYP3A5 Gene Analysis&lt;&sol;strong&gt;&lt;&sol;p&gt;
&lt;p&gt;&lt;strong&gt;Note:&lt;&sol;strong&gt; Providers are reminded to refer to the long descriptors of the CPT codes in their CPT book.&lt;&sol;p&gt;",07/10/2026
58812,81,7,"&lt;p&gt;&lt;br &sol;&gt;&lt;strong&gt;DPYD Gene Analysis&lt;&sol;strong&gt;&lt;&sol;p&gt;
&lt;p&gt;&lt;strong&gt;Note:&lt;&sol;strong&gt; Providers are reminded to refer to the long descriptors of the CPT codes in their CPT book.&lt;&sol;p&gt;",07/10/2026
58812,81,8,"&lt;p&gt;&lt;br &sol;&gt;&lt;strong&gt;G6PD Gene Analysis&lt;&sol;strong&gt;&lt;&sol;p&gt;
&lt;p&gt;&lt;strong&gt;Note:&lt;&sol;strong&gt; Providers are reminded to refer to the long descriptors of the CPT codes in their CPT book.&lt;&sol;p&gt;",07/10/2026
58812,81,9,"&lt;p&gt;&lt;br &sol;&gt;&lt;strong&gt;IFNL3 Gene Analysis&lt;&sol;strong&gt;&lt;&sol;p&gt;
&lt;p&gt;&lt;strong&gt;Note: &lt;&sol;strong&gt;Providers are reminded to refer to the long descriptors of the CPT codes in their CPT book.&lt;&sol;p&gt;",07/10/2026
58812,81,10,"&lt;p&gt;&lt;br &sol;&gt;&lt;strong&gt;NUDT15 and&sol;or TPMT Gene Analysis&lt;&sol;strong&gt;&lt;&sol;p&gt;
&lt;p&gt;&lt;strong&gt;Note: &lt;&sol;strong&gt;Providers are reminded to refer to the long descriptors of the CPT codes in their CPT book.&lt;&sol;p&gt;",07/10/2026
58812,81,11,"&lt;p&gt;&lt;br &sol;&gt;&lt;strong&gt;SLCO1B1 Gene Analysis&lt;&sol;strong&gt;&lt;&sol;p&gt;
&lt;p&gt;&lt;strong&gt;Note:&lt;&sol;strong&gt; Providers are reminded to refer to the long descriptors of the CPT codes in their CPT book.&lt;&sol;p&gt;",07/10/2026
58812,81,12,"&lt;p&gt;&lt;br &sol;&gt;&lt;strong&gt;UGT1A1 Gene Analysis&lt;&sol;strong&gt;&lt;&sol;p&gt;
&lt;p&gt;&lt;strong&gt;Note: &lt;&sol;strong&gt;Providers are reminded to refer to the long descriptors of the CPT codes in their CPT book.&lt;&sol;p&gt;",07/10/2026
58812,81,13,"&lt;p&gt;&lt;br &sol;&gt;&lt;strong&gt;HLA Class I Typing&lt;&sol;strong&gt;&lt;&sol;p&gt;
&lt;p&gt;&lt;strong&gt;Note: &lt;&sol;strong&gt;Providers are reminded to refer to the long descriptors of the CPT codes in their CPT book.&lt;&sol;p&gt;",07/10/2026
58812,81,14,"&lt;p&gt;&lt;br &sol;&gt;&lt;strong&gt;HLA Class II Typing&lt;&sol;strong&gt;&lt;&sol;p&gt;
&lt;p&gt;&lt;strong&gt;Note: &lt;&sol;strong&gt;Providers are reminded to refer to the long descriptors of the CPT codes in their CPT book.&lt;&sol;p&gt;",07/10/2026
58812,81,15,"&lt;p&gt;&lt;br &sol;&gt;&lt;strong&gt;SNP Identification (2-10)&lt;&sol;strong&gt;&lt;&sol;p&gt;
&lt;p&gt;&lt;strong&gt;Note: &lt;&sol;strong&gt;Providers are reminded to refer to the long descriptors of the CPT codes in their CPT book.&lt;&sol;p&gt;",07/10/2026
58812,81,16,"&lt;p&gt;&lt;br &sol;&gt;&lt;strong&gt;Exon DNA Sequence Analysis, Exon Mutation Scanning or Duplication&sol;Deletion Analysis, Cytogenomic Array Analysis, and&sol;or Specific Full Gene Sequencing&lt;&sol;strong&gt;&lt;&sol;p&gt;
&lt;p&gt;&lt;strong&gt;Note:&lt;&sol;strong&gt; Providers are reminded to refer to the long descriptors of the CPT codes in their CPT book.&lt;&sol;p&gt;",07/10/2026
58812,81,17,"&lt;p&gt;&lt;br &sol;&gt;&lt;strong&gt;CYP2B6 Testing&lt;&sol;strong&gt;&lt;&sol;p&gt;
&lt;p&gt;Report code 81479 and gene test CYP2B6 in the claim narrative&sol;remarks.&lt;&sol;p&gt;
&lt;p&gt;&lt;strong&gt;Note: &lt;&sol;strong&gt;Providers are reminded to refer to the long descriptors of the CPT codes in their CPT book.&lt;&sol;p&gt;",07/10/2026
58812,81,18,"&lt;p&gt;&lt;br &sol;&gt;&lt;strong&gt;CYP4F2 Testing&lt;&sol;strong&gt;&lt;&sol;p&gt;
&lt;p&gt;Report code 81479 and gene test CYP4F2 in the claim narrative&sol;remarks.&lt;&sol;p&gt;
&lt;p&gt;&lt;strong&gt;Note: &lt;&sol;strong&gt;Providers are reminded to refer to the long descriptors of the CPT codes in their CPT book.&lt;&sol;p&gt;",07/10/2026
58812,81,19,"&lt;p&gt;&lt;br &sol;&gt;&lt;strong&gt;CACNA1S Testing&lt;&sol;strong&gt;&lt;&sol;p&gt;
&lt;p&gt;Report code 81479 and gene test CACNA1S in the claim narrative&sol;remarks.&lt;&sol;p&gt;
&lt;p&gt;&lt;strong&gt;Note: &lt;&sol;strong&gt;Providers are reminded to refer to the long descriptors of the CPT codes in their CPT book.&lt;&sol;p&gt;",07/10/2026
58812,81,20,"&lt;p&gt;&lt;br &sol;&gt;&lt;strong&gt;BCHE Testing&lt;&sol;strong&gt;&lt;&sol;p&gt;
&lt;p&gt;Report code 81479 and gene test BCHE in the claim narrative&sol;remarks.&lt;&sol;p&gt;
&lt;p&gt;&lt;strong&gt;Note: &lt;&sol;strong&gt;Providers are reminded to refer to the long descriptors of the CPT codes in their CPT book.&lt;&sol;p&gt;",07/10/2026
58812,81,21,"&lt;p&gt;&lt;br &sol;&gt;&lt;strong&gt;IFNL4 Testing&lt;&sol;strong&gt;&lt;&sol;p&gt;
&lt;p&gt;Report code 81479 and gene test IFNL4 in the claim narrative&sol;remarks.&lt;&sol;p&gt;
&lt;p&gt;&lt;strong&gt;Note: &lt;&sol;strong&gt;Providers are reminded to refer to the long descriptors of the CPT codes in their CPT book.&lt;&sol;p&gt;",07/10/2026
58812,81,22,"&lt;p&gt;&lt;br &sol;&gt;&lt;strong&gt;NAT2 Testing&lt;&sol;strong&gt;&lt;&sol;p&gt;
&lt;p&gt;Report code 81479 and gene test NAT2 in the claim narrative&sol;remarks.&lt;&sol;p&gt;
&lt;p&gt;&lt;strong&gt;Note: &lt;&sol;strong&gt;Providers are reminded to refer to the long descriptors of the CPT codes in their CPT book.&lt;&sol;p&gt;",07/10/2026
58812,81,23,"&lt;p&gt;&lt;br &sol;&gt;&lt;strong&gt;Nonspecific (NAT) Testing&lt;&sol;strong&gt;&lt;&sol;p&gt;
&lt;p&gt;Report code 81479 and gene test Nonspecific (NAT) in the claim narrative&sol;remarks.&lt;&sol;p&gt;
&lt;p&gt;&lt;strong&gt;Note:&lt;&sol;strong&gt; Providers are reminded to refer to the long descriptors of the CPT codes in their CPT book.&lt;&sol;p&gt;",07/10/2026
58812,81,24,"&lt;p&gt;&lt;br &sol;&gt;&lt;strong&gt;Junior (JR) Blood Group Antigen Testing&lt;&sol;strong&gt;&lt;&sol;p&gt;
&lt;p&gt;&lt;strong&gt;Note: &lt;&sol;strong&gt;Providers are reminded to refer to the long descriptors of the CPT codes in their CPT book.&lt;&sol;p&gt;",07/10/2026
58812,81,25,"&lt;p&gt;&lt;br &sol;&gt;&lt;strong&gt;Non-Covered&lt;&sol;strong&gt;&lt;&sol;p&gt;
&lt;p&gt;Consistent with the LCD, CPT codes in Group 25 are Non-Covered for Pharmacogenomic Testing.&lt;&sol;p&gt;
&lt;p&gt;&lt;strong&gt;Note: &lt;&sol;strong&gt;Providers are reminded to refer to the long descriptors of the CPT codes in their CPT book.&lt;&sol;p&gt;",07/10/2026
58801,85,1,"&lt;p&gt;&lt;br &sol;&gt;&lt;strong&gt;CFTR Gene Analysis&lt;&sol;strong&gt;&lt;&sol;p&gt;
&lt;p&gt;&lt;strong&gt;&lt;span style=&quot;line-height: 115%;&quot;&gt;Note: &lt;&sol;span&gt;&lt;&sol;strong&gt;&lt;span style=&quot;line-height: 115%;&quot;&gt;Providers are reminded to refer to the long descriptors of the CPT codes in their CPT book.&lt;strong&gt; &lt;&sol;strong&gt;&lt;&sol;span&gt;&lt;&sol;p&gt;",07/10/2026
58801,85,2,"&lt;p&gt;&lt;br &sol;&gt;&lt;strong&gt;CYP2C19 Gene Analysis &lt;&sol;strong&gt;&lt;&sol;p&gt;
&lt;p&gt;&lt;strong&gt;Note:&lt;&sol;strong&gt; Providers are reminded to refer to the long descriptors of the CPT codes in their CPT book.&lt;&sol;p&gt;",07/10/2026
58801,85,3,"&lt;p&gt;&lt;br &sol;&gt;&lt;strong&gt;CYP2D6 Gene Analysis and Additional Testing for Conclusive Genotyping&lt;&sol;strong&gt;&lt;&sol;p&gt;
&lt;p&gt;&lt;strong&gt;Note:&lt;&sol;strong&gt; Providers are reminded to refer to the long descriptors of the CPT codes in their CPT book.&lt;&sol;p&gt;",07/10/2026
58801,85,4,"&lt;p&gt;&lt;br &sol;&gt;&lt;strong&gt;CYP2D6 Gene Analysis including Pharmacogenomic Testing for Psychiatric Medication Management&lt;&sol;strong&gt;&lt;&sol;p&gt;
&lt;p&gt;&lt;strong&gt;Note: &lt;&sol;strong&gt;Providers are reminded to refer to the long descriptors of the CPT codes in their CPT book.&lt;&sol;p&gt;",07/10/2026
58801,85,5,"&lt;p&gt;&lt;br &sol;&gt;&lt;strong&gt;CYP2C9 Gene Analysis&lt;&sol;strong&gt;&lt;&sol;p&gt;
&lt;p&gt;&lt;strong&gt;Note:&lt;&sol;strong&gt; Providers are reminded to refer to the long descriptors of the CPT codes in their CPT book.&lt;&sol;p&gt;",07/10/2026
58801,85,6,"&lt;p&gt;&lt;br &sol;&gt;&lt;strong&gt;CYP3A5 Gene Analysis&lt;&sol;strong&gt;&lt;&sol;p&gt;
&lt;p&gt;&lt;strong&gt;Note:&lt;&sol;strong&gt; Providers are reminded to refer to the long descriptors of the CPT codes in their CPT book.&lt;&sol;p&gt;",07/10/2026
58801,85,7,"&lt;p&gt;&lt;br &sol;&gt;&lt;strong&gt;DPYD Gene Analysis&lt;&sol;strong&gt;&lt;&sol;p&gt;
&lt;p&gt;&lt;strong&gt;Note:&lt;&sol;strong&gt; Providers are reminded to refer to the long descriptors of the CPT codes in their CPT book.&lt;&sol;p&gt;",07/10/2026
58801,85,8,"&lt;p&gt;&lt;br &sol;&gt;&lt;strong&gt;G6PD Gene Analysis&lt;&sol;strong&gt;&lt;&sol;p&gt;
&lt;p&gt;&lt;strong&gt;Note:&lt;&sol;strong&gt; Providers are reminded to refer to the long descriptors of the CPT codes in their CPT book.&lt;&sol;p&gt;",07/10/2026
58801,85,9,"&lt;p&gt;&lt;br &sol;&gt;&lt;strong&gt;IFNL3 Gene Analysis&lt;&sol;strong&gt;&lt;&sol;p&gt;
&lt;p&gt;&lt;strong&gt;Note: &lt;&sol;strong&gt;Providers are reminded to refer to the long descriptors of the CPT codes in their CPT book.&lt;&sol;p&gt;",07/10/2026
58801,85,10,"&lt;p&gt;&lt;br &sol;&gt;&lt;strong&gt;NUDT15 and&sol;or TPMT Gene Analysis&lt;&sol;strong&gt;&lt;&sol;p&gt;
&lt;p&gt;&lt;strong&gt;Note: &lt;&sol;strong&gt;Providers are reminded to refer to the long descriptors of the CPT codes in their CPT book.&lt;&sol;p&gt;",07/10/2026
58801,85,11,"&lt;p&gt;&lt;br &sol;&gt;&lt;strong&gt;SLCO1B1 Gene Analysis&lt;&sol;strong&gt;&lt;&sol;p&gt;
&lt;p&gt;&lt;strong&gt;Note:&lt;&sol;strong&gt; Providers are reminded to refer to the long descriptors of the CPT codes in their CPT book.&lt;&sol;p&gt;",07/10/2026
58801,85,12,"&lt;p&gt;&lt;br &sol;&gt;&lt;strong&gt;UGT1A1 Gene Analysis&lt;&sol;strong&gt;&lt;&sol;p&gt;
&lt;p&gt;&lt;strong&gt;Note: &lt;&sol;strong&gt;Providers are reminded to refer to the long descriptors of the CPT codes in their CPT book.&lt;&sol;p&gt;",07/10/2026
58801,85,13,"&lt;p&gt;&lt;br &sol;&gt;&lt;strong&gt;HLA Class I Typing&lt;&sol;strong&gt;&lt;&sol;p&gt;
&lt;p&gt;&lt;strong&gt;Note: &lt;&sol;strong&gt;Providers are reminded to refer to the long descriptors of the CPT codes in their CPT book.&lt;&sol;p&gt;",07/10/2026
58801,85,14,"&lt;p&gt;&lt;br &sol;&gt;&lt;strong&gt;HLA Class II Typing&lt;&sol;strong&gt;&lt;&sol;p&gt;
&lt;p&gt;&lt;strong&gt;Note: &lt;&sol;strong&gt;Providers are reminded to refer to the long descriptors of the CPT codes in their CPT book.&lt;&sol;p&gt;",07/10/2026
58801,85,15,"&lt;p&gt;&lt;br &sol;&gt;&lt;strong&gt;SNP Identification (2-10)&lt;&sol;strong&gt;&lt;&sol;p&gt;
&lt;p&gt;&lt;strong&gt;Note: &lt;&sol;strong&gt;Providers are reminded to refer to the long descriptors of the CPT codes in their CPT book.&lt;&sol;p&gt;",07/10/2026
58801,85,16,"&lt;p&gt;&lt;br &sol;&gt;&lt;strong&gt;Exon DNA Sequence Analysis, Exon Mutation Scanning or Duplication&sol;Deletion Analysis, Cytogenomic Array Analysis, and&sol;or Specific Full Gene Sequencing&lt;&sol;strong&gt;&lt;&sol;p&gt;
&lt;p&gt;&lt;strong&gt;Note:&lt;&sol;strong&gt; Providers are reminded to refer to the long descriptors of the CPT codes in their CPT book.&lt;&sol;p&gt;",07/10/2026
58801,85,17,"&lt;p&gt;&lt;br &sol;&gt;&lt;strong&gt;CYP2B6 Testing&lt;&sol;strong&gt;&lt;&sol;p&gt;
&lt;p&gt;Report code 81479 and gene test CYP2B6 in the claim narrative&sol;remarks.&lt;&sol;p&gt;
&lt;p&gt;&lt;strong&gt;Note: &lt;&sol;strong&gt;Providers are reminded to refer to the long descriptors of the CPT codes in their CPT book.&lt;&sol;p&gt;",07/10/2026
58801,85,18,"&lt;p&gt;&lt;br &sol;&gt;&lt;strong&gt;CYP4F2 Testing&lt;&sol;strong&gt;&lt;&sol;p&gt;
&lt;p&gt;Report code 81479 and gene test CYP4F2 in the claim narrative&sol;remarks.&lt;&sol;p&gt;
&lt;p&gt;&lt;strong&gt;Note: &lt;&sol;strong&gt;Providers are reminded to refer to the long descriptors of the CPT codes in their CPT book.&lt;&sol;p&gt;",07/10/2026
58801,85,19,"&lt;p&gt;&lt;br &sol;&gt;&lt;strong&gt;CACNA1S Testing&lt;&sol;strong&gt;&lt;&sol;p&gt;
&lt;p&gt;Report code 81479 and gene test CACNA1S in the claim narrative&sol;remarks.&lt;&sol;p&gt;
&lt;p&gt;&lt;strong&gt;Note: &lt;&sol;strong&gt;Providers are reminded to refer to the long descriptors of the CPT codes in their CPT book.&lt;&sol;p&gt;",07/10/2026
58801,85,20,"&lt;p&gt;&lt;br &sol;&gt;&lt;strong&gt;BCHE Testing&lt;&sol;strong&gt;&lt;&sol;p&gt;
&lt;p&gt;Report code 81479 and gene test BCHE in the claim narrative&sol;remarks.&lt;&sol;p&gt;
&lt;p&gt;&lt;strong&gt;Note: &lt;&sol;strong&gt;Providers are reminded to refer to the long descriptors of the CPT codes in their CPT book.&lt;&sol;p&gt;",07/10/2026
58801,85,21,"&lt;p&gt;&lt;br &sol;&gt;&lt;strong&gt;IFNL4 Testing&lt;&sol;strong&gt;&lt;&sol;p&gt;
&lt;p&gt;Report code 81479 and gene test IFNL4 in the claim narrative&sol;remarks.&lt;&sol;p&gt;
&lt;p&gt;&lt;strong&gt;Note: &lt;&sol;strong&gt;Providers are reminded to refer to the long descriptors of the CPT codes in their CPT book.&lt;&sol;p&gt;",07/10/2026
58801,85,22,"&lt;p&gt;&lt;br &sol;&gt;&lt;strong&gt;NAT2 Testing&lt;&sol;strong&gt;&lt;&sol;p&gt;
&lt;p&gt;Report code 81479 and gene test NAT2 in the claim narrative&sol;remarks.&lt;&sol;p&gt;
&lt;p&gt;&lt;strong&gt;Note: &lt;&sol;strong&gt;Providers are reminded to refer to the long descriptors of the CPT codes in their CPT book.&lt;&sol;p&gt;",07/10/2026
58801,85,23,"&lt;p&gt;&lt;br &sol;&gt;&lt;strong&gt;Nonspecific (NAT) Testing&lt;&sol;strong&gt;&lt;&sol;p&gt;
&lt;p&gt;Report code 81479 and gene test Nonspecific (NAT) in the claim narrative&sol;remarks.&lt;&sol;p&gt;
&lt;p&gt;&lt;strong&gt;Note:&lt;&sol;strong&gt; Providers are reminded to refer to the long descriptors of the CPT codes in their CPT book.&lt;&sol;p&gt;",07/10/2026
58801,85,24,"&lt;p&gt;&lt;br &sol;&gt;&lt;strong&gt;Junior (JR) Blood Group Antigen Testing&lt;&sol;strong&gt;&lt;&sol;p&gt;
&lt;p&gt;&lt;strong&gt;Note: &lt;&sol;strong&gt;Providers are reminded to refer to the long descriptors of the CPT codes in their CPT book.&lt;&sol;p&gt;",07/10/2026
58801,85,25,"&lt;p&gt;&lt;br &sol;&gt;&lt;strong&gt;Non-Covered&lt;&sol;strong&gt;&lt;&sol;p&gt;
&lt;p&gt;Consistent with the LCD, CPT codes in Group 25 are Non-Covered for Pharmacogenomic Testing.&lt;&sol;p&gt;
&lt;p&gt;&lt;strong&gt;Note: &lt;&sol;strong&gt;Providers are reminded to refer to the long descriptors of the CPT codes in their CPT book.&lt;&sol;p&gt;",07/10/2026
57778,59,1,"&lt;p&gt;&lt;br &sol;&gt;&lt;strong&gt;Intravenous Formulations of Immune Globulin&lt;&sol;strong&gt;&lt;&sol;p&gt;
&lt;p&gt;When billing HCPCS code J1561 or J1569, append the JA modifier for the intravenous formulation.&lt;&sol;p&gt;
&lt;p&gt;Report HCPCS code J1566 for Injection intravenous, Carimune NF and Gammagard S&sol;D&lt;&sol;p&gt;
&lt;p&gt;&lt;strong&gt;Note:&lt;&sol;strong&gt; Providers are reminded to refer to the long descriptors of the HCPCS codes in their HCPCS book.&lt;&sol;p&gt;",07/10/2026
57778,59,2,"&lt;p&gt;&lt;br &sol;&gt;&lt;strong&gt;Subcutaneous Formulations of Immune Globulin&lt;br &sol;&gt;&lt;br &sol;&gt;&lt;&sol;strong&gt;When billing HCPCS code J1561 or J1569, append the JB modifier for the subcutaneous formulation.&lt;&sol;p&gt;
&lt;p&gt;&lt;strong&gt;Note: &lt;&sol;strong&gt;Providers are reminded to refer to the long descriptors of the HCPCS codes in their HCPCS book.&lt;&sol;p&gt;",07/10/2026
56786,77,1,"&lt;p&gt;&lt;br &sol;&gt;&lt;strong&gt;Intravenous Formulations of Immune Globulin&lt;&sol;strong&gt;&lt;&sol;p&gt;
&lt;p&gt;When billing HCPCS code J1561 or J1569, append the JA modifier for the intravenous formulation.&lt;&sol;p&gt;
&lt;p&gt;Report HCPCS code J1566 for Injection intravenous, Carimune NF and Gammagard S&sol;D&lt;&sol;p&gt;
&lt;p&gt;&lt;strong&gt;Note: &lt;&sol;strong&gt;Providers are reminded to refer to the long descriptors of the HCPCS codes in their HCPCS book.&lt;&sol;p&gt;",07/10/2026
56786,77,2,"&lt;p&gt;&lt;br &sol;&gt;&lt;strong&gt;Subcutaneous Formulations of Immune Globulin&lt;&sol;strong&gt;&lt;&sol;p&gt;
&lt;p&gt;When billing HCPCS code J1561 or J1569, append the JB modifier for the subcutaneous formulation.&lt;&sol;p&gt;
&lt;p&gt;&lt;strong&gt;Note: &lt;&sol;strong&gt;Providers are reminded to refer to the long descriptors of the HCPCS codes in their HCPCS book.&lt;&sol;p&gt;",07/10/2026
60146,6,1,,07/08/2026
60161,4,1,,07/08/2026
52513,50,1,,07/02/2026
58747,65,1,"&lt;p&gt;&lt;strong&gt;&lt;span style=&quot;line-height: 115%;&quot;&gt;Targeted Respiratory Panels:&lt;&sol;span&gt;&lt;&sol;strong&gt;&lt;&sol;p&gt;
&lt;p&gt;&lt;span style=&quot;line-height: 115%;&quot;&gt; &lt;&sol;span&gt;&lt;&sol;p&gt;
&lt;p&gt;&lt;span style=&quot;line-height: 115%;&quot;&gt;These codes are covered under limited circumstances. &lt;&sol;span&gt;&lt;&sol;p&gt;",07/02/2026
58747,65,2,"&lt;p&gt;&lt;strong&gt;&lt;span style=&quot;line-height: 115%;&quot;&gt;Targeted Gastrointestinal&lt;&sol;span&gt;&lt;&sol;strong&gt;&lt;strong&gt;&lt;span style=&quot;line-height: 115%;&quot;&gt; Panels:&lt;&sol;span&gt;&lt;&sol;strong&gt;&lt;&sol;p&gt;
&lt;p&gt;&lt;span style=&quot;line-height: 115%;&quot;&gt; &lt;&sol;span&gt;&lt;&sol;p&gt;
&lt;p&gt;&lt;span style=&quot;line-height: 115%;&quot;&gt;This code is covered under limited circumstances. &lt;&sol;span&gt;&lt;&sol;p&gt;",07/02/2026
58747,65,3,"&lt;p&gt;&lt;strong&gt;&lt;span style=&quot;line-height: 115%;&quot;&gt;Meningoencephalitis&lt;&sol;span&gt;&lt;&sol;strong&gt;&lt;strong&gt;&lt;span style=&quot;line-height: 115%;&quot;&gt; Panels:&lt;&sol;span&gt;&lt;&sol;strong&gt;&lt;&sol;p&gt;
&lt;p&gt;&lt;span style=&quot;line-height: 115%;&quot;&gt; &lt;&sol;span&gt;&lt;&sol;p&gt;
&lt;p&gt;&lt;span style=&quot;line-height: 115%;&quot;&gt;This code is covered under limited circumstances. &lt;&sol;span&gt;&lt;&sol;p&gt;",07/02/2026
58747,65,4,"&lt;p&gt;&lt;strong&gt;&lt;span style=&quot;line-height: 115%;&quot;&gt;Bloodstream Infection&lt;&sol;span&gt;&lt;&sol;strong&gt;&lt;strong&gt;&lt;span style=&quot;line-height: 115%;&quot;&gt; Panels:&lt;&sol;span&gt;&lt;&sol;strong&gt;&lt;&sol;p&gt;
&lt;p&gt;&lt;span style=&quot;line-height: 115%;&quot;&gt; &lt;&sol;span&gt;&lt;&sol;p&gt;
&lt;p&gt;&lt;span style=&quot;line-height: 115%;&quot;&gt;This code is covered under limited circumstances. &lt;&sol;span&gt;&lt;&sol;p&gt;",07/02/2026
58747,65,5,"&lt;p&gt;&lt;strong&gt;&lt;span style=&quot;line-height: 115%;&quot;&gt;Urogenital&sol;Anogenital&lt;&sol;span&gt;&lt;&sol;strong&gt;&lt;strong&gt;&lt;span style=&quot;line-height: 115%;&quot;&gt; Panels:&lt;&sol;span&gt;&lt;&sol;strong&gt;&lt;&sol;p&gt;
&lt;p&gt;&lt;span style=&quot;line-height: 115%;&quot;&gt; &lt;&sol;span&gt;&lt;&sol;p&gt;
&lt;p&gt;&lt;span style=&quot;line-height: 115%;&quot;&gt;These codes are covered under limited circumstances. &lt;&sol;span&gt;&lt;&sol;p&gt;",07/02/2026
58747,65,6,"&lt;p&gt;&lt;strong&gt;&lt;span style=&quot;line-height: 115%;&quot;&gt;Expanded Respiratory and Pneumonia Panels: &lt;&sol;span&gt;&lt;&sol;strong&gt;&lt;&sol;p&gt;
&lt;p&gt;&lt;strong&gt;&lt;span style=&quot;line-height: 115%;&quot;&gt; &lt;&sol;span&gt;&lt;&sol;strong&gt;&lt;&sol;p&gt;
&lt;p&gt;&lt;span style=&quot;line-height: 115%;&quot;&gt;Covered under limited circumstances. Per policy, these codes are covered in beneficiaries with serious or critical illness or at imminent risk of becoming seriously or critically ill, immunodeficiency, and&sol;or severe underlying condition contributory to testing using an expanded syndromic panel.&amp;nbsp;&lt;&sol;span&gt;&lt;&sol;p&gt;
&lt;p style=&quot;line-height: 121%; padding-left: 40px;&quot;&gt;Testing is billed according to 1 of the following:&lt;&sol;p&gt;
&lt;p style=&quot;line-height: 121%; padding-left: 80px;&quot;&gt;(a) Places of service (POS) 19, 21, 22, 23, OR&lt;&sol;p&gt;
&lt;p style=&quot;line-height: 121%; padding-left: 80px;&quot;&gt;(b) The test is ordered as follows (&lt;strong&gt;for healthcare POS other than those listed in (a)&lt;&sol;strong&gt;):&lt;&sol;p&gt;
&lt;p style=&quot;line-height: 121%; padding-left: 120px;&quot;&gt;(1) &lt;strong&gt;For immune-competent beneficiaries&lt;&sol;strong&gt;, the test must be ordered by an Infectious Disease Specialist or&amp;nbsp;Pulmonologist who is diagnosing and treating the beneficiary.&lt;&sol;p&gt;
&lt;p style=&quot;line-height: 121%; padding-left: 120px;&quot;&gt;(2)&lt;strong&gt; For immune-compromised beneficiaries&lt;&sol;strong&gt;, the test must be ordered by a clinician specialist in 1 of the following: Infectious Diseases, Oncology, Transplant (for any panel), or Pulmonologist who is diagnosing and treating the beneficiary.&lt;&sol;p&gt;
&lt;p style=&quot;line-height: 121%; padding-left: 120px;&quot;&gt;(3) Regarding (1) and (2), An exception may be made in geographic locations where the specialist(s) cannot be reasonably reached by the beneficiary, and the ordering provider is located closer to the beneficiary&amp;rsquo;s place of residence than the nearest specialist. We would generally expect that beneficiaries for whom the test is ordered under this exception to be living in rural locations, islands, or some other location where access to care is limited.&lt;&sol;p&gt;
&lt;p style=&quot;line-height: 121%; padding-left: 120px;&quot;&gt;(4) For testing in POS other than POS 19, 21, 22, or 23, to bill one of the Group 6 CPT codes,&amp;nbsp;&lt;strong&gt;TWO&lt;&sol;strong&gt; ICD-10 codes are required-one from Group 6 and another from Group 1.&lt;&sol;p&gt;",07/02/2026
58747,65,7,"&lt;p&gt;&lt;strong&gt;&lt;span style=&quot;line-height: 115%;&quot;&gt;Expanded Gastrointestinal Panels:&lt;&sol;span&gt;&lt;&sol;strong&gt;&lt;span style=&quot;line-height: 115%;&quot;&gt; &lt;&sol;span&gt;&lt;&sol;p&gt;
&lt;p&gt;&lt;span style=&quot;line-height: 115%;&quot;&gt;Covered under limited circumstances. Per policy, these codes are covered in beneficiaries with serious or critical illness or at imminent risk of becoming seriously or critically ill, immunodeficiency, and&sol;or severe underlying condition contributory to testing using an expanded syndromic panel. &lt;&sol;span&gt;&lt;&sol;p&gt;
&lt;p&gt;&lt;span style=&quot;line-height: 115%;&quot;&gt; &lt;&sol;span&gt;&lt;&sol;p&gt;
&lt;p style=&quot;line-height: 121%; padding-left: 40px;&quot;&gt;(a) Places of service (POS) 19, 21, 22, 23, OR&lt;&sol;p&gt;
&lt;p style=&quot;line-height: 121%; padding-left: 40px;&quot;&gt;(b) The test is ordered as follows (&lt;strong&gt;for healthcare POS other than those listed in (a)&lt;&sol;strong&gt;):&lt;&sol;p&gt;
&lt;p style=&quot;line-height: 121%; padding-left: 80px;&quot;&gt;(1) &lt;strong&gt;For immune-competent beneficiaries&lt;&sol;strong&gt;, the test must be ordered by an Infectious Disease Specialist or Gastroenterologist who is diagnosing and treating the beneficiary.&lt;&sol;p&gt;
&lt;p style=&quot;line-height: 121%; padding-left: 80px;&quot;&gt;(2)&lt;strong&gt; For immune-compromised beneficiaries&lt;&sol;strong&gt;, the test must be ordered by a clinician specialist in 1 of the following: Infectious Diseases, Oncology, Transplant (for any panel), or Gastroenterologist who is diagnosing and treating the beneficiary.&lt;&sol;p&gt;
&lt;p style=&quot;padding-left: 80px;&quot;&gt;&lt;span style=&quot;line-height: 115%;&quot;&gt;(3) Regarding (1) and (2), An exception may be made in geographic locations where the specialist(s) cannot be reasonably reached by the beneficiary, and the ordering provider is located closer to the beneficiary&amp;rsquo;s place of residence than the nearest specialist. We would generally expect that beneficiaries for whom the test is ordered under this exception to be living in rural locations, islands, or some other location where access to care is limited.&lt;&sol;span&gt;&lt;&sol;p&gt;
&lt;p style=&quot;padding-left: 80px;&quot;&gt;&lt;span style=&quot;line-height: 115%;&quot;&gt;(4) For testing in POS other than POS 19, 21, 22, or 23, to bill one of the Group 7 CPT codes,&amp;nbsp;&lt;strong&gt;TWO&amp;nbsp;&lt;&sol;strong&gt;ICD-10 codes are required-one from Group 7 and another from Group 2.&lt;&sol;span&gt;&lt;&sol;p&gt;",07/02/2026
58747,65,8,"&lt;p&gt;&lt;strong&gt;Conditionally Non-covered CPT codes:&lt;&sol;strong&gt;&lt;&sol;p&gt;
&lt;p&gt;The following CPT codes are NOT covered for a given beneficiary on the same DOS when &lt;strong&gt;&amp;gt;1&lt;&sol;strong&gt; is billed in combination with another CPT or PLA code from Groups 1-7 &lt;em&gt;for the same intended use.&lt;&sol;em&gt;&lt;&sol;p&gt;
&lt;p&gt;Additionally, the following CPT codes are NOT covered for a given beneficiary on the same DOS when &lt;strong&gt;&amp;gt;2&lt;&sol;strong&gt; are billed &lt;em&gt;for the same intended use.&lt;&sol;em&gt;&lt;&sol;p&gt;",07/02/2026
58747,65,9,"&lt;p&gt;&lt;strong&gt;Zoonotic Infection Panels:&lt;&sol;strong&gt;&lt;&sol;p&gt;
&lt;p&gt;This code is reimbursed under limited circumstances.&lt;&sol;p&gt;
&lt;p&gt;&lt;strong&gt;Note also the additional diagnostic guidance provided by the Centers for Disease Control and Prevention (CDC): &lt;a href=&quot;https:&sol;&sol;www.cdc.gov&sol;ticks&sol;hcp&sol;data-research&sol;tickborne-disease-reference-guide&sol;&quot; target=&quot;_blank&quot; rel=&quot;noopener&quot;&gt;https:&sol;&sol;www.cdc.gov&sol;ticks&sol;hcp&sol;data-research&sol;tickborne-disease-reference-guide&sol;&lt;&sol;a&gt;&lt;&sol;strong&gt;&lt;&sol;p&gt;",07/02/2026
58747,65,10,"&lt;p&gt;&lt;strong&gt;Joint Infection Panels&lt;&sol;strong&gt;:&lt;&sol;p&gt;
&lt;p&gt;This code is reimbursed under limited circumstances.&lt;&sol;p&gt;",07/02/2026
58747,65,11,"&lt;p&gt;&lt;p style=&quot;text-align: justify; line-height: 98%;&quot;&gt;&lt;strong&gt;&lt;span style=&quot;line-height: 98%;&quot;&gt;Non-Urogenital&sol;Anogenital Cutaneous&sol;Mucocutaneous &lt;&sol;span&gt;&lt;&sol;strong&gt;&lt;strong&gt;&lt;span style=&quot;line-height: 98%;&quot;&gt;Lesion Panels:&lt;&sol;span&gt;&lt;&sol;strong&gt;&lt;&sol;p&gt;
&lt;p style=&quot;text-align: justify; line-height: 98%;&quot;&gt;&lt;span style=&quot;line-height: 98%;&quot;&gt;This code is reimbursed under limited circumstances.&lt;&sol;span&gt;&lt;&sol;p&gt;&lt;&sol;p&gt;",07/02/2026
58747,65,12,"&lt;p&gt;&lt;p style=&quot;line-height: 12.2pt;&quot;&gt;&lt;strong&gt;Onychomycosis Panels:&lt;&sol;strong&gt;&lt;&sol;p&gt;
&lt;p style=&quot;line-height: 90%;&quot;&gt;&lt;span style=&quot;line-height: 90%;&quot;&gt;This code is only reimbursed for patients with a confirmed histopathologic diagnosis of an infiltrative&sol;invasive fungal onychomycosis and whose culture (and antifungal susceptibility) of the nail is negative or cannot be performed.&lt;&sol;span&gt;&lt;&sol;p&gt;&lt;&sol;p&gt;",07/02/2026
56452,22,1,"&lt;p&gt;&lt;span style=&quot;display: inline !important; float: none; background-color: #ffffff; color: #000000; font-family: Verdana,Arial,Helvetica,sans-serif; font-size: 14px; font-style: normal; font-variant: normal; font-weight: 400; letter-spacing: normal; orphans: 2; text-align: left; text-decoration: none; text-indent: 0px; text-transform: none; -webkit-text-stroke-width: 0px; white-space: normal; word-spacing: 0px;&quot;&gt;CPT codes 93228, 93229, 93268, 93270, 93271 and 93272 are revised effective 01&sol;01&sol;2011.&lt;&sol;span&gt;&lt;&sol;p&gt;",06/27/2026
56606,22,1,,06/27/2026
60462,3,1,,06/26/2026
53387,35,1,,06/26/2026
56748,31,1,"&lt;p&gt;&lt;p style=&quot;line-height: normal;&quot;&gt;Effective for dates of service on or after January 1, 2016 through March 31, 2018 claims for Q5101 must use the ZA modifier (Q5101ZA). On or after April 1, 2018 no modifier is required to report Q5101.&lt;&sol;p&gt;&lt;&sol;p&gt;",06/26/2026
56718,39,1,,06/26/2026
55239,65,1,&lt;p&gt;N&sol;A&lt;&sol;p&gt;,06/24/2026
55426,132,1,,06/24/2026
57187,39,1,"&lt;p&gt;&lt;span style=&quot;line-height: 115%;&quot;&gt;When billing Gammagard Liquid or Gammagard Liquid ERC, utilize HCPCS J1569. &lt;&sol;span&gt;&lt;&sol;p&gt;",06/24/2026
56818,55,1,,06/22/2026
58713,13,1,"&lt;p&gt;The following tests may be billed in the post-biopsy setting (after a negative or non-malignant biopsy, as defined in the policy) for individuals contemplating a repeat biopsy:&lt;&sol;p&gt;
&lt;ul&gt;
&lt;li&gt;Progensa PCA3 assay (CPT 81313), performed on post-digital rectal exam (DRE) urine specimens&lt;&sol;li&gt;
&lt;li&gt;ConfirmMDx assay (CPT 81551), performed on formalin-fixed, paraffin embedded (FFPE) tissue specimens.&lt;&sol;li&gt;
&lt;li&gt;MyProstate Score 2.0 (MPS 2.0) (PLA 0403U), performed on first catch urine specimens&lt;&sol;li&gt;
&lt;li&gt;ExoDX Prostate assay (PLA 0005U), performed on non-DRE urine specimens&lt;&sol;li&gt;
&lt;&sol;ul&gt;",06/19/2026
58713,13,2,"&lt;p&gt;The following test may be billed in the pre-biopsy setting as defined in the policy:&lt;&sol;p&gt;
&lt;ul&gt;
&lt;li&gt;SelectMDx assay (PLA 0339U), performed on post-digital rectal exam (DRE) urine specimens&lt;&sol;li&gt;
&lt;li&gt;MyProstate Score 2.0 (MPS 2.0) (PLA 0403U), performed on first catch urine specimens&lt;&sol;li&gt;
&lt;li&gt;ExoDX Prostate assay (PLA 0005U), performed on non-DRE urine specimens&lt;&sol;li&gt;
&lt;&sol;ul&gt;",06/19/2026
52509,73,1,,06/19/2026
60217,4,1,&lt;p&gt;N&sol;A&lt;&sol;p&gt;,06/19/2026
60205,4,1,&lt;p&gt;N&sol;A&lt;&sol;p&gt;,06/19/2026
60215,4,1,&lt;p&gt;N&sol;A&lt;&sol;p&gt;,06/19/2026
53043,16,1,,06/19/2026
56157,19,1,,06/18/2026
56157,19,2,&lt;p&gt;CPT codes 20610 &amp;amp; 20611 are not restricted to the diagnosis codes in this policy.&lt;&sol;p&gt;,06/18/2026
58774,24,1,&lt;p&gt;Reconstructive Breast Surgery: Removal of Breast Implants&lt;&sol;p&gt;,06/18/2026
58774,24,2,&lt;p&gt;Reduction Mammaplasty&lt;&sol;p&gt;,06/18/2026
58774,24,3,&lt;p&gt;Mastectomy for Gynecomastia&lt;&sol;p&gt;,06/18/2026
58774,24,4,&lt;p&gt;Tattooing&lt;&sol;p&gt;,06/18/2026
58774,24,5,&lt;p&gt;Punch graft&lt;&sol;p&gt;,06/18/2026
58774,24,6,&lt;p&gt;Rhinoplasty&sol;Nasal Reconstructive Surgery&lt;&sol;p&gt;,06/18/2026
58774,24,7,&lt;p&gt;Dermabrasion&lt;&sol;p&gt;,06/18/2026
58774,24,8,&lt;p&gt;Chemical Peel&lt;&sol;p&gt;,06/18/2026
58774,24,9,"&lt;p&gt;Abdominal Lipectomy&sol;Panniculectomy&lt;&sol;p&gt;
&lt;p&gt;CPT code 15847 is an add-code and that can only be used in conjunction with CPT code 15830.&lt;&sol;p&gt;",06/18/2026
58774,24,10,&lt;p&gt;Dermal Filler and Injection&lt;&sol;p&gt;,06/18/2026
58774,24,11,&lt;p&gt;&lt;strong&gt;The following CPT codes&sol;procedures are generally considered cosmetic and may be medically reviewed or denied as non covered. &lt;&sol;strong&gt;&lt;&sol;p&gt;,06/18/2026
58774,24,12,&lt;p&gt;&lt;strong&gt;The following CPT codes&sol;procedures are considered cosmetic and will be denied as non-covered. &lt;&sol;strong&gt;&lt;&sol;p&gt;,06/18/2026
60306,3,1,&lt;p&gt;N&sol;A&lt;&sol;p&gt;,06/18/2026
55703,27,1,&lt;p&gt;Providers are reminded to refer to the long descriptors of the CPT codes in their CPT book.&lt;&sol;p&gt;,06/18/2026
57765,26,1,"&lt;p&gt;&lt;strong&gt;Total Hip Arthroplasty&lt;&sol;strong&gt;&lt;&sol;p&gt;
&lt;p&gt;&lt;strong&gt;Note:&lt;&sol;strong&gt; Providers are reminded to refer to the long descriptors of the CPT codes in their CPT book.&lt;&sol;p&gt;",06/18/2026
57765,26,2,"&lt;p&gt;&lt;strong&gt;Total Knee Arthroplasty&lt;&sol;strong&gt;&lt;&sol;p&gt;
&lt;p&gt;&lt;strong&gt;Note:&lt;&sol;strong&gt; Providers are reminded to refer to the long descriptors of the CPT codes in their CPT book.&lt;&sol;p&gt;",06/18/2026
59549,5,1,,06/18/2026
55951,21,1,&lt;p&gt;N&sol;A&lt;&sol;p&gt;,06/18/2026
59551,5,1,,06/18/2026
55224,37,1,&lt;p&gt;CPT&lt;sup&gt;&amp;#174;&lt;&sol;sup&gt; code that is also referenced in other articles&lt;&sol;p&gt;,06/18/2026
58759,13,1,"&lt;p&gt;The following tests may be billed in the post-biopsy setting (after a negative or non-malignant biopsy, as defined in the policy) for individuals contemplating a repeat biopsy:&lt;&sol;p&gt;
&lt;ul&gt;
&lt;li&gt;Progensa PCA3 assay (CPT 81313), performed on post-digital rectal exam (DRE) urine specimens&lt;&sol;li&gt;
&lt;li&gt;ConfirmMDx assay (CPT 81551), performed on formalin-fixed, paraffin embedded (FFPE) tissue specimens&lt;&sol;li&gt;
&lt;li&gt;MyProstate Score 2.0 (MPS 2.0) (PLA 0403U), performed on first catch urine specimens&lt;&sol;li&gt;
&lt;li&gt;ExoDX Prostate assay (PLA 0005U), performed on non-DRE urine specimens&lt;&sol;li&gt;
&lt;&sol;ul&gt;",06/17/2026
58759,13,2,"&lt;p&gt;The following test may be billed in the pre biopsy setting as defined in the policy:&lt;&sol;p&gt;
&lt;ul&gt;
&lt;li&gt;SelectMDx assay (PLA 0339U), performed on post-digital rectal exam (DRE) urine specimens&lt;&sol;li&gt;
&lt;li&gt;MyProstate Score 2.0 (MPS 2.0) (PLA 0403U), performed on first catch urine specimens&lt;&sol;li&gt;
&lt;li&gt;ExoDX Prostate assay (PLA 0005U), performed on non-DRE urine specimens&lt;&sol;li&gt;
&lt;&sol;ul&gt;",06/17/2026
53359,40,1,&lt;p&gt;Covered CPT&sol;HCPCS Codes:&lt;&sol;p&gt;,06/17/2026
53359,40,2,&lt;p&gt;&lt;strong&gt;Ancillary Coding&lt;&sol;strong&gt;&lt;&sol;p&gt;,06/17/2026
55061,13,1,,06/16/2026
58700,17,1,"&lt;p&gt;&lt;span style=&quot;line-height: 115%;&quot;&gt;The following tests may be billed in the post-biopsy setting (after a negative or non-malignant biopsy, as defined in the policy) for individuals contemplating a repeat biopsy:&lt;&sol;span&gt;&lt;&sol;p&gt;
&lt;p&gt;&lt;span style=&quot;line-height: 115%;&quot;&gt; &lt;&sol;span&gt;&lt;&sol;p&gt;
&lt;ul&gt;
&lt;li&gt;&lt;span style=&quot;line-height: 115%;&quot;&gt; &lt;&sol;span&gt;&lt;span style=&quot;line-height: 115%;&quot;&gt;Progensa PCA3 assay (CPT 81313), performed on post-digital rectal exam (DRE) urine specimens &lt;&sol;span&gt;&lt;&sol;li&gt;
&lt;li&gt;&lt;span style=&quot;line-height: 115%;&quot;&gt; &lt;&sol;span&gt;&lt;span style=&quot;line-height: 115%;&quot;&gt;ConfirmMDx assay (CPT 81551), performed on formalin-fixed, paraffin embedded (FFPE) tissue specimens&lt;&sol;span&gt;&lt;&sol;li&gt;
&lt;li&gt;MyProstate Score 2.0 (MPS 2.0) (PLA 0403U), performed on first catch urine specimens&lt;&sol;li&gt;
&lt;li&gt;ExoDX Prostate assay (PLA 0005U), performed on non-DRE urine specimens&lt;&sol;li&gt;
&lt;&sol;ul&gt;
&lt;p&gt;&amp;#160;&lt;&sol;p&gt;",06/16/2026
58700,17,2,"&lt;p&gt;The following test may be billed in the pre-biopsy setting as defined in the policy:&lt;&sol;p&gt;
&lt;ul&gt;
&lt;li&gt;SelectMDx assay (PLA 0339U), performed on post-digital rectal exam (DRE) urine specimens&lt;&sol;li&gt;
&lt;li&gt;MyProstate Score 2.0 (MPS 2.0) (PLA 0403U), performed on first catch urine specimens&lt;&sol;li&gt;
&lt;li&gt;ExoDX Prostate assay (PLA 0005U), performed on non-DRE urine specimens&lt;&sol;li&gt;
&lt;&sol;ul&gt;",06/16/2026
58718,16,1,"&lt;p&gt;The following tests may be billed in the post-biopsy setting (after a negative or non-malignant biopsy, as defined in the policy) for individuals contemplating a repeat biopsy:&lt;&sol;p&gt;
&lt;ul&gt;
&lt;li&gt;Progensa PCA3 assay (CPT 81313), performed on post-digital rectal exam (DRE) urine specimens&lt;&sol;li&gt;
&lt;li&gt;ConfirmMDx assay (CPT 81551), performed on formalin-fixed, paraffin embedded (FFPE) tissue specimens.&lt;&sol;li&gt;
&lt;li&gt;MyProstate Score 2.0 (MPS 2.0) (PLA 0403U), performed on first catch urine specimens&lt;&sol;li&gt;
&lt;li&gt;ExoDX Prostate assay (PLA 0005U), performed on non-DRE urine specimens&lt;&sol;li&gt;
&lt;&sol;ul&gt;",06/16/2026
58718,16,2,"&lt;p&gt;The following test may be billed in the pre-biopsy setting as defined in the policy:&lt;&sol;p&gt;
&lt;ul&gt;
&lt;li&gt;SelectMDx assay (PLA 0339U), performed on post-digital rectal exam (DRE) urine specimens&lt;&sol;li&gt;
&lt;li&gt;MyProstate Score 2.0 (MPS 2.0) (PLA 0403U), performed on first catch urine specimens&lt;&sol;li&gt;
&lt;li style=&quot;line-height: 122%;&quot;&gt;&lt;span style=&quot;line-height: 122%;&quot;&gt;ExoDX Prostate assay (PLA 0005U), performed on non-DRE urine specimens&lt;&sol;span&gt;&lt;&sol;li&gt;
&lt;&sol;ul&gt;",06/16/2026
56395,18,1,&lt;p&gt;Non-covered&lt;&sol;p&gt;,06/16/2026
56395,18,2,&lt;p&gt;EsophyX&amp;trade;: Coverage is appropriate for indications listed in L34659.&lt;&sol;p&gt;,06/16/2026
56779,25,1,,06/12/2026
56866,21,1,"&lt;p&gt;&lt;strong&gt;&lt;span style=&quot;line-height: 115%; background: white;&quot;&gt;Note: &lt;&sol;span&gt;&lt;&sol;strong&gt;&lt;span style=&quot;line-height: 115%; background: white;&quot;&gt;Providers are reminded to refer to the long descriptors of the CPT&lt;sup&gt;&amp;#174;&lt;&sol;sup&gt; codes in their CPT&lt;sup&gt;&amp;#174;&lt;&sol;sup&gt; book.&lt;&sol;span&gt;&lt;&sol;p&gt;
&lt;p&gt;&lt;strong&gt;&lt;span style=&quot;line-height: 115%; background: white;&quot;&gt; &lt;&sol;span&gt;&lt;&sol;strong&gt;&lt;&sol;p&gt;
&lt;p&gt;&lt;span style=&quot;line-height: 115%; background: white;&quot;&gt;The CPT&lt;sup&gt;&amp;#174;&lt;&sol;sup&gt; codes in Group 1 are considered medically necessary when the &lt;span style=&quot;line-height: 115%; background: white;&quot;&gt;Indications of Coverage &lt;&sol;span&gt;are met. The 90-day global periods apply.&lt;&sol;span&gt;&lt;&sol;p&gt;
&lt;p&gt;&lt;span style=&quot;line-height: 115%; background: white;&quot;&gt;Due to the laterality of eye procedures, modifiers RT, LT or 50 should be used to indicate the eye(s) being treated.&lt;&sol;span&gt;&lt;&sol;p&gt;
&lt;p&gt;&lt;strong&gt;&lt;span style=&quot;line-height: 115%; background: white;&quot;&gt; &lt;&sol;span&gt;&lt;&sol;strong&gt;&lt;&sol;p&gt;
&lt;p&gt;&lt;span style=&quot;line-height: 115%;&quot;&gt;See &lt;strong&gt;Cataract Surgery L34413 LCD&lt;&sol;strong&gt; and related &lt;strong&gt;Billing and Coding: Cataract Surgery A56613 Article&lt;&sol;strong&gt; for additional coverage indications and diagnoses.&lt;&sol;span&gt;&lt;&sol;p&gt;",06/12/2026
56866,21,2,"&lt;p&gt;&lt;span style=&quot;line-height: 115%; background: white;&quot;&gt;The CPT&lt;sup&gt;&amp;reg;&lt;&sol;sup&gt; codes in Group 2: Codes are considered medically necessary when the Indications of Coverage are met. The 90-day global periods apply.&lt;&sol;span&gt;&lt;&sol;p&gt;
&lt;p&gt;&lt;strong&gt;&lt;span style=&quot;line-height: 115%; background: white;&quot;&gt; &lt;&sol;span&gt;&lt;&sol;strong&gt;&lt;&sol;p&gt;
&lt;p&gt;&lt;span style=&quot;line-height: 115%; background: white;&quot;&gt;Do not report 0671T in conjunction with 66989 or 66991.&lt;&sol;span&gt;&lt;&sol;p&gt;",06/12/2026
56866,21,3,&lt;p&gt;&lt;span style=&quot;line-height: 115%; background: white;&quot;&gt;The following CPT&lt;sup&gt;&amp;reg;&lt;&sol;sup&gt; codes are considered not medically reasonable and necessary (non-covered).&lt;&sol;span&gt;&lt;&sol;p&gt;,06/12/2026
56346,27,1,"&lt;p&gt;&lt;strong&gt;&lt;span style=&quot;line-height: 115%;&quot;&gt;*NOTE&lt;&sol;span&gt;&lt;&sol;strong&gt;&lt;span style=&quot;line-height: 115%;&quot;&gt;: ICD-10 code D29.0 is only valid for CPT&lt;sup&gt;&amp;#174;&lt;&sol;sup&gt; codes 11420, 11421, 11422, 11423, 11424 and 11426.&lt;&sol;span&gt;&lt;&sol;p&gt;",06/12/2026
57873,31,1,&lt;p&gt;N&sol;A&lt;&sol;p&gt;,06/11/2026
57873,31,2,&lt;p&gt;The following should be reported for ABL1 Kinase Domain Mutation Analysis for the detection of acquired imatinib tyrosine kinase inhibitor resistance.&lt;&sol;p&gt;,06/11/2026
52496,64,1,,06/11/2026
52466,87,1,,06/10/2026
57948,38,1,&lt;p&gt;&lt;strong&gt;Note:&lt;&sol;strong&gt; Providers are reminded to refer to the long descriptors of the CPT codes in their CPT book.&lt;&sol;p&gt;,06/09/2026
57863,41,1,"&lt;p&gt;&lt;strong&gt;Note: &lt;&sol;strong&gt;Providers are reminded to refer to the long descriptors of the CPT codes in their CPT book.&lt;&sol;p&gt;
&lt;p&gt;The CPT codes in Group 1 are considered medically necessary when the Indications of Coverage are met. The 90-day global periods apply.&lt;&sol;p&gt;
&lt;p&gt;&lt;span style=&quot;line-height: 115%;&quot;&gt;Due to the laterality of eye procedures, modifiers RT, LT or 50 must be used to indicate the eye(s) being treated.&lt;&sol;span&gt;&lt;&sol;p&gt;
&lt;p&gt;See L34203 Cataract Surgery in Adults LCD and related B&amp;amp;C article for additional coverage indications and diagnoses.&lt;&sol;p&gt;",06/04/2026
57863,41,2,"&lt;p&gt;The CPT codes in Group 2 are considered medically necessary when the Indications of Coverage are met. The 90-day global period applies.&lt;&sol;p&gt;
&lt;p&gt;Do not report 0671T in conjunction with 66989 or 66991.&lt;&sol;p&gt;",06/04/2026
57863,41,3,&lt;p&gt;The following CPT codes are considered not medically reasonable and necessary (non-covered).&lt;&sol;p&gt;,06/04/2026
57224,68,1,,06/03/2026
57071,36,1,,05/29/2026
57070,16,1,,05/29/2026
57067,34,1,"&lt;p&gt;For most revenue codes, Outpatient Prospective Payment System (OPPS) requirements mandate CPT&sol;HCPCS coding on the claim. When the revenue code you are reporting requires CPT&sol;HCPCS coding, the appropriate code(s) may be chosen from the list below when submitting your claim to Medicare.&lt;br &sol;&gt;&lt;br &sol;&gt;This list represents common physical and occupational therapy services and is not all-inclusive.&lt;&sol;p&gt;",05/29/2026
57067,34,2,"&lt;p&gt;Telehealth Codes&lt;&sol;p&gt;
&lt;p&gt;&amp;nbsp;&lt;&sol;p&gt;
&lt;p&gt;&amp;nbsp;&lt;&sol;p&gt;",05/29/2026
57065,32,1,,05/29/2026
57858,30,1,&lt;p&gt;N&sol;A&lt;&sol;p&gt;,05/29/2026
59866,6,1,"&lt;p&gt;&lt;span style=&quot;line-height: 115%;&quot;&gt;The following CPT&sol;HCPCS codes are noncovered.&lt;&sol;span&gt;&lt;&sol;p&gt;
&lt;p&gt;&lt;span style=&quot;line-height: 115%;&quot;&gt;If using an unspecified CPT&sol;HCPCS code, add the description of &amp;#8220;intradiscal injection.&amp;#8221; Both the procedure and associated drug(s) will be denied.&lt;&sol;span&gt;&lt;&sol;p&gt;
&lt;p&gt;&lt;span style=&quot;line-height: 115%;&quot;&gt; &lt;&sol;span&gt;&lt;&sol;p&gt;
&lt;p&gt;&lt;span style=&quot;line-height: 115%;&quot;&gt;Use of CPT&sol;HCPCS 62290 for services defined in this policy will be considered incorrect coding.&lt;&sol;span&gt;&lt;&sol;p&gt;",05/28/2026
57831,30,1,,05/26/2026
57901,27,1,&lt;p&gt;N&sol;A&lt;&sol;p&gt;,05/26/2026
59882,9,1,"&lt;p&gt;&lt;span style=&quot;line-height: 115%;&quot;&gt;The following CPT&sol;HCPCS codes are noncovered.&lt;&sol;span&gt;&lt;&sol;p&gt;
&lt;p&gt;If using an unspecified CPT&sol;HCPCS code, add the description of &amp;#8220;intradiscal injection.&amp;#8221; Both the procedure and associated drug(s) will be denied.&lt;&sol;p&gt;
&lt;p&gt;&lt;span style=&quot;line-height: 115%;&quot;&gt;Use of CPT&sol;HCPCS 62290 for services defined in this policy will be considered incorrect coding.&lt;&sol;span&gt;&lt;&sol;p&gt;",05/26/2026
57284,14,1,,05/22/2026
57069,25,1,,05/22/2026
52505,80,1,,05/21/2026
58205,13,1,&lt;p&gt;N&sol;A&lt;&sol;p&gt;,05/21/2026
58477,22,1,,05/21/2026
58477,22,2,"&lt;p&gt;The following CPT&sol;HCPCS codes are non-covered*:&lt;&sol;p&gt;
&lt;p&gt;* This is not an inclusive list of non-covered codes&lt;&sol;p&gt;
&lt;p&gt;*Note: 64492 or 64495 describes a third and additional levels and should be listed separately in addition to the code for the primary procedure and the second level procedure and cannot be reported more than once per day. 64492 should be reported in conjunction with 64490&sol;64491 and 64495 should be reported in conjunction with 64493&sol;64494. Codes 64492 and 64495 will only be covered upon appeal if sufficient documentation of medical necessity is present.&lt;&sol;p&gt;",05/21/2026
59664,17,1,,05/21/2026
57566,13,1,&lt;p&gt;N&sol;A&lt;&sol;p&gt;,05/21/2026
57878,26,1,,05/21/2026
57878,26,2,&lt;p&gt;The following should be reported for ABL1 Kinase Domain Mutation Analysis for the detection of acquired imatinib tyrosine kinase inhibitor resistance.&lt;&sol;p&gt;,05/21/2026
57064,15,1,&lt;p&gt;&lt;strong&gt;&lt;span style=&quot;line-height: 107%;&quot;&gt; Note: &lt;&sol;span&gt;&lt;&sol;strong&gt;&lt;span style=&quot;line-height: 107%;&quot;&gt;Providers are reminded to refer to the long descriptors of the CPT codes in their CPT book.&lt;&sol;span&gt;&lt;&sol;p&gt;,05/17/2026
58350,24,1,&lt;p&gt;N&sol;A&lt;&sol;p&gt;,05/15/2026
58350,24,2,"&lt;p&gt;The following CPT&sol;HCPCS codes are non-covered*:&lt;&sol;p&gt;
&lt;p&gt;*This is not an inclusive list of non-covered codes.&lt;&sol;p&gt;
&lt;p&gt;&lt;span style=&quot;font-size: 10.5pt; font-family: &#39;Verdana&#39;,sans-serif;&quot;&gt;*&lt;strong&gt;Note&lt;&sol;strong&gt;: 64492 or 64495 describes a third and additional levels and should be listed separately in addition to the code for the primary procedure and the second level procedure and cannot be reported more than once per day. 64492 should be reported in conjunction with 64490&sol;64491 and 64495 should be reported in conjunction with 64493&sol;64494. Codes 64492 and 64495 will only be covered upon appeal if sufficient documentation of medical necessity is present.&lt;&sol;span&gt;&lt;&sol;p&gt;",05/15/2026
58075,24,1,"&lt;p&gt;&lt;strong&gt;&lt;span style=&quot;line-height: 115%;&quot;&gt;Note: &lt;&sol;span&gt;&lt;&sol;strong&gt;&lt;span style=&quot;line-height: 115%;&quot;&gt;CPT&lt;sup&gt;&amp;#174;&lt;&sol;sup&gt; codes related to component(s) removal, replacement or revision do not&amp;#160;require a dual diagnosis.&lt;&sol;span&gt;&lt;&sol;p&gt;",05/15/2026
60222,4,1,"&lt;p&gt;&lt;span style=&quot;line-height: 115%;&quot;&gt;47384 - &lt;&sol;span&gt;&lt;span style=&quot;line-height: 115%;&quot;&gt;The use of this code will require the addition of a -KX modifier to demonstrate that the metastic colon cancer to the liver cannot be safely resected or ablated with margins due to proximity to central bile ducts or other structures that cannot be protected.&lt;&sol;span&gt;&lt;&sol;p&gt;
&lt;p&gt;&lt;strong&gt;&lt;span style=&quot;line-height: 115%;&quot;&gt; &lt;&sol;span&gt;&lt;&sol;strong&gt;&lt;&sol;p&gt;
&lt;p&gt;&lt;span style=&quot;line-height: 115%;&quot;&gt;55877 - The use of this code will require the addition of a -KX modifier to demonstrate that the prostate cancer is Grade Group 2, favorable intermediate risk prostate cancer.&lt;&sol;span&gt;&lt;&sol;p&gt;",05/14/2026
60222,4,2,&lt;p&gt;&lt;span style=&quot;line-height: 115%;&quot;&gt;The following CPT&lt;sup&gt;&amp;#174;&lt;&sol;sup&gt;&sol;HCPCS codes are noncovered:&lt;&sol;span&gt;&lt;&sol;p&gt;,05/14/2026
58403,27,1,&lt;p&gt;N&sol;A&lt;&sol;p&gt;,05/12/2026
58403,27,2,"&lt;p&gt;&lt;span style=&quot;line-height: 107%;&quot;&gt;The following CPT&sol;HCPCS codes are non-covered*: &lt;&sol;span&gt;&lt;&sol;p&gt;
&lt;p style=&quot;line-height: 9.95pt;&quot;&gt;* this is not an inclusive list of non-covered codes.&lt;&sol;p&gt;
&lt;p&gt;*&lt;strong&gt;Note&lt;&sol;strong&gt;: 64492 or 64495 describes a third and additional levels and should be listed separately in addition to the code for the primary procedure and the second level procedure and cannot be reported more than once per day. 64492 should be reported in conjunction with 64490&sol;64491 and 64495 should be reported in conjunction with 64493&sol;64494. Codes 64492 and 64495 will only be covered upon appeal if sufficient documentation of medical necessity is present.&lt;&sol;p&gt;
&lt;p&gt;&lt;span style=&quot;line-height: 107%;&quot;&gt;&amp;nbsp;&lt;&sol;span&gt;&lt;&sol;p&gt;",05/12/2026
60286,6,1,,05/08/2026
60292,4,1,,05/08/2026
57891,39,1,&lt;p&gt;N&sol;A&lt;&sol;p&gt;,05/05/2026
57891,39,2,&lt;p&gt;&lt;!&amp;mdash;&amp;mdash;&amp;mdash;&amp;mdash;StartFragment &amp;mdash;&amp;mdash;&amp;mdash;&amp;mdash;&gt;&lt;span class=&quot;cf0&quot;&gt;The following should be reported for ABL1 Kinase Domain Mutation Analysis for the detection of acquired imatinib tyrosine kinase inhibitor resistance.&lt;&sol;span&gt;&lt;!&amp;mdash;&amp;mdash;&amp;mdash;&amp;mdash;EndFragment &amp;mdash;&amp;mdash;&amp;mdash;&amp;mdash;&gt;&lt;&sol;p&gt;,05/05/2026
55115,18,1,&lt;p&gt;N&sol;A&lt;&sol;p&gt;,05/05/2026
57204,45,1,&lt;p&gt;&lt;strong&gt;CT Scans&lt;&sol;strong&gt;&lt;&sol;p&gt;,05/05/2026
57204,45,2,&lt;p&gt;&lt;strong&gt;MRI Scans&lt;&sol;strong&gt;&lt;&sol;p&gt;,05/05/2026
52492,22,1,,05/05/2026
57837,30,1,,05/05/2026
57837,30,2,"&lt;p&gt;&lt;!&amp;mdash;StartFragment &amp;mdash;&gt;&lt;&sol;p&gt;
&lt;p class=&quot;pf0&quot;&gt;&lt;span class=&quot;cf0&quot;&gt;The following should be reported for ABL1 Kinase Domain Mutation Analysis for the detection of acquired imatinib tyrosine kinase inhibitor resistance.&lt;&sol;span&gt;&lt;&sol;p&gt;
&lt;p&gt;&lt;!&amp;mdash;EndFragment &amp;mdash;&gt;&lt;&sol;p&gt;",05/05/2026
53484,18,1,,05/04/2026
54767,71,1,&lt;p&gt;CPT&lt;sup&gt;&amp;reg;&lt;&sol;sup&gt; Codes&lt;&sol;p&gt;,05/01/2026
54767,71,2,&lt;p&gt;HCPCS Codes&lt;&sol;p&gt;,05/01/2026
54799,67,1,,05/01/2026
57944,25,1,&lt;p&gt;&lt;strong&gt;Note:&lt;&sol;strong&gt; Providers are reminded to refer to the long descriptors of the CPT codes in their CPT book.&lt;&sol;p&gt;,05/01/2026
55001,69,1,&lt;p&gt;&lt;br &sol;&gt;&lt;br &sol;&gt;&lt;br &sol;&gt;&lt;&sol;p&gt;,04/30/2026
58473,11,1,,04/30/2026
60185,11,1,"&lt;p&gt;Below are CPT&lt;sup&gt;&amp;#174;&lt;&sol;sup&gt;&sol;HCPCS codes related to SRT.&lt;strong&gt; &lt;&sol;strong&gt;Providers are reminded to refer to the long descriptors of the CPT&lt;sup&gt;&amp;#174;&lt;&sol;sup&gt; codes in their CPT&lt;sup&gt;&amp;#174;&lt;&sol;sup&gt; books&lt;strong&gt;.&lt;&sol;strong&gt;&lt;&sol;p&gt;
&lt;p&gt;&lt;span style=&quot;background: yellow;&quot;&gt; &lt;&sol;span&gt;&lt;&sol;p&gt;
&lt;p&gt;&lt;strong&gt;Per CPT 2026 guidance, SRT should not be reported in conjunction with megavoltage (MeV) (77402, 77407, 77412). &lt;&sol;strong&gt;&lt;&sol;p&gt;
&lt;p&gt;&lt;strong&gt; &lt;&sol;strong&gt;&lt;&sol;p&gt;
&lt;p&gt;&lt;strong&gt;To bill electronic brachytherapy treatment delivery use CPT code 77437 (e.g., electronic brachytherapy). When billing 77437 for SRT treatment delivery services covered by the LCD providers must append the KX modifier. &lt;&sol;strong&gt;&lt;&sol;p&gt;
&lt;p&gt;&lt;strong&gt; &lt;&sol;strong&gt;&lt;&sol;p&gt;
&lt;p&gt;&lt;strong&gt;For SRT treatment planning and simulation aided field setting use CPT code 77436. &lt;&sol;strong&gt;&lt;&sol;p&gt;
&lt;p&gt;CPT 77436 is not typically repeated with each treatment except when clinically indicated and documentation supports additional simulation requirements. Do not report clinical treatment planning (77261, 77262, 77263), simulation (77280, 77285, 77290, 77295), basic dosimetry calculation (77300), special dosimetry (77331), treatment devices (77332, 77333, 77334), isodose planning (77306, 77307, 77316, 77317, 77318), or radiation treatment management (77427, 77431, 77432, 77435, 77469, 77470, 77499) in conjunction with 77436 and 77437.&lt;&sol;p&gt;
&lt;p&gt;Code 77336 can only be billed when medically necessary for treatment adjustments in support of the radiation oncologist or other health care qualified professional.&lt;&sol;p&gt;
&lt;p&gt;Code 77370 is to be used when the complexity of the treatment plan is great. It is not expected that code 77370 will be reported for SRT services.&lt;&sol;p&gt;
&lt;p&gt;Use of 77370 with SRT code 77437 may lead to medical review.&lt;&sol;p&gt;",04/29/2026
60185,11,2,"&lt;p&gt;The following CPT codes are considered not medically reasonable and necessary (non-covered).&lt;&sol;p&gt;
&lt;p&gt;Electronic brachytherapy is non-covered and must be billed without a KX modifier.&lt;&sol;p&gt;
&lt;p&gt;&amp;#160;&lt;&sol;p&gt;",04/29/2026
57068,17,1,,04/29/2026
57307,38,1,,04/29/2026
57663,14,1,,04/29/2026
57663,14,2,&lt;p&gt;Use of the following CPT&sol;HCPCS Codes for these treatments is inappropriate:&lt;&sol;p&gt;,04/29/2026
56836,18,1,,04/29/2026
59809,10,1,,04/29/2026
59809,10,2,,04/29/2026
56915,37,1,&lt;p&gt;N&sol;A&lt;&sol;p&gt;,04/29/2026
56915,37,2,&lt;p&gt;&lt;strong&gt;The following CPT codes are Non-Covered by Medicare&lt;&sol;strong&gt;&lt;&sol;p&gt;,04/29/2026
60279,4,1,,04/29/2026
59350,27,1,&lt;p&gt;&lt;span style=&quot;line-height: 115%;&quot;&gt;Below are CPT&lt;sup&gt;&amp;reg;&lt;&sol;sup&gt;&sol;HCPCS codes related to Intensity Modulated Radiation Therapy (IMRT).&lt;strong&gt; &lt;&sol;strong&gt;Providers are reminded to refer to the long descriptors of the CPT&lt;sup&gt;&amp;reg;&lt;&sol;sup&gt; codes in their CPT&lt;sup&gt;&amp;reg;&lt;&sol;sup&gt; books&lt;strong&gt;.&lt;&sol;strong&gt;&lt;&sol;span&gt;&lt;&sol;p&gt;,04/28/2026
59350,27,2,&lt;p&gt;&lt;span style=&quot;line-height: 115%;&quot;&gt;Below are CPT&lt;sup&gt;&amp;reg;&lt;&sol;sup&gt;&sol;HCPCS codes for Stereotactic Radiosurgery (SRS). Providers are reminded to refer to the long descriptors of the CPT&lt;sup&gt;&amp;reg;&lt;&sol;sup&gt; codes in their CPT&lt;sup&gt;&amp;reg;&lt;&sol;sup&gt; books.&lt;&sol;span&gt;&lt;&sol;p&gt;,04/28/2026
59350,27,3,&lt;p&gt;&lt;span style=&quot;line-height: 115%;&quot;&gt;Below are CPT&lt;sup&gt;&amp;reg;&lt;&sol;sup&gt;&sol;HCPCS codes for Stereotactic Body Radiation Therapy (SBRT). Providers are reminded to refer to the long descriptors of the CPT&lt;sup&gt;&amp;reg;&lt;&sol;sup&gt; codes in their CPT&lt;sup&gt;&amp;reg;&lt;&sol;sup&gt; books.&lt;&sol;span&gt;&lt;&sol;p&gt;,04/28/2026
59674,18,1,"&lt;p&gt;&lt;strong&gt;Anterior and&sol;or Posterior Cervical Fusions&lt;&sol;strong&gt;&lt;&sol;p&gt;
&lt;p&gt;&lt;strong&gt;Note: &lt;&sol;strong&gt;Providers are reminded to refer to the long descriptors of the CPT codes in their CPT book.&lt;&sol;p&gt;
&lt;p&gt;The following &lt;strong&gt;Anterior and&sol;or Posterior Cervical Fusions&lt;&sol;strong&gt; CPT codes will not be subject to the ICD-10-CM diagnosis code restrictions in the article: &lt;strong&gt;22800, 22802, 22808, 22810, and 22812.&lt;&sol;strong&gt;&lt;&sol;p&gt;",04/24/2026
59668,29,1,"&lt;p&gt;&lt;strong&gt;Anterior and&sol;or Posterior Cervical Fusions&lt;&sol;strong&gt;&lt;&sol;p&gt;
&lt;p&gt;&lt;strong&gt;Note: &lt;&sol;strong&gt;Providers are reminded to refer to the long descriptors of the CPT codes in their CPT book.&lt;strong&gt; &lt;&sol;strong&gt;&lt;&sol;p&gt;
&lt;p&gt;The following &lt;strong&gt;Anterior and&sol;or Posterior Spinal Deformity Fusion&lt;&sol;strong&gt; CPT codes will not be subject to the ICD-10-CM diagnosis code restrictions in the article: &lt;strong&gt;22800, 22802, 22808, 22810, and 22812.&lt;&sol;strong&gt;&lt;&sol;p&gt;",04/24/2026
55621,17,1,,04/21/2026
56916,33,1,&lt;p&gt;Review Utilization Guidelines found in associated LCD for CPT Codes 92133 and 92134.&lt;&sol;p&gt;,04/21/2026
55146,17,1,,04/21/2026
57733,12,1,&lt;p&gt;N&sol;A&lt;&sol;p&gt;,04/21/2026
59429,4,1,,04/20/2026
55193,15,1,,04/20/2026
59332,15,1,"&lt;p&gt;&lt;span style=&quot;line-height: 115%;&quot;&gt;For CPT&lt;sup&gt;&amp;#174;&lt;&sol;sup&gt; 64561, no separate code may be added for fluoroscopic imaging, as this is included in the code.&lt;&sol;span&gt;&lt;&sol;p&gt;
&lt;p&gt;&lt;span style=&quot;line-height: 115%;&quot;&gt; &lt;&sol;span&gt;&lt;&sol;p&gt;
&lt;p&gt;&lt;span style=&quot;line-height: 115%;&quot;&gt;For CPT&lt;sup&gt;&amp;#174;&lt;&sol;sup&gt; 64581, imaging guidance is not included, so it can be separately coded.&lt;&sol;span&gt;&lt;&sol;p&gt;",04/17/2026
59332,15,2,"&lt;p&gt;&lt;strong&gt;Ancillary Coding&lt;&sol;strong&gt;&lt;&sol;p&gt;
&lt;p&gt;&lt;strong&gt;&lt;span style=&quot;line-height: 115%;&quot;&gt; &lt;&sol;span&gt;&lt;&sol;strong&gt;&lt;&sol;p&gt;
&lt;p&gt;&lt;strong&gt;&lt;span style=&quot;line-height: 115%; background: white;&quot;&gt;Note:&lt;&sol;span&gt;&lt;&sol;strong&gt;&lt;span style=&quot;line-height: 115%; background: white;&quot;&gt; The &amp;#8220;C&amp;#8221; codes listed below are only applicable when billed under the hospital outpatient prospective payment system (OPPS) and they should be submitted in place of code A4290.&lt;&sol;span&gt;&lt;&sol;p&gt;",04/17/2026
59560,4,1,,04/16/2026
58405,22,1,&lt;p&gt;N&sol;A&lt;&sol;p&gt;,04/16/2026
58405,22,2,"&lt;p&gt;&lt;span style=&quot;line-height: 107%;&quot;&gt;The following CPT&sol;HCPCS codes are non-covered*: &lt;&sol;span&gt;&lt;&sol;p&gt;
&lt;p style=&quot;line-height: 9.95pt;&quot;&gt;* this is not an inclusive list of non-covered codes.&lt;&sol;p&gt;
&lt;p&gt;*&lt;strong&gt;Note&lt;&sol;strong&gt;: 64492 or 64495 describes a third and additional levels and should be listed separately in addition to the code for the primary procedure and the second level procedure and cannot be reported more than once per day. 64492 should be reported in conjunction with 64490&sol;64491 and 64495 should be reported in conjunction with 64493&sol;64494. Codes 64492 and 64495 will only be covered upon appeal if sufficient documentation of medical necessity is present.&lt;&sol;p&gt;",04/16/2026
52464,65,1,,04/15/2026
52458,40,1,,04/15/2026
60247,6,1,,04/10/2026
60247,6,2,,04/10/2026
60213,13,1,"&lt;p&gt;Below are CPT&lt;sup&gt;&amp;#174;&lt;&sol;sup&gt;&sol;HCPCS codes related to SRT.&lt;strong&gt; &lt;&sol;strong&gt;Providers are reminded to refer to the long descriptors of the CPT&lt;sup&gt;&amp;#174;&lt;&sol;sup&gt; codes in their CPT&lt;sup&gt;&amp;#174;&lt;&sol;sup&gt; books.&lt;&sol;p&gt;
&lt;p&gt;&lt;strong&gt;Per CPT 2026 guidance SRT should not be reported in conjunction with megavoltage (MeV) (77402, 77407, 77412).&lt;&sol;strong&gt;&lt;&sol;p&gt;
&lt;p&gt;&lt;strong&gt; To bill electronic brachytherapy treatment delivery use CPT code 77437 (e.g., electronic brachytherapy). When billing 77437 for SRT treatment delivery services covered by the LCD providers must append the KX modifier. &lt;&sol;strong&gt;&lt;&sol;p&gt;
&lt;p&gt;&lt;strong&gt;For SRT treatment planning and simulation aided field setting use CPT code 77436.&lt;&sol;strong&gt;&lt;&sol;p&gt;
&lt;p&gt;CPT 77436 is not typically repeated with each treatment except when clinically indicated and documentation supports additional simulation requirements. Do not report clinical treatment planning (77261, 77262, 77263), simulation (77280, 77285, 77290, 77295), basic dosimetry calculation (77300), special dosimetry (77331), treatment devices (77332, 77333, 77334), isodose planning (77306, 77307, 77316, 77317, 77318), or radiation treatment management (77427, 77431, 77432, 77435, 77469, 77470, 77499) in conjunction with 77436 and 77437.&lt;&sol;p&gt;
&lt;p&gt;Code 77336 can only be billed when medically necessary for treatment adjustments in support of the radiation oncologist or other health care qualified professional.&lt;&sol;p&gt;
&lt;p&gt;Code 77370 is to be used when the complexity of the treatment plan is great. It is not expected that code 77370 will be reported for SRT services.&lt;&sol;p&gt;
&lt;p&gt;Use of 77370 with SRT code 77437 may lead to medical review.&lt;&sol;p&gt;",04/10/2026
60213,13,2,"&lt;p&gt;The following CPT codes are considered not medically reasonable and necessary (non-covered).&lt;&sol;p&gt;
&lt;p&gt;Electronic brachytherapy is non-covered and must be billed without a KX modifier.&lt;&sol;p&gt;",04/10/2026
56459,30,1,"&lt;p&gt;&lt;span style=&quot;display: inline !important; float: none; background-color: #ffffff; color: #000000; font-family: Verdana,Arial,Helvetica,sans-serif; font-size: 14px; font-style: normal; font-variant: normal; font-weight: 400; letter-spacing: normal; orphans: 2; text-align: left; text-decoration: none; text-indent: 0px; text-transform: none; -webkit-text-stroke-width: 0px; white-space: normal; word-spacing: 0px;&quot;&gt;CPT codes 11040 and 11041 were deleted 12&sol;31&sol;2010.&lt;&sol;span&gt;&lt;&sol;p&gt;",04/10/2026
57306,44,1,"&lt;p&gt;For dates of service on&sol;after 1&sol;1&sol;2009, J2785 should be used to report regadenoson for Part A and Part B.&lt;br &sol;&gt;&lt;br &sol;&gt;J3490 (Part B) should be used to report the stress agent, regadenoson for dates of services prior to 1&sol;1&sol;2009.&lt;br &sol;&gt;&lt;br &sol;&gt;C9244 (Part A) should be used to report the stress agent, regadenoson for dates of services from 10&sol;01&sol;2008 through 12&sol;31&sol;2008. Prior to 10&sol;01&sol;2008, C9399 is used to report regadenoson for Part A.&lt;&sol;p&gt;",04/10/2026
57306,44,2,"&lt;p&gt;&lt;strong&gt;Applicable to 93350, 93351, 93352&lt;&sol;strong&gt;&lt;br &sol;&gt;HCPCS code J0460 is deleted and replaced by code J0461, effective 01&sol;01&sol;2010.&lt;&sol;p&gt;",04/10/2026
57160,13,1,,04/10/2026
57994,7,1,,04/09/2026
54516,48,1,,04/08/2026
60181,12,1,"&lt;p style=&quot;line-height: normal;&quot;&gt;Below are CPT&lt;sup&gt;&amp;#174;&lt;&sol;sup&gt;&sol;HCPCS codes related to SRT.&lt;strong&gt; &lt;&sol;strong&gt;Providers are reminded to refer to the long descriptors of the CPT&lt;sup&gt;&amp;#174;&lt;&sol;sup&gt; codes in their CPT&lt;sup&gt;&amp;#174;&lt;&sol;sup&gt; books&lt;strong&gt;. &lt;&sol;strong&gt;&lt;&sol;p&gt;
&lt;p&gt;Per CPT 2026 guidance SRT should not be reported in conjunction with megavoltage (MeV) (77402, 77407, 77412). To bill electronic brachytherapy treatment delivery use CPT code 77437 (e.g., electronic brachytherapy). When billing 77437 for SRT treatment delivery services covered by the LCD providers must append the KX modifier. For SRT treatment planning and simulation aided field setting use CPT code 77436. CPT 77436 is not typically repeated with each treatment except when clinically indicated and documentation supports additional simulation requirements. Do not report clinical treatment planning (77261, 77262, 77263), simulation (77280, 77285, 77290, 77295), basic dosimetry calculation (77300), special dosimetry (77331), treatment devices (77332, 77333, 77334), isodose planning (77306, 77307, 77316, 77317, 77318), or radiation treatment management (77427, 77431, 77432, 77435, 77469, 77470, 77499) in conjunction with 77436 and 77437.&lt;&sol;p&gt;
&lt;p&gt;Code 77336 can only be billed when medically necessary for treatment adjustments in support of the radiation oncologist or other health care qualified professional.&lt;&sol;p&gt;
&lt;p&gt;Code 77370 is to be used when the complexity of the treatment plan is great. It is not expected that code 77370 will be reported for SRT services. Use of 77370 with SRT code 77437 may lead to medical review.&lt;&sol;p&gt;",04/06/2026
60181,12,2,&lt;p&gt;&lt;p style=&quot;line-height: normal;&quot;&gt;The following CPT codes are considered not medically reasonable and necessary (non-covered). &lt;span style=&quot;line-height: 115%;&quot;&gt;Electronic brachytherapy is non-covered and must be billed without a KX modifier. &lt;&sol;span&gt;&lt;&sol;p&gt;&lt;&sol;p&gt;,04/06/2026
60211,10,1,"&lt;p&gt;&lt;p style=&quot;line-height: normal;&quot;&gt;Below are CPT&lt;sup&gt;&amp;#174;&lt;&sol;sup&gt;&sol;HCPCS codes related to SRT.&lt;strong&gt; &lt;&sol;strong&gt;Providers are reminded to refer to the long descriptors of the CPT&lt;sup&gt;&amp;#174;&lt;&sol;sup&gt; codes in their CPT&lt;sup&gt;&amp;#174;&lt;&sol;sup&gt; books.&lt;&sol;p&gt;
&lt;p style=&quot;line-height: normal;&quot;&gt;&lt;strong&gt;Per CPT&lt;&sol;strong&gt;&lt;sup&gt;&amp;#174;&lt;&sol;sup&gt;&lt;strong&gt; 2026 guidance, SRT should not be reported in conjunction with megavoltage (MeV) (77402, 77407, 77412).&lt;&sol;strong&gt;&lt;&sol;p&gt;
&lt;p style=&quot;line-height: normal;&quot;&gt;&lt;strong&gt;To bill electronic brachytherapy (EBT) treatment delivery use CPT&lt;&sol;strong&gt;&lt;sup&gt;&amp;#174;&lt;&sol;sup&gt;&lt;strong&gt; code 77437 (e.g., electronic brachytherapy). When billing 77437 for SRT treatment delivery services covered by the LCD providers must append the KX modifier.&lt;&sol;strong&gt;&lt;&sol;p&gt;
&lt;p style=&quot;line-height: normal;&quot;&gt;&lt;strong&gt;For SRT treatment planning and simulation aided field setting use CPT&lt;&sol;strong&gt;&lt;sup&gt;&amp;#174;&lt;&sol;sup&gt;&lt;strong&gt; code 77436.&lt;&sol;strong&gt;&lt;&sol;p&gt;
&lt;p style=&quot;line-height: normal;&quot;&gt;CPT&lt;sup&gt;&amp;#174;&lt;&sol;sup&gt; 77436 is not typically repeated with each treatment except when clinically indicated and documentation supports additional simulation requirements. Do not report clinical treatment planning (77261, 77262, 77263), simulation (77280, 77285, 77290, 77295), basic dosimetry calculation (77300), special dosimetry (77331), treatment devices (77332, 77333, 77334), isodose planning (77306, 77307, 77316, 77317, 77318), or radiation treatment management (77427, 77431, 77432, 77435, 77469, 77470, 77499) in conjunction with 77436 and 77437.&lt;&sol;p&gt;
&lt;p style=&quot;line-height: normal;&quot;&gt;CPT&lt;sup&gt;&amp;#174; &lt;&sol;sup&gt;Code 77336 can only be billed when medically necessary for treatment adjustments in support of the radiation oncologist or other health care qualified professional.&lt;&sol;p&gt;
&lt;p style=&quot;line-height: normal;&quot;&gt;CPT&lt;sup&gt;&amp;#174; &lt;&sol;sup&gt;Code 77370 is to be used when the complexity of the treatment plan is great. It is not expected that CPT&lt;sup&gt;&amp;#174; &lt;&sol;sup&gt;code 77370 will be reported for SRT services.&lt;&sol;p&gt;
&lt;p style=&quot;line-height: normal;&quot;&gt;Use of 77370 with SRT code 77437 may lead to medical review.&lt;&sol;p&gt;&lt;&sol;p&gt;",04/06/2026
60211,10,2,"&lt;p&gt;&lt;span style=&quot;line-height: 107%;&quot;&gt;The following CPT&lt;sup&gt;&amp;#174;&lt;&sol;sup&gt; codes are considered not medically reasonable and necessary (non-covered).&lt;&sol;span&gt;&lt;&sol;p&gt;
&lt;p style=&quot;line-height: normal;&quot;&gt;Electronic brachytherapy (EBT) is non-covered and must be billed without a KX modifier.&lt;&sol;p&gt;",04/06/2026
59055,15,1,&lt;p&gt;N&sol;A&lt;&sol;p&gt;,04/06/2026
56326,28,1,,04/06/2026
56340,32,1,,04/06/2026
56343,14,1,&lt;p&gt;&lt;span style=&quot;line-height: 115%;&quot;&gt;C codes are only payable in ASC setting.&lt;&sol;span&gt;&lt;&sol;p&gt;,04/06/2026
59726,19,1,&lt;p&gt;N&sol;A&lt;&sol;p&gt;,04/04/2026
59726,19,2,,04/04/2026
59608,32,1,,04/04/2026
57186,43,1,&lt;p&gt;N&sol;A&lt;&sol;p&gt;,04/03/2026
57186,43,2,&lt;p&gt;N&sol;A&lt;&sol;p&gt;,04/03/2026
57185,43,1,&lt;p&gt;N&sol;A&lt;&sol;p&gt;,04/03/2026
57185,43,2,&lt;p&gt;N&sol;A&lt;&sol;p&gt;,04/03/2026
57052,18,1,&lt;p&gt;CPT coding does not apply.&lt;&sol;p&gt;,04/03/2026
52504,61,1,,04/02/2026
52500,46,1,,04/02/2026
52498,64,1,,04/02/2026
52457,65,1,,04/02/2026
52521,55,1,,04/02/2026
57041,21,1,,04/02/2026
57787,47,1,"&lt;p&gt;&lt;strong&gt;&lt;br &sol;&gt;Note&lt;&sol;strong&gt;: Providers are reminded to refer to the long descriptors of the CPT codes in their CPT book.&lt;br &sol;&gt;&lt;br &sol;&gt;The following CPT codes need to be listed separately in addition to a code for the primary procedure: &lt;strong&gt;64491, 64494, 64634, and 64636.&lt;br &sol;&gt;&lt;br &sol;&gt;&lt;&sol;strong&gt;&lt;&sol;p&gt;",04/02/2026
57787,47,2,"&lt;p&gt;&lt;strong&gt;&lt;br &sol;&gt;Note&lt;&sol;strong&gt;: CPT code &lt;strong&gt;64999 &lt;&sol;strong&gt;is non-covered when used to report non-thermal facet joint denervation including chemical, low grade thermal energy (less than 80 degrees Celsius), or any form of pulsed radiofrequency.&lt;br &sol;&gt;&lt;br &sol;&gt;&lt;strong&gt;Note&lt;&sol;strong&gt;: When reporting CPT code 64999 ensure that the description of the service is included on the claim.&lt;br &sol;&gt;&lt;br &sol;&gt;Consistent with the LCD, the following CPT&sol;HCPCS codes do not support medical necessity and are non-covered.&lt;br &sol;&gt;&lt;br &sol;&gt;*This is not an inclusive list of non-covered codes.&lt;br &sol;&gt;&lt;br &sol;&gt;&lt;strong&gt;*Note&lt;&sol;strong&gt;: CPT code 64492 or 64495 describes a third and additional levels and must be listed separately in addition to the code for the primary procedure and the second level procedure and cannot be reported more than once per day. CPT code 64492 must be reported in conjunction with CPT code 64490&sol;64491 and CPT code 64495 must be reported in conjunction with 64493&sol;64494. CPT codes 64492 and 64495 will only be covered if sufficient documentation of medical necessity is present.&lt;br &sol;&gt;&lt;br &sol;&gt;&lt;&sol;p&gt;",04/02/2026
57054,12,1,,04/02/2026
56670,61,1,"&lt;p&gt;&lt;strong&gt;&lt;br &sol;&gt;Note&lt;&sol;strong&gt;: Providers are reminded to refer to the long descriptors of the CPT codes in their CPT book.&lt;br &sol;&gt;&lt;br &sol;&gt;The following CPT codes need to be listed separately in addition to a code for the primary procedure: &lt;strong&gt;64491, 64494, 64634, and 64636.&lt;br &sol;&gt;&lt;br &sol;&gt;&lt;&sol;strong&gt;&lt;&sol;p&gt;",04/02/2026
56670,61,2,"&lt;p&gt;&lt;strong&gt;&lt;br &sol;&gt;Note&lt;&sol;strong&gt;: CPT code &lt;strong&gt;64999 &lt;&sol;strong&gt;is non-covered when used to report non-thermal facet joint denervation including chemical, low grade thermal energy (less than 80 degrees Celsius), or any form of pulsed radiofrequency.&lt;br &sol;&gt;&lt;br &sol;&gt;&lt;strong&gt;Note&lt;&sol;strong&gt;: When reporting CPT code 64999 ensure that the description of the service is included on the claim.&lt;br &sol;&gt;&lt;br &sol;&gt;Consistent with the LCD, the following CPT&sol;HCPCS codes do not support medical necessity and are non-covered.&lt;br &sol;&gt;&lt;br &sol;&gt;*This is not an inclusive list of non-covered codes.&lt;br &sol;&gt;&lt;br &sol;&gt;&lt;strong&gt;*Note&lt;&sol;strong&gt;: CPT code 64492 or 64495 describes a third and additional levels and must be listed separately in addition to the code for the primary procedure and the second level procedure and cannot be reported more than once per day. CPT code 64492 must be reported in conjunction with CPT code 64490&sol;64491 and CPT code 64495 must be reported in conjunction with 64493&sol;64494. CPT codes 64492 and 64495 will only be covered if sufficient documentation of medical necessity is present.&lt;br &sol;&gt;&lt;br &sol;&gt;&lt;&sol;p&gt;",04/02/2026
57053,22,1,"&lt;p&gt;Effective for dates of service on or after 01&sol;01&sol;2009, HCPCS codes G0410 and G0411 replace CPT codes 90853 and 90857 for PHP services. Effective for dates of service on or after 01&sol;01&sol;2009, CPT codes 90899 and 90849 are no long accepted as billable PHP codes.&lt;&sol;p&gt;",04/02/2026
54961,21,1,&lt;p&gt;&lt;b&gt;Group 1 CPT codes apply to Groups 1 and 2 ICD-9-CM and ICD-10-CM Codes &lt;&sol;b&gt;&lt;&sol;p&gt;,04/02/2026
55937,46,1,"&lt;p&gt;&lt;br &sol;&gt;&lt;strong&gt;Colonoscopy&lt;&sol;strong&gt;&lt;&sol;p&gt;
&lt;p&gt;&lt;strong&gt;Note:&lt;&sol;strong&gt; Providers are reminded to refer to the long descriptors of the CPT codes in their CPT book.&lt;&sol;p&gt;",04/02/2026
58428,29,1,"&lt;p&gt;&lt;br &sol;&gt;&lt;strong&gt;Colonoscopy&lt;&sol;strong&gt;&lt;&sol;p&gt;
&lt;p&gt;&lt;strong&gt;Note&lt;&sol;strong&gt;: Providers are reminded to refer to the long descriptors of the CPT codes in their CPT book.&lt;&sol;p&gt;",04/02/2026
59634,10,1,,04/02/2026
59714,16,1,,04/02/2026
59714,16,2,,04/02/2026
52465,72,1,,04/01/2026
59624,19,1,,03/30/2026
60318,5,1,"&lt;p&gt;&lt;br &sol;&gt;&lt;strong&gt;Arterial Duplex Studies of the Upper and&sol;or Lower Extremities, Limited or Complete&lt;&sol;strong&gt;&lt;&sol;p&gt;
&lt;p&gt;&lt;strong&gt;Note:&lt;&sol;strong&gt; Providers are reminded to refer to the long descriptors of the CPT codes in their CPT book.&lt;&sol;p&gt;",03/27/2026
60315,4,1,"&lt;p&gt;&lt;br &sol;&gt;&lt;strong&gt;Arterial Duplex Studies of the Upper and&sol;or Lower Extremities, Limited or Complete&lt;&sol;strong&gt;&lt;&sol;p&gt;
&lt;p&gt;&lt;strong&gt;Note:&lt;&sol;strong&gt; Providers are reminded to refer to the long descriptors of the CPT codes in their CPT book.&lt;&sol;p&gt;",03/27/2026
60250,8,1,&lt;p&gt;&lt;span style=&quot;line-height: 115%;&quot;&gt;Total Knee Arthroplasty&lt;&sol;span&gt;&lt;&sol;p&gt;,03/26/2026
60250,8,2,&lt;p&gt;&lt;span style=&quot;line-height: 115%;&quot;&gt;Total Hip Arthroplasty&lt;&sol;span&gt;&lt;&sol;p&gt;,03/26/2026
60250,8,3,&lt;p&gt;&lt;p style=&quot;line-height: normal;&quot;&gt;Non-coverage&lt;&sol;p&gt;&lt;&sol;p&gt;,03/26/2026
56467,14,1,,03/25/2026
56465,16,1,,03/25/2026
57926,25,1,&lt;p&gt;&lt;strong&gt;&lt;span style=&quot;line-height: 115%;&quot;&gt;Note: &lt;&sol;span&gt;&lt;&sol;strong&gt;&lt;span style=&quot;line-height: 115%;&quot;&gt;Providers are reminded to refer to the long descriptors of the CPT codes in their CPT book.&lt;strong&gt; &lt;&sol;strong&gt;&lt;&sol;span&gt;&lt;&sol;p&gt;,03/25/2026
57079,15,1,&lt;p&gt;Use CPT 28899 for injection for Tarsal Tunnel Syndrome&lt;&sol;p&gt;,03/24/2026
57598,11,1,,03/20/2026
57591,25,1,&lt;p&gt;N&sol;A&lt;&sol;p&gt;,03/20/2026
58223,22,1,&lt;p&gt;N&sol;A&lt;&sol;p&gt;,03/18/2026
57050,13,1,,03/16/2026
56594,14,1,&lt;p&gt;The following CPT code should only be reported and paid once per 10-day global period per eye no matter how many treatment sessions occur.&lt;&sol;p&gt;,03/16/2026
59154,13,1,,03/16/2026
59154,13,2,"&lt;p&gt;&lt;span style=&quot;line-height: 107%;&quot;&gt;The following CPT&sol;HCPCS codes are non-covered.&amp;nbsp; T&lt;&sol;span&gt;&lt;span style=&quot;line-height: 107%;&quot;&gt;his is not an inclusive list of non-covered codes.&lt;&sol;span&gt;&lt;&sol;p&gt;
&lt;p&gt;&lt;span style=&quot;line-height: 107%;&quot;&gt;&amp;nbsp;&lt;&sol;span&gt;&lt;&sol;p&gt;",03/16/2026
59154,13,3,&lt;p&gt;&lt;strong&gt;For ASC facility and OPPS hospital outpatient department claims only:&amp;nbsp;&lt;&sol;strong&gt;&lt;&sol;p&gt;,03/16/2026
58828,15,1,,03/13/2026
52725,38,1,"&lt;p&gt;&lt;span style=&quot;line-height: 107%;&quot;&gt;Effective 01&sol;01&sol;2020, 64999 is to be used to report injections of anesthetic and&sol;or steroids for the facial and phrenic nerves and cervical plexus. This code replaces the deleted codes 64402, 64410 and 64413.&lt;&sol;span&gt;&lt;&sol;p&gt;",03/12/2026
52725,38,2,&lt;p&gt;CPT code 64450 is &lt;strong&gt;NOT&lt;&sol;strong&gt; medically necessary when billed with &lt;strong&gt;any other&lt;&sol;strong&gt; CPT code in the GROUP 2 Codes listed &lt;strong&gt;PLUS&lt;&sol;strong&gt; any one of the GROUP 1 diagnosis listed in the ICD-10 Codes that DO NOT Support Medical Necessity section below.&lt;&sol;p&gt;,03/12/2026
59507,6,1,&lt;p&gt;N&sol;A&lt;&sol;p&gt;,03/09/2026
59401,5,1,&lt;p&gt;N&sol;A&lt;&sol;p&gt;,03/09/2026
57433,14,1,&lt;p&gt;N&sol;A&lt;&sol;p&gt;,03/09/2026
59515,5,1,&lt;p&gt;N&sol;A&lt;&sol;p&gt;,03/09/2026
57420,15,1,&lt;p&gt;N&sol;A&lt;&sol;p&gt;,03/09/2026
57622,17,1,&lt;p&gt;N&sol;A&lt;&sol;p&gt;,03/09/2026
58578,12,1,"&lt;p&gt;&lt;strong&gt;Note:&lt;&sol;strong&gt; Providers are reminded to refer to the long descriptors of the CPT codes in their CPT book.&lt;&sol;p&gt;
&lt;p&gt;&amp;nbsp;&lt;&sol;p&gt;",03/09/2026
58434,34,1,"&lt;p&gt;&lt;strong&gt;&lt;span style=&quot;line-height: 115%;&quot;&gt;This group includes NGS-based MRD tests for the purpose of diagnosing disease progression, recurrence, or relapse.&amp;nbsp;&lt;&sol;span&gt;&lt;&sol;strong&gt;&lt;&sol;p&gt;
&lt;p&gt;&lt;span style=&quot;background: white; line-height: 115%;&quot;&gt;If no relevant CPT&lt;sup&gt;&amp;reg;&lt;&sol;sup&gt; code exists for the test submitted, you may bill with the NOC code 81479.&lt;&sol;span&gt;&lt;&sol;p&gt;",03/06/2026
58434,34,2,&lt;p&gt;&lt;span style=&quot;background-color: #ffffff;&quot;&gt;&lt;strong&gt;This group includes tests for monitoring the response to immune-checkpoint inhibitor (ICI) therapy.&amp;nbsp;&lt;&sol;strong&gt;&lt;&sol;span&gt;&lt;&sol;p&gt;,03/06/2026
58434,34,3,"&lt;p&gt;&lt;p style=&quot;line-height: 98%;&quot;&gt;&lt;strong&gt;&lt;span style=&quot;line-height: 98%;&quot;&gt;This group includes MRD tests that do not use NGS for the purpose of diagnosing disease progression, recurrence, or relapse.&lt;&sol;span&gt;&lt;&sol;strong&gt;&lt;&sol;p&gt;&lt;&sol;p&gt;",03/06/2026
57905,28,1,&lt;p&gt;N&sol;A&lt;&sol;p&gt;,03/05/2026
56696,43,1,&lt;p&gt;Note: Providers are reminded to refer to the long descriptors of the CPT codes in their CPT book.&lt;&sol;p&gt;,03/05/2026
53046,22,1,,03/05/2026
54662,14,1,,03/05/2026
57084,15,1,&lt;p&gt;N&sol;A&lt;&sol;p&gt;,03/05/2026
57194,36,1,"&lt;p&gt;&lt;span style=&quot;line-height: 115%;&quot;&gt;When billing Gammagard Liquid or Gammagard Liquid ERC, utilize HCPCS J1569.&lt;&sol;span&gt;&lt;&sol;p&gt;",03/05/2026
57385,46,1,&lt;p&gt;CPT&lt;sup&gt;&lt;span style=&quot;line-height: 107%;&quot;&gt;&amp;reg;&lt;&sol;span&gt;&lt;&sol;sup&gt; code 81479 is used to describe multi-gene panels and single genes not otherwise classified.&lt;&sol;p&gt;,03/05/2026
58097,17,1,,03/05/2026
58229,18,1,"&lt;p&gt;&lt;span style=&quot;line-height: 16.1px; box-sizing: border-box;&quot;&gt;&lt;strong&gt;&lt;span style=&quot;color: #212529; font-family: Verdana;&quot;&gt;Note: &lt;&sol;span&gt;&lt;&sol;strong&gt;&lt;&sol;span&gt;&lt;span style=&quot;text-align: left; color: #212529; text-transform: none; line-height: 16.1px; text-indent: 0px; letter-spacing: normal; font-family: Verdana, &#39;Helvetica Neue&#39;, Helvetica, Arial, sans-serif; font-size: 14px; font-style: normal; font-weight: 400; word-spacing: 0px; white-space: normal; box-sizing: border-box; orphans: 2; widows: 2; background-color: #ffffff; font-variant-ligatures: normal; -webkit-text-stroke-width: 0px; font-variant-caps: normal; text-decoration-style: initial; text-decoration-color: initial;&quot;&gt;Providers are reminded to refer to the long descriptors of the CPT codes in their CPT book.&lt;&sol;span&gt;&lt;&sol;p&gt;",03/05/2026
59177,12,1,"&lt;p&gt;&lt;span style=&quot;line-height: 115%;&quot;&gt;Procedure codes may be subject to National Correct Coding Initiative (NCCI) edits or OPPS packaging edits. Refer to NCCI and OPPS requirements prior to billing Medicare.&lt;&sol;span&gt;&lt;&sol;p&gt;
&lt;p&gt;&lt;span style=&quot;line-height: 115%;&quot;&gt; &lt;&sol;span&gt;&lt;&sol;p&gt;
&lt;p&gt;&lt;span style=&quot;line-height: 115%;&quot;&gt;For services requiring a referring&sol;ordering physician, the name and NPI of the referring&sol;ordering physician must be reported on the claim.&lt;&sol;span&gt;&lt;&sol;p&gt;
&lt;p&gt;&lt;span style=&quot;line-height: 115%;&quot;&gt; &lt;&sol;span&gt;&lt;&sol;p&gt;
&lt;p&gt;&lt;span style=&quot;line-height: 115%;&quot;&gt;A claim submitted without a valid ICD-10-CM diagnosis code will be returned to the provider as an incomplete claim under &amp;sect;1833(e) of the Social Security Act.&lt;&sol;span&gt;&lt;&sol;p&gt;
&lt;p&gt;&lt;span style=&quot;line-height: 115%;&quot;&gt;All services&sol;procedures performed on the same day for the same beneficiary by the physician&sol;provider should be billed on the same claim.&lt;&sol;span&gt;&lt;&sol;p&gt;
&lt;p&gt;&lt;span style=&quot;line-height: 115%;&quot;&gt; &lt;&sol;span&gt;&lt;&sol;p&gt;
&lt;p&gt;&lt;span style=&quot;line-height: 115%;&quot;&gt;Billing for preparatory services&sol;acquisition costs is covered in CMS Internet-Only Manual, Pub. 100-04, Medicare Claims Processing Manual, Chapter 3, &amp;sect;90.3.1 Allogeneic for Stem Cell Transplantation.&lt;&sol;span&gt;&lt;&sol;p&gt;",03/05/2026
59246,18,1,&lt;p&gt;N&sol;A&lt;&sol;p&gt;,03/05/2026
59246,18,2,"&lt;p&gt;The following CPT&sol;HCPCS codes are non-covered. This is not an inclusive list of non-covered codes.&lt;&sol;p&gt;
&lt;p&gt;&lt;span style=&quot;line-height: 107%;&quot;&gt;&amp;nbsp;&lt;&sol;span&gt;&lt;&sol;p&gt;",03/05/2026
59246,18,3,&lt;p&gt;&lt;strong&gt;For ASC facility and OPPS hospital outpatient department claims only.&lt;&sol;strong&gt;&lt;&sol;p&gt;,03/05/2026
59468,6,1,"&lt;p&gt;2 Codes covered by the provisions of this Local Coverage Determination.&lt;&sol;p&gt;
&lt;p&gt;(Providers are reminded to refer to the long descriptors of the CPT codes in their CPT Code Book)&lt;&sol;p&gt;
&lt;p&gt;The addition of the level of treatment should be recorded with any other modifier required on the claim line with the procedure code.&lt;&sol;p&gt;",03/05/2026
56034,42,1,"&lt;p&gt;&lt;span style=&quot;line-height: 107%;&quot;&gt;Effective 01&sol;01&sol;2020, 64999 is to be used to report injections of anesthetic and&sol;or steroids for the facial and phrenic nerves and cervical plexus. This code replaces the deleted codes 64402, 64410 and 64413.&lt;&sol;span&gt;&lt;&sol;p&gt;",03/04/2026
56034,42,2,&lt;p&gt;CPT code 64450 is &lt;strong&gt;NOT&lt;&sol;strong&gt; medically necessary when billed with &lt;strong&gt;any other&lt;&sol;strong&gt; CPT code in the GROUP 2 Codes listed &lt;strong&gt;PLUS&lt;&sol;strong&gt; any one of the GROUP 1 diagnosis listed in the ICD-10 Codes that DO NOT Support Medical Necessity section below.&lt;&sol;p&gt;,03/04/2026
57149,20,1,&lt;p&gt;&lt;strong&gt;&lt;span style=&quot;line-height: 115%;&quot;&gt;Note:&lt;&sol;span&gt;&lt;&sol;strong&gt;&lt;span style=&quot;line-height: 115%;&quot;&gt; Providers are reminded to refer to the long descriptors of the CPT codes in their CPT book.&lt;&sol;span&gt;&lt;&sol;p&gt;,02/27/2026
56159,23,1,&lt;p&gt;Providers are reminded to refer to the long descriptors of the CPT codes in their CPT book.&lt;&sol;p&gt;,02/27/2026
56464,35,1,,02/27/2026
56464,35,2,"&lt;p&gt;&lt;span style=&quot;display: inline !important; float: none; background-color: #ffffff; color: #333333; font-family: Verdana,&#39;Helvetica Neue&#39;,Helvetica,Arial,sans-serif; font-size: 14px; font-style: normal; font-variant: normal; font-weight: bold; letter-spacing: normal; orphans: 2; text-align: left; text-decoration: none; text-indent: 0px; text-transform: none; -webkit-text-stroke-width: 0px; white-space: normal; word-spacing: 0px;&quot;&gt;Quantitative Codes in immunology section:&lt;&sol;span&gt;&lt;&sol;p&gt;",02/27/2026
56175,15,1,,02/27/2026
55835,16,1,&lt;p&gt;Covered CPT&sol;HCPCS Codes:&lt;&sol;b&gt;&lt;&sol;p&gt;,02/27/2026
55835,16,2,&lt;p&gt;&lt;b&gt;Ancillary Coding&lt;&sol;b&gt;&lt;br &sol;&gt;&lt;&sol;p&gt;,02/27/2026
57049,13,1,&lt;p&gt;N&sol;A&lt;&sol;p&gt;,02/27/2026
57049,13,2,&lt;p&gt;&lt;b&gt;Not Covered:&lt;&sol;b&gt;&lt;&sol;p&gt;,02/27/2026
59215,9,1,"&lt;p&gt;&lt;p style=&quot;line-height: 13.95pt;&quot;&gt;Procedure codes may be subject to National Correct Coding Initiative (NCCI) edits or OPPS packaging edits. Refer to NCCI and OPPS requirements prior to billing Medicare.&lt;&sol;p&gt;
&lt;p style=&quot;line-height: 13.9pt;&quot;&gt;For services requiring a referring&sol;ordering physician, the name and NPI of the referring&sol;ordering physician must be reported on the claim.&lt;&sol;p&gt;
&lt;p style=&quot;line-height: 13.9pt;&quot;&gt;A claim submitted without a valid ICD-10-CM diagnosis code will be returned to the provider as an incomplete claim under &amp;sect;1833(e) of the Social Security Act.&lt;&sol;p&gt;
&lt;p style=&quot;line-height: 13.9pt;&quot;&gt;All services&sol;procedures performed on the same day for the same beneficiary by the physician&sol;provider should be billed on the same claim.&lt;&sol;p&gt;
&lt;p style=&quot;line-height: 13.95pt;&quot;&gt;Billing for preparatory services is covered in CMS Internet-Only Manual, Pub. 100-04, Medicare Claims Processing Manual, Chapter 3, &amp;sect;90.3.1 Allogeneic for Stem Cell Transplantation.&lt;&sol;p&gt;&lt;&sol;p&gt;",02/27/2026
56462,32,1,"&lt;p&gt;&lt;span style=&quot;display: inline !important; float: none; background-color: #ffffff; color: #000000; font-family: Verdana,Arial,Helvetica,sans-serif; font-size: 14px; font-style: normal; font-variant: normal; font-weight: 400; letter-spacing: normal; orphans: 2; text-align: left; text-decoration: none; text-indent: 0px; text-transform: none; -webkit-text-stroke-width: 0px; white-space: normal; word-spacing: 0px;&quot;&gt;Note: Effective February 23, 2013, Omontys &amp;reg; (J0890) has been recalled by the FDA and will no longer be covered by CGS. More information regarding this recall is available on the FDA website.&lt;&sol;span&gt;&lt;&sol;p&gt;",02/27/2026
56461,26,1,"&lt;p&gt;&lt;span style=&quot;display: inline !important; float: none; background-color: #ffffff; color: #000000; font-family: Verdana,Arial,Helvetica,sans-serif; font-size: 14px; font-style: normal; font-variant: normal; font-weight: 400; letter-spacing: normal; orphans: 2; text-align: left; text-decoration: none; text-indent: 0px; text-transform: none; -webkit-text-stroke-width: 0px; white-space: normal; word-spacing: 0px;&quot;&gt;For Wireless Capsule Endoscopy of the Small Intestine ONLY:&lt;&sol;span&gt;&lt;&sol;p&gt;",02/27/2026
56461,26,2,"&lt;p&gt;&lt;strong style=&quot;color: #000000; font-family: Verdana,Arial,Helvetica,sans-serif; font-size: 14px; font-style: normal; font-variant: normal; font-weight: bold; letter-spacing: normal; orphans: 2; text-align: left; text-decoration: none; text-indent: 0px; text-transform: none; -webkit-text-stroke-width: 0px; white-space: normal; word-spacing: 0px;&quot;&gt;For Wireless Capsule Endoscopy of the Esophagus ONLY:&lt;&sol;strong&gt;&lt;br style=&quot;color: #000000; font-family: Verdana,Arial,Helvetica,sans-serif; font-size: 14px; font-style: normal; font-variant: normal; font-weight: 400; letter-spacing: normal; orphans: 2; text-align: left; text-decoration: none; text-indent: 0px; text-transform: none; -webkit-text-stroke-width: 0px; white-space: normal; word-spacing: 0px;&quot; &sol;&gt;&lt;span style=&quot;display: inline !important; float: none; background-color: #ffffff; color: #000000; font-family: Verdana,Arial,Helvetica,sans-serif; font-size: 14px; font-style: normal; font-variant: normal; font-weight: 400; letter-spacing: normal; orphans: 2; text-align: left; text-decoration: none; text-indent: 0px; text-transform: none; -webkit-text-stroke-width: 0px; white-space: normal; word-spacing: 0px;&quot;&gt;CPT code 91111 should be reported.&lt;&sol;span&gt;&lt;br style=&quot;color: #000000; font-family: Verdana,Arial,Helvetica,sans-serif; font-size: 14px; font-style: normal; font-variant: normal; font-weight: 400; letter-spacing: normal; orphans: 2; text-align: left; text-decoration: none; text-indent: 0px; text-transform: none; -webkit-text-stroke-width: 0px; white-space: normal; word-spacing: 0px;&quot; &sol;&gt;&lt;br style=&quot;color: #000000; font-family: Verdana,Arial,Helvetica,sans-serif; font-size: 14px; font-style: normal; font-variant: normal; font-weight: 400; letter-spacing: normal; orphans: 2; text-align: left; text-decoration: none; text-indent: 0px; text-transform: none; -webkit-text-stroke-width: 0px; white-space: normal; word-spacing: 0px;&quot; &sol;&gt;&lt;span style=&quot;display: inline !important; float: none; background-color: #ffffff; color: #000000; font-family: Verdana,Arial,Helvetica,sans-serif; font-size: 14px; font-style: normal; font-variant: normal; font-weight: 400; letter-spacing: normal; orphans: 2; text-align: left; text-decoration: none; text-indent: 0px; text-transform: none; -webkit-text-stroke-width: 0px; white-space: normal; word-spacing: 0px;&quot;&gt;CPT code 91111 requires a KX modifier be appended to document that no contraindication exists for nonselective beta-blocker use.&lt;&sol;span&gt;&lt;br style=&quot;color: #000000; font-family: Verdana,Arial,Helvetica,sans-serif; font-size: 14px; font-style: normal; font-variant: normal; font-weight: 400; letter-spacing: normal; orphans: 2; text-align: left; text-decoration: none; text-indent: 0px; text-transform: none; -webkit-text-stroke-width: 0px; white-space: normal; word-spacing: 0px;&quot; &sol;&gt;&lt;br style=&quot;color: #000000; font-family: Verdana,Arial,Helvetica,sans-serif; font-size: 14px; font-style: normal; font-variant: normal; font-weight: 400; letter-spacing: normal; orphans: 2; text-align: left; text-decoration: none; text-indent: 0px; text-transform: none; -webkit-text-stroke-width: 0px; white-space: normal; word-spacing: 0px;&quot; &sol;&gt;&lt;strong style=&quot;color: #000000; font-family: Verdana,Arial,Helvetica,sans-serif; font-size: 14px; font-style: normal; font-variant: normal; font-weight: bold; letter-spacing: normal; orphans: 2; text-align: left; text-decoration: none; text-indent: 0px; text-transform: none; -webkit-text-stroke-width: 0px; white-space: normal; word-spacing: 0px;&quot;&gt;For Patency Capsule Testing:&lt;&sol;strong&gt; &lt;br style=&quot;color: #000000; font-family: Verdana,Arial,Helvetica,sans-serif; font-size: 14px; font-style: normal; font-variant: normal; font-weight: 400; letter-spacing: normal; orphans: 2; text-align: left; text-decoration: none; text-indent: 0px; text-transform: none; -webkit-text-stroke-width: 0px; white-space: normal; word-spacing: 0px;&quot; &sol;&gt;&lt;span style=&quot;display: inline !important; float: none; background-color: #ffffff; color: #000000; font-family: Verdana,Arial,Helvetica,sans-serif; font-size: 14px; font-style: normal; font-variant: normal; font-weight: 400; letter-spacing: normal; orphans: 2; text-align: left; text-decoration: none; text-indent: 0px; text-transform: none; -webkit-text-stroke-width: 0px; white-space: normal; word-spacing: 0px;&quot;&gt;CPT code 91299 should be reported.&lt;&sol;span&gt;&lt;br style=&quot;color: #000000; font-family: Verdana,Arial,Helvetica,sans-serif; font-size: 14px; font-style: normal; font-variant: normal; font-weight: 400; letter-spacing: normal; orphans: 2; text-align: left; text-decoration: none; text-indent: 0px; text-transform: none; -webkit-text-stroke-width: 0px; white-space: normal; word-spacing: 0px;&quot; &sol;&gt;&lt;br style=&quot;color: #000000; font-family: Verdana,Arial,Helvetica,sans-serif; font-size: 14px; font-style: normal; font-variant: normal; font-weight: 400; letter-spacing: normal; orphans: 2; text-align: left; text-decoration: none; text-indent: 0px; text-transform: none; -webkit-text-stroke-width: 0px; white-space: normal; word-spacing: 0px;&quot; &sol;&gt;&lt;&sol;p&gt;",02/27/2026
58121,17,1,&lt;p&gt;N&sol;A&lt;&sol;p&gt;,02/27/2026
56518,28,1,&lt;p&gt;N&sol;A&lt;&sol;p&gt;,02/27/2026
55601,14,1,&lt;p&gt;N&sol;A&lt;&sol;p&gt;,02/27/2026
57843,12,1,&lt;p&gt;N&sol;A&lt;&sol;p&gt;,02/27/2026
56104,17,1,&lt;p&gt;N&sol;A&lt;&sol;p&gt;,02/27/2026
56104,17,2,&lt;p&gt;&lt;span style=&quot;line-height: 115%;&quot;&gt;CPT&lt;sup&gt;&lt;span style=&quot;font-size: small;&quot;&gt;&amp;reg;&lt;&sol;span&gt;&lt;&sol;sup&gt; codes that are also referenced in other articles.&lt;&sol;span&gt;&lt;&sol;p&gt;,02/27/2026
57972,12,1,&lt;p&gt;The following codes are not covered&lt;&sol;p&gt;,02/27/2026
54420,28,1,&lt;p&gt;N&sol;A&lt;&sol;p&gt;,02/27/2026
55116,16,1,&lt;p&gt;N&sol;A&lt;&sol;p&gt;,02/27/2026
54388,35,1,&lt;p&gt;N&sol;A&lt;&sol;p&gt;,02/27/2026
57595,20,1,&lt;p&gt;N&sol;A&lt;&sol;p&gt;,02/25/2026
57236,22,1,&lt;p&gt;N&sol;A&lt;&sol;p&gt;,02/24/2026
57330,17,1,&lt;p&gt;N&sol;A&lt;&sol;p&gt;,02/24/2026
58975,28,1,&lt;p&gt;N&sol;A&lt;&sol;p&gt;,02/24/2026
58975,28,2,&lt;p&gt;These code(s) are non-covered.&amp;#160;&lt;&sol;p&gt;,02/24/2026
58185,20,1,&lt;p&gt;N&sol;A&lt;&sol;p&gt;,02/24/2026
57620,9,1,&lt;p&gt;N&sol;A&lt;&sol;p&gt;,02/24/2026
58726,82,1,"&lt;p&gt;&lt;strong&gt;&lt;span style=&quot;line-height: 115%;&quot;&gt;Targeted Respiratory Panels:&lt;&sol;span&gt;&lt;&sol;strong&gt;&lt;&sol;p&gt;
&lt;p&gt;&lt;span style=&quot;line-height: 115%;&quot;&gt; &lt;&sol;span&gt;&lt;&sol;p&gt;
&lt;p&gt;&lt;span style=&quot;line-height: 115%;&quot;&gt;These codes are covered under limited circumstances. &lt;&sol;span&gt;&lt;&sol;p&gt;",02/24/2026
58726,82,2,"&lt;p&gt;&lt;strong&gt;&lt;span style=&quot;line-height: 115%;&quot;&gt;Targeted Gastrointestinal&lt;&sol;span&gt;&lt;&sol;strong&gt;&lt;strong&gt;&lt;span style=&quot;line-height: 115%;&quot;&gt; Panels:&lt;&sol;span&gt;&lt;&sol;strong&gt;&lt;&sol;p&gt;
&lt;p&gt;&lt;span style=&quot;line-height: 115%;&quot;&gt; &lt;&sol;span&gt;&lt;&sol;p&gt;
&lt;p&gt;&lt;span style=&quot;line-height: 115%;&quot;&gt;This code is covered under limited circumstances.&amp;nbsp;&lt;&sol;span&gt;&lt;&sol;p&gt;",02/24/2026
58726,82,3,"&lt;p&gt;&lt;strong&gt;&lt;span style=&quot;line-height: 115%;&quot;&gt;Meningoencephalitis&lt;&sol;span&gt;&lt;&sol;strong&gt;&lt;strong&gt;&lt;span style=&quot;line-height: 115%;&quot;&gt; Panels:&lt;&sol;span&gt;&lt;&sol;strong&gt;&lt;&sol;p&gt;
&lt;p&gt;&lt;span style=&quot;line-height: 115%;&quot;&gt; &lt;&sol;span&gt;&lt;&sol;p&gt;
&lt;p&gt;&lt;span style=&quot;line-height: 115%;&quot;&gt;This code is covered under limited circumstances.&amp;nbsp;&lt;&sol;span&gt;&lt;&sol;p&gt;
&lt;p&gt;&lt;strong&gt;&lt;span style=&quot;line-height: 115%;&quot;&gt; &lt;&sol;span&gt;&lt;&sol;strong&gt;&lt;&sol;p&gt;
&lt;p&gt;&lt;span style=&quot;line-height: 115%;&quot;&gt;&amp;nbsp;&lt;&sol;span&gt;&lt;&sol;p&gt;",02/24/2026
58726,82,4,"&lt;p&gt;&lt;strong&gt;&lt;span style=&quot;line-height: 115%;&quot;&gt;Bloodstream Infection&lt;&sol;span&gt;&lt;&sol;strong&gt;&lt;strong&gt;&lt;span style=&quot;line-height: 115%;&quot;&gt; Panels:&lt;&sol;span&gt;&lt;&sol;strong&gt;&lt;&sol;p&gt;
&lt;p&gt;&lt;span style=&quot;line-height: 115%;&quot;&gt; &lt;&sol;span&gt;&lt;&sol;p&gt;
&lt;p&gt;&lt;span style=&quot;line-height: 115%;&quot;&gt;This code is covered under limited circumstances.&amp;nbsp;&lt;&sol;span&gt;&lt;&sol;p&gt;
&lt;p&gt;&lt;strong&gt;&lt;span style=&quot;line-height: 115%;&quot;&gt; &lt;&sol;span&gt;&lt;&sol;strong&gt;&lt;&sol;p&gt;
&lt;p&gt;&lt;span style=&quot;line-height: 115%;&quot;&gt;&amp;nbsp;&lt;&sol;span&gt;&lt;&sol;p&gt;",02/24/2026
58726,82,5,"&lt;p&gt;&lt;strong&gt;&lt;span style=&quot;line-height: 115%;&quot;&gt;Urogenital&sol;Anogenital&lt;&sol;span&gt;&lt;&sol;strong&gt;&lt;strong&gt;&lt;span style=&quot;line-height: 115%;&quot;&gt; Panels:&lt;&sol;span&gt;&lt;&sol;strong&gt;&lt;&sol;p&gt;
&lt;p&gt;&lt;span style=&quot;line-height: 115%;&quot;&gt; &lt;&sol;span&gt;&lt;&sol;p&gt;
&lt;p&gt;&lt;span style=&quot;line-height: 115%;&quot;&gt;These codes are covered under limited circumstances.&amp;nbsp;&lt;&sol;span&gt;&lt;&sol;p&gt;",02/24/2026
58726,82,6,"&lt;p&gt;&lt;strong&gt;&lt;span style=&quot;line-height: 115%;&quot;&gt;Expanded Respiratory and Pneumonia Panels: &lt;&sol;span&gt;&lt;&sol;strong&gt;&lt;&sol;p&gt;
&lt;p&gt;&lt;strong&gt;&lt;span style=&quot;line-height: 115%;&quot;&gt; &lt;&sol;span&gt;&lt;&sol;strong&gt;&lt;&sol;p&gt;
&lt;p&gt;&lt;span style=&quot;line-height: 115%;&quot;&gt;Covered under limited circumstances. Per policy, these codes are covered in beneficiaries with serious or critical illness or at imminent risk of becoming seriously or critically ill, immunodeficiency, and&sol;or severe underlying condition contributory to testing using an expanded syndromic panel. &lt;&sol;span&gt;&lt;&sol;p&gt;
&lt;p style=&quot;line-height: 121%; padding-left: 40px;&quot;&gt;Testing is billed according to 1 of the following:&lt;&sol;p&gt;
&lt;p style=&quot;line-height: 121%; padding-left: 80px;&quot;&gt;(a) Places of service (POS) 19, 21, 22, 23, OR&lt;&sol;p&gt;
&lt;p style=&quot;line-height: 121%; padding-left: 80px;&quot;&gt;(b) The test is ordered as follows (&lt;strong&gt;for healthcare POS other than those listed in (a)&lt;&sol;strong&gt;):&lt;&sol;p&gt;
&lt;p style=&quot;line-height: 121%; padding-left: 120px;&quot;&gt;(1) &lt;strong&gt;For immune-competent beneficiaries&lt;&sol;strong&gt;, the test must be ordered by an Infectious Disease Specialist or Pulmonologist who is diagnosing and treating the beneficiary.&lt;&sol;p&gt;
&lt;p style=&quot;line-height: 121%; padding-left: 120px;&quot;&gt;(2)&lt;strong&gt; For immune-compromised beneficiaries&lt;&sol;strong&gt;, the test must be ordered by a clinician specialist in 1 of the following: Infectious Diseases, Oncology, Transplant (for any panel), or Pulmonologist who is diagnosing and treating the beneficiary.&lt;&sol;p&gt;
&lt;p style=&quot;line-height: 121%; padding-left: 120px;&quot;&gt;(3) Regarding (1) and (2), An exception may be made in geographic locations where the specialist(s) cannot be reasonably reached by the beneficiary, and the ordering provider is located closer to the beneficiary&amp;rsquo;s place of residence than the nearest specialist. We would generally expect that beneficiaries for whom the test is ordered under this exception to be living in rural locations, islands, or some other location where access to care is limited.&lt;&sol;p&gt;
&lt;p style=&quot;line-height: 121%; padding-left: 120px;&quot;&gt;(4) For testing in POS other than POS 19, 21, 22, or 23, to bill one of the Group 6 CPT codes, &lt;strong&gt;TWO &lt;&sol;strong&gt;ICD-10 codes are required-one from Group 6 and another from Group 1.&amp;nbsp;&lt;&sol;p&gt;",02/24/2026
58726,82,7,"&lt;p&gt;&lt;strong&gt;&lt;span style=&quot;line-height: 115%;&quot;&gt;Expanded Gastrointestinal Panels:&lt;&sol;span&gt;&lt;&sol;strong&gt;&lt;span style=&quot;line-height: 115%;&quot;&gt; &lt;&sol;span&gt;&lt;&sol;p&gt;
&lt;p&gt;&lt;span style=&quot;line-height: 115%;&quot;&gt;Covered under limited circumstances. Per policy, these codes are covered in beneficiaries with serious or critical illness or at imminent risk of becoming seriously or critically ill, immunodeficiency, and&sol;or severe underlying condition contributory to testing using an expanded syndromic panel. &lt;&sol;span&gt;&lt;&sol;p&gt;
&lt;p&gt;&lt;span style=&quot;line-height: 115%;&quot;&gt; &lt;&sol;span&gt;&lt;&sol;p&gt;
&lt;p style=&quot;line-height: 121%; padding-left: 40px;&quot;&gt;(a) Places of service (POS) 19, 21, 22, 23, OR&lt;&sol;p&gt;
&lt;p style=&quot;line-height: 121%; padding-left: 40px;&quot;&gt;(b) The test is ordered as follows (&lt;strong&gt;for healthcare POS other than those listed in (a)&lt;&sol;strong&gt;):&lt;&sol;p&gt;
&lt;p style=&quot;line-height: 121%; padding-left: 80px;&quot;&gt;(1) &lt;strong&gt;For immune-competent beneficiaries&lt;&sol;strong&gt;, the test must be ordered by an Infectious Disease Specialist or Gastroenterologist who is diagnosing and treating the beneficiary.&lt;&sol;p&gt;
&lt;p style=&quot;line-height: 121%; padding-left: 80px;&quot;&gt;(2)&lt;strong&gt; For immune-compromised beneficiaries&lt;&sol;strong&gt;, the test must be ordered by a clinician specialist in 1 of the following: Infectious Diseases, Oncology, Transplant (for any panel), or Gastroenterologist who is diagnosing and treating the beneficiary.&lt;&sol;p&gt;
&lt;p style=&quot;padding-left: 80px;&quot;&gt;&lt;span style=&quot;line-height: 115%;&quot;&gt;(3) Regarding (1) and (2), An exception may be made in geographic locations where the specialist(s) cannot be reasonably reached by the beneficiary, and the ordering provider is located closer to the beneficiary&amp;rsquo;s place of residence than the nearest specialist. We would generally expect that beneficiaries for whom the test is ordered under this exception to be living in rural locations, islands, or some other location where access to care is limited.&lt;&sol;span&gt;&lt;&sol;p&gt;
&lt;p style=&quot;padding-left: 80px;&quot;&gt;&lt;span style=&quot;line-height: 115%;&quot;&gt;(4) For testing in POS other than POS 19, 21, 22, or 23, to bill one of the Group 7 CPT codes, &lt;strong&gt;TWO &lt;&sol;strong&gt;ICD-10 codes are required-one from Group 7 and another from Group 2.&lt;&sol;span&gt;&lt;&sol;p&gt;
&lt;p&gt;&lt;span style=&quot;line-height: 115%;&quot;&gt; &lt;&sol;span&gt;&lt;&sol;p&gt;
&lt;p&gt;&lt;span style=&quot;line-height: 115%;&quot;&gt;&amp;nbsp;&lt;&sol;span&gt;&lt;&sol;p&gt;",02/24/2026
58726,82,8,"&lt;p style=&quot;line-height: normal;&quot;&gt;&lt;strong&gt;Conditionally Non-covered CPT codes:&lt;&sol;strong&gt;&lt;&sol;p&gt;
&lt;p style=&quot;line-height: normal;&quot;&gt;The following CPT codes are NOT covered for a given beneficiary on the same DOS when &lt;strong&gt;&amp;gt;1&lt;&sol;strong&gt; is billed in combination with another CPT or PLA code from Groups 1-7 &lt;em&gt;for the same intended use.&lt;&sol;em&gt;&lt;&sol;p&gt;
&lt;p&gt;&lt;span style=&quot;line-height: 107%;&quot;&gt;Additionally, the following CPT codes are NOT covered for a given beneficiary on the same DOS when &lt;strong&gt;&amp;gt;2&lt;&sol;strong&gt; are billed &lt;em&gt;for the same intended use.&lt;&sol;em&gt;&lt;&sol;span&gt;&lt;&sol;p&gt;",02/24/2026
58726,82,9,"&lt;p&gt;&lt;strong&gt;Zoonotic Infection Panels:&lt;&sol;strong&gt;&lt;&sol;p&gt;
&lt;p&gt;This code is reimbursed under limited circumstances.&amp;#160;&lt;&sol;p&gt;
&lt;p&gt;&lt;strong&gt;Note also the additional diagnostic guidance provided by the Centers for Disease Control and Prevention (CDC):&lt;&sol;strong&gt; &lt;a href=&quot;https:&sol;&sol;www.cdc.gov&sol;ticks&sol;hcp&sol;data-research&sol;tickborne-disease-reference-guide&sol;&quot; target=&quot;_blank&quot; rel=&quot;noopener&quot;&gt;https:&sol;&sol;www.cdc.gov&sol;ticks&sol;hcp&sol;data-research&sol;tickborne-disease-reference-guide&sol;&lt;&sol;a&gt;&lt;&sol;p&gt;
&lt;p&gt;&amp;#160;&lt;&sol;p&gt;",02/24/2026
58726,82,10,"&lt;p&gt;&lt;strong&gt;Joint Infection Panels:&lt;&sol;strong&gt;&lt;&sol;p&gt;
&lt;p&gt;This code is reimbursed under limited circumstances.&lt;&sol;p&gt;",02/24/2026
58726,82,11,"&lt;p&gt;&lt;p style=&quot;text-align: justify; line-height: 98%;&quot;&gt;&lt;strong&gt;&lt;span style=&quot;line-height: 98%;&quot;&gt;Non-Urogenital&sol;Anogenital Cutaneous&sol;Mucocutaneous &lt;&sol;span&gt;&lt;&sol;strong&gt;&lt;strong&gt;&lt;span style=&quot;line-height: 98%;&quot;&gt;Lesion Panels:&lt;&sol;span&gt;&lt;&sol;strong&gt;&lt;&sol;p&gt;
&lt;p style=&quot;text-align: justify; line-height: 98%;&quot;&gt;&lt;span style=&quot;line-height: 98%;&quot;&gt;This code is reimbursed under limited circumstances.&lt;&sol;span&gt;&lt;&sol;p&gt;&lt;&sol;p&gt;",02/24/2026
58726,82,12,"&lt;p&gt;&lt;p style=&quot;line-height: 12.2pt;&quot;&gt;&lt;strong&gt;Onychomycosis Panels:&lt;&sol;strong&gt;&lt;&sol;p&gt;
&lt;p style=&quot;line-height: 90%;&quot;&gt;&lt;span style=&quot;line-height: 90%;&quot;&gt;This code is only reimbursed for patients with a confirmed histopathologic diagnosis of an infiltrative&sol;invasive fungal onychomycosis and whose culture (and antifungal susceptibility) of the nail is negative or cannot be performed.&lt;&sol;span&gt;&lt;&sol;p&gt;&lt;&sol;p&gt;",02/24/2026
58456,43,1,"&lt;p&gt;&lt;strong&gt;This group includes NGS-based MRD tests for the purpose of diagnosing disease progression, recurrence, or relapse. &lt;&sol;strong&gt;&lt;&sol;p&gt;
&lt;p&gt;If no relevant CPT&amp;#174; code exists for the test submitted, you may bill with the NOC code 81479.&lt;&sol;p&gt;",02/24/2026
58456,43,2,&lt;p&gt;&lt;strong&gt;This group includes tests for monitoring the response to immune-checkpoint inhibitor (ICI) therapy. &lt;&sol;strong&gt;&lt;&sol;p&gt;,02/24/2026
58456,43,3,"&lt;p&gt;&lt;p style=&quot;line-height: 98%;&quot;&gt;&lt;strong&gt;&lt;span style=&quot;line-height: 98%;&quot;&gt;This group includes MRD tests that do not use NGS for the purpose of diagnosing disease progression, recurrence, or relapse.&lt;&sol;span&gt;&lt;&sol;strong&gt;&lt;&sol;p&gt;&lt;&sol;p&gt;",02/24/2026
56454,12,1,,02/23/2026
53296,23,1,,02/23/2026
58095,16,1,,02/23/2026
58227,20,1,&lt;p&gt;&lt;strong&gt;&lt;span style=&quot;line-height: 115%;&quot;&gt;Note: &lt;&sol;span&gt;&lt;&sol;strong&gt;&lt;span style=&quot;line-height: 115%;&quot;&gt;Providers are reminded to refer to the long descriptors of the CPT codes in their CPT book.&lt;strong&gt; &lt;&sol;strong&gt;&lt;&sol;span&gt;&lt;&sol;p&gt;,02/23/2026
59244,18,1,&lt;p&gt;N&sol;A&lt;&sol;p&gt;,02/23/2026
59244,18,2,"&lt;p&gt;The following CPT&sol;HCPCS codes are non-covered. This is not an inclusive list of non-covered codes.&lt;&sol;p&gt;
&lt;p&gt;&lt;span style=&quot;line-height: 107%;&quot;&gt;&amp;nbsp;&lt;&sol;span&gt;&lt;&sol;p&gt;",02/23/2026
59244,18,3,&lt;p&gt;&lt;strong&gt;For ASC facility and OPPS hospital outpatient department claims only.&lt;&sol;strong&gt;&lt;&sol;p&gt;,02/23/2026
54660,14,1,,02/23/2026
57083,14,1,&lt;p&gt;N&sol;A&lt;&sol;p&gt;,02/23/2026
59466,7,1,"&lt;p&gt;2 Codes covered by the provisions of this Local Coverage Determination&lt;&sol;p&gt;
&lt;p&gt;(Providers are reminded to refer to the long descriptors of the CPT codes in their CPT Code Book)&lt;&sol;p&gt;
&lt;p&gt;The addition of the level of treatment should be recorded with any other modifier required on the claim line with the procedure code.&lt;&sol;p&gt;",02/23/2026
59175,11,1,"&lt;p&gt;&lt;span style=&quot;line-height: 115%;&quot;&gt;Procedure codes may be subject to National Correct Coding Initiative (NCCI) edits or OPPS packaging edits. Refer to NCCI and OPPS requirements prior to billing Medicare.&lt;&sol;span&gt;&lt;&sol;p&gt;
&lt;p&gt;&lt;span style=&quot;line-height: 115%;&quot;&gt; &lt;&sol;span&gt;&lt;&sol;p&gt;
&lt;p&gt;&lt;span style=&quot;line-height: 115%;&quot;&gt;For services requiring a referring&sol;ordering physician, the name and NPI of the referring&sol;ordering physician must be reported on the claim.&lt;&sol;span&gt;&lt;&sol;p&gt;
&lt;p&gt;&lt;span style=&quot;line-height: 115%;&quot;&gt; &lt;&sol;span&gt;&lt;&sol;p&gt;
&lt;p&gt;&lt;span style=&quot;line-height: 115%;&quot;&gt;A claim submitted without a valid ICD-10-CM diagnosis code will be returned to the provider as an incomplete claim under &amp;sect;1833(e) of the Social Security Act.&lt;&sol;span&gt;&lt;&sol;p&gt;
&lt;p&gt;&lt;span style=&quot;line-height: 115%;&quot;&gt;All services&sol;procedures performed on the same day for the same beneficiary by the physician&sol;provider should be billed on the same claim.&lt;&sol;span&gt;&lt;&sol;p&gt;
&lt;p&gt;&lt;span style=&quot;line-height: 115%;&quot;&gt; &lt;&sol;span&gt;&lt;&sol;p&gt;
&lt;p&gt;&lt;span style=&quot;line-height: 115%;&quot;&gt;Billing for preparatory services&sol;acquisition costs is covered in CMS Internet-Only Manual, Pub. 100-04, Medicare Claims Processing Manual, Chapter 3, &amp;sect;90.3.1 Allogeneic for Stem Cell Transplantation.&lt;&sol;span&gt;&lt;&sol;p&gt;",02/23/2026
52848,42,1,,02/21/2026
52848,42,2,,02/21/2026
56472,23,1,,02/21/2026
56472,23,2,,02/21/2026
56646,24,1,"&lt;p&gt;Injection of a chemodenervation agent for the treatment of achalasia is a procedure that should be done by providers with training to treat diseases of the gastrointestinal (GI) tract (e.g., gastroenterologists and surgeons). Refer to the Upper Gastrointestinal Endoscopy and Visualization L34434 LCD for guidelines for the treatment of achalasia.&lt;&sol;p&gt;
&lt;p&gt;Use CPT&lt;sup&gt;&amp;reg;&lt;&sol;sup&gt; codes 95873 and 95874, in addition to, the code for the primary procedure CPT&lt;sup&gt;&amp;reg;&lt;&sol;sup&gt; codes 64612, 64615, 64616, 64642, 64643, 64644, 64645, 64646, 64647, 64653, 64999.&lt;&sol;p&gt;
&lt;p&gt;&amp;nbsp;&lt;&sol;p&gt;",02/21/2026
56646,24,2,&lt;p&gt;HCPCS Codes&lt;&sol;p&gt;,02/21/2026
57474,34,1,&lt;p&gt;N&sol;A&lt;&sol;p&gt;,02/21/2026
56455,12,1,,02/20/2026
56494,17,1,,02/20/2026
56471,18,1,,02/20/2026
56816,16,1,,02/20/2026
56456,32,1,,02/20/2026
56460,14,1,,02/20/2026
56457,15,1,,02/20/2026
57179,22,1,&lt;p&gt;&lt;strong&gt;Note:&lt;&sol;strong&gt; Providers are reminded to refer to the long descriptors of the CPT codes in their CPT book.&lt;&sol;p&gt;,02/20/2026
56505,41,1,&lt;p&gt;&lt;strong&gt;Note:&lt;&sol;strong&gt; Providers are reminded to refer to the long descriptors of the CPT code in their CPT books.&lt;&sol;p&gt;,02/20/2026
57592,19,1,&lt;p&gt;Note: Diagnosis codes must be coded to the highest level of specificity.&lt;&sol;p&gt;,02/20/2026
57592,19,2,&lt;p&gt;&lt;strong&gt;Non-covered&lt;&sol;strong&gt;&lt;&sol;p&gt;,02/20/2026
59700,5,1,,02/20/2026
55197,35,1,,02/20/2026
54953,70,1,&lt;p&gt;See above&lt;&sol;p&gt;,02/20/2026
56050,15,1,,02/19/2026
59423,4,1,&lt;p&gt;The following codes represent currently available biomarkers for chronic pain.&lt;&sol;p&gt;,02/19/2026
56289,14,1,,02/19/2026
59163,7,1,&lt;p&gt;N&sol;A&lt;&sol;p&gt;,02/19/2026
59318,13,1,&lt;p&gt;N&sol;A&lt;&sol;p&gt;,02/19/2026
59318,13,2,&lt;p&gt;N&sol;A&lt;&sol;p&gt;,02/19/2026
59318,13,3,&lt;p&gt;&lt;span style=&quot;line-height: 107%;&quot;&gt;The following apply to A9552 &lt;&sol;span&gt;&lt;span style=&quot;line-height: 107%; background: white;&quot;&gt;(FLUORODEOXYGLUCOSE F-18 FDG)&lt;&sol;span&gt;&lt;&sol;p&gt;,02/19/2026
59318,13,4,&lt;p&gt;&lt;span style=&quot;background: white;&quot;&gt;The following CPT&sol;HCPCS are Non-Covered.&lt;&sol;span&gt;&lt;&sol;p&gt;,02/19/2026
57774,16,1,&lt;p&gt;N&sol;A&lt;&sol;p&gt;,02/19/2026
54424,20,1,&lt;p&gt;N&sol;A&lt;&sol;p&gt;,02/19/2026
54447,26,1,&lt;p&gt;N&sol;A&lt;&sol;p&gt;,02/19/2026
54482,16,1,,02/19/2026
54486,13,1,,02/19/2026
54500,24,1,&lt;p&gt;N&sol;A&lt;&sol;p&gt;,02/19/2026
54976,16,1,&lt;p&gt;N&sol;A&lt;&sol;p&gt;,02/19/2026
55265,13,1,&lt;p&gt;N&sol;A&lt;&sol;p&gt;,02/19/2026
55295,30,1,"&lt;p&gt;&lt;span style=&quot;text-align: left; color: #212529; text-transform: none; line-height: 16.1px; text-indent: 0px; letter-spacing: normal; font-family: Verdana, &#39;Helvetica Neue&#39;, Helvetica, Arial, sans-serif; font-size: 14px; font-style: normal; font-weight: 400; word-spacing: 0px; white-space: normal; box-sizing: border-box; orphans: 2; widows: 2; background-color: #ffffff; -webkit-text-stroke-width: 0px; font-variant-ligatures: normal; font-variant-caps: normal; text-decoration-style: initial; text-decoration-color: initial;&quot;&gt;CPT&lt;sup style=&quot;top: -0.5em; line-height: 0; font-size: 10.5px; vertical-align: baseline; position: relative; box-sizing: border-box;&quot;&gt;&amp;reg;&lt;&sol;sup&gt; codes that are also referenced in other articles&lt;&sol;span&gt;&lt;span style=&quot;text-align: left; color: #212529; text-transform: none; text-indent: 0px; letter-spacing: normal; font-family: Verdana, &#39;Helvetica Neue&#39;, Helvetica, Arial, sans-serif; font-size: 14px; font-style: normal; font-weight: 400; word-spacing: 0px; float: none; display: inline !important; white-space: normal; orphans: 2; widows: 2; background-color: #ffffff; -webkit-text-stroke-width: 0px; font-variant-ligatures: normal; font-variant-caps: normal; text-decoration-style: initial; text-decoration-color: initial;&quot;&gt;.&lt;&sol;span&gt;&lt;&sol;p&gt;",02/19/2026
55600,17,1,&lt;p&gt;N&sol;A&lt;&sol;p&gt;,02/19/2026
55600,17,2,"&lt;p&gt;The following should be reported for ABL1 Kinase Domain Mutation Analysis for the detection of acquired imatinib tyrosine kinase inhibitor resistance.&lt;&sol;p&gt;
&lt;p&gt;&amp;nbsp;&lt;&sol;p&gt;",02/19/2026
55602,24,1,&lt;p&gt;N&sol;A&lt;&sol;p&gt;,02/19/2026
55628,14,1,&lt;p&gt;N&sol;A&lt;&sol;p&gt;,02/19/2026
55712,22,1,&lt;p&gt;N&sol;A&lt;&sol;p&gt;,02/19/2026
58674,8,1,&lt;p&gt;N&sol;A&lt;&sol;p&gt;,02/19/2026
59642,32,1,&lt;p&gt;&lt;span style=&quot;line-height: 115%;&quot;&gt;The codes listed below fall within scope of the associated policy but do not automatically imply coverage.&lt;&sol;span&gt;&lt;&sol;p&gt;,02/19/2026
59687,6,1,&lt;p&gt;N&sol;A&lt;&sol;p&gt;,02/19/2026
59744,5,1,&lt;p&gt;N&sol;A&lt;&sol;p&gt;,02/19/2026
56565,20,1,&lt;p&gt;CPT&lt;sup&gt;&amp;reg;&lt;&sol;sup&gt; code 83880 may be reasonable once a month for an individual patient. There must be supportive documentation in the medical record to demonstrate the medical necessity of more frequent testing.&lt;&sol;p&gt;,02/14/2026
57484,22,1,&lt;p&gt;N&sol;A&lt;&sol;p&gt;,02/11/2026
58120,17,1,&lt;p&gt;N&sol;A&lt;&sol;p&gt;,02/09/2026
58673,8,1,&lt;p&gt;N&sol;A&lt;&sol;p&gt;,02/09/2026
59685,5,1,&lt;p&gt;N&sol;A&lt;&sol;p&gt;,02/09/2026
59743,5,1,,02/09/2026
54480,16,1,,02/09/2026
54484,13,1,,02/09/2026
55596,13,1,&lt;p&gt;N&sol;A&lt;&sol;p&gt;,02/09/2026
55597,24,1,&lt;p&gt;N&sol;A&lt;&sol;p&gt;,02/09/2026
55623,16,1,&lt;p&gt;N&sol;A&lt;&sol;p&gt;,02/09/2026
55624,34,1,&lt;p&gt;N&sol;A&lt;&sol;p&gt;,02/09/2026
57842,11,1,&lt;p&gt;N&sol;A&lt;&sol;p&gt;,02/09/2026
54445,27,1,&lt;p&gt;N&sol;A&lt;&sol;p&gt;,02/09/2026
55264,14,1,&lt;p&gt;N&sol;A&lt;&sol;p&gt;,02/09/2026
56103,14,1,&lt;p&gt;N&sol;A&lt;&sol;p&gt;,02/09/2026
56103,14,2,&lt;p&gt;&lt;span style=&quot;line-height: 115%;&quot;&gt;CPT&lt;sup&gt;&lt;span style=&quot;font-size: small;&quot;&gt;&amp;reg;&lt;&sol;span&gt;&lt;&sol;sup&gt; codes that are also referenced in other articles.&lt;&sol;span&gt;&lt;&sol;p&gt;,02/09/2026
57970,13,1,&lt;p&gt;The following codes are not covered&lt;&sol;p&gt;,02/09/2026
54418,28,1,&lt;p&gt;N&sol;A&lt;&sol;p&gt;,02/09/2026
54422,21,1,&lt;p&gt;N&sol;A&lt;&sol;p&gt;,02/09/2026
54498,24,1,&lt;p&gt;N&sol;A&lt;&sol;p&gt;,02/09/2026
55294,34,1,&lt;p&gt;CPT&lt;sup&gt;&amp;reg;&lt;&sol;sup&gt; codes that are also referenced in other articles.&lt;&sol;p&gt;,02/09/2026
54386,38,1,&lt;p&gt;N&sol;A&lt;&sol;p&gt;,02/09/2026
54975,17,1,&lt;p&gt;N&sol;A&lt;&sol;p&gt;,02/09/2026
55595,17,1,&lt;p&gt;N&sol;A&lt;&sol;p&gt;,02/09/2026
55595,17,2,&lt;p&gt;The following should be reported for ABL1 Kinase Domain Mutation Analysis for the detection of acquired imatinib tyrosine kinase inhibitor resistance.&lt;&sol;p&gt;,02/09/2026
55711,24,1,&lt;p&gt;N&sol;A&lt;&sol;p&gt;,02/09/2026
57670,8,1,&lt;p&gt;&lt;strong&gt;Note:&lt;&sol;strong&gt; Providers are reminded to refer to the long descriptors of the CPT&sol;HCPCS codes in their CPT&sol;HCPCS book.&lt;&sol;p&gt;,02/06/2026
58573,13,1,"&lt;p&gt;&lt;strong&gt;Dermabrasion&lt;&sol;strong&gt;&lt;&sol;p&gt;
&lt;p&gt;&lt;strong&gt;Note: &lt;&sol;strong&gt;Providers are reminded to refer to the long descriptors of the CPT codes in their CPT book.&lt;&sol;p&gt;",02/06/2026
58573,13,2,"&lt;p&gt;&lt;strong&gt;Abdominal Lipectomy&sol;Panniculectomy&lt;&sol;strong&gt;&lt;&sol;p&gt;
&lt;p&gt;&lt;strong&gt;Note:&lt;&sol;strong&gt; &lt;strong&gt;CPT code 15847 &lt;&sol;strong&gt;is an add-on code that can only be used in conjunction with &lt;strong&gt;CPT code 15830&lt;&sol;strong&gt;.&lt;&sol;p&gt;",02/06/2026
58573,13,3,&lt;p&gt;&lt;strong&gt;Reconstructive Breast Surgery: Removal of Breast Implants&lt;&sol;strong&gt;&lt;&sol;p&gt;,02/06/2026
58573,13,4,&lt;p&gt;&lt;strong&gt;Reduction Mammaplasty&lt;&sol;strong&gt;&lt;&sol;p&gt;,02/06/2026
58573,13,5,"&lt;p&gt;&lt;strong&gt;Mastectomy for Gynecomastia&lt;&sol;strong&gt;&lt;&sol;p&gt;
&lt;p&gt;Liposuction or ultrasonically assisted liposuction (&lt;strong&gt;15877&lt;&sol;strong&gt; suction assisted lipectomy; trunk) used for the treatment of gynecomastia is considered integral to the primary procedure and not covered.&lt;&sol;p&gt;",02/06/2026
58573,13,6,"&lt;p&gt;&lt;strong&gt;Rhinoplasty&sol;Nasal Reconstructive Surgery&lt;&sol;strong&gt;&lt;&sol;p&gt;
&lt;p&gt;The following CPT codes associated with the services outlined in this Billing and Coding Article will not have diagnosis code limitations applied at this time: &lt;strong&gt;20912, 21210, &lt;&sol;strong&gt;or&lt;strong&gt; 21235&lt;&sol;strong&gt;.&lt;&sol;p&gt;",02/06/2026
56587,48,1,"&lt;p&gt;&lt;strong&gt;Dermabrasion&lt;&sol;strong&gt;&lt;&sol;p&gt;
&lt;p&gt;&lt;strong&gt;Note: &lt;&sol;strong&gt;Providers are reminded to refer to the long descriptors of the CPT codes in their CPT book.&lt;&sol;p&gt;",02/06/2026
56587,48,2,"&lt;p&gt;&lt;strong&gt;Abdominal Lipectomy&sol;Panniculectomy&lt;&sol;strong&gt;&lt;&sol;p&gt;
&lt;p&gt;&lt;strong&gt;Note:&lt;&sol;strong&gt; &lt;strong&gt;CPT code 15847 &lt;&sol;strong&gt;is an add-on code that can only be used in conjunction with &lt;strong&gt;CPT code 15830&lt;&sol;strong&gt;.&lt;&sol;p&gt;",02/06/2026
56587,48,3,&lt;p&gt;&lt;strong&gt;Reconstructive Breast Surgery: Removal of Breast Implants&lt;&sol;strong&gt;&lt;&sol;p&gt;,02/06/2026
56587,48,4,&lt;p&gt;&lt;strong&gt;Reduction Mammaplasty&lt;&sol;strong&gt;&lt;&sol;p&gt;,02/06/2026
56587,48,5,"&lt;p&gt;&lt;strong&gt;Mastectomy for Gynecomastia&lt;&sol;strong&gt;&lt;&sol;p&gt;
&lt;p&gt;Liposuction or ultrasonically assisted liposuction (&lt;strong&gt;15877&lt;&sol;strong&gt; suction assisted lipectomy; trunk) used for the treatment of gynecomastia is considered integral to the primary procedure and not covered.&lt;&sol;p&gt;",02/06/2026
56587,48,6,"&lt;p&gt;&lt;strong&gt;Rhinoplasty&sol;Nasal Reconstructive Surgery&lt;&sol;strong&gt;&lt;&sol;p&gt;
&lt;p&gt;The following CPT codes associated with the services outlined in this Billing and Coding Article will not have diagnosis code limitations applied at this time: &lt;strong&gt;20912, 21210, &lt;&sol;strong&gt;or&lt;strong&gt; 21235&lt;&sol;strong&gt;.&lt;&sol;p&gt;",02/06/2026
57332,55,1,"&lt;p&gt;&lt;span style=&quot;line-height: 115%;&quot;&gt;For the following CPT&lt;sup&gt;&amp;#174;&lt;&sol;sup&gt; codes associated with germline testing, a beneficiary may only be covered for one test per lifetime. This list does not imply coverage for any of the below codes; it identifies codes within scope of the Repeat Germline Testing Policy. &lt;&sol;span&gt;&lt;&sol;p&gt;
&lt;p&gt;If non-duplicative testing is considered medically reasonable and necessary but utilizes the same billing codes as prior testing, please use a -77 modifier to trigger a medical review for coverage. This includes testing to identify different genetic content or information, such as different variant types or classes, or leveraging newer and more sensitive methodologies. Providers will be expected to provide a rationale for additional testing.&lt;&sol;p&gt;",02/05/2026
57332,55,2,"&lt;p&gt;&lt;span style=&quot;text-decoration: underline;&quot;&gt;&lt;strong&gt;For tests billed under the Not Otherwise Classified (NOC) CPT&amp;#174; code 81479:&lt;&sol;strong&gt;&lt;&sol;span&gt;&lt;br &sol;&gt;Tests billed under the NOC CPT&lt;sup&gt;&amp;#174;&lt;&sol;sup&gt; code 81479 that are used for germline testing and are further defined by a unique identifier (such as a Z-Identifier code) are limited to once per lifetime, as are such tests that are duplicative.&lt;&sol;p&gt;
&lt;p&gt;If non-duplicative testing of such a test is considered medically reasonable and necessary, please use a -77 modifier to trigger a medical review.&lt;&sol;p&gt;",02/05/2026
57487,10,1,,02/05/2026
57517,13,1,&lt;p&gt;N&sol;A&lt;&sol;p&gt;,02/05/2026
57527,84,1,&lt;p&gt;The codes listed below fall within scope of the associated policy but do not automatically imply coverage.&amp;#160;&lt;&sol;p&gt;,02/05/2026
57527,84,2,&lt;p&gt;For DNA&sol;RNA based testing that use CPT&lt;sup&gt;&amp;reg;&lt;&sol;sup&gt; code 87999 a Z-code is required for claims submission. Any remaining molecular microbiology tests that are non-FDA approved&sol;cleared services&sol;tests also require a Z-code for claims submission.&lt;&sol;p&gt;,02/05/2026
57892,37,1,&lt;p&gt;N&sol;A&lt;&sol;p&gt;,02/05/2026
57892,37,2,"&lt;p&gt;&lt;!&amp;mdash;&amp;mdash;StartFragment &amp;mdash;&amp;mdash;&gt;&lt;&sol;p&gt;
&lt;p class=&quot;pf0&quot;&gt;&lt;span class=&quot;cf0&quot;&gt;The following should be reported for ABL1 Kinase Domain Mutation Analysis for the detection of acquired imatinib tyrosine kinase inhibitor resistance.&lt;&sol;span&gt;&lt;&sol;p&gt;
&lt;p&gt;&lt;!&amp;mdash;&amp;mdash;EndFragment &amp;mdash;&amp;mdash;&gt;&lt;&sol;p&gt;",02/05/2026
58053,8,1,&lt;p&gt;N&sol;A&lt;&sol;p&gt;,02/05/2026
58187,25,1,"&lt;p&gt;If a test for FGFR2 and&sol;or FGFR3 is performed as part of a panel, it must be billed as part of the panel.&lt;&sol;p&gt;
&lt;p&gt;Many of these codes refer to more than 1 possible gene. As such, these codes may be mentioned in unrelated coverage articles as well.&lt;&sol;p&gt;",02/05/2026
58681,29,1,&lt;p&gt;N&sol;A&lt;&sol;p&gt;,02/05/2026
58681,29,2,,02/05/2026
58681,29,3,"&lt;p&gt;&lt;!&amp;mdash;&amp;mdash;&amp;mdash;StartFragment &amp;mdash;&amp;mdash;&amp;mdash;&gt;&lt;&sol;p&gt;
&lt;p class=&quot;pf0&quot;&gt;&lt;span class=&quot;cf0&quot;&gt;These code(s) are non-covered.&lt;&sol;span&gt;&lt;&sol;p&gt;
&lt;p&gt;&lt;!&amp;mdash;&amp;mdash;&amp;mdash;EndFragment &amp;mdash;&amp;mdash;&amp;mdash;&gt;&lt;&sol;p&gt;",02/05/2026
58997,29,1,"&lt;p&gt;&lt;span style=&quot;line-height: 115%;&quot;&gt;This group covers NGS-based MRD tests not otherwise allocated into a separate Group below. Note: if a test is allocated into a separate Group, refer to the billing and coding instructions for the relevant Group. &lt;&sol;span&gt;&lt;span style=&quot;background: white; line-height: 115%;&quot;&gt;If no relevant CPT&lt;sup&gt;&amp;reg;&lt;&sol;sup&gt; code exist for the test submitted, you may bill with the NOC code 81479.&lt;&sol;span&gt;&lt;&sol;p&gt;",02/05/2026
58997,29,2,"&lt;p&gt;&lt;strong&gt;&lt;span style=&quot;line-height: 115%;&quot;&gt;CLONOSEQ&lt;sup&gt;&amp;reg; &lt;&sol;sup&gt;&lt;&sol;span&gt;&lt;&sol;strong&gt;&lt;&sol;p&gt;
&lt;p&gt;&lt;span style=&quot;line-height: 115%;&quot;&gt;Use CPT&lt;sup&gt;&amp;reg; &lt;&sol;sup&gt;81479 for claims on or after 3&sol;16&sol;2018&lt;&sol;span&gt;&lt;&sol;p&gt;
&lt;p&gt;Use PLA 0364U to describe the service for patients with a personal history of cancer. This code has been approved for patients with a history of Mantle Cell Lymphoma.&lt;&sol;p&gt;",02/05/2026
58997,29,3,"&lt;p&gt;&lt;strong&gt;Single-gene and panel testing by PCR&lt;&sol;strong&gt;&lt;&sol;p&gt;
&lt;ul&gt;
&lt;li&gt;&lt;span style=&quot;line-height: 115%;&quot;&gt;Regarding single-gene and panel testing of genes &amp;ndash; &lt;&sol;span&gt;&lt;span style=&quot;line-height: 115%;&quot;&gt;Refer to Billing and Coding: MolDX: Molecular Diagnostic Tests (MDT) A57527 and Billing and Coding: MolDX: Testing of Multiple Genes A58121&lt;&sol;span&gt;&lt;&sol;li&gt;
&lt;li&gt;&lt;span style=&quot;line-height: 115%;&quot;&gt;Regarding BCR-ABL1 testing &amp;ndash; &lt;&sol;span&gt;&lt;span style=&quot;line-height: 115%;&quot;&gt;Refer to Billing and Coding: MolDX: BCR-ABL A55600 for BCR-ABL1 testing&lt;&sol;span&gt;&lt;&sol;li&gt;
&lt;&sol;ul&gt;",02/05/2026
58997,29,4,&lt;p&gt;&lt;strong&gt;&lt;span style=&quot;line-height: 115%;&quot;&gt;Immunoglobulin and T cell receptor gene rearrangement analysis&lt;&sol;span&gt;&lt;&sol;strong&gt;&lt;&sol;p&gt;,02/05/2026
59511,5,1,&lt;p&gt;N&sol;A&lt;&sol;p&gt;,02/05/2026
59837,8,1,&lt;p&gt;N&sol;A&lt;&sol;p&gt;,02/05/2026
59874,9,1,&lt;p&gt;N&sol;A&lt;&sol;p&gt;,02/05/2026
53057,67,1,,02/04/2026
53058,65,1,&lt;p&gt;The following codes should be used by Physical Therapists&lt;&sol;p&gt;,02/04/2026
53058,65,2,&lt;p&gt;Other CPT&sol;HCPCS codes found in this policy are for informational and descriptive use only&lt;&sol;p&gt;,02/04/2026
56730,27,1,"&lt;p&gt;&lt;span style=&quot;line-height: 115%;&quot;&gt;CPT&lt;sup&gt;&amp;reg;&lt;&sol;sup&gt; codes 94760, 94761, and 94762 are included in the critical care services listed in &lt;em&gt;&lt;strong&gt;Group 2: Codes&lt;&sol;strong&gt;&lt;&sol;em&gt;. These codes will not be paid separately when billed with a critical care code.&lt;&sol;span&gt;&lt;&sol;p&gt;",02/04/2026
56730,27,2,&lt;p&gt;&lt;p style=&quot;line-height: normal;&quot;&gt;Critical Care Codes&lt;&sol;p&gt;&lt;&sol;p&gt;,02/04/2026
56717,35,1,,02/04/2026
53065,76,1,,02/04/2026
53064,87,1,,02/04/2026
56432,25,1,"&lt;p&gt;&lt;span style=&quot;line-height: 115%;&quot;&gt;&lt;strong&gt;Note&lt;&sol;strong&gt;&lt;&sol;span&gt;&lt;span style=&quot;line-height: 115%;&quot;&gt;: &lt;&sol;span&gt;&lt;span style=&quot;line-height: 115%;&quot;&gt;The new biosimilar payment policy also makes the use of modifiers that describe the manufacturer of a biosimilar product unnecessary. Therefore, modifiers ZA, ZB and ZC will be discontinued for dates of service on or after April 1, 2018. However, please note that HCPCS code Q5102 and the requirement to use applicable biosimilar modifiers remain in effect for dates of service prior to April 1, 2018.&lt;&sol;span&gt;&lt;&sol;p&gt;",02/04/2026
59371,7,1,,02/04/2026
59036,23,1,,02/04/2026
59036,23,2,&lt;p&gt;The following CPT codes cannot be reported together with 99483 on the same date of service.&lt;&sol;p&gt;,02/04/2026
56008,12,1,,01/29/2026
52507,156,1,,01/27/2026
56777,16,1,&lt;p&gt;&lt;p style=&quot;line-height: normal;&quot;&gt;&lt;strong&gt;Total Hip Arthroplasty&lt;&sol;strong&gt;&lt;&sol;p&gt;&lt;&sol;p&gt;,01/27/2026
56777,16,2,&lt;p&gt;&lt;p style=&quot;line-height: normal;&quot;&gt;&lt;strong&gt;Revision of Total Hip Arthroplasty&lt;&sol;strong&gt;&lt;&sol;p&gt;&lt;&sol;p&gt;,01/27/2026
56777,16,3,&lt;p&gt;&lt;span style=&quot;line-height: 115%;&quot;&gt;&lt;strong&gt;Total Knee Arthroplasty&lt;&sol;strong&gt;&lt;&sol;span&gt;&lt;&sol;p&gt;,01/27/2026
56777,16,4,&lt;p&gt;&lt;p style=&quot;line-height: normal;&quot;&gt;&lt;strong&gt;Revision of Total Knee Arthroplasty&lt;&sol;strong&gt;&lt;&sol;p&gt;&lt;&sol;p&gt;,01/27/2026
59030,13,1,&lt;p&gt;&lt;strong&gt;&lt;span style=&quot;line-height: 115%;&quot;&gt;Note: &lt;&sol;span&gt;&lt;&sol;strong&gt;&lt;span style=&quot;line-height: 115%;&quot;&gt;Providers are reminded to refer to the long descriptors of the codes in their CPT&lt;&sol;span&gt;&lt;sup&gt;&lt;span style=&quot;line-height: 115%;&quot;&gt;&amp;#174;&lt;&sol;span&gt;&lt;&sol;sup&gt;&lt;span style=&quot;line-height: 115%;&quot;&gt; &lt;&sol;span&gt;&lt;span style=&quot;line-height: 115%;&quot;&gt;book.&lt;&sol;span&gt;&lt;&sol;p&gt;,01/27/2026
59030,13,2,&lt;p&gt;&lt;strong&gt;&lt;span style=&quot;line-height: 115%;&quot;&gt;Note:&lt;&sol;span&gt;&lt;&sol;strong&gt;&lt;span style=&quot;line-height: 115%;&quot;&gt; Providers are reminded to refer to the long descriptors of the codes in their CPT&lt;&sol;span&gt;&lt;sup&gt;&lt;span style=&quot;line-height: 115%;&quot;&gt;&amp;#174;&lt;&sol;span&gt;&lt;&sol;sup&gt;&lt;span style=&quot;line-height: 115%;&quot;&gt; book.&lt;&sol;span&gt;&lt;&sol;p&gt;,01/27/2026
59498,10,1,,01/27/2026
58354,15,1,,01/27/2026
53793,38,1,"&lt;p&gt;Transwoman procedures (male to female)&lt;br &sol;&gt;&lt;br &sol;&gt;*NOTE: For Part A services only, the provider should bill the appropriate procedure code(s) for inpatient services.&lt;br &sol;&gt;&lt;br &sol;&gt;The following CPT&lt;sup&gt;&amp;reg;&lt;&sol;sup&gt; codes will be considered when applicable criteria have been met:&lt;&sol;p&gt;",01/27/2026
53793,38,2,"&lt;p&gt;Transman procedures (female to male)&lt;br &sol;&gt;&lt;br &sol;&gt;*NOTE: For Part A services only, the provider should bill the appropriate procedure code(s) for inpatient services.&lt;br &sol;&gt;&lt;br &sol;&gt;The following CPT&lt;sup&gt;&lt;span style=&quot;font-size: small;&quot;&gt;&amp;reg;&lt;&sol;span&gt;&lt;&sol;sup&gt; codes will be considered when applicable criteria have been met:&lt;&sol;p&gt;",01/27/2026
53793,38,3,"&lt;p&gt;All unlisted procedure codes will suspend for medical review.&lt;br &sol;&gt;&lt;br &sol;&gt;The following CPT&lt;sup&gt;&lt;span style=&quot;font-size: small;&quot;&gt;&amp;reg;&lt;&sol;span&gt;&lt;&sol;sup&gt; codes are considered cosmetic. When billed with any Covered ICD-10 Codes listed below, the service will not be covered (list may not be all-inclusive):&lt;&sol;p&gt;",01/27/2026
59672,8,1,&lt;p&gt;&lt;span style=&quot;line-height: 115%;&quot;&gt;The CPT&lt;sup&gt;&amp;reg;&lt;&sol;sup&gt; code in Group 1 is considered medically necessary when the indications for coverage are met.&lt;&sol;span&gt;&lt;&sol;p&gt;,01/27/2026
59672,8,2,&lt;p&gt;&lt;span style=&quot;line-height: 115%;&quot;&gt;The CPT&lt;sup&gt;&amp;reg;&lt;&sol;sup&gt; code in Group 2 is considered not medically reasonable and necessary (non-covered).&lt;&sol;span&gt;&lt;&sol;p&gt;,01/27/2026
59723,10,1,"&lt;p&gt;&lt;span style=&quot;line-height: 115%;&quot;&gt;Code 90863 is to be coded with 90832, 90834, 90837.&lt;&sol;span&gt;&lt;&sol;p&gt;
&lt;p&gt;&lt;span style=&quot;line-height: 115%;&quot;&gt;Codes 90833,90836, 90838 are to be coded with 99202-99255, 99304-99306, 99341-99350.&lt;&sol;span&gt;&lt;&sol;p&gt;
&lt;p&gt;&lt;span style=&quot;line-height: 115%;&quot;&gt;Code 90840, code first 90839.&lt;&sol;span&gt;&lt;&sol;p&gt;
&lt;p&gt;&lt;span style=&quot;line-height: 115%;&quot;&gt;90785, code first 90791-90792, 90832-90834, 90836-90838, 90853.&lt;&sol;span&gt;&lt;&sol;p&gt;
&lt;p&gt;&lt;span style=&quot;line-height: 115%;&quot;&gt;90785 excludes 97151, 97152, 97153, 97154, 97155, 97156, 97157, 97158, 0362T, 0373T, 90839,90840, 96136-96139, 96146, 96130-96133.&lt;&sol;span&gt;&lt;&sol;p&gt;",01/27/2026
58876,12,1,"&lt;p&gt;&lt;span style=&quot;line-height: 115%;&quot;&gt;The Axial&sol;Truncal Veins refer to the superficial venous system which includes the GSV, AASV, SSV, and tributaries draining into those superficial veins.&lt;&sol;span&gt;&lt;&sol;p&gt;
&lt;p&gt;&lt;strong&gt;&lt;span style=&quot;line-height: 115%;&quot;&gt;Note: &lt;&sol;span&gt;&lt;&sol;strong&gt;&lt;span style=&quot;line-height: 115%;&quot;&gt;Providers are reminded to refer to the long descriptors of the CPT&lt;sup&gt;&amp;#174;&lt;&sol;sup&gt; codes in their CPT&lt;sup&gt;&amp;#174;&lt;&sol;sup&gt; book.&lt;&sol;span&gt;&lt;&sol;p&gt;",01/27/2026
58876,12,2,&lt;p&gt;&lt;strong&gt;&lt;span style=&quot;line-height: 115%;&quot;&gt;Note:&lt;&sol;span&gt;&lt;&sol;strong&gt;&lt;span style=&quot;line-height: 115%;&quot;&gt; Providers are reminded to refer to the long descriptors of the CPT&lt;sup&gt;&amp;reg;&lt;&sol;sup&gt; codes in their CPT&lt;sup&gt;&amp;reg;&lt;&sol;sup&gt; book.&lt;&sol;span&gt;&lt;&sol;p&gt;,01/27/2026
56852,24,1,&lt;p&gt;&lt;span style=&quot;line-height: 115%;&quot;&gt;&amp;nbsp;&lt;&sol;span&gt;&lt;&sol;p&gt;,01/27/2026
58008,22,1,,01/27/2026
56658,42,1,"&lt;p&gt;&lt;strong&gt;Exception: tattoos applied by medical professional in the course of therapeutic intervention&lt;&sol;strong&gt;&lt;&sol;p&gt;
&lt;p&gt;&lt;strong&gt;Dermabrasion&lt;&sol;strong&gt;&lt;&sol;p&gt;",01/27/2026
56658,42,2,&lt;p&gt;&lt;strong&gt;Abdominal Lipectomy&sol;Panniculectomy&lt;&sol;strong&gt;&lt;&sol;p&gt;,01/27/2026
56658,42,3,&lt;p&gt;&lt;strong&gt;Reconstructive Breast Surgery; Removal of Breast Implants&lt;&sol;strong&gt;&lt;&sol;p&gt;,01/27/2026
56658,42,4,&lt;p&gt;&lt;strong&gt;Reduction Mammoplasty-Primary&lt;&sol;strong&gt;&lt;&sol;p&gt;,01/27/2026
56658,42,5,&lt;p&gt;&lt;strong&gt;Reduction Mammoplasty-Secondary&lt;&sol;strong&gt;&lt;&sol;p&gt;,01/27/2026
56658,42,6,&lt;p&gt;&lt;strong&gt;Nasal Reconstruction and Rhinoplasty&lt;&sol;strong&gt;&lt;&sol;p&gt;,01/27/2026
56658,42,7,"&lt;p&gt;&lt;strong&gt;Facial and Maxillofacial Procedures&lt;&sol;strong&gt;&lt;&sol;p&gt;
&lt;p&gt;Use CPT&lt;sup&gt;&amp;reg;&amp;nbsp;&lt;&sol;sup&gt;codes only when the physician actually designs and prepares the prosthesis and not when the prosthesis is prepared by an outside laboratory.&amp;nbsp;&lt;&sol;p&gt;
&lt;p&gt;When CPT&lt;sup&gt;&amp;reg;&lt;&sol;sup&gt; codes 21089 and 21299 are billed, documentation must be submitted with the claim.&lt;&sol;p&gt;",01/27/2026
59028,12,1,&lt;p&gt;&lt;strong&gt;&lt;span style=&quot;line-height: 115%;&quot;&gt;Note: &lt;&sol;span&gt;&lt;&sol;strong&gt;&lt;span style=&quot;line-height: 115%;&quot;&gt;Providers are reminded to refer to the long descriptors of the CPT&lt;sup&gt;&amp;reg;&lt;&sol;sup&gt; codes in their CPT&lt;sup&gt;&amp;reg;&lt;&sol;sup&gt; book.&lt;&sol;span&gt;&lt;&sol;p&gt;,01/27/2026
57372,18,1,&lt;p&gt;N&sol;A&lt;&sol;p&gt;,01/26/2026
57516,12,1,&lt;p&gt;N&sol;A&lt;&sol;p&gt;,01/26/2026
57329,18,1,&lt;p&gt;N&sol;A&lt;&sol;p&gt;,01/26/2026
57486,10,1,,01/26/2026
57619,8,1,&lt;p&gt;N&sol;A&lt;&sol;p&gt;,01/26/2026
58052,9,1,&lt;p&gt;N&sol;A&lt;&sol;p&gt;,01/26/2026
58181,24,1,"&lt;p&gt;If a test for FGFR2 and&sol;or FGFR3 is performed as part of a panel, it must be billed as part of the panel.&lt;&sol;p&gt;
&lt;p&gt;Many of these codes refer to more than 1 possible gene. As such, these codes may be mentioned in unrelated coverage articles as well.&lt;&sol;p&gt;",01/26/2026
58183,19,1,&lt;p&gt;N&sol;A&lt;&sol;p&gt;,01/26/2026
58973,27,1,&lt;p&gt;N&sol;A&lt;&sol;p&gt;,01/26/2026
58973,27,2,&lt;p&gt;These code(s) are non-covered.&lt;&sol;p&gt;,01/26/2026
59509,5,1,&lt;p&gt;N&sol;A&lt;&sol;p&gt;,01/26/2026
59835,8,1,&lt;p&gt;N&sol;A&lt;&sol;p&gt;,01/26/2026
59872,9,1,&lt;p&gt;N&sol;A&lt;&sol;p&gt;,01/26/2026
58996,31,1,"&lt;p&gt;&lt;span style=&quot;line-height: 115%;&quot;&gt;This group covers NGS-based MRD tests not otherwise allocated into a separate Group below. Note: if a test is allocated into a separate Group, refer to the billing and coding instructions for the relevant Group. &lt;&sol;span&gt;&lt;span style=&quot;background: white; line-height: 115%;&quot;&gt;If no relevant CPT&lt;sup&gt;&amp;reg;&lt;&sol;sup&gt; code exist for the test submitted, you may bill with the NOC code 81479.&lt;&sol;span&gt;&lt;&sol;p&gt;",01/26/2026
58996,31,2,"&lt;p&gt;&lt;strong&gt;&lt;span style=&quot;line-height: 115%;&quot;&gt;CLONOSEQ&lt;sup&gt;&amp;reg; &lt;&sol;sup&gt;&lt;&sol;span&gt;&lt;&sol;strong&gt;&lt;&sol;p&gt;
&lt;p&gt;&lt;span style=&quot;line-height: 115%;&quot;&gt;Use CPT&lt;sup&gt;&amp;reg; &lt;&sol;sup&gt;81479 for claims on or after 3&sol;16&sol;2018&lt;&sol;span&gt;&lt;&sol;p&gt;
&lt;p&gt;Use PLA 0364U to describe the service for patients with a personal history of cancer. This code has been approved for patients with a history of Mantle Cell Lymphoma.&lt;&sol;p&gt;",01/26/2026
58996,31,3,"&lt;p&gt;&lt;strong&gt;Single-gene and panel testing by PCR&lt;&sol;strong&gt;&lt;&sol;p&gt;
&lt;ul&gt;
&lt;li&gt;&lt;span style=&quot;line-height: 115%;&quot;&gt;Regarding single-gene and panel testing of genes &amp;ndash; &lt;&sol;span&gt;&lt;span style=&quot;line-height: 115%;&quot;&gt;Refer to Billing and Coding: MolDX: Molecular Diagnostic Tests (MDT) A57526 and Billing and Coding: MolDX: Testing of Multiple Genes A58120&amp;nbsp;&lt;&sol;span&gt;&lt;&sol;li&gt;
&lt;li&gt;&lt;span style=&quot;line-height: 115%;&quot;&gt;Regarding BCR-ABL1 testing &amp;ndash; &lt;&sol;span&gt;&lt;span style=&quot;line-height: 115%;&quot;&gt;Refer to Billing and Coding: MolDX: BCR-ABL A55595 for BCR-ABL1 testing&lt;&sol;span&gt;&lt;&sol;li&gt;
&lt;&sol;ul&gt;",01/26/2026
58996,31,4,&lt;p&gt;&lt;strong&gt;&lt;span style=&quot;line-height: 115%;&quot;&gt;Immunoglobulin and T cell receptor gene rearrangement analysis&lt;&sol;span&gt;&lt;&sol;strong&gt;&lt;&sol;p&gt;,01/26/2026
59764,16,1,"&lt;p&gt;&lt;strong&gt;Note&lt;&sol;strong&gt;: Providers are reminded to refer to the long descriptors of the HCPCS codes in their HCPCS book.&amp;#160;&lt;&sol;p&gt;
&lt;p&gt;Consistent with the LCD, all of the following HCPCS codes are &lt;strong&gt;non-covered&lt;&sol;strong&gt; when reported for musculoskeletal indications, non-wound.&lt;&sol;p&gt;",01/23/2026
58577,33,1,&lt;p&gt;&lt;strong&gt;Note: &lt;&sol;strong&gt;Providers are reminded to refer to the long descriptors of the CPT codes in their CPT book.&lt;&sol;p&gt;,01/23/2026
58577,33,2,&lt;p&gt;These codes are non-covered.&lt;&sol;p&gt;,01/23/2026
57145,32,1,"&lt;p&gt;The following CPT codes associated with the services outlined in this Billing and Coding Article will not have diagnosis code limitations applied at this time: &lt;strong&gt;43771, 43772, 43773, 43774, and 43848.&lt;&sol;strong&gt;&lt;&sol;p&gt;
&lt;p&gt;&lt;strong&gt;Note:&lt;&sol;strong&gt; Providers are reminded to refer to the long descriptors of the CPT codes in their CPT book.&lt;&sol;p&gt;",01/23/2026
57115,10,1,&lt;p&gt;&lt;strong&gt;Note: &lt;&sol;strong&gt;Providers are reminded to refer to the long descriptors of the CPT codes in their CPT book.&lt;&sol;p&gt;,01/23/2026
57115,10,2,,01/23/2026
56952,50,1,&lt;p&gt;&lt;br &sol;&gt;Cardiovascular stress test; exercise and&sol;or pharmacological stress&lt;br &sol;&gt;&lt;br &sol;&gt;&lt;strong&gt;Note&lt;&sol;strong&gt;: Providers are reminded to refer to the long descriptors of the CPT codes in their CPT book.&lt;&sol;p&gt;,01/23/2026
56952,50,2,&lt;p&gt;&lt;br &sol;&gt;Echocardiography rest and stress&lt;&sol;p&gt;,01/23/2026
56952,50,3,"&lt;p&gt;&lt;br &sol;&gt;Myocardial perfusion imaging, single photon emission computed tomography (MPI, SPECT) rest and&sol;or stress&lt;&sol;p&gt;",01/23/2026
56952,50,4,"&lt;p&gt;&lt;br &sol;&gt;Myocardial imaging, positron emission tomography (PET)&lt;&sol;p&gt;",01/23/2026
56952,50,5,&lt;p&gt;&lt;br &sol;&gt;Cardiac magnetic resonance imaging with stress imaging&lt;&sol;p&gt;,01/23/2026
58250,19,1,&lt;p&gt;&lt;strong&gt;Note:&lt;&sol;strong&gt; Providers are reminded to refer to the long descriptors of the CPT codes in their CPT book.&lt;&sol;p&gt;,01/23/2026
58250,19,2,&lt;p&gt;&lt;strong&gt;Note:&lt;&sol;strong&gt; Providers are reminded to refer to the long descriptors of the CPT codes in their CPT book.&lt;&sol;p&gt;,01/23/2026
55818,26,1,&lt;p&gt;Providers are reminded to refer to the long descriptors of the CPT codes in their CPT book.&lt;&sol;p&gt;,01/23/2026
57666,36,1,&lt;p&gt;&lt;strong&gt;Note: &lt;&sol;strong&gt;Providers are reminded to refer to the long descriptors of the CPT codes in their CPT book.&lt;&sol;p&gt;,01/23/2026
59766,29,1,"&lt;p&gt;&lt;strong&gt;Note&lt;&sol;strong&gt;: Providers are reminded to refer to the long descriptors of the HCPCS codes in their HCPCS book.&amp;#160;&lt;&sol;p&gt;
&lt;p&gt;Consistent with the LCD, all of the following HCPCS codes are&lt;strong&gt; non-covered&lt;&sol;strong&gt; when reported for musculoskeletal indications, non-wound.&lt;&sol;p&gt;",01/23/2026
58575,38,1,&lt;p&gt;&lt;strong&gt;Note: &lt;&sol;strong&gt;Providers are reminded to refer to the long descriptors of the CPT codes in their CPT book.&lt;&sol;p&gt;,01/23/2026
58575,38,2,&lt;p&gt;These codes are non-covered.&lt;&sol;p&gt;,01/23/2026
57361,46,1,&lt;p&gt;&lt;strong&gt;Note:&lt;&sol;strong&gt; Providers are reminded to refer to the long descriptors of the CPT codes in their CPT book.&lt;&sol;p&gt;,01/23/2026
57205,39,1,&lt;p&gt;&lt;strong&gt;Note&lt;&sol;strong&gt;: Providers are reminded to refer to the long descriptors of the CPT codes in their CPT book.&lt;&sol;p&gt;,01/23/2026
57205,39,2,,01/23/2026
56423,59,1,&lt;p&gt;&lt;br &sol;&gt;Cardiovascular stress test; exercise and&sol;or pharmacological stress&lt;br &sol;&gt;&lt;br &sol;&gt;&lt;strong&gt;Note&lt;&sol;strong&gt;: Providers are reminded to refer to the long descriptors of the CPT codes in their CPT book.&lt;&sol;p&gt;,01/23/2026
56423,59,2,&lt;p&gt;&lt;br &sol;&gt;Echocardiography rest and stress&lt;&sol;p&gt;,01/23/2026
56423,59,3,"&lt;p&gt;&lt;br &sol;&gt;Myocardial perfusion imaging, single photon emission computed tomography (MPI, SPECT) rest and&sol;or stress&lt;&sol;p&gt;",01/23/2026
56423,59,4,"&lt;p&gt;&lt;br &sol;&gt;Myocardial imaging, positron emission tomography (PET)&lt;&sol;p&gt;",01/23/2026
56423,59,5,&lt;p&gt;&lt;br &sol;&gt;Cardiac magnetic resonance imaging with stress imaging&lt;&sol;p&gt;,01/23/2026
56422,50,1,&lt;p&gt;&lt;strong&gt;Note&lt;&sol;strong&gt;: Providers are reminded to refer to the long descriptors of the CPT codes in their CPT book.&lt;&sol;p&gt;,01/23/2026
55229,46,1,&lt;p&gt;&lt;strong&gt;Note:&lt;&sol;strong&gt; Providers are reminded to refer to the long descriptors of the CPT codes in their CPT book.&lt;&sol;p&gt;,01/23/2026
55229,46,2,&lt;p&gt;Note: Providers are reminded to refer to the long descriptors of the CPT codes in their CPT book.&lt;&sol;p&gt;,01/23/2026
53001,45,1,&lt;p&gt;Providers are reminded to refer to the long descriptors of the CPT codes in their CPT book.&lt;&sol;p&gt;,01/23/2026
52998,50,1,&lt;p&gt;&lt;strong&gt;Note: &lt;&sol;strong&gt;Providers are reminded to refer to the long descriptors of the CPT codes in their CPT book.&lt;&sol;p&gt;,01/23/2026
58264,8,1,&lt;p&gt;&lt;strong&gt;Note:&lt;&sol;strong&gt; Providers are reminded to refer to the long descriptors of the CPT codes in their CPT book.&lt;&sol;p&gt;,01/23/2026
58243,7,1,&lt;p&gt;&lt;strong&gt;Note:&lt;&sol;strong&gt; Providers are reminded to refer to the long descriptors of the CPT codes in their CPT book.&lt;&sol;p&gt;,01/23/2026
57113,44,1,&lt;p&gt;&lt;strong&gt;Note: &lt;&sol;strong&gt;Providers are reminded to refer to the long descriptors of the CPT codes in their CPT book.&lt;&sol;p&gt;,01/23/2026
57113,44,2,&lt;p&gt;N&sol;A&lt;&sol;p&gt;,01/23/2026
57113,44,3,&lt;p&gt;N&sol;A&lt;&sol;p&gt;,01/23/2026
57113,44,4,&lt;p&gt;N&sol;A&lt;&sol;p&gt;,01/23/2026
57113,44,5,&lt;p&gt;N&sol;A&lt;&sol;p&gt;,01/23/2026
57113,44,6,&lt;p&gt;N&sol;A&lt;&sol;p&gt;,01/23/2026
57113,44,7,&lt;p&gt;N&sol;A&lt;&sol;p&gt;,01/23/2026
57113,44,8,&lt;p&gt;N&sol;A&lt;&sol;p&gt;,01/23/2026
56796,31,1,"&lt;p&gt;&lt;strong&gt;Note&lt;&sol;strong&gt;: Providers are reminded to refer to the long descriptors of the CPT codes in their CPT book.&lt;&sol;p&gt;
&lt;p&gt;&lt;strong&gt;Total Hip Arthroplasty&lt;&sol;strong&gt;&lt;&sol;p&gt;",01/23/2026
56796,31,2,&lt;p&gt;&lt;strong&gt;Total Knee Arthroplasty&lt;&sol;strong&gt;&lt;&sol;p&gt;,01/23/2026
57680,9,1,"&lt;p&gt;&lt;strong&gt;Note:&lt;&sol;strong&gt; Providers are reminded to refer to the long descriptors of the CPT codes in their CPT book.&lt;&sol;p&gt;
&lt;p&gt;The following CPT&sol;HCPCS codes associated with the services outlined in this LCD will not have diagnosis to procedure code limitations applied at this time.&lt;&sol;p&gt;",01/23/2026
54117,88,1,"&lt;p&gt;&lt;strong&gt;Note&lt;&sol;strong&gt;: Providers are reminded to refer to the long descriptors of the CPT codes in their CPT book.&lt;&sol;p&gt;
&lt;p&gt;The following CPT&sol;HCPCS codes outlined in this Billing and Coding Article will not have diagnosis code limitations applied at this time.&lt;&sol;p&gt;",01/23/2026
57480,31,1,,01/22/2026
57480,31,2,,01/22/2026
56902,50,1,"&lt;p&gt;The following lists Category III services determined by WPS GHA to be reasonable and medically necessary. Coverage will only be allowed when the service is delivered in clinical situations meeting medical necessity. For services addressed in a separate LCD and associated Billing and Coding Article, all criteria addressed in that LCD and associated Billing and Coding Article must be met.&lt;&sol;p&gt;",01/22/2026
56902,50,2,&lt;p&gt;&lt;strong&gt;0075T and 0076T&lt;&sol;strong&gt;&lt;br &sol;&gt;Please refer to the CPT Professional code book: use 0076T in conjunction with 0075T.&lt;&sol;p&gt;,01/22/2026
56902,50,3,"&lt;p&gt;&lt;strong&gt;0308T&lt;&sol;strong&gt;&lt;br &sol;&gt;Claims submitted by Part A providers and ambulatory surgical centers for device pass-through category C1840 must be billed with HCPCS code 0308T (insertion of ocular telescope prosthesis including removal of crystalline lens) to receive pass-through payment. Effective July 1, 2012.&lt;&sol;p&gt;",01/22/2026
56902,50,4,&lt;p&gt;&lt;strong&gt;0184T&lt;&sol;strong&gt;&lt;&sol;p&gt;,01/22/2026
56902,50,5,&lt;p&gt;The following CPT&sol;HCPCS codes are non-covered&lt;&sol;p&gt;,01/22/2026
59553,11,1,,01/22/2026
58209,9,1,&lt;p&gt;N&sol;A&lt;&sol;p&gt;,01/22/2026
57596,19,1,&lt;p&gt;N&sol;A&lt;&sol;p&gt;,01/22/2026
56914,19,1,&lt;p&gt;N&sol;A&lt;&sol;p&gt;,01/22/2026
56905,20,1,,01/22/2026
59813,6,1,,01/22/2026
57590,15,1,"&lt;p&gt;&lt;strong&gt;Note:&lt;&sol;strong&gt; The CPT codes &lt;strong&gt;37236, 37237, 37238,&lt;&sol;strong&gt; and &lt;strong&gt;37239&lt;&sol;strong&gt; are used to report stenting of multiple anatomically defined arteries or veins. Therefore, provisions of this policy apply as appropriate to the procedure performed and reported on the Medicare claim.&lt;&sol;p&gt;",01/22/2026
57479,18,1,&lt;p&gt;&lt;strong&gt;HCPCS codes C9600-C9608 are only billable to the Part A MAC.&lt;&sol;strong&gt;&lt;&sol;p&gt;,01/22/2026
58207,34,1,,01/22/2026
55231,17,1,&lt;p&gt;N&sol;A&lt;&sol;p&gt;,01/22/2026
55210,15,1,&lt;p&gt;NA&lt;&sol;p&gt;,01/22/2026
54923,45,1,&lt;p&gt;N&sol;A&lt;&sol;p&gt;,01/22/2026
54923,45,2,&lt;p&gt;N&sol;A&lt;&sol;p&gt;,01/22/2026
59870,8,1,&lt;p&gt;N&sol;A&lt;&sol;p&gt;,01/22/2026
59522,11,1,&lt;p&gt;This billing instruction pertains to the PrismRA test.&lt;&sol;p&gt;,01/22/2026
57665,10,1,&lt;p&gt;N&sol;A&lt;&sol;p&gt;,01/22/2026
58724,14,1,"&lt;p&gt;The following tests may be billed in the post-biopsy setting (after a negative or non-malignant biopsy, as defined in the policy) for individuals contemplating a repeat biopsy:&lt;&sol;p&gt;
&lt;ul&gt;
&lt;li&gt;Progensa PCA3 assay (CPT 81313), performed on post-digital rectal exam (DRE) urine specimens&lt;&sol;li&gt;
&lt;li&gt;ConfirmMDx assay (CPT 81551), performed on formalin-fixed, paraffin embedded (FFPE) tissue specimens.&lt;&sol;li&gt;
&lt;li&gt;MyProstate Score 2.0 (MPS 2.0) (PLA 0403U), performed on first catch urine specimens&lt;&sol;li&gt;
&lt;&sol;ul&gt;",01/22/2026
58724,14,2,"&lt;p&gt;The following test may be billed in the pre-biopsy setting as defined in the policy:&lt;&sol;p&gt;
&lt;ul&gt;
&lt;li&gt;SelectMDx assay (PLA 0339U), performed on post-digital rectal exam (DRE) urine specimens&lt;&sol;li&gt;
&lt;li&gt;MyProstate Score 2.0 (MPS 2.0) (PLA 0403U), performed on first catch urine specimens&lt;&sol;li&gt;
&lt;&sol;ul&gt;",01/22/2026
59034,7,1,&lt;p&gt;N&sol;A&lt;&sol;p&gt;,01/22/2026
59181,8,1,&lt;p&gt;N&sol;A&lt;&sol;p&gt;,01/22/2026
57424,14,1,,01/22/2026
57465,9,1,&lt;p&gt;N&sol;A&lt;&sol;p&gt;,01/22/2026
57608,16,1,&lt;p&gt;N&sol;A&lt;&sol;p&gt;,01/22/2026
57376,21,1,&lt;p&gt;The use of 81403 does not automatically imply coverage&lt;&sol;p&gt;,01/22/2026
57376,21,2,&lt;p&gt;These codes are non-covered&lt;&sol;p&gt;,01/22/2026
57364,14,1,&lt;p&gt;N&sol;A&lt;&sol;p&gt;,01/22/2026
57290,18,1,&lt;p&gt;N&sol;A&lt;&sol;p&gt;,01/22/2026
57055,21,1,&lt;p&gt;The following CPT codes are covered:&lt;&sol;p&gt;,01/22/2026
59811,5,1,&lt;p&gt;These procedure codes represent total knee arthroplasty and revision of total knee arthroplasty&lt;&sol;p&gt;,01/20/2026
59811,5,2,&lt;p&gt;These procedure codes represent total hip arthroplasty and revision of total hip arthroplasty&lt;&sol;p&gt;,01/20/2026
59718,10,1,"&lt;p&gt;&lt;strong&gt;&lt;span style=&quot;line-height: 115%;&quot;&gt;Primary codes: G2067-G2075&lt;&sol;span&gt;&lt;&sol;strong&gt;&lt;&sol;p&gt;
&lt;p&gt;&lt;span style=&quot;line-height: 115%;&quot;&gt; &lt;&sol;span&gt;&lt;&sol;p&gt;
&lt;p&gt;&lt;span style=&quot;line-height: 115%;&quot;&gt;Do not report more than 1 primary code per 7-day period.&lt;&sol;span&gt; &lt;span style=&quot;line-height: 115%;&quot;&gt;If a patient switches from one medication to another, bill for one code describing a weekly bundled payment for that week and use the code for the medication given for most of the week.&lt;&sol;span&gt;&lt;&sol;p&gt;
&lt;p&gt;&lt;span style=&quot;line-height: 115%;&quot;&gt; &lt;&sol;span&gt;&lt;&sol;p&gt;
&lt;p&gt;&lt;span style=&quot;line-height: 115%;&quot;&gt;G2069 and G2073 may be reported only once in a 4-week period&lt;&sol;span&gt;&lt;&sol;p&gt;
&lt;p&gt;&lt;span style=&quot;line-height: 115%;&quot;&gt; &lt;&sol;span&gt;&lt;&sol;p&gt;
&lt;p&gt;&lt;span style=&quot;line-height: 115%;&quot;&gt;G2070 and G2072 may be reported only once in a 6-month period&lt;&sol;span&gt;&lt;&sol;p&gt;
&lt;p&gt;&lt;span style=&quot;line-height: 115%;&quot;&gt; &lt;&sol;span&gt;&lt;&sol;p&gt;
&lt;p&gt;&lt;strong&gt;&lt;span style=&quot;line-height: 115%;&quot;&gt;Add on codes: G0137, G1028, G2076-G2080, G2215-2216&lt;&sol;span&gt;&lt;&sol;strong&gt;&lt;&sol;p&gt;
&lt;p&gt;&lt;span style=&quot;line-height: 115%;&quot;&gt; &lt;&sol;span&gt;&lt;&sol;p&gt;
&lt;p&gt;&lt;span style=&quot;line-height: 115%;&quot;&gt;G2076 should be reported for intake activities of new patients and include and initial assessment as outline in the LCD. A new patient is one who has not been seen for OTP care within the last 12 months.&lt;&sol;span&gt;&lt;&sol;p&gt;
&lt;p&gt;&lt;span style=&quot;line-height: 115%;&quot;&gt; &lt;&sol;span&gt;&lt;&sol;p&gt;
&lt;p&gt;&lt;span style=&quot;line-height: 115%;&quot;&gt;G2078 and G2079 may be reported up to 3 times in a 1-month period. These are used in addition to the weekly bundled payment code. Do not bill for take-home supplies of medication for dates of service that overlap with the weekly bundled payment codes describing a medication bundle (G2067-G2073).&lt;&sol;span&gt;&lt;&sol;p&gt;
&lt;p&gt;&lt;span style=&quot;line-height: 115%;&quot;&gt; &lt;&sol;span&gt;&lt;&sol;p&gt;
&lt;p&gt;&lt;span style=&quot;line-height: 115%;&quot;&gt;G2080 may be reported only when medically reasonable and necessary counseling or therapy services largely exceed the amount listed in the patient&amp;rsquo;s individualized treatment plan.&lt;&sol;span&gt;&lt;&sol;p&gt;
&lt;p&gt;&lt;span style=&quot;line-height: 115%;&quot;&gt; &lt;&sol;span&gt;&lt;&sol;p&gt;
&lt;p&gt;&lt;span style=&quot;line-height: 115%;&quot;&gt;G2215, G2216, and G1028 may be reported only once every 30 days unless an additional take-home supply of the medication is medically reasonable and necessary. This should be clearly documented.&lt;&sol;span&gt;&lt;&sol;p&gt;
&lt;p&gt;&lt;span style=&quot;line-height: 115%;&quot;&gt; &lt;&sol;span&gt;&lt;&sol;p&gt;
&lt;p&gt;&lt;span style=&quot;line-height: 115%;&quot;&gt;G0137 may be reported if the patient receives at least 9 intensive outpatient (IOP) services in a week&lt;&sol;span&gt;&lt;&sol;p&gt;
&lt;p&gt;&lt;span style=&quot;line-height: 115%;&quot;&gt;- Use only if the patient has a need for a minimum of 9 hours of IOP services a week&lt;&sol;span&gt;&lt;&sol;p&gt;
&lt;p&gt;&lt;span style=&quot;line-height: 115%;&quot;&gt;- Use only if the patient requires a higher level of care intensity compared to other non-intensive outpatient OTP services&lt;&sol;span&gt;&lt;&sol;p&gt;",01/20/2026
58406,26,1,,01/20/2026
59721,6,1,,01/16/2026
58170,33,1,&lt;p&gt;N&sol;A&lt;&sol;p&gt;,01/13/2026
58168,33,1,&lt;p&gt;N&sol;A&lt;&sol;p&gt;,01/13/2026
58019,45,1,,01/12/2026
57432,12,1,&lt;p&gt;N&sol;A&lt;&sol;p&gt;,01/12/2026
59032,7,1,&lt;p&gt;N&sol;A&lt;&sol;p&gt;,01/12/2026
59179,10,1,&lt;p&gt;N&sol;A&lt;&sol;p&gt;,01/12/2026
59386,4,1,&lt;p&gt;N&sol;A&lt;&sol;p&gt;,01/12/2026
59505,5,1,&lt;p&gt;N&sol;A&lt;&sol;p&gt;,01/12/2026
59521,11,1,&lt;p&gt;This billing instruction pertains to the PrismRA test.&lt;&sol;p&gt;,01/12/2026
57268,21,1,&lt;p&gt;N&sol;A&lt;&sol;p&gt;,01/12/2026
57419,16,1,&lt;p&gt;N&sol;A&lt;&sol;p&gt;,01/12/2026
57423,16,1,,01/12/2026
57441,8,1,&lt;p&gt;N&sol;A&lt;&sol;p&gt;,01/12/2026
57607,15,1,&lt;p&gt;N&sol;A&lt;&sol;p&gt;,01/12/2026
57621,17,1,&lt;p&gt;N&sol;A&lt;&sol;p&gt;,01/12/2026
57664,11,1,&lt;p&gt;N&sol;A&lt;&sol;p&gt;,01/12/2026
57773,17,1,&lt;p&gt;N&sol;A&lt;&sol;p&gt;,01/12/2026
59513,4,1,&lt;p&gt;N&sol;A&lt;&sol;p&gt;,01/12/2026
59868,8,1,&lt;p&gt;N&sol;A&lt;&sol;p&gt;,01/12/2026
57037,24,1,&lt;p&gt;The following CPT&amp;reg; codes are covered:&lt;&sol;p&gt;,01/12/2026
57124,21,1,&lt;p&gt;The use of 81403 does not automatically imply coverage&lt;&sol;p&gt;,01/12/2026
57124,21,2,&lt;p&gt;These codes are non-covered&lt;&sol;p&gt;,01/12/2026
57363,14,1,&lt;p&gt;N&sol;A&lt;&sol;p&gt;,01/12/2026
59716,8,1,,01/05/2026
52480,90,1,,12/31/2025
52479,73,1,,12/31/2025
58218,17,1,,12/26/2025
58543,13,1,&lt;p&gt;The following CPT code associated with the services outlined in this Billing and Coding Article will not have diagnosis code limitations applied at this time.&lt;br &sol;&gt;&lt;br &sol;&gt;CPT code 55899 is to be reported when using a penile pressure cuff for a urethral pressure study.&lt;br &sol;&gt;&lt;br &sol;&gt;&lt;strong&gt;Note: &lt;&sol;strong&gt;Providers are reminded to refer to the long descriptors of the CPT codes in their CPT book.&lt;strong&gt; &lt;&sol;strong&gt;&lt;&sol;p&gt;,12/25/2025
58541,14,1,&lt;p&gt;The following CPT code associated with the services outlined in this Billing and Coding Article will not have diagnosis code limitations applied at this time.&lt;br &sol;&gt;&lt;br &sol;&gt;CPT code 55899 is to be reported when using a penile pressure cuff for a urethral pressure study.&lt;br &sol;&gt;&lt;br &sol;&gt;&lt;strong&gt;Note: &lt;&sol;strong&gt;Providers are reminded to refer to the long descriptors of the CPT codes in their CPT book.&lt;strong&gt; &lt;&sol;strong&gt;&lt;&sol;p&gt;,12/25/2025
53124,38,1,&lt;p&gt;&lt;strong&gt;Note:&lt;&sol;strong&gt; Providers are reminded to refer to the long descriptors of the CPT codes in their CPT book.&lt;&sol;p&gt;,12/25/2025
56391,37,1,&lt;p&gt;Defibrillator Specific Codes&lt;&sol;p&gt;,12/24/2025
56391,37,2,&lt;p&gt;Dual Device Defibrillator&sol;Pacemaker Codes&lt;&sol;p&gt;,12/24/2025
56907,24,1,"&lt;p&gt;Intravenous administration by infusion should be billed with procedure code 96365 for first hour and procedure code 96366 for each additional hour. If the administration is by IV push, use procedure code 96374.&lt;&sol;p&gt;",12/24/2025
54958,28,1,&lt;p&gt;N&sol;A&lt;&sol;p&gt;,12/24/2025
56908,19,1,"&lt;p&gt;Blepharoplasty of the lower lid (CPT codes 15820, 15821) is generally considered cosmetic and will be denied as non-covered.&lt;&sol;p&gt;",12/24/2025
57594,22,1,&lt;p&gt;N&sol;A&lt;&sol;p&gt;,12/23/2025
55175,25,1,,12/23/2025
55710,16,1,,12/23/2025
55230,18,1,&lt;p&gt;N&sol;A&lt;&sol;p&gt;,12/23/2025
55200,37,1,&lt;p&gt;N&sol;A&lt;&sol;p&gt;,12/23/2025
57551,14,1,&lt;p&gt;N&sol;A&lt;&sol;p&gt;,12/23/2025
59769,9,1,,12/23/2025
59695,12,1,&lt;p&gt;&lt;span style=&quot;line-height: 115%;&quot;&gt;The CPT&lt;sup&gt;&amp;reg;&lt;&sol;sup&gt; code in Group 1 is considered medically necessary when the indications for coverage are met.&lt;&sol;span&gt;&lt;&sol;p&gt;,12/23/2025
59695,12,2,&lt;p&gt;&lt;span style=&quot;line-height: 115%;&quot;&gt;The CPT&lt;sup&gt;&amp;reg;&lt;&sol;sup&gt; code in Group 2 is considered not medically reasonable and necessary (non-covered).&lt;&sol;span&gt;&lt;&sol;p&gt;,12/23/2025
57685,15,1,&lt;p&gt;&lt;strong&gt;Total Knee Arthroplasty&lt;&sol;strong&gt;&lt;&sol;p&gt;,12/22/2025
56027,14,1,,12/22/2025
57701,30,1,&lt;p&gt;N&sol;A&lt;&sol;p&gt;,12/22/2025
53026,65,1,"&lt;p&gt;&lt;strong&gt;Nationally Covered CPT Procedure Codes&lt;&sol;strong&gt;&lt;br &sol;&gt;&lt;br &sol;&gt;For services on or after February 21, 2006, the following CPT procedure codes are covered for bariatric surgery:&lt;&sol;p&gt;",12/22/2025
53026,65,2,&lt;p&gt;&lt;strong&gt;Noridian Local Coverage for Laparoscopic Sleeve Gastrectomy&lt;&sol;strong&gt;&lt;&sol;p&gt;,12/22/2025
56605,22,1,&lt;p&gt;&lt;span style=&quot;line-height: 115%;&quot;&gt;For CPT&lt;sup&gt;&amp;reg;&lt;&sol;sup&gt; code 83880 there must be supportive documentation in the medical record to demonstrate the medical necessity of more frequent testing.&lt;&sol;span&gt;&lt;&sol;p&gt;,12/22/2025
57161,22,1,,12/22/2025
57183,23,1,,12/22/2025
57183,23,2,"&lt;p&gt;&lt;strong&gt;Add-on Codes:&lt;&sol;strong&gt;&lt;br &sol;&gt;Primary codes to be used with the add-on codes 93320, 93321 and 93325 are &lt;strong&gt;not&lt;&sol;strong&gt; all-inclusive in the above list. The above list contains only the primary codes relevant to this policy. &lt;br &sol;&gt;&lt;br &sol;&gt;For example, &lt;br &sol;&gt;Use add-on code &lt;strong&gt;93320&lt;&sol;strong&gt; in conjunction with code 93350.&lt;br &sol;&gt;&lt;br &sol;&gt;Use add-on code &lt;strong&gt;93321&lt;&sol;strong&gt; in conjunction with code 93350&lt;br &sol;&gt;&lt;br &sol;&gt;Use add-on code &lt;strong&gt;93325&lt;&sol;strong&gt; in conjunction with codes 93320, 93321, 93350.&lt;br &sol;&gt;&lt;br &sol;&gt;Following are the add-on codes and their definitions:&lt;&sol;p&gt;",12/22/2025
54061,23,1,,12/22/2025
57802,16,1,&lt;p&gt;&lt;strong&gt;Note: Providers are reminded to refer to the long descriptors of the CPT codes in their CPT book. &lt;&sol;strong&gt;&lt;&sol;p&gt;,12/18/2025
59249,9,1,&lt;p&gt;&lt;strong&gt;Note: &lt;&sol;strong&gt;Providers are reminded to refer to the long descriptors of the CPT codes in their CPT book.&lt;&sol;p&gt;,12/18/2025
59250,8,1,&lt;p&gt;&lt;strong&gt;Note: &lt;&sol;strong&gt;Providers are reminded to refer to the long descriptors of the CPT codes in their CPT book.&lt;&sol;p&gt;,12/18/2025
57788,41,1,"&lt;p&gt;Report CPT code 64999 for injections of anesthetic agents and&sol;or steroids to the facial nerve or cervical plexus&lt;&sol;p&gt;
&lt;p&gt;&lt;strong&gt;Note:&lt;&sol;strong&gt; Providers are reminded to refer to the long descriptors of the CPT codes in their CPT book.&lt;&sol;p&gt;",12/12/2025
57788,41,2,&lt;p&gt;&lt;strong&gt;Note:&lt;&sol;strong&gt; Providers are reminded to refer to the long descriptors of the CPT codes in their CPT book.&lt;&sol;p&gt;,12/12/2025
57788,41,3,&lt;p&gt;&lt;strong&gt;Note:&lt;&sol;strong&gt; Providers are reminded to refer to the long descriptors of the CPT codes in their CPT book.&lt;&sol;p&gt;,12/12/2025
57122,23,1,&lt;p&gt;&lt;strong&gt;Note:&lt;&sol;strong&gt; Providers are reminded to refer to the long descriptors of the CPT codes in their CPT book.&lt;span style=&quot;line-height: 115%;&quot;&gt;&lt;br &sol;&gt;&lt;br &sol;&gt;&lt;&sol;span&gt;&lt;&sol;p&gt;,12/12/2025
58211,24,1,"&lt;p&gt;If a test for FGFR2 and&sol;or FGFR3 is performed as part of a panel, it must be billed as part of the panel.&lt;&sol;p&gt;
&lt;p&gt;Many of these codes refer to more than 1 possible gene. As such, these codes may be mentioned in unrelated coverage articles as well.&lt;&sol;p&gt;",12/11/2025
57880,13,1,,12/11/2025
55134,37,1,&lt;p&gt;Providers are reminded to refer to the long descriptors of the CPT&sol;HCPCS codes in their CPT&sol;HCPCS  book. &lt;&sol;p&gt;,12/11/2025
58216,5,1,&lt;p&gt;&lt;strong&gt;Note:&lt;&sol;strong&gt; Providers are reminded to refer to the long descriptors of the CPT codes in their CPT book.&lt;&sol;p&gt;,12/11/2025
58232,4,1,&lt;p&gt;&lt;strong&gt;Note:&lt;&sol;strong&gt; Providers are reminded to refer to the long descriptors of the CPT codes in their CPT book.&lt;&sol;p&gt;,12/11/2025
57715,55,1,&lt;p&gt;&lt;strong&gt;Note:&lt;&sol;strong&gt; Providers are reminded to refer to the long descriptors of the HCPCS codes in their HCPCS book.&lt;&sol;p&gt;,12/05/2025
57715,55,2,&lt;p&gt;N&sol;A&lt;&sol;p&gt;,12/05/2025
57715,55,3,&lt;p&gt;N&sol;A&lt;&sol;p&gt;,12/05/2025
57715,55,4,&lt;p&gt;N&sol;A&lt;&sol;p&gt;,12/05/2025
57715,55,5,&lt;p&gt;N&sol;A&lt;&sol;p&gt;,12/05/2025
58423,48,1,&lt;p&gt;&lt;strong&gt;Note:&lt;&sol;strong&gt; Providers are reminded to refer to the long descriptors of the HCPCS codes in their HCPCS book.&lt;&sol;p&gt;,12/05/2025
58423,48,2,&lt;p&gt;N&sol;A&lt;&sol;p&gt;,12/05/2025
58423,48,3,&lt;p&gt;N&sol;A&lt;&sol;p&gt;,12/05/2025
58423,48,4,&lt;p&gt;N&sol;A&lt;&sol;p&gt;,12/05/2025
58423,48,5,&lt;p&gt;N&sol;A&lt;&sol;p&gt;,12/05/2025
55240,26,1,&lt;p&gt;&lt;strong&gt;Note&lt;&sol;strong&gt;: Providers are reminded to refer to the long descriptors of the CPT codes in their CPT book.&lt;br &sol;&gt;&lt;br &sol;&gt;CPT code 64999 is non-covered when used to report auricular peripheral nerve stimulation.&lt;&sol;p&gt;,12/04/2025
56433,85,1,&lt;p&gt;&lt;strong&gt;Note&lt;&sol;strong&gt;: Providers are reminded to refer to the long descriptors of the HCPCS codes in their HCPCS book.&lt;&sol;p&gt;,12/04/2025
56482,49,1,&lt;p&gt;&lt;strong&gt;Note:&lt;&sol;strong&gt; Providers are reminded to refer to the long descriptors of the HCPCS codes in their HCPCS book.&lt;&sol;p&gt;,12/04/2025
59619,7,1,&lt;p&gt;&lt;strong&gt;Note&lt;&sol;strong&gt;: Providers are reminded to refer to the long descriptors of the CPT codes in their CPT book.&amp;nbsp;&lt;&sol;p&gt;,12/04/2025
59620,6,1,&lt;p&gt;&lt;strong&gt;Note&lt;&sol;strong&gt;: Providers are reminded to refer to the long descriptors of the CPT codes in their CPT book.&amp;nbsp;&lt;&sol;p&gt;,12/04/2025
59299,12,1,&lt;p&gt;Reconstructive Breast Surgery: Removal of Breast Implants&lt;&sol;p&gt;,12/01/2025
59299,12,2,&lt;p&gt;Reduction Mammaplasty&lt;&sol;p&gt;,12/01/2025
59299,12,3,&lt;p&gt;Mastectomy for Gynecomastia&lt;&sol;p&gt;,12/01/2025
59299,12,4,&lt;p&gt;Tattooing&lt;&sol;p&gt;,12/01/2025
59299,12,5,&lt;p&gt;Punch graft&lt;&sol;p&gt;,12/01/2025
59299,12,6,&lt;p&gt;Rhinoplasty&sol;Nasal Reconstructive Surgery&lt;&sol;p&gt;,12/01/2025
59299,12,7,&lt;p&gt;Chemical Peel&lt;&sol;p&gt;,12/01/2025
59299,12,8,&lt;p&gt;Abdominal Lipectomy&sol;Panniculectomy&lt;&sol;p&gt;,12/01/2025
59299,12,9,&lt;p&gt;Dermal Filler and Injection&lt;&sol;p&gt;,12/01/2025
59299,12,10,&lt;p&gt;&lt;strong&gt;The following CPT codes&sol;procedures are generally considered cosmetic and may be medically reviewed or denied as non covered. &lt;&sol;strong&gt;&lt;&sol;p&gt;,12/01/2025
59299,12,11,&lt;p&gt;&lt;strong&gt;The following CPT codes&sol;procedures are considered cosmetic and will be denied as non covered. &lt;&sol;strong&gt;&lt;&sol;p&gt;,12/01/2025
56988,17,1,,11/26/2025
56425,16,1,,11/26/2025
56448,22,1,"&lt;p&gt;&lt;span style=&quot;display: inline !important; float: none; background-color: #ffffff; color: #000000; font-family: Verdana,Arial,Helvetica,sans-serif; font-size: 14px; font-style: normal; font-variant: normal; font-weight: 400; letter-spacing: normal; orphans: 2; text-align: left; text-decoration: none; text-indent: 0px; text-transform: none; -webkit-text-stroke-width: 0px; white-space: normal; word-spacing: 0px;&quot;&gt;77046, 77048 (effective 01&sol;01&sol;2019)77058 (end dated 12&sol;31&sol;2018) &lt;&sol;span&gt;&lt;strong style=&quot;color: #000000; font-family: Verdana,Arial,Helvetica,sans-serif; font-size: 14px; font-style: normal; font-variant: normal; font-weight: bold; letter-spacing: normal; orphans: 2; text-align: left; text-decoration: none; text-indent: 0px; text-transform: none; -webkit-text-stroke-width: 0px; white-space: normal; word-spacing: 0px;&quot;&gt;(not to be used by OPPS providers)&lt;&sol;strong&gt;&lt;br style=&quot;color: #000000; font-family: Verdana,Arial,Helvetica,sans-serif; font-size: 14px; font-style: normal; font-variant: normal; font-weight: 400; letter-spacing: normal; orphans: 2; text-align: left; text-decoration: none; text-indent: 0px; text-transform: none; -webkit-text-stroke-width: 0px; white-space: normal; word-spacing: 0px;&quot; &sol;&gt;&lt;span style=&quot;display: inline !important; float: none; background-color: #ffffff; color: #000000; font-family: Verdana,Arial,Helvetica,sans-serif; font-size: 14px; font-style: normal; font-variant: normal; font-weight: 400; letter-spacing: normal; orphans: 2; text-align: left; text-decoration: none; text-indent: 0px; text-transform: none; -webkit-text-stroke-width: 0px; white-space: normal; word-spacing: 0px;&quot;&gt;77047, 77049 (effective 01&sol;01&sol;2019)77059 (end dated 12&sol;31&sol;2018) &lt;&sol;span&gt;&lt;strong style=&quot;color: #000000; font-family: Verdana,Arial,Helvetica,sans-serif; font-size: 14px; font-style: normal; font-variant: normal; font-weight: bold; letter-spacing: normal; orphans: 2; text-align: left; text-decoration: none; text-indent: 0px; text-transform: none; -webkit-text-stroke-width: 0px; white-space: normal; word-spacing: 0px;&quot;&gt;(not to be used by OPPS providers)&lt;&sol;strong&gt;&lt;br style=&quot;color: #000000; font-family: Verdana,Arial,Helvetica,sans-serif; font-size: 14px; font-style: normal; font-variant: normal; font-weight: 400; letter-spacing: normal; orphans: 2; text-align: left; text-decoration: none; text-indent: 0px; text-transform: none; -webkit-text-stroke-width: 0px; white-space: normal; word-spacing: 0px;&quot; &sol;&gt;&lt;br style=&quot;color: #000000; font-family: Verdana,Arial,Helvetica,sans-serif; font-size: 14px; font-style: normal; font-variant: normal; font-weight: 400; letter-spacing: normal; orphans: 2; text-align: left; text-decoration: none; text-indent: 0px; text-transform: none; -webkit-text-stroke-width: 0px; white-space: normal; word-spacing: 0px;&quot; &sol;&gt;&lt;span style=&quot;display: inline !important; float: none; background-color: #ffffff; color: #000000; font-family: Verdana,Arial,Helvetica,sans-serif; font-size: 14px; font-style: normal; font-variant: normal; font-weight: 400; letter-spacing: normal; orphans: 2; text-align: left; text-decoration: none; text-indent: 0px; text-transform: none; -webkit-text-stroke-width: 0px; white-space: normal; word-spacing: 0px;&quot;&gt;HCPCS codes C8903 through C8908 are to be billed to the Part A MAC and not the Carrier or Part B MAC.&amp;nbsp;&lt;&sol;span&gt;&lt;&sol;p&gt;",11/26/2025
52437,17,1,,11/26/2025
52435,14,1,,11/26/2025
52430,12,1,,11/26/2025
57531,60,1,&lt;p&gt;&lt;strong&gt;&lt;br &sol;&gt;Note: &lt;&sol;strong&gt;Providers are reminded to refer to the long descriptors of the CPT codes in their CPT book.&lt;&sol;p&gt;,11/26/2025
57531,60,2,,11/26/2025
57531,60,3,,11/26/2025
57531,60,4,,11/26/2025
57531,60,5,&lt;p&gt;&lt;strong&gt;&lt;br &sol;&gt;The following CPT codes are non-covered:&lt;&sol;strong&gt;&lt;&sol;p&gt;,11/26/2025
56558,86,1,"&lt;p&gt;&amp;nbsp;&lt;&sol;p&gt;
&lt;p&gt;&lt;strong&gt;Note: &lt;&sol;strong&gt;Providers are reminded to refer to the long descriptors of the CPT codes in their CPT book.&lt;&sol;p&gt;",11/26/2025
56558,86,2,,11/26/2025
56558,86,3,,11/26/2025
56558,86,4,,11/26/2025
56558,86,5,&lt;p&gt;&lt;strong&gt;The following CPT codes are non-covered:&lt;&sol;strong&gt;&lt;&sol;p&gt;,11/26/2025
60245,3,1,&lt;p&gt;The following CPT codes are not covered:&lt;&sol;p&gt;,11/24/2025
54545,21,1,,11/20/2025
52959,15,1,,11/20/2025
55057,13,1,,11/20/2025
56573,21,1,&lt;p&gt;N&sol;A&lt;&sol;p&gt;,11/20/2025
57684,11,1,&lt;p&gt;&lt;strong&gt;Total Hip Arthroplasty&lt;&sol;strong&gt;&lt;&sol;p&gt;,11/20/2025
53049,99,1,&lt;p&gt;N&sol;A&lt;&sol;p&gt;,11/20/2025
59576,8,1,&lt;p&gt;N&sol;A&lt;&sol;p&gt;,11/20/2025
55639,51,1,&lt;p&gt;The following drugs will be allowed for other therapy as indicated below.&lt;&sol;p&gt;,11/18/2025
55909,46,1,&lt;p&gt;CPT Codes for L37228 Wound Care&lt;&sol;p&gt;,11/18/2025
55909,46,2,&lt;p&gt;Please refer to the National Coverage Determination (NCD) 270.1 for covered diagnoses for CPT&sol;HCPCS codes G0281 and G0329.&lt;&sol;p&gt;,11/18/2025
59939,5,1,,11/18/2025
59919,5,1,&lt;p&gt;N&sol;A&lt;&sol;p&gt;,11/14/2025
56440,44,1,&lt;p&gt;&lt;strong&gt;Note: &lt;&sol;strong&gt;Providers are reminded to refer to the long descriptors of the CPT codes in their CPT book.&lt;&sol;p&gt;,11/13/2025
58345,13,1,&lt;p&gt;&lt;strong&gt;&lt;br &sol;&gt;Note&lt;&sol;strong&gt;: Providers are reminded to refer to the long descriptors of the CPT codes in their CPT book.&lt;&sol;p&gt;,11/13/2025
58412,5,1,&lt;p&gt;&lt;strong&gt;Note:&lt;&sol;strong&gt; Providers are reminded to refer to the long descriptors of the CPT codes in their CPT book.&lt;&sol;p&gt;,11/13/2025
59086,21,1,&lt;p&gt;&lt;strong&gt;Note: &lt;&sol;strong&gt;Providers are reminded to refer to the long descriptors of the CPT codes in their CPT book.&lt;&sol;p&gt;,11/13/2025
56424,20,1,,11/12/2025
57954,73,1,&lt;p&gt;&lt;strong&gt;Note:&lt;&sol;strong&gt; Providers are reminded to refer to the long descriptors of the CPT codes in their CPT book.&lt;&sol;p&gt;,11/10/2025
59827,7,1,&lt;p&gt;N&sol;A&lt;&sol;p&gt;,11/10/2025
56421,40,1,,11/10/2025
52770,29,1,&lt;p&gt;The codes below are used to bill for those outpatient respiratory services listed in Section A above.&lt;&sol;p&gt;,11/06/2025
52770,29,2,&lt;p&gt;The codes below are used to bill for a Pulmonary Rehabilitation Program as outlined in Section B above.&lt;&sol;p&gt;,11/06/2025
53009,54,1,&lt;p&gt;The following CPT&sol;HCPCS codes are used for reporting intravitreal use of Bevacizumab (Avastin):&lt;&sol;p&gt;,11/06/2025
54931,35,1,&lt;p&gt;Group 1 CPT codes apply to Groups 1 and 2 ICD-10-CM Codes.&lt;&sol;p&gt;,11/06/2025
55029,36,1,&lt;p&gt;N&sol;A&lt;&sol;p&gt;,11/06/2025
55323,52,1,&lt;p&gt;N&sol;A&lt;&sol;p&gt;,11/06/2025
55327,36,1,,11/06/2025
57327,36,1,,11/06/2025
57343,31,1,,11/06/2025
57498,14,1,&lt;p&gt;N&sol;A&lt;&sol;p&gt;,11/06/2025
57686,12,1,&lt;p&gt;&lt;strong&gt;Total Knee Arthroplasty&lt;&sol;strong&gt;&lt;&sol;p&gt;,11/06/2025
57690,39,1,&lt;p&gt;N&sol;A&lt;&sol;p&gt;,11/06/2025
57690,39,2,&lt;p&gt;Quantitative Codes in immunology section:&lt;&sol;p&gt;,11/06/2025
57957,53,1,&lt;p&gt;&lt;strong&gt;Note:&lt;&sol;strong&gt; Providers are reminded to refer to the long descriptors of the CPT codes in their CPT book.&lt;&sol;p&gt;,11/06/2025
59978,4,1,&lt;p&gt;Below are CPT&sol;HCPCS codes related to SCIT. Providers are reminded to refer to the long descriptors of the CPT&lt;sup&gt;&amp;reg;&lt;&sol;sup&gt; codes in their CPT&lt;sup&gt;&amp;reg;&lt;&sol;sup&gt; books.&lt;&sol;p&gt;,11/06/2025
58324,35,1,&lt;p&gt;CPT&lt;sup&gt;&amp;reg;&lt;&sol;sup&gt; code 81479 is used to describe multi-gene panels and single genes not otherwise classified.&lt;&sol;p&gt;,11/03/2025
56697,44,1,&lt;p&gt;Cerebrovascular Arterial Studies&lt;&sol;p&gt;,10/31/2025
56697,44,2,&lt;p&gt;Transcranial Doppler&lt;&sol;p&gt;,10/31/2025
56697,44,3,&lt;p&gt;Extremity Arterial Studies&lt;&sol;p&gt;,10/31/2025
56697,44,4,&lt;p&gt;Extremity Venous Studies&lt;&sol;p&gt;,10/31/2025
56697,44,5,&lt;p&gt;Visceral Vascular Studies&lt;&sol;p&gt;,10/31/2025
56697,44,6,&lt;p&gt;Hemodialysis Access Studies&lt;&sol;p&gt;,10/31/2025
56697,44,7,"&lt;p&gt;Pre-surgical Conduit Mapping for Coronary Artery Bypass Graft Procedures (93930, 93931, 93970, and 93971)&lt;&sol;p&gt;",10/31/2025
56697,44,8,&lt;p&gt;Pre-surgical Vein-Mapping for Peripheral Arterial Bypass (93970 and 93971)&lt;&sol;p&gt;,10/31/2025
59066,10,1,"&lt;p&gt;&amp;nbsp;&lt;&sol;p&gt;
&lt;p&gt;&amp;nbsp;&lt;&sol;p&gt;",10/31/2025
56500,39,1,"&lt;p&gt;The following CPT&sol;HCPCS codes describe cardiac catheterization.&lt;&sol;p&gt;
&lt;p&gt;Note: G0269 is considered a bundled code on the Medicare physician fee schedule and is not separately payable.&lt;&sol;p&gt;",10/31/2025
56500,39,2,&lt;p&gt;The following CPT codes describe SELECTIVE extra-cardiac angiography&lt;&sol;p&gt;,10/31/2025
56500,39,3,&lt;p&gt;The following HCPCS codes describe NON-SELECTIVE extra-cardiac angiography.&lt;&sol;p&gt;,10/31/2025
56439,18,1,"&lt;p&gt;&lt;span style=&quot;display: inline !important; float: none; background-color: #ffffff; color: #000000; font-family: Verdana,Arial,Helvetica,sans-serif; font-size: 14px; font-style: normal; font-variant: normal; font-weight: 400; letter-spacing: normal; orphans: 2; text-align: left; text-decoration: none; text-indent: 0px; text-transform: none; -webkit-text-stroke-width: 0px; white-space: normal; word-spacing: 0px;&quot;&gt;The CPT codes in Group 1 are generally considered reconstructive in nature.&lt;&sol;span&gt;&lt;&sol;p&gt;",10/31/2025
56439,18,2,"&lt;p&gt;&lt;span style=&quot;display: inline !important; float: none; background-color: #ffffff; color: #000000; font-family: Verdana,Arial,Helvetica,sans-serif; font-size: 14px; font-style: normal; font-variant: normal; font-weight: 400; letter-spacing: normal; orphans: 2; text-align: left; text-decoration: none; text-indent: 0px; text-transform: none; -webkit-text-stroke-width: 0px; white-space: normal; word-spacing: 0px;&quot;&gt;The CPT codes in Group 2 may potentially be considered as cosmetic and thus not covered by Medicare. Documentation to support functional impairment, visual or otherwise, must be present. (Please see the &quot;Indications and Limitations&quot; and &quot;Documentation Requirements&quot; sections in the policy L33944-&lt;span style=&quot;background-color: #ffffff;&quot;&gt;Blepharoplasty&lt;&sol;span&gt;.)&lt;&sol;span&gt;&lt;&sol;p&gt;",10/31/2025
56493,13,1,,10/31/2025
56799,29,1,,10/30/2025
53252,237,1,&lt;p&gt;&lt;strong&gt;Note:&lt;&sol;strong&gt; Providers are reminded to refer to the long descriptors of the CPT&sol;HCPCS codes in their CPT&sol;HCPCS book.&lt;&sol;p&gt;,10/30/2025
53252,237,2,"&lt;p&gt;The following CPT&sol;HCPCS codes are covered additional services considered necessary to perform diagnostic testing in an IDTF.&lt;&sol;p&gt;
&lt;p&gt;&lt;strong&gt;Note:&lt;&sol;strong&gt; Positron emission tomography (PET) Radiopharmaceutical&sol;Tracer codes A9597 or A9598 should only be used when there is no existing dedicated PET tracer code available (reference &lt;em&gt;Medicare Claims Processing Manual&lt;&sol;em&gt;, Chapter 13, Section 60.3.2). For additional information, please refer to A53134 NCD Coding Article for Positron Emission Tomography (PET) Scans Used for Non-Oncologic Conditions.&lt;&sol;p&gt;
&lt;p&gt;&lt;strong&gt;Note:&lt;&sol;strong&gt; Effective for claims with dates of service on or after 12&sol;15&sol;2017, HCPCS code A9580 (NaF-18) is nationally non-covered and all associated NaF-18 PET related coding including PET scan CPT codes are also non-covered.&lt;&sol;p&gt;",10/30/2025
57807,124,1,&lt;p&gt;&lt;strong&gt;Note:&lt;&sol;strong&gt; Providers are reminded to refer to the long descriptors of the CPT&sol;HCPCS codes in their CPT&sol;HCPCS book.&lt;&sol;p&gt;,10/30/2025
57807,124,2,"&lt;p&gt;The following CPT&sol;HCPCS codes are covered additional services considered necessary to perform diagnostic testing in an IDTF.&lt;&sol;p&gt;
&lt;p&gt;&lt;strong&gt;Note:&lt;&sol;strong&gt; Positron emission tomography (PET) Radiopharmaceutical&sol;Tracer codes A9597 or A9598 should only be used when there is no existing dedicated PET tracer code available (reference &lt;em&gt;Medicare Claims Processing Manual&lt;&sol;em&gt;, Chapter 13, Section 60.3.2). For additional information, please refer to A53134 NCD Coding Article for Positron Emission Tomography (PET) Scans Used for Non-Oncologic Conditions.&lt;&sol;p&gt;
&lt;p&gt;&lt;strong&gt;Note:&lt;&sol;strong&gt; Effective for claims with dates of service on or after 12&sol;15&sol;2017, HCPCS code A9580 (NaF-18) is nationally non-covered and all associated NaF-18 PET related coding including PET scan CPT codes are also non-covered.&lt;&sol;p&gt;",10/30/2025
57165,15,1,,10/27/2025
54543,21,1,,10/27/2025
55326,40,1,,10/27/2025
54929,40,1,&lt;p&gt;Group 1 CPT codes apply to Groups 1 and 2 ICD-10-CM Codes.&lt;&sol;p&gt;,10/27/2025
55056,14,1,,10/27/2025
56152,35,1,&lt;p&gt;&lt;p style=&quot;line-height: normal;&quot;&gt;The codes below are used to bill for those outpatient respiratory services listed in Section A above.&lt;&sol;p&gt;&lt;&sol;p&gt;,10/27/2025
56152,35,2,&lt;p&gt;&lt;p style=&quot;line-height: normal;&quot;&gt;The codes below are used to bill for a Pulmonary Rehabilitation Program as outlined in Section B above.&lt;&sol;p&gt;&lt;&sol;p&gt;,10/27/2025
56572,22,1,&lt;p&gt;N&sol;A&lt;&sol;p&gt;,10/27/2025
57683,11,1,&lt;p&gt;&lt;strong&gt;Total Hip Arthroplasty&lt;&sol;strong&gt;&lt;&sol;p&gt;,10/27/2025
55028,45,1,&lt;p&gt;N&sol;A&lt;&sol;p&gt;,10/27/2025
57689,44,1,&lt;p&gt;N&sol;A&lt;&sol;p&gt;,10/27/2025
57689,44,2,&lt;p&gt;Quantitative Codes in immunology section:&lt;&sol;p&gt;,10/27/2025
53008,56,1,&lt;p&gt;The following CPT&sol;HCPCS codes are used for reporting intravitreal use of Bevacizumab (Avastin):&lt;&sol;p&gt;,10/27/2025
57342,31,1,,10/27/2025
57497,15,1,&lt;p&gt;N&sol;A&lt;&sol;p&gt;,10/27/2025
59976,4,1,&lt;p&gt;Below are CPT&sol;HCPCS codes related to SCIT. Providers are reminded to refer to the long descriptors of the CPT&lt;sup&gt;&amp;reg;&lt;&sol;sup&gt; codes in their CPT&lt;sup&gt;&amp;reg;&lt;&sol;sup&gt; books.&lt;&sol;p&gt;,10/27/2025
57472,15,1,&lt;p&gt;Providers are reminded to refer to the long descriptors of the CPT codes in their CPT book.&lt;&sol;p&gt;,10/25/2025
56680,44,1,&lt;p&gt;N&sol;A&lt;&sol;p&gt;,10/24/2025
52503,26,1,,10/23/2025
54992,43,1,"&lt;p&gt;&lt;span style=&quot;color: #000000; text-transform: none; text-indent: 0px; letter-spacing: normal; font-family: Verdana, Arial, Helvetica, sans-serif; font-size: 14px; font-style: normal; font-weight: 400; word-spacing: 0px; float: none; display: inline !important; white-space: normal; orphans: 2; widows: 2; background-color: #ffffff; -webkit-text-stroke-width: 0px; font-variant-ligatures: normal; font-variant-caps: normal; text-decoration-style: initial; text-decoration-color: initial;&quot;&gt;HCPCS code G0255 is non-covered per Pub. 100-03, Chp1, Section 160.23.&lt;&sol;span&gt;&lt;&sol;p&gt;",10/23/2025
55531,34,1,&lt;p&gt;Providers are to use CPT&lt;sup&gt;&amp;reg;&lt;&sol;sup&gt; Code 64999 for both the trial and permanent insertion of the electrode array when billing for the procedures associated with either Peripheral Subcutaneous Field Stimulation or Peripheral Nerve Field Stimulation. 64999 for these purposes is not covered due to insufficient peer reviewed data to warrant the medical necessity of coverage.&lt;&sol;p&gt;,10/23/2025
56515,21,1,&lt;p&gt;N&sol;A&lt;&sol;p&gt;,10/23/2025
57162,17,1,,10/23/2025
57207,33,1,&lt;p&gt;N&sol;A&lt;&sol;p&gt;,10/23/2025
57215,41,1,&lt;p&gt;&lt;strong&gt;CT Scans&lt;&sol;strong&gt;&lt;&sol;p&gt;,10/23/2025
57215,41,2,&lt;p&gt;&lt;strong&gt;MRI Scans&lt;&sol;strong&gt;&lt;&sol;p&gt;,10/23/2025
57357,16,1,&lt;p&gt;N&sol;A&lt;&sol;p&gt;,10/23/2025
57609,11,1,&lt;p&gt;N&sol;A&lt;&sol;p&gt;,10/23/2025
57662,15,1,&lt;p&gt;N&sol;A&lt;&sol;p&gt;,10/23/2025
57702,23,1,&lt;p&gt;N&sol;A&lt;&sol;p&gt;,10/23/2025
57864,36,1,"&lt;p&gt;&lt;strong&gt;Note: &lt;&sol;strong&gt;Providers are reminded to refer to the long descriptors of the CPT codes in their CPT book.&lt;&sol;p&gt;
&lt;p&gt;The CPT codes in Group 1 are considered medically necessary when the Indications of Coverage are met. The 90-day global periods apply.&lt;&sol;p&gt;
&lt;p&gt;See L37027 Cataract Surgery in Adults LCD and related B&amp;amp;C article for additional coverage indications and diagnoses.&lt;&sol;p&gt;",10/23/2025
57864,36,2,"&lt;p&gt;The CPT codes in Group 2 are considered medically necessary when the Indications of Coverage are met. The 90-day global periods applies.&lt;&sol;p&gt;
&lt;p&gt;Do not report 0671T in conjunction with 66989 or 66991.&lt;&sol;p&gt;",10/23/2025
57864,36,3,&lt;p&gt;The following CPT codes are considered not medically reasonable and necessary (non-covered).&lt;&sol;p&gt;,10/23/2025
58138,20,1,&lt;p&gt;&lt;strong&gt;Note:&lt;&sol;strong&gt; Providers are reminded to refer to the long descriptors of the CPT&amp;reg; codes in their CPT&amp;reg; book.&lt;&sol;p&gt;,10/23/2025
58867,23,1,"&lt;p&gt;All amniotic and placental-derived products injected and&sol;or applied for musculoskeletal indications, non-wound are considered NON-Covered, including but not limited to the codes listed below.&lt;&sol;p&gt;
&lt;p&gt;&amp;nbsp;&lt;&sol;p&gt;",10/23/2025
59697,6,1,&lt;p&gt;&lt;span style=&quot;line-height: 115%;&quot;&gt;The CPT&lt;sup&gt;&amp;reg;&lt;&sol;sup&gt; code in Group 1 is considered medically necessary when the indications for coverage are met.&lt;&sol;span&gt;&lt;&sol;p&gt;,10/23/2025
59697,6,2,&lt;p&gt;&lt;span style=&quot;line-height: 115%;&quot;&gt;The CPT&lt;sup&gt;&amp;reg;&lt;&sol;sup&gt; code in Group 2 is considered not medically reasonable and necessary (non-covered).&lt;&sol;span&gt;&lt;&sol;p&gt;,10/23/2025
56636,20,1,,10/22/2025
57588,11,1,&lt;p&gt;N&sol;A&lt;&sol;p&gt;,10/22/2025
57583,9,1,&lt;p&gt;N&sol;A&lt;&sol;p&gt;,10/22/2025
59906,6,1,&lt;p&gt;N&sol;A&lt;&sol;p&gt;,10/22/2025
55169,15,1,&lt;p&gt;N&sol;A&lt;&sol;p&gt;,10/22/2025
57552,19,1,&lt;p&gt;Covered codes.&lt;&sol;p&gt;,10/22/2025
57552,19,2,&lt;p&gt;Non-covered codes.&lt;&sol;p&gt;,10/22/2025
56961,18,1,,10/17/2025
55676,24,1,"&lt;p&gt;&lt;span style=&quot;line-height: 115%; font-family: &#39;Arial&#39;,sans-serif; font-size: 12pt; mso-fareast-font-family: Calibri; mso-fareast-theme-font: minor-latin; mso-ansi-language: EN-US; mso-fareast-language: EN-US; mso-bidi-language: AR-SA;&quot;&gt;Providers are reminded to refer to the long descriptors of the CPT codes in their CPT book. &lt;&sol;span&gt;&lt;&sol;p&gt;",10/16/2025
55770,11,1,,10/16/2025
56073,22,1,&lt;p&gt;N&sol;A&lt;&sol;p&gt;,10/16/2025
57184,22,1,,10/16/2025
57184,22,2,"&lt;p&gt;&lt;strong&gt;Add-on Codes:&lt;&sol;strong&gt;&lt;br &sol;&gt;Primary codes to be used with the add-on codes 93320, 93321 and 93325 are &lt;strong&gt;not&lt;&sol;strong&gt; all-inclusive in the above list. The above list contains only the primary codes relevant to this policy. &lt;br &sol;&gt;&lt;br &sol;&gt;For example, &lt;br &sol;&gt;Use add-on code &lt;strong&gt;93320&lt;&sol;strong&gt; in conjunction with code 93350.&lt;br &sol;&gt;&lt;br &sol;&gt;Use add-on code &lt;strong&gt;93321&lt;&sol;strong&gt; in conjunction with code 93350&lt;br &sol;&gt;&lt;br &sol;&gt;Use add-on code &lt;strong&gt;93325&lt;&sol;strong&gt; in conjunction with codes 93320, 93321, 93350.&lt;br &sol;&gt;&lt;br &sol;&gt;Following are the add-on codes and their definitions:&lt;&sol;p&gt;",10/16/2025
57191,10,1,,10/16/2025
57198,27,1,"&lt;p&gt;The Section titled &amp;ldquo;Does the &#39;CPT 30% Rule&#39; apply?&amp;rdquo; needs clarification. This rule comes from the AMA (American Medical Association), the organization that holds the copyrights for all CPT codes. The rule states that if, in a given section (e.g., surgery) or subsection (e.g., surgery, integumentary) of the CPT Manual, more than 30% of the codes are listed in the LCD, then the short descriptors must be used rather than the long descriptors found in the CPT Manual.&lt;&sol;p&gt;",10/16/2025
57222,21,1,,10/16/2025
57225,52,1,,10/16/2025
57238,10,1,&lt;p&gt;N&sol;A&lt;&sol;p&gt;,10/16/2025
57613,8,1,"&lt;p&gt;Because current CPT&amp;reg; codes do not specify or identify &amp;ldquo;salivary&amp;rdquo; hormone testing from serum or urine hormone testing, claims for salivary levels of hormone should be coded with NOS code 84999 and the words &amp;ldquo;salivary cortisol&amp;rdquo;. For other than cortisol use &amp;ldquo;salivary (name of other hormone)&amp;rdquo; which will generate a denial.&lt;&sol;p&gt;",10/16/2025
57616,6,1,&lt;p&gt;N&sol;A&lt;&sol;p&gt;,10/16/2025
57707,14,1,"&lt;p&gt;36299* is used for sclerotherapy with mechanical agitation (e.g. Clarivein&amp;reg; device) prior to January 1, 2017. On and after this date use the AMA assigned codes 36473 and 36474 to report this procedure. These codes are inclusive of the sclerosing agent.&lt;br &sol;&gt;&lt;br &sol;&gt;37799* should be used to report &quot;Trivex Procedure&quot;&lt;&sol;p&gt;",10/16/2025
57792,12,1,,10/16/2025
57949,21,1,&lt;p&gt;&lt;span style=&quot;line-height: 115%;&quot;&gt;&lt;strong&gt;Note:&lt;&sol;strong&gt;&lt;&sol;span&gt;&lt;span style=&quot;line-height: 115%;&quot;&gt; Providers are reminded to refer to the long descriptors of the CPT codes in their CPT book&lt;&sol;span&gt;.&lt;&sol;p&gt;,10/16/2025
59771,6,1,,10/16/2025
57195,29,1,,10/15/2025
55530,35,1,&lt;p&gt;Providers are to use CPT&lt;sup&gt;&amp;reg;&lt;&sol;sup&gt; Code 64999 for both the trial and permanent insertion of the electrode array when billing for the procedures associated with either Peripheral Subcutaneous Field Stimulation or Peripheral Nerve Field Stimulation. 64999 for these purposes is not covered due to insufficient peer reviewed data to warrant the medical necessity of coverage.&lt;&sol;p&gt;,10/14/2025
57515,12,1,&lt;p&gt;N&sol;A&lt;&sol;p&gt;,10/14/2025
54969,52,1,"&lt;p&gt;&lt;span style=&quot;background: white; line-height: 107%;&quot;&gt;HCPCS code G0255 is non-covered per Pub. 100-03, Chp1, Section 160.23.&lt;&sol;span&gt;&lt;&sol;p&gt;",10/14/2025
56514,25,1,&lt;p&gt;N&sol;A&lt;&sol;p&gt;,10/14/2025
57661,17,1,&lt;p&gt;N&sol;A&lt;&sol;p&gt;,10/14/2025
57206,30,1,&lt;p&gt;N&sol;A&lt;&sol;p&gt;,10/14/2025
57356,14,1,&lt;p&gt;N&sol;A&lt;&sol;p&gt;,10/14/2025
58133,23,1,&lt;p&gt;&lt;strong&gt;Note:&lt;&sol;strong&gt; Providers are reminded to refer to the long descriptors of the CPT&amp;reg; codes in their CPT&amp;reg; book.&lt;&sol;p&gt;,10/14/2025
58865,24,1,"&lt;p&gt;All amniotic and placental-derived products injected and&sol;or applied for musculoskeletal indications, non-wound are considered NON-Covered, including but not limited to the codes listed below.&lt;&sol;p&gt;
&lt;p&gt;&amp;nbsp;&lt;&sol;p&gt;",10/14/2025
57615,6,1,&lt;p&gt;N&sol;A&lt;&sol;p&gt;,10/06/2025
57706,14,1,"&lt;p&gt;36299* is used for sclerotherapy with mechanical agitation (e.g. Clarivein&amp;reg; device) prior to January 1, 2017. On and after this date use the AMA assigned codes 36473 and 36474 to report this procedure. These codes are inclusive of the sclerosing agent. &lt;br &sol;&gt;&lt;br &sol;&gt;37799* should be used to report &quot;Trivex Procedure&quot;&lt;&sol;p&gt;",10/06/2025
57791,12,1,,10/06/2025
57189,28,1,"&lt;p&gt;The Section titled &amp;ldquo;Does the &#39;CPT 30% Rule&#39; apply?&amp;rdquo; needs clarification. This rule comes from the AMA (American Medical Association), the organization that holds the copyrights for all CPT codes. The rule states that if, in a given section (e.g., surgery) or subsection (e.g., surgery, integumentary) of the CPT Manual, more than 30% of the codes are listed in the LCD, then the short descriptors must be used rather than the long descriptors found in the CPT Manual.&lt;&sol;p&gt;",10/06/2025
57221,25,1,&lt;p&gt;N&sol;A&lt;&sol;p&gt;,10/06/2025
55675,25,1,"&lt;p&gt;&lt;span style=&quot;line-height: 115%; font-family: &#39;Arial&#39;,sans-serif; font-size: 12pt; mso-fareast-font-family: Calibri; mso-fareast-theme-font: minor-latin; mso-ansi-language: EN-US; mso-fareast-language: EN-US; mso-bidi-language: AR-SA;&quot;&gt;Providers are reminded to refer to the long descriptors of the CPT codes in their CPT book. &lt;&sol;span&gt;&lt;&sol;p&gt;",10/06/2025
55769,14,1,,10/06/2025
56071,23,1,&lt;p&gt;N&sol;A&lt;&sol;p&gt;,10/06/2025
57237,11,1,&lt;p&gt;N&sol;A&lt;&sol;p&gt;,10/06/2025
57612,8,1,"&lt;p&gt;Because current CPT&amp;reg; codes do not specify or identify &amp;ldquo;salivary&amp;rdquo; hormone testing from serum or urine hormone testing, claims for salivary levels of hormone should be coded with NOS code 84999 and the words &amp;ldquo;salivary cortisol&amp;rdquo;. For other than cortisol use &amp;ldquo;salivary (name of other hormone)&amp;rdquo; which will generate a denial.&lt;&sol;p&gt;",10/06/2025
57190,11,1,,10/06/2025
57305,14,1,&lt;p&gt;CPT Code 37799 should be used to report &quot;Trivex Procedure&quot;&lt;&sol;p&gt;,10/03/2025
52478,26,1,,10/03/2025
52517,50,1,,10/03/2025
57056,44,1,"&lt;p&gt;&lt;strong&gt;Angiography&lt;&sol;strong&gt; of the arteries in the &lt;strong&gt;Abdomen, Pelvis, &lt;&sol;strong&gt;or&lt;strong&gt; Lower Extremity&lt;&sol;strong&gt; branches. &lt;strong&gt;Aortography&lt;&sol;strong&gt; of the arteries in the &lt;strong&gt;Abdomen&lt;&sol;strong&gt; with or without the &lt;strong&gt;Lower Extremity&lt;&sol;strong&gt; arteries.&lt;&sol;p&gt;
&lt;p&gt;&lt;strong&gt;Note: &lt;&sol;strong&gt;Providers are reminded to refer to the long descriptors of the CPT&sol;HCPCS codes in their CPT&sol;HCPCS book.&lt;&sol;p&gt;
&lt;p&gt;The following CPT code associated with the services outlined in this Billing and Coding Article will not have diagnosis code limitations applied at this time: &lt;strong&gt;36200&lt;&sol;strong&gt;.&lt;&sol;p&gt;",10/03/2025
57056,44,2,&lt;p&gt;&lt;strong&gt;Angiography&lt;&sol;strong&gt; of the &lt;strong&gt;Renal&lt;&sol;strong&gt; arteries.&lt;&sol;p&gt;,10/03/2025
57056,44,3,&lt;p&gt;&lt;strong&gt;Aortography with or without Angiography&lt;&sol;strong&gt; of the arteries in the &lt;strong&gt;Abdomen&lt;&sol;strong&gt; and the &lt;strong&gt;Lower Extremities&lt;&sol;strong&gt;.&lt;&sol;p&gt;,10/03/2025
57056,44,4,"&lt;p&gt;&lt;strong&gt;Angiography&lt;&sol;strong&gt; of the arteries in the &lt;strong&gt;Head, Neck, Chest, and Upper or Lower Extremities&lt;&sol;strong&gt;.&lt;&sol;p&gt;
&lt;p&gt;The following CPT codes associated with the services outlined in this Billing and Coding Article will not have diagnosis code limitations applied at this time: &lt;strong&gt;36140, 36200, &lt;&sol;strong&gt;and&lt;strong&gt; 36215&lt;&sol;strong&gt;.&lt;&sol;p&gt;",10/03/2025
56682,49,1,"&lt;p&gt;&lt;strong&gt;Angiography&lt;&sol;strong&gt; of the arteries in the &lt;strong&gt;Abdomen, Pelvis, &lt;&sol;strong&gt;or&lt;strong&gt; Lower Extremity&lt;&sol;strong&gt; branches. &lt;strong&gt;Aortography&lt;&sol;strong&gt; of the arteries in the &lt;strong&gt;Abdomen&lt;&sol;strong&gt; with or without the &lt;strong&gt;Lower Extremity&lt;&sol;strong&gt; arteries.&lt;&sol;p&gt;
&lt;p&gt;&lt;strong&gt;Note&lt;&sol;strong&gt;: Providers are reminded to refer to the long descriptors of the CPT&sol;HCPCS codes in their CPT&sol;HCPCS book.&lt;&sol;p&gt;
&lt;p&gt;The following CPT code associated with the services outlined in this Billing and Coding Article will not have diagnosis limitations applied at this time:&lt;strong&gt; 36200.&lt;&sol;strong&gt;&lt;&sol;p&gt;",10/03/2025
56682,49,2,&lt;p&gt;&lt;strong&gt;Angiography&lt;&sol;strong&gt; of the &lt;strong&gt;Renal&lt;&sol;strong&gt; arteries.&lt;&sol;p&gt;,10/03/2025
56682,49,3,&lt;p&gt;&lt;strong&gt;Aortography with or without Angiography&lt;&sol;strong&gt; of the arteries in the &lt;strong&gt;Abdomen&lt;&sol;strong&gt; and the &lt;strong&gt;Lower Extremities&lt;&sol;strong&gt;.&lt;&sol;p&gt;,10/03/2025
52754,7,1,,10/02/2025
52755,14,1,,10/02/2025
52775,18,1,,10/02/2025
52926,14,1,,10/02/2025
52960,15,1,"&lt;p&gt;&lt;b&gt; The following procedures, when used for sterilization to prevent reproduction, will be auto-denied due to the absence of a Medicare benefit category.&lt;&sol;b&gt;&lt;br&gt;&lt;br&gt;&lt;br&gt;&lt;&sol;p&gt;",10/02/2025
53017,37,1,&lt;p&gt;Covered CPT&sol;HCPCS Codes:&lt;&sol;p&gt;,10/02/2025
53017,37,2,&lt;p&gt;&lt;strong&gt;Ancillary Coding&lt;&sol;strong&gt;&lt;&sol;p&gt;,10/02/2025
53034,8,1,,10/02/2025
53079,26,1,,10/02/2025
53918,12,1,,10/02/2025
53975,9,1,,10/02/2025
54917,20,1,,10/02/2025
55045,17,1,,10/02/2025
55059,7,1,,10/02/2025
55775,12,1,&lt;p&gt;N&sol;A&lt;&sol;p&gt;,10/02/2025
56026,13,1,&lt;p&gt;99199 is the &lt;strong&gt;only&lt;&sol;strong&gt; code billable to this AB MAC&lt;&sol;p&gt;,10/02/2025
56028,8,1,,10/02/2025
57849,18,1,,10/02/2025
58579,10,1,"&lt;p&gt;&lt;strong&gt;Note:&lt;&sol;strong&gt; Providers are reminded to refer to the long descriptors of the CPT codes in their CPT book.&lt;&sol;p&gt;
&lt;p&gt;&amp;nbsp;&lt;&sol;p&gt;",10/02/2025
57282,18,1,,09/30/2025
58127,19,1,"&lt;p&gt;&lt;strong&gt;&lt;span style=&quot;line-height: 115%;&quot;&gt;Note: &lt;&sol;span&gt;&lt;&sol;strong&gt;&lt;span style=&quot;line-height: 115%;&quot;&gt;Providers are reminded to refer to the long descriptors of the CPT codes in their CPT book.&lt;&sol;span&gt;&lt;&sol;p&gt;
&lt;p&gt;&amp;nbsp;&lt;&sol;p&gt;
&lt;p&gt;&amp;nbsp;&lt;&sol;p&gt;",09/30/2025
56451,26,1,"&lt;p&gt;&lt;span style=&quot;display: inline !important; float: none; background-color: #ffffff; color: #000000; font-family: Verdana,Arial,Helvetica,sans-serif; font-size: 14px; font-style: normal; font-variant: normal; font-weight: 400; letter-spacing: normal; orphans: 2; text-align: left; text-decoration: none; text-indent: 0px; text-transform: none; -webkit-text-stroke-width: 0px; white-space: normal; word-spacing: 0px;&quot;&gt;CPT CODES 0144T-0151T ARE DELETED EFFECTIVE 12&sol;31&sol;2009 AND REPLACED BY CPT CODES 75571-75574 (BELOW)&lt;&sol;span&gt;&lt;br style=&quot;color: #000000; font-family: Verdana,Arial,Helvetica,sans-serif; font-size: 14px; font-style: normal; font-variant: normal; font-weight: 400; letter-spacing: normal; orphans: 2; text-align: left; text-decoration: none; text-indent: 0px; text-transform: none; -webkit-text-stroke-width: 0px; white-space: normal; word-spacing: 0px;&quot; &sol;&gt;&lt;br style=&quot;color: #000000; font-family: Verdana,Arial,Helvetica,sans-serif; font-size: 14px; font-style: normal; font-variant: normal; font-weight: 400; letter-spacing: normal; orphans: 2; text-align: left; text-decoration: none; text-indent: 0px; text-transform: none; -webkit-text-stroke-width: 0px; white-space: normal; word-spacing: 0px;&quot; &sol;&gt;&lt;span style=&quot;display: inline !important; float: none; background-color: #ffffff; color: #000000; font-family: Verdana,Arial,Helvetica,sans-serif; font-size: 14px; font-style: normal; font-variant: normal; font-weight: 400; letter-spacing: normal; orphans: 2; text-align: left; text-decoration: none; text-indent: 0px; text-transform: none; -webkit-text-stroke-width: 0px; white-space: normal; word-spacing: 0px;&quot;&gt;CPT code 0144T is not a covered service (for dates of service prior to 01&sol;01&sol;2010.)&lt;&sol;span&gt;&lt;br style=&quot;color: #000000; font-family: Verdana,Arial,Helvetica,sans-serif; font-size: 14px; font-style: normal; font-variant: normal; font-weight: 400; letter-spacing: normal; orphans: 2; text-align: left; text-decoration: none; text-indent: 0px; text-transform: none; -webkit-text-stroke-width: 0px; white-space: normal; word-spacing: 0px;&quot; &sol;&gt;&lt;br style=&quot;color: #000000; font-family: Verdana,Arial,Helvetica,sans-serif; font-size: 14px; font-style: normal; font-variant: normal; font-weight: 400; letter-spacing: normal; orphans: 2; text-align: left; text-decoration: none; text-indent: 0px; text-transform: none; -webkit-text-stroke-width: 0px; white-space: normal; word-spacing: 0px;&quot; &sol;&gt;&lt;span style=&quot;display: inline !important; float: none; background-color: #ffffff; color: #000000; font-family: Verdana,Arial,Helvetica,sans-serif; font-size: 14px; font-style: normal; font-variant: normal; font-weight: 400; letter-spacing: normal; orphans: 2; text-align: left; text-decoration: none; text-indent: 0px; text-transform: none; -webkit-text-stroke-width: 0px; white-space: normal; word-spacing: 0px;&quot;&gt;For dates of service on or after 01&sol;01&sol;2010, CPT code 75571 is not a covered service.&lt;&sol;span&gt;&lt;&sol;p&gt;",09/30/2025
56802,18,1,&lt;p&gt;CPT codes 51772 and 51795 were deleted 12&sol;31&sol;2009.&lt;&sol;p&gt;,09/26/2025
56808,15,1,,09/26/2025
55315,17,1,,09/26/2025
56722,23,1,&lt;p&gt;&lt;strong&gt;Note:&lt;&sol;strong&gt; Providers are reminded to refer to the long descriptors of the CPT codes in their CPT book.&lt;&sol;p&gt;,09/26/2025
57637,20,1,&lt;p&gt;&lt;strong&gt;Note:&lt;&sol;strong&gt; Providers are reminded to refer to the long descriptors of the CPT codes in their CPT book.&lt;&sol;p&gt;,09/26/2025
57540,15,1,&lt;p&gt;&lt;strong&gt;Note:&lt;&sol;strong&gt; Providers are reminded to refer to the long descriptors of the CPT codes in their CPT book.&lt;strong&gt; &lt;&sol;strong&gt;&lt;&sol;p&gt;,09/26/2025
57450,14,1,"&lt;p&gt;&lt;strong&gt;Note: &lt;&sol;strong&gt;Providers are reminded to refer to the long descriptors of the CPT codes in their CPT book.&lt;&sol;p&gt;
&lt;p&gt;The following CPT&sol;HCPCS codes associated with the services outlined in this Billing and Coding Article will not have diagnosis code limitations applied at this time: 0130U, 81210, 81301, 81403, 81435, 81479, 88341, 88342 and 88344.&lt;&sol;p&gt;",09/26/2025
57449,24,1,&lt;p&gt;&lt;strong&gt;Note:&lt;&sol;strong&gt; Providers are reminded to refer to the long descriptors of the CPT codes in their CPT book.&lt;&sol;p&gt;,09/26/2025
57434,35,1,"&lt;p&gt;&lt;strong&gt;Note:&lt;&sol;strong&gt; Providers are reminded to refer to the long descriptors of the CPT codes in their CPT book.&lt;&sol;p&gt;
&lt;p&gt;The following CPT&sol;HCPCS codes associated with the services outlined in the related&amp;nbsp;policy will not have diagnosis limitations applied at this time: &lt;strong&gt;92601, 92602, 92603, and 92604.&lt;&sol;strong&gt;&lt;&sol;p&gt;",09/26/2025
57434,35,2,,09/26/2025
57434,35,3,,09/26/2025
57434,35,4,,09/26/2025
57434,35,5,,09/26/2025
57434,35,6,,09/26/2025
57434,35,7,,09/26/2025
57434,35,8,,09/26/2025
57434,35,9,,09/26/2025
57434,35,10,,09/26/2025
57434,35,11,,09/26/2025
57188,27,1,&lt;p&gt;&lt;strong&gt;Note:&lt;&sol;strong&gt; Providers are reminded to refer to the long descriptors of the CPT codes in their CPT book.&lt;&sol;p&gt;,09/26/2025
57063,29,1,&lt;p&gt;&lt;strong&gt;Note: &lt;&sol;strong&gt;Providers are reminded to refer to the long descriptors of the CPT codes in their CPT book.&lt;&sol;p&gt;,09/26/2025
54111,50,1,"&lt;p&gt;&lt;strong&gt;Note:&lt;&sol;strong&gt; Providers are reminded to refer to the long descriptors of the CPT codes in their CPT book.&lt;br &sol;&gt;&lt;br &sol;&gt;The following CPT&sol;HCPCS codes associated with the services outlined in this policy will not have diagnosis code limitations applied at this time: 96125, 97110, 97530, 97533, 97535, 97129, and 97130.&lt;&sol;p&gt;",09/26/2025
54111,50,2,&lt;p&gt;&lt;b&gt;Non-Covered Services&lt;&sol;b&gt;&lt;&sol;p&gt;,09/26/2025
56805,41,1,&lt;p&gt;Note: Providers are reminded to refer to the long descriptors of the CPT codes in their CPT book. &lt;br &sol;&gt;&lt;br &sol;&gt;MRA of the Head and Neck&lt;&sol;p&gt;,09/26/2025
56805,41,2,&lt;p&gt;MRA of the Peripheral Arteries of Lower Extremities&lt;&sol;p&gt;,09/26/2025
56805,41,3,&lt;p&gt;MRA of the Abdomen and Pelvis&lt;&sol;p&gt;,09/26/2025
56805,41,4,&lt;p&gt;MRA of the Chest&lt;&sol;p&gt;,09/26/2025
56542,18,1,&lt;p&gt;&lt;strong&gt;Note:&lt;&sol;strong&gt; Providers are reminded to refer to the long descriptors of the CPT codes in their CPT book.&lt;&sol;p&gt;,09/26/2025
57123,61,1,"&lt;p&gt;&lt;br &sol;&gt;Providers are reminded to refer to the long descriptors of the CPT codes in their CPT book.&lt;br &sol;&gt;&lt;br &sol;&gt;&lt;strong&gt;Electromyography of Anal or Urethral Sphincter&lt;&sol;strong&gt;&lt;&sol;p&gt;
&lt;p&gt;&amp;nbsp;&lt;&sol;p&gt;",09/26/2025
57123,61,2,&lt;p&gt;&lt;strong&gt;&lt;br &sol;&gt;Needle Electromyography for Guidance in Conjunction with Chemodenervation&lt;br &sol;&gt;&lt;br &sol;&gt;&lt;&sol;strong&gt;&lt;&sol;p&gt;,09/26/2025
57123,61,3,&lt;p&gt;&lt;strong&gt;&lt;br &sol;&gt;Needle Electromyography and Nerve Conduction Studies&lt;br &sol;&gt;&lt;br &sol;&gt;&lt;&sol;strong&gt;&lt;&sol;p&gt;,09/26/2025
57123,61,4,&lt;p&gt;&lt;strong&gt;&lt;br &sol;&gt;Neuromuscular Junction Testing&lt;br &sol;&gt;&lt;br &sol;&gt;&lt;&sol;strong&gt;&lt;&sol;p&gt;,09/26/2025
57123,61,5,&lt;p&gt;&lt;strong&gt;&lt;br &sol;&gt;Needle Electromyography of the Larynx&lt;br &sol;&gt;&lt;br &sol;&gt;&lt;&sol;strong&gt;&lt;&sol;p&gt;,09/26/2025
57123,61,6,&lt;p&gt;&lt;strong&gt;&lt;br &sol;&gt;Single Fiber Electromyography&lt;br &sol;&gt;&lt;br &sol;&gt;&lt;&sol;strong&gt;&lt;&sol;p&gt;,09/26/2025
57123,61,7,"&lt;p&gt;To bill the following non-covered services&sol;tests, report CPT code 95999 appended with the GY modifier. When submitting claims, providers must provide a description of the service&sol;test in the narrative&sol;remarks field (Item 19) on the CMS-1500 claim form or the electronic equivalent: &lt;strong&gt;1)&lt;&sol;strong&gt; Non-invasive EDX testing using portable hand-held devices or automated point of care nerve conduction monitoring systems, which are incapable of real-time waveform display and analysis &lt;strong&gt;2) &lt;&sol;strong&gt;Psychophysical measurements (electrical, vibratory or thermal perceptions), even though they may involve delivery of a stimulus, are considered part of the physical examination and may not be reported as a separate service &lt;strong&gt;3) &lt;&sol;strong&gt;Physiologic recording of movement disorder symptoms, including bradykinesia, dyskinesia, and tremor using wearable devices with accelerometers or gyroscopes 4&lt;strong&gt;) &lt;&sol;strong&gt;Needle electromyography (NEMG) for Surface electromyography (SEMG) or Macroelectromyography (macro-EMG).&lt;br &sol;&gt;&lt;br &sol;&gt;&lt;strong&gt;The following CPT codes are Non-Covered:&lt;br &sol;&gt;&lt;br &sol;&gt;&lt;&sol;strong&gt;&lt;&sol;p&gt;",09/26/2025
54095,68,1,"&lt;p&gt;&lt;br &sol;&gt;Providers are reminded to refer to the long descriptors of the CPT codes in their CPT book.&lt;br &sol;&gt;&lt;br &sol;&gt;&lt;strong&gt;Electromyography of Anal or Urethral Sphincter&lt;&sol;strong&gt;&lt;&sol;p&gt;
&lt;p&gt;&amp;nbsp;&lt;&sol;p&gt;",09/26/2025
54095,68,2,&lt;p&gt;&lt;strong&gt;&lt;br &sol;&gt;Needle Electromyography for Guidance in Conjunction with Chemodenervation&lt;br &sol;&gt;&lt;br &sol;&gt;&lt;&sol;strong&gt;&lt;&sol;p&gt;,09/26/2025
54095,68,3,&lt;p&gt;&lt;strong&gt;&lt;br &sol;&gt;Needle Electromyography and Nerve Conduction Studies&lt;br &sol;&gt;&lt;br &sol;&gt;&lt;&sol;strong&gt;&lt;&sol;p&gt;,09/26/2025
54095,68,4,&lt;p&gt;&lt;strong&gt;&lt;br &sol;&gt;Neuromuscular Junction Testing&lt;br &sol;&gt;&lt;br &sol;&gt;&lt;&sol;strong&gt;&lt;&sol;p&gt;,09/26/2025
54095,68,5,&lt;p&gt;&lt;strong&gt;&lt;br &sol;&gt;Needle Electromyography of the Larynx&lt;br &sol;&gt;&lt;br &sol;&gt;&lt;&sol;strong&gt;&lt;&sol;p&gt;,09/26/2025
54095,68,6,&lt;p&gt;&lt;strong&gt;&lt;br &sol;&gt;Single Fiber Electromyography&lt;br &sol;&gt;&lt;br &sol;&gt;&lt;&sol;strong&gt;&lt;&sol;p&gt;,09/26/2025
54095,68,7,"&lt;p&gt;To bill the following non-covered services&sol;tests, report CPT code 95999 appended with the GY modifier. When submitting claims, providers must provide a description of the service&sol;test in the narrative&sol;remarks field (Item 19) on the CMS-1500 claim form or the electronic equivalent: &lt;strong&gt;1)&lt;&sol;strong&gt; Non-invasive EDX testing using portable hand-held devices or automated point of care nerve conduction monitoring systems, which are incapable of real-time waveform display and analysis &lt;strong&gt;2) &lt;&sol;strong&gt;Psychophysical measurements (electrical, vibratory or thermal perceptions), even though they may involve delivery of a stimulus, are considered part of the physical examination and may not be reported as a separate service &lt;strong&gt;3) &lt;&sol;strong&gt;Physiologic recording of movement disorder symptoms, including bradykinesia, dyskinesia, and tremor using wearable devices with accelerometers or gyroscopes 4&lt;strong&gt;) &lt;&sol;strong&gt;Needle electromyography (NEMG) for Surface electromyography (SEMG) or Macroelectromyography (macro-EMG).&lt;br &sol;&gt;&lt;br &sol;&gt;&lt;strong&gt;The following CPT codes are Non-Covered:&lt;br &sol;&gt;&lt;br &sol;&gt;&lt;&sol;strong&gt;&lt;&sol;p&gt;",09/26/2025
58873,7,1,&lt;p&gt;&lt;strong&gt;Note:&lt;&sol;strong&gt; Providers are reminded to refer to the long descriptors of the CPT codes in their CPT book.&lt;&sol;p&gt;,09/26/2025
57780,27,1,"&lt;p&gt;The following CPT codes associated with the services outlined in this Billing and Coding Article will not have diagnosis code limitations applied at this time: 96105, 96112, 96113, 96116, and 96121.&lt;&sol;p&gt;
&lt;p&gt;&lt;strong&gt;Note:&lt;&sol;strong&gt; Providers are reminded to refer to the long descriptors of the CPT codes in their CPT book.&lt;&sol;p&gt;",09/26/2025
57669,10,1,&lt;p&gt;&lt;strong&gt;Note:&lt;&sol;strong&gt; Providers are reminded to refer to the long descriptors of the CPT codes in their CPT book.&lt;&sol;p&gt;,09/26/2025
57636,24,1,&lt;p&gt;&lt;strong&gt;Note: &lt;&sol;strong&gt;Providers are reminded to refer to the long descriptors of the CPT codes in their CPT book.&lt;&sol;p&gt;,09/26/2025
57636,24,2,&lt;p&gt;&lt;strong&gt;Note: &lt;&sol;strong&gt;Providers are reminded to refer to the long descriptors of the CPT codes in their CPT book.&lt;&sol;p&gt;,09/26/2025
57804,41,1,&lt;p&gt;&lt;strong&gt;Note: &lt;&sol;strong&gt;Providers are reminded to refer to the long descriptors of the CPT codes in their CPT book.&lt;&sol;p&gt;,09/26/2025
57804,41,2,,09/26/2025
57804,41,3,,09/26/2025
58592,19,1,&lt;p&gt;&lt;strong&gt;&lt;br &sol;&gt;Note:&lt;&sol;strong&gt; Providers are reminded to refer to the long descriptors of the CPT codes in their CPT book.&lt;&sol;p&gt;,09/26/2025
58592,19,2,&lt;p&gt;&lt;strong&gt;&lt;br &sol;&gt;Note: &lt;&sol;strong&gt;Providers are reminded to refer to the long descriptors of the CPT codes in their CPT book.&lt;&sol;p&gt;,09/26/2025
57678,11,1,&lt;p&gt;&lt;strong&gt;Note: &lt;&sol;strong&gt;Providers are reminded to refer to the long descriptors of the CPT codes in their CPT book.&lt;&sol;p&gt;,09/26/2025
57678,11,2,,09/26/2025
57678,11,3,,09/26/2025
56644,29,1,"&lt;p&gt;&lt;strong&gt;Note:&lt;&sol;strong&gt; Providers are reminded to refer to the long descriptors of the CPT codes in their CPT book.&lt;&sol;p&gt;
&lt;p&gt;The following CPT codes associated with the services outlined in the Billing and Coding Article will not have diagnosis code limitations applied at this time: 36903, 36906 and 36908.&lt;&sol;p&gt;",09/26/2025
58872,6,1,&lt;p&gt;&lt;strong&gt;Note:&lt;&sol;strong&gt; Providers are reminded to refer to the long descriptors of the CPT codes in their CPT book.&lt;&sol;p&gt;,09/26/2025
57600,34,1,&lt;p&gt;&lt;strong&gt;Note:&lt;&sol;strong&gt; Providers are reminded to refer to the long descriptors of the CPT codes in their CPT book.&lt;&sol;p&gt;,09/26/2025
57600,34,2,&lt;p&gt;N&sol;A&lt;&sol;p&gt;,09/26/2025
57600,34,3,,09/26/2025
57414,30,1,&lt;p&gt;&lt;strong&gt;Note:&lt;&sol;strong&gt; Providers are reminded to refer to the long descriptors of the CPT codes in their CPT book.&lt;&sol;p&gt;,09/26/2025
57130,51,1,&lt;p&gt;&lt;strong&gt;Note&lt;&sol;strong&gt;: Providers are reminded to refer to the long descriptors of the CPT&sol;HCPCS codes in their CPT&sol;HCPCS book.&lt;&sol;p&gt;,09/26/2025
56773,30,1,&lt;p&gt;&lt;strong&gt;Note:&lt;&sol;strong&gt; Providers are reminded to refer to the long descriptors of the CPT codes in their CPT book.&lt;&sol;p&gt;,09/26/2025
56773,30,2,&lt;p&gt;N&sol;A&lt;&sol;p&gt;,09/26/2025
56773,30,3,&lt;p&gt;N&sol;A&lt;&sol;p&gt;,09/26/2025
56615,36,1,&lt;p&gt;&lt;strong&gt;&lt;br &sol;&gt;Note:&lt;&sol;strong&gt; Providers are reminded to refer to the long descriptors of the CPT codes in their CPT book.&lt;&sol;p&gt;,09/26/2025
56615,36,2,&lt;p&gt;&lt;strong&gt;&lt;br &sol;&gt;Note: &lt;&sol;strong&gt;Providers are reminded to refer to the long descriptors of the CPT codes in their CPT book.&lt;&sol;p&gt;,09/26/2025
56538,27,1,&lt;p&gt;&lt;strong&gt;&lt;br &sol;&gt;Note: &lt;&sol;strong&gt;Providers are reminded to refer to the long descriptors of the CPT codes in their CPT book.&lt;&sol;p&gt;,09/26/2025
56538,27,2,&lt;p&gt;N&sol;A&lt;&sol;p&gt;,09/26/2025
56538,27,3,&lt;p&gt;N&sol;A&lt;&sol;p&gt;,09/26/2025
56416,42,1,"&lt;p&gt;&lt;strong&gt;Note:&lt;&sol;strong&gt; The following CPT codes associated with the services outlined in this Billing and Coding Article will not have diagnosis code limitations applied at this time: &lt;strong&gt;82180, 84252, 84425, 84446, 84590, and 84597.&lt;&sol;strong&gt;&lt;&sol;p&gt;
&lt;p&gt;&lt;strong&gt;Note: &lt;&sol;strong&gt;&lt;br &sol;&gt;&lt;strong&gt;Code 82306 includes fractions, if performed. &lt;&sol;strong&gt;&lt;br &sol;&gt;&lt;strong&gt;Code 82652 includes fractions, if performed.&lt;&sol;strong&gt;&lt;&sol;p&gt;
&lt;p&gt;&lt;strong&gt;Note:&lt;&sol;strong&gt; Providers are reminded to refer to the long descriptors of the CPT codes in their CPT book.&lt;&sol;p&gt;",09/26/2025
56416,42,2,&lt;p&gt;N&sol;A&lt;&sol;p&gt;,09/26/2025
56416,42,3,&lt;p&gt;N&sol;A&lt;&sol;p&gt;,09/26/2025
56416,42,4,&lt;p&gt;N&sol;A&lt;&sol;p&gt;,09/26/2025
56416,42,5,&lt;p&gt;N&sol;A&lt;&sol;p&gt;,09/26/2025
56416,42,6,&lt;p&gt;N&sol;A&lt;&sol;p&gt;,09/26/2025
56416,42,7,&lt;p&gt;N&sol;A&lt;&sol;p&gt;,09/26/2025
56414,41,1,"&lt;p&gt;&amp;nbsp;&lt;&sol;p&gt;
&lt;p&gt;&lt;strong&gt;Note:&lt;&sol;strong&gt; Providers are reminded to refer to the long descriptors of the CPT codes in their CPT book.&lt;br &sol;&gt;&lt;br &sol;&gt;The following CPT codes will not have diagnosis to procedure code limitations applied at this time: 36903, 36906 and 36908.&lt;&sol;p&gt;",09/26/2025
52996,31,1,&lt;p&gt;&lt;strong&gt;Note:&lt;&sol;strong&gt; Providers are reminded to refer to the long descriptors of the CPT codes in their CPT book.&lt;&sol;p&gt;,09/26/2025
52732,25,1,&lt;p&gt;N&sol;A&lt;&sol;p&gt;,09/25/2025
52767,14,1,,09/25/2025
53028,59,1,"&lt;p&gt;&lt;strong&gt;Nationally Covered CPT Procedure Codes&lt;&sol;strong&gt;&lt;br &sol;&gt;&lt;br &sol;&gt;For services on or after February 21, 2006, the following CPT procedure codes are covered for bariatric surgery:&lt;&sol;p&gt;",09/25/2025
53028,59,2,&lt;p&gt;&lt;strong&gt;Noridian Local Coverage for Laparoscopic Sleeve Gastrectomy&lt;&sol;strong&gt;&lt;&sol;p&gt;,09/25/2025
54063,16,1,,09/25/2025
55062,11,1,,09/25/2025
55214,9,1,,09/25/2025
55479,11,1,,09/25/2025
55585,18,1,"&lt;p&gt;To bill for this service, enter 64999 in the comment field as listed below with the description SphenoCath&lt;sup&gt;&amp;reg;&lt;&sol;sup&gt; or the name of the delivery device used.&lt;&sol;p&gt;
&lt;p&gt;For Part A:&lt;&sol;p&gt;
&lt;ul&gt;
&lt;li&gt;2300 loop, NTE segment for the electronic claim&lt;&sol;li&gt;
&lt;li&gt;Form Locator 80 Remarks on the UB04 form&lt;&sol;li&gt;
&lt;&sol;ul&gt;
&lt;p&gt;Part B:&lt;&sol;p&gt;
&lt;ul&gt;
&lt;li&gt;Loop 2400&sol;SV101-7 for the electronic claim or&lt;&sol;li&gt;
&lt;li&gt;Item 19 on the CMS-1500 paper claim form&lt;&sol;li&gt;
&lt;&sol;ul&gt;
&lt;p class=&quot;MsoNormal&quot; style=&quot;mso-margin-top-alt: auto; mso-margin-bottom-alt: auto; line-height: normal;&quot;&gt;&lt;span style=&quot;font-size: 12.0pt; font-family: &#39;Times New Roman&#39;,serif; mso-fareast-font-family: &#39;Times New Roman&#39;;&quot;&gt;Do not use &lt;&sol;span&gt;CPT&lt;sup&gt;&amp;reg; &lt;&sol;sup&gt;64400 and&sol;or 64505 to bill for this device.&lt;&sol;p&gt;
&lt;p&gt;&amp;nbsp;&lt;&sol;p&gt;",09/25/2025
55756,17,1,&lt;p&gt;N&sol;A&lt;&sol;p&gt;,09/25/2025
55932,19,1,,09/25/2025
56342,33,1,,09/25/2025
57914,9,1,,09/25/2025
59056,11,1,&lt;p&gt;N&sol;A&lt;&sol;p&gt;,09/25/2025
59658,9,1,"&lt;p&gt;Part B Providers &amp;ndash; Use the following CPT codes to report percutaneous endovascular ventricular assist devices.&lt;&sol;p&gt;
&lt;p&gt;&amp;nbsp;&lt;&sol;p&gt;",09/25/2025
59658,9,2,&lt;p&gt;Part B Providers - Use the following CPT&lt;sup&gt;&amp;reg;&lt;&sol;sup&gt; codes to report artificial heart procedures.&amp;nbsp;&lt;&sol;p&gt;,09/25/2025
59753,4,1,,09/25/2025
59828,12,1,&lt;p&gt;Single Chamber Leadless Pacemakers&lt;&sol;p&gt;,09/25/2025
59828,12,2,&lt;p&gt;Dual Chamber Leadless Pacemakers&lt;&sol;p&gt;,09/25/2025
57181,37,1,,09/23/2025
53356,14,1,"&lt;p&gt;&lt;b&gt; The following procedures, when used for sterilization to prevent reproduction, will be auto-denied due to the absence of a Medicare benefit category.&lt;br&gt;&lt;br&gt;&lt;br&gt;&lt;&sol;p&gt;",09/23/2025
53893,11,1,,09/23/2025
55058,7,1,,09/23/2025
55719,15,1,,09/23/2025
53084,28,1,,09/23/2025
53352,13,1,,09/23/2025
53916,12,1,,09/23/2025
53972,10,1,,09/23/2025
54919,22,1,,09/23/2025
55044,18,1,,09/23/2025
55774,13,1,&lt;p&gt;N&sol;A&lt;&sol;p&gt;,09/23/2025
56025,16,1,&lt;p&gt;99199 is the &lt;strong&gt;only&lt;&sol;strong&gt; code billable to this AB MAC&lt;&sol;p&gt;,09/23/2025
56112,6,1,,09/23/2025
57848,19,1,,09/23/2025
53304,16,1,,09/23/2025
59862,7,1,&lt;p&gt;N&sol;A&lt;&sol;p&gt;,09/19/2025
57386,21,1,&lt;p&gt;The following CPT&amp;reg; codes are covered:&lt;&sol;p&gt;,09/19/2025
56811,13,1,,09/19/2025
52438,22,1,,09/18/2025
56453,12,1,,09/18/2025
59374,14,1,"&lt;p&gt;&lt;span style=&quot;line-height: 107%;&quot;&gt;All amniotic and placental-derived products injected and&sol;or applied for musculoskeletal indications, non-wound are considered NON-Covered, including but not limited to the codes listed below.&lt;&sol;span&gt;&lt;&sol;p&gt;",09/18/2025
59480,10,1,,09/18/2025
57593,17,1,&lt;p&gt;N&sol;A&lt;&sol;p&gt;,09/18/2025
57473,33,1,&lt;p&gt;&lt;strong&gt;Allergy Testing - Covered&lt;&sol;strong&gt;&lt;&sol;p&gt;,09/18/2025
57473,33,2,&lt;p&gt;&lt;strong&gt;Allergy Testing Non-covered&lt;&sol;strong&gt;&lt;&sol;p&gt;,09/18/2025
57599,14,1,&lt;p&gt;N&sol;A&lt;&sol;p&gt;,09/18/2025
57599,14,2,&lt;p&gt;N&sol;A&lt;&sol;p&gt;,09/18/2025
57483,28,1,&lt;p&gt;N&sol;A&lt;&sol;p&gt;,09/18/2025
59849,8,1,&lt;p&gt;N&sol;A&lt;&sol;p&gt;,09/18/2025
56119,35,1,"&lt;p&gt;&amp;nbsp;&lt;&sol;p&gt;
&lt;p&gt;&amp;nbsp;&lt;&sol;p&gt;
&lt;p&gt;&amp;nbsp;&lt;&sol;p&gt;
&lt;p&gt;&amp;nbsp;&lt;&sol;p&gt;",09/18/2025
56124,32,1,"&lt;p&gt;&amp;nbsp;&lt;&sol;p&gt;
&lt;p&gt;&amp;nbsp;&lt;&sol;p&gt;
&lt;p&gt;&amp;nbsp;&lt;&sol;p&gt;
&lt;p&gt;&amp;nbsp;&lt;&sol;p&gt;",09/18/2025
59908,6,1,&lt;p&gt;N&sol;A&lt;&sol;p&gt;,09/17/2025
59261,7,1,&lt;p&gt;N&sol;A&lt;&sol;p&gt;,09/17/2025
56900,23,1,&lt;p&gt;&lt;strong&gt;Covered codes&lt;&sol;strong&gt;&lt;&sol;p&gt;,09/17/2025
56900,23,2,"&lt;p&gt;&lt;strong&gt;Non-Covered codes&lt;&sol;strong&gt;&lt;br &sol;&gt;The following procedure codes represent immunizations that are considered routine preventative immunizations, or they are not a disease entity endemic in the United States and therefore are not covered by Medicare:&lt;&sol;p&gt;",09/17/2025
56232,34,1,&lt;p&gt;N&sol;A&lt;&sol;p&gt;,09/17/2025
57559,20,1,&lt;p&gt;The following CPT codes are covered:&lt;&sol;p&gt;,09/17/2025
57597,22,1,&lt;p&gt;N&sol;A&lt;&sol;p&gt;,09/16/2025
57478,40,1,&lt;p&gt;N&sol;A&lt;&sol;p&gt;,09/16/2025
59434,19,1,"&lt;p&gt;NOTE: All amniotic and placental-derived products injected and&sol;or applied for musculoskeletal indications, non-wound are considered NON-Covered, including but not limited to the codes listed below.&lt;&sol;p&gt;",09/16/2025
57913,11,1,,09/16/2025
53024,22,1,,09/16/2025
59819,18,1,&lt;p&gt;Single Chamber Leadless Pacemakers&lt;&sol;p&gt;,09/16/2025
59819,18,2,&lt;p&gt;Dual Chamber Leadless Pacemakers&lt;&sol;p&gt;,09/16/2025
53322,16,1,,09/16/2025
54635,31,1,&lt;p&gt;N&sol;A&lt;&sol;p&gt;,09/16/2025
55215,9,1,,09/16/2025
55584,19,1,"&lt;p&gt;To bill for this service, enter 64999 in the comment field as listed below with the description SphenoCath&lt;sup&gt;&amp;reg; &lt;&sol;sup&gt;or the name of the delivery device used.&lt;&sol;p&gt;
&lt;p&gt;For Part A:&lt;&sol;p&gt;
&lt;ul&gt;
&lt;li&gt;2300 loop. NTE segment for the electronic claim&lt;&sol;li&gt;
&lt;li&gt;Form Locator 80 Remarks on the UB04 form&lt;&sol;li&gt;
&lt;&sol;ul&gt;
&lt;p&gt;Part B:&lt;&sol;p&gt;
&lt;ul&gt;
&lt;li&gt;Loop 2400&sol;SV101-7 for the electronic claim or&lt;&sol;li&gt;
&lt;li&gt;Item 19 on the CMS-1500 paper claim form&lt;&sol;li&gt;
&lt;&sol;ul&gt;
&lt;p class=&quot;MsoNormal&quot; style=&quot;mso-margin-top-alt: auto; mso-margin-bottom-alt: auto; line-height: normal;&quot;&gt;&lt;span style=&quot;font-size: 12.0pt; font-family: &#39;Times New Roman&#39;,serif; mso-fareast-font-family: &#39;Times New Roman&#39;;&quot;&gt;Do not use &lt;&sol;span&gt;CPT&lt;sup&gt;&amp;reg; &lt;&sol;sup&gt;64400 and&sol;or 64505 to bill for this device.&lt;&sol;p&gt;
&lt;p&gt;&amp;nbsp;&lt;&sol;p&gt;",09/16/2025
55754,22,1,&lt;p&gt;N&sol;A&lt;&sol;p&gt;,09/16/2025
59657,9,1,"&lt;p&gt;Part B Providers &amp;ndash; Use the following CPT codes to report percutaneous endovascular ventricular assist devices.&lt;&sol;p&gt;
&lt;p&gt;&amp;nbsp;&lt;&sol;p&gt;",09/16/2025
59657,9,2,&lt;p&gt;Part B Providers - Use the following CPT&lt;sup&gt;&amp;reg;&lt;&sol;sup&gt; codes to report artificial heart procedures.&amp;nbsp;&lt;&sol;p&gt;,09/16/2025
59752,4,1,,09/16/2025
55478,12,1,,09/16/2025
59847,8,1,&lt;p&gt;N&sol;A&lt;&sol;p&gt;,09/16/2025
56684,17,1,"&lt;p&gt;&lt;span style=&quot;line-height: 115%;&quot;&gt; These CPT&sol;HCPCS codes are considered medically necessary when&amp;nbsp;&lt;strong&gt;&lt;em&gt;Coverage Indications, Limitations and&sol;or Medical Necessity&lt;&sol;em&gt;&lt;&sol;strong&gt; are met as outlined in the Intraoperative Radiation Therapy L37779 LCD. &lt;&sol;span&gt;&lt;&sol;p&gt;
&lt;p&gt;&lt;span style=&quot;line-height: 115%;&quot;&gt;&quot;C&quot; HCPCS codes are applicable to Part A outpatient services only.&lt;&sol;span&gt;&lt;&sol;p&gt;",09/12/2025
52510,61,1,,09/12/2025
52474,40,1,,09/12/2025
52494,63,1,&lt;p&gt;&lt;span style=&quot;line-height: 115%;&quot;&gt;&amp;nbsp;&lt;&sol;span&gt;&lt;&sol;p&gt;,09/11/2025
52463,32,1,,09/11/2025
52462,32,1,,09/11/2025
57196,22,1,,09/11/2025
57201,8,1,&lt;p&gt;Use CPT 28899 for injection for Tarsal Tunnel Syndrome &lt;&sol;p&gt;,09/11/2025
57513,16,1,&lt;p&gt;N&sol;A&lt;&sol;p&gt;,09/11/2025
57644,17,1,&lt;p&gt;N&sol;A&lt;&sol;p&gt;,09/11/2025
57698,14,1,&lt;p&gt;N&sol;A&lt;&sol;p&gt;,09/11/2025
57698,14,2,&lt;p&gt;&lt;strong&gt;Not Covered&lt;&sol;strong&gt;&lt;&sol;p&gt;,09/11/2025
58225,11,1,,09/11/2025
58438,11,1,"&lt;p&gt;&lt;span style=&quot;color: #212529; font-family: Verdana; box-sizing: border-box;&quot;&gt;&lt;strong&gt;Note&lt;&sol;strong&gt;&lt;&sol;span&gt;&lt;span style=&quot;text-align: left; color: #212529; text-transform: none; text-indent: 0px; letter-spacing: normal; font-family: Verdana, &#39;Helvetica Neue&#39;, Helvetica, Arial, sans-serif; font-size: 14px; font-style: normal; font-weight: 400; word-spacing: 0px; float: none; display: inline !important; white-space: normal; box-sizing: border-box; orphans: 2; widows: 2; background-color: #ffffff; -webkit-text-stroke-width: 0px; font-variant-ligatures: normal; font-variant-caps: normal; text-decoration-style: initial; text-decoration-color: initial;&quot;&gt;: Providers are reminded to refer to the long descriptors of the CPT codes in their CPT book.&lt;&sol;span&gt;&lt;&sol;p&gt;",09/11/2025
58567,29,1,&lt;p&gt;Providers are reminded to refer to the long descriptors of the CPT codes in their CPT book.&lt;&sol;p&gt;,09/11/2025
58790,14,1,&lt;p&gt;The following CPT&amp;reg;&sol;HCPCS codes are noncovered:&lt;&sol;p&gt;,09/11/2025
58995,14,1,,09/11/2025
58995,14,2,&lt;p&gt;These codes are non-covered.&lt;&sol;p&gt;,09/11/2025
59645,16,1,,09/11/2025
59884,5,1,&lt;p&gt;&lt;span style=&quot;line-height: 115%;&quot;&gt;The following CPT&sol;HCPCS codes are noncovered&lt;&sol;span&gt;&lt;&sol;p&gt;,09/11/2025
57614,15,1,&lt;p&gt;&lt;span style=&quot;line-height: 107%;&quot;&gt;&lt;span style=&quot;line-height: 107%;&quot;&gt;N&sol;A&lt;&sol;span&gt;&lt;&sol;span&gt;&lt;&sol;p&gt;,09/09/2025
57611,16,1,&lt;p&gt;N&sol;A&lt;&sol;p&gt;,09/09/2025
59971,3,1,&lt;p&gt;&lt;span style=&quot;line-height: 115%;&quot;&gt;Below are CPT&sol;HCPCS codes related to SCIT. Providers are reminded to refer to the long descriptors of the CPT&lt;sup&gt;&amp;reg;&lt;&sol;sup&gt; codes in their CPT&lt;sup&gt;&amp;reg;&lt;&sol;sup&gt; books.&lt;&sol;span&gt;&lt;&sol;p&gt;,09/05/2025
57697,16,1,&lt;p&gt;N&sol;A&lt;&sol;p&gt;,09/04/2025
57697,16,2,&lt;p&gt;&lt;strong&gt;Not Covered&lt;&sol;strong&gt;&lt;&sol;p&gt;,09/04/2025
57512,19,1,&lt;p&gt;N&sol;A&lt;&sol;p&gt;,09/04/2025
57643,20,1,&lt;p&gt;N&sol;A&lt;&sol;p&gt;,09/04/2025
58993,16,1,,09/04/2025
58993,16,2,&lt;p&gt;These codes are non-covered.&lt;&sol;p&gt;,09/04/2025
58436,13,1,"&lt;p&gt;&lt;strong&gt;&lt;span style=&quot;color: #212529; font-family: Verdana;&quot;&gt;Note&lt;&sol;span&gt;&lt;&sol;strong&gt;&lt;span style=&quot;text-align: left; color: #212529; text-transform: none; text-indent: 0px; letter-spacing: normal; font-family: Verdana, &#39;Helvetica Neue&#39;, Helvetica, Arial, sans-serif; font-size: 14px; font-style: normal; font-weight: 400; word-spacing: 0px; float: none; display: inline !important; white-space: normal; orphans: 2; widows: 2; background-color: #ffffff; -webkit-text-stroke-width: 0px; font-variant-ligatures: normal; font-variant-caps: normal; text-decoration-style: initial; text-decoration-color: initial;&quot;&gt;: Providers are reminded to refer to the long descriptors of the CPT codes in their CPT book.&lt;&sol;span&gt;&lt;&sol;p&gt;",09/04/2025
60276,3,1,&lt;p&gt;Below are CPT&sol;HCPCS codes related to SCIT. Providers are reminded to refer to the long descriptors of the CPT&lt;sup&gt;&amp;#174;&lt;&sol;sup&gt; codes in their CPT&lt;sup&gt;&amp;#174;&lt;&sol;sup&gt; books.&lt;&sol;p&gt;,09/03/2025
59981,3,1,&lt;p&gt;&lt;span style=&quot;line-height: 115%;&quot;&gt;Below are CPT&sol;HCPCS codes related to SCIT. Providers are reminded to refer to the long descriptors of the CPT&lt;sup&gt;&amp;reg;&lt;&sol;sup&gt; codes in their CPT&lt;sup&gt;&amp;reg;&lt;&sol;sup&gt; books.&lt;&sol;span&gt;&lt;&sol;p&gt;,09/03/2025
54338,55,1,&lt;p&gt;&lt;span style=&quot;line-height: 115%;&quot;&gt;CPT&lt;sup&gt;&amp;reg;&lt;&sol;sup&gt; codes that are also referenced in other articles&lt;&sol;span&gt;.&lt;&sol;p&gt;,08/29/2025
56809,20,1,,08/29/2025
57038,16,1,,08/29/2025
57039,9,1,,08/29/2025
58359,13,1,&lt;p&gt;N&sol;A&lt;&sol;p&gt;,08/29/2025
55310,12,1,,08/28/2025
56380,56,1,&lt;p style=&quot;text-align: left;&quot;&gt;&lt;strong&gt;&lt;span style=&quot;line-height: 115%;&quot;&gt;&lt;strong&gt;&lt;span style=&quot;line-height: 115%;&quot;&gt;&amp;nbsp;&lt;&sol;span&gt;&lt;&sol;strong&gt;&lt;&sol;span&gt;&lt;&sol;strong&gt;&lt;&sol;p&gt;,08/26/2025
56380,56,2,,08/26/2025
59186,22,1,&lt;p&gt;&lt;strong&gt;&lt;span style=&quot;line-height: 115%;&quot;&gt;Note: &lt;&sol;span&gt;&lt;&sol;strong&gt;&lt;span style=&quot;line-height: 115%;&quot;&gt;Providers are reminded to refer to the long descriptors of the CPT&lt;sup&gt;&amp;reg;&lt;&sol;sup&gt; codes in their CPT&lt;sup&gt;&amp;reg;&lt;&sol;sup&gt; book.&lt;&sol;span&gt;&lt;&sol;p&gt;,08/25/2025
56729,21,1,,08/25/2025
56775,24,1,,08/25/2025
56695,24,1,"&lt;p&gt;&lt;span style=&quot;line-height: 115%;&quot;&gt;&lt;strong&gt;Note:&lt;&sol;strong&gt;&lt;&sol;span&gt;&lt;&sol;p&gt;
&lt;p&gt;&lt;span style=&quot;line-height: 115%;&quot;&gt;Use J7999-KD* to indicate compounded and&sol;or combination drugs used in implantable infusion pumps including, morphine sulfate, hydromorphone, fentanyl, sufentanil, clonidine, bupivacaine, compounded baclofen, and ziconitide. Other drugs are not covered. &lt;&sol;span&gt;&lt;&sol;p&gt;
&lt;p&gt;&lt;span style=&quot;line-height: 115%;&quot;&gt;When non-compounded or single agent drugs are used in implantable infusion pumps, use the specific HCPCS code for the drug used. Only the following non-compounded drugs are covered: &lt;&sol;span&gt;&lt;&sol;p&gt;
&lt;p&gt;&lt;span style=&quot;line-height: 115%;&quot;&gt;J2278-KD ziconitide (Prialt&lt;sup&gt;&amp;reg;&lt;&sol;sup&gt;) (non-compounded) (For &lt;strong&gt;&lt;em&gt;ICD-10-CM Codes that Support Medical Necessity Group 3: Codes&lt;&sol;em&gt; only&lt;&sol;strong&gt;) &lt;&sol;span&gt;&lt;&sol;p&gt;
&lt;p&gt;&lt;span style=&quot;line-height: 115%;&quot;&gt;J0475-KD Injection, baclofen &lt;strong&gt;(non-compounded)&lt;&sol;strong&gt;, 10 mg &lt;&sol;span&gt;&lt;&sol;p&gt;
&lt;p&gt;&lt;span style=&quot;line-height: 115%;&quot;&gt;J9200-KD floxuridine (non-compounded) (For &lt;strong&gt;&lt;em&gt;ICD-10-CM Codes that Support Medical Necessity Group 1: Codes&lt;&sol;em&gt; only&lt;&sol;strong&gt;) &lt;&sol;span&gt;&lt;&sol;p&gt;
&lt;p&gt;&lt;span style=&quot;line-height: 115%;&quot;&gt;&lt;strong&gt;*CPT&lt;&sol;strong&gt;&lt;&sol;span&gt;&lt;sup&gt;&lt;span style=&quot;line-height: 115%;&quot;&gt;&amp;reg;&lt;&sol;span&gt;&lt;&sol;sup&gt;&lt;span style=&quot;line-height: 115%;&quot;&gt;&lt;strong&gt; codes 62322, 62323, 62326 and 62327 should be reported when performing trial infusions prior to permanent pump implantation. Choose the appropriate code as to whether the trial involves intermittent boluses or continuous infusion i.e., baclofen trials, without placement of a catheter or with placement of a catheter that will remain in place less than 24 hours (62322, 62323); or a trial that involves intermittent boluses or continuous infusion through a catheter that will remain in place greater than 24 hours (62326, 62327).&lt;&sol;strong&gt;&lt;&sol;span&gt;&lt;&sol;p&gt;",08/25/2025
56868,30,1,,08/22/2025
56273,28,1,&lt;p&gt;N&sol;A&lt;&sol;p&gt;,08/22/2025
56273,28,2,&lt;p&gt;&lt;strong&gt;Non-covered&lt;&sol;strong&gt;&lt;&sol;p&gt;,08/22/2025
57476,22,1,&lt;p&gt;Memory Loop Recordings&lt;&sol;p&gt;,08/22/2025
57476,22,2,&lt;p&gt;Other up to 48-Hour Recordings&lt;&sol;p&gt;,08/22/2025
57476,22,3,"&lt;p&gt;External electrocardiographic recording for greater than 48 hours and up to 7 days or for greater than 7 days up to 15 days.&lt;&sol;p&gt;
&lt;p&gt;The use of auto-activated external electrocardiographic event recordings may be considered medically necessary in the outpatient setting and are non- covered for inpatient or outpatient observation care. &lt;br &sol;&gt;Documentation supporting medical necessity may be requested.&lt;&sol;p&gt;",08/22/2025
59860,5,1,&lt;p&gt;N&sol;A&lt;&sol;p&gt;,08/22/2025
56943,17,1,&lt;p&gt;The following CPT&lt;sup&gt;&amp;reg;&lt;&sol;sup&gt; codes are covered:&lt;&sol;p&gt;,08/22/2025
56389,36,1,&lt;p&gt;&lt;span style=&quot;line-height: 115%;&quot;&gt;Covered&lt;&sol;span&gt;&lt;&sol;p&gt;,08/21/2025
56389,36,2,&lt;p&gt;&lt;span style=&quot;line-height: 115%;&quot;&gt;The following CPT&lt;sup&gt;&amp;reg;&lt;&sol;sup&gt;&lt;&sol;span&gt;&lt;span style=&quot;line-height: 115%;&quot;&gt; code is noncovered when performed as adjunct procedure in the treatment of GERD when performed in conjunction with procedures listed in section&lt;&sol;span&gt;&lt;strong&gt;&lt;span style=&quot;line-height: 115%;&quot;&gt; &lt;em&gt;C. Noncovered Transesophageal Endoscopic Procedures for the Treatment of GERD &lt;&sol;em&gt;&lt;&sol;span&gt;&lt;&sol;strong&gt;&lt;span style=&quot;line-height: 115%;&quot;&gt;of the Upper Gastrointestinal Endoscopy and Visualization L34434 LCD.&lt;&sol;span&gt;&lt;&sol;p&gt;,08/21/2025
56389,36,3,,08/21/2025
56607,19,1,,08/21/2025
55336,49,1,"&lt;p&gt;&lt;strong&gt;Note: CPT&lt;sup&gt;&amp;reg;&lt;&sol;sup&gt; 76700, 76705 or 76706* should be used for billing a full (complete) or appropriately limited abdominal ultrasound. &lt;span style=&quot;text-decoration: underline;&quot;&gt;This article does not address diagnosis coding for these 3 CPT&lt;sup&gt;&amp;reg;&lt;&sol;sup&gt; codes&lt;&sol;span&gt;.&lt;sup&gt; &amp;nbsp; &amp;nbsp;&lt;&sol;sup&gt;&lt;&sol;strong&gt;&lt;br &sol;&gt;&lt;br &sol;&gt;&lt;strong&gt;*Note: Please refer to the &lt;em&gt;Billing and Coding: &lt;&sol;em&gt;&lt;em&gt;Once in a Lifetime Abdominal Aortic Aneurysm (AAA) Screening Article A55071&lt;&sol;em&gt; for additional requirements for billing CPT&lt;sup&gt;&amp;reg;&lt;&sol;sup&gt; code 76706.&lt;&sol;strong&gt;&lt;&sol;p&gt;",08/21/2025
56619,33,1,"&lt;p&gt;&lt;strong&gt;&lt;span style=&quot;line-height: 115%;&quot;&gt;A. Nerve Conduction Studies (NCS) &lt;&sol;span&gt;&lt;&sol;strong&gt;&lt;&sol;p&gt;
&lt;p&gt;&lt;strong&gt;&lt;span style=&quot;line-height: 115%;&quot;&gt; Both a nerve conduction velocity study and an electromyogram must be performed involving the nerve(s) being studied on the same date of service in order to be reimbursed for those procedures. The only exception is in the diagnosis of carpal tunnel which may not in all cases require both a nerve conduction velocity study and an electromyogram.&lt;&sol;span&gt;&lt;&sol;strong&gt;&lt;&sol;p&gt;",08/20/2025
56619,33,2,"&lt;p&gt;&lt;strong&gt;B. Electromyography (EMG) &lt;&sol;strong&gt;&lt;&sol;p&gt;
&lt;p&gt;&lt;strong&gt;Both a nerve conduction velocity study and an electromyogram must be performed involving the nerve(s) being studied on the same date of service in order to be reimbursed for those procedures. The only exception is in the diagnosis of carpal tunnel which may not in all cases require both a nerve conduction velocity study and an electromyogram.&lt;&sol;strong&gt;&lt;&sol;p&gt;",08/20/2025
53052,48,1,&lt;p&gt;&lt;strong&gt;&lt;span style=&quot;line-height: 115%;&quot;&gt;Note:&lt;&sol;span&gt;&lt;&sol;strong&gt;&lt;span style=&quot;line-height: 115%;&quot;&gt; CPT&sol;HCPCS code G0153 must be used by Home Health agencies billing a 32x bill type. G0153 code is used to report 15-minute increments. All other CPT&sol;HCPCS codes listed in this &lt;&sol;span&gt;&lt;span style=&quot;line-height: 115%;&quot;&gt;article are for informational and descriptive use only.&lt;&sol;span&gt;&lt;&sol;p&gt;,08/19/2025
56625,36,1,,08/19/2025
56625,36,2,,08/19/2025
56625,36,3,,08/19/2025
56625,36,4,,08/19/2025
56625,36,5,,08/19/2025
56948,23,1,,08/18/2025
57570,29,1,&lt;p&gt;N&sol;A&lt;&sol;p&gt;,08/18/2025
55717,26,1,,08/18/2025
55717,26,2,&lt;p&gt;&lt;strong&gt;Quantitative Codes in immunology section:&lt;&sol;strong&gt;&lt;&sol;p&gt;,08/18/2025
56727,21,1,,08/18/2025
56959,31,1,,08/17/2025
56999,31,1,&lt;p&gt;N&sol;A&lt;&sol;p&gt;,08/17/2025
57421,37,1,&lt;p&gt;N&sol;A&lt;&sol;p&gt;,08/17/2025
57422,33,1,&lt;p&gt;N&sol;A&lt;&sol;p&gt;,08/17/2025
56580,30,1,,08/14/2025
59160,13,1,"&lt;p&gt;&lt;strong&gt;&lt;span style=&quot;line-height: 115%;&quot;&gt;Note: &lt;&sol;span&gt;&lt;&sol;strong&gt;&lt;span style=&quot;line-height: 115%;&quot;&gt;Providers are reminded to refer to the long descriptors of the CPT&lt;sup&gt;&amp;reg;&lt;&sol;sup&gt; codes in their CPT&lt;sup&gt;&amp;reg;&lt;&sol;sup&gt; book.&lt;&sol;span&gt;&lt;&sol;p&gt;
&lt;p&gt;&lt;span style=&quot;line-height: 115%;&quot;&gt;Administration code 96402 should be billed with HCPCS code J1950.&lt;&sol;span&gt;&lt;&sol;p&gt;",08/14/2025
59160,13,2,"&lt;p&gt;&lt;strong&gt;&lt;span style=&quot;line-height: 115%;&quot;&gt;Note: &lt;&sol;span&gt;&lt;&sol;strong&gt;&lt;span style=&quot;line-height: 115%;&quot;&gt;Providers are reminded to refer to the long descriptors of the CPT&lt;sup&gt;&amp;reg;&lt;&sol;sup&gt; codes in their CPT&lt;sup&gt;&amp;reg;&lt;&sol;sup&gt; book.&lt;&sol;span&gt;&lt;&sol;p&gt;
&lt;p&gt;&lt;span style=&quot;line-height: 115%;&quot;&gt;Administration code 96402 should be billed with HCPCS codes J9217 and J1954.&lt;&sol;span&gt;&lt;&sol;p&gt;",08/14/2025
59160,13,3,"&lt;p&gt;&lt;strong&gt;&lt;span style=&quot;line-height: 115%;&quot;&gt;Note: &lt;&sol;span&gt;&lt;&sol;strong&gt;&lt;span style=&quot;line-height: 115%;&quot;&gt;Providers are reminded to refer to the long descriptors of the CPT&lt;sup&gt;&amp;reg;&lt;&sol;sup&gt; codes in their CPT&lt;sup&gt;&amp;reg;&lt;&sol;sup&gt; book.&lt;&sol;span&gt;&lt;&sol;p&gt;
&lt;p&gt;&lt;span style=&quot;line-height: 115%;&quot;&gt;Administration codes 11981, 11982, and 11983 may be billed with HCPCS code J9219.&lt;&sol;span&gt;&lt;&sol;p&gt;",08/14/2025
59160,13,4,"&lt;p&gt;&lt;strong&gt;&lt;span style=&quot;line-height: 115%;&quot;&gt;Note: &lt;&sol;span&gt;&lt;&sol;strong&gt;&lt;span style=&quot;line-height: 115%;&quot;&gt;Providers are reminded to refer to the long descriptors of the CPT&lt;sup&gt;&amp;reg;&lt;&sol;sup&gt; codes in their CPT&lt;sup&gt;&amp;reg;&lt;&sol;sup&gt; book.&lt;&sol;span&gt;&lt;&sol;p&gt;
&lt;p&gt;&lt;span style=&quot;line-height: 115%;&quot;&gt;Administration code 96402 should be billed with HCPCS code J9202.&lt;&sol;span&gt;&lt;&sol;p&gt;",08/14/2025
59160,13,5,"&lt;p&gt;&lt;strong&gt;&lt;span style=&quot;line-height: 115%;&quot;&gt;Note: &lt;&sol;span&gt;&lt;&sol;strong&gt;&lt;span style=&quot;line-height: 115%;&quot;&gt;Providers are reminded to refer to the long descriptors of the CPT&lt;sup&gt;&amp;reg;&lt;&sol;sup&gt; codes in their CPT&lt;sup&gt;&amp;reg;&lt;&sol;sup&gt; book.&lt;&sol;span&gt;&lt;&sol;p&gt;
&lt;p&gt;&lt;span style=&quot;line-height: 115%;&quot;&gt;Administration code 96402 should be billed with HCPCS code J3315.&lt;&sol;span&gt;&lt;&sol;p&gt;",08/14/2025
59160,13,6,"&lt;p&gt;&lt;strong&gt;&lt;span style=&quot;line-height: 115%;&quot;&gt;Note: &lt;&sol;span&gt;&lt;&sol;strong&gt;&lt;span style=&quot;line-height: 115%;&quot;&gt;Providers are reminded to refer to the long descriptors of the CPT&lt;sup&gt;&amp;reg;&lt;&sol;sup&gt; codes in their CPT&lt;sup&gt;&amp;reg;&lt;&sol;sup&gt; book.&lt;&sol;span&gt;&lt;&sol;p&gt;
&lt;p&gt;&lt;span style=&quot;line-height: 115%;&quot;&gt;Administration codes 11981, 11982, and 11983 may be billed with HCPCS code J9225.&lt;&sol;span&gt;&lt;&sol;p&gt;",08/14/2025
59160,13,7,"&lt;p&gt;&lt;strong&gt;&lt;span style=&quot;line-height: 115%;&quot;&gt;Note: &lt;&sol;span&gt;&lt;&sol;strong&gt;&lt;span style=&quot;line-height: 115%;&quot;&gt;Providers are reminded to refer to the long descriptors of the CPT&lt;sup&gt;&amp;reg;&lt;&sol;sup&gt; codes in their CPT&lt;sup&gt;&amp;reg;&lt;&sol;sup&gt; book.&lt;&sol;span&gt;&lt;&sol;p&gt;
&lt;p&gt;&lt;span style=&quot;line-height: 115%;&quot;&gt;Administration code 96402 should be billed with HCPCS code J1952.&lt;&sol;span&gt;&lt;&sol;p&gt;",08/14/2025
55069,26,1,,08/14/2025
55227,19,1,,08/14/2025
56632,31,1,,08/14/2025
56613,17,1,"&lt;p&gt;&lt;span style=&quot;line-height: 115%;&quot;&gt;The CPT&lt;sup&gt;&amp;reg;&lt;&sol;sup&gt; codes are considered medically necessary when the indications of coverage in the Cataract Surgery L34413 Local Coverage Determination (LCD) are met for surgical cataract treatment. A reasonable and necessary standard must be met for the utilized anterior segment drainage device.&lt;&sol;span&gt;&lt;&sol;p&gt;
&lt;p&gt;&lt;strong&gt;*Note: &lt;&sol;strong&gt;CPT codes 66989 and 66991 cannot be billed in conjunction with 66982-66989 on the same date of service and the same eye. Claims billed with these mutually exclusive codes will be rejected.&lt;&sol;p&gt;",08/14/2025
56611,15,1,,08/14/2025
56825,20,1,,08/14/2025
56769,18,1,"&lt;p&gt;&amp;nbsp;&lt;&sol;p&gt;
&lt;p&gt;&lt;span style=&quot;line-height: 115%;&quot;&gt;&amp;nbsp;&lt;&sol;span&gt;&lt;&sol;p&gt;",08/14/2025
56476,35,1,"&lt;p&gt;&lt;span style=&quot;line-height: 115%;&quot;&gt;&lt;strong&gt;NOTE:&lt;&sol;strong&gt;&lt;&sol;span&gt;&lt;span style=&quot;line-height: 115%;&quot;&gt; For Part A services only, the provider should bill the appropriate procedure code on the UB-04 for 11X bill type.&lt;&sol;span&gt;&lt;&sol;p&gt;
&lt;p&gt;&lt;span style=&quot;line-height: 115%;&quot;&gt;&lt;strong&gt;Use CPT&lt;sup&gt;&amp;reg;&lt;&sol;sup&gt; code 78496 in conjunction with CPT&lt;sup&gt;&amp;reg;&lt;&sol;sup&gt; code 78472.&lt;&sol;strong&gt;&lt;&sol;span&gt;&lt;&sol;p&gt;",08/14/2025
56476,35,2,&lt;p&gt;&lt;p style=&quot;line-height: normal;&quot;&gt;&lt;strong&gt;HCPCS Codes&lt;&sol;strong&gt;&lt;&sol;p&gt;&lt;&sol;p&gt;,08/14/2025
56476,35,3,&lt;p&gt;&lt;p style=&quot;line-height: normal;&quot;&gt;Pharmacologic Stress Agents&lt;&sol;p&gt;&lt;&sol;p&gt;,08/14/2025
54768,38,1,,08/14/2025
56641,18,1,&lt;p&gt;N&sol;A&lt;&sol;p&gt;,08/14/2025
56691,28,1,&lt;p&gt;&lt;p style=&quot;line-height: normal;&quot;&gt;CPT&lt;sup&gt;&amp;reg;&lt;&sol;sup&gt; Codes&lt;&sol;p&gt;&lt;&sol;p&gt;,08/14/2025
56639,20,1,&lt;p&gt;N&sol;A&lt;&sol;p&gt;,08/14/2025
53060,48,1,,08/14/2025
56621,26,1,&lt;p style=&quot;line-height: normal;&quot;&gt;&lt;strong&gt;Note:&lt;&sol;strong&gt; Providers are reminded to refer to the long descriptors of the CPT&lt;sup&gt;&amp;reg;&lt;&sol;sup&gt; codes in their CPT&lt;sup&gt;&amp;reg;&lt;&sol;sup&gt; book. The American Medical Association (AMA) and the Centers for Medicare &amp;amp; Medicaid Services (CMS) require the use of short CPT&lt;sup&gt;&amp;reg;&lt;&sol;sup&gt; descriptors in policies published on the Web.&lt;&sol;p&gt;,08/14/2025
56774,22,1,"&lt;p&gt;&lt;p style=&quot;line-height: normal;&quot;&gt;CPT&lt;sup&gt;&amp;reg;&lt;&sol;sup&gt; Code 92242 can only be billed with a single diagnosis if that diagnosis is a covered diagnosis for both CPT&lt;sup&gt;&amp;reg;&lt;&sol;sup&gt; Code 92235 and CPT&lt;sup&gt;&amp;reg;&lt;&sol;sup&gt; Code 92240. If the diagnosis to be billed for CPT&lt;sup&gt;&amp;reg;&lt;&sol;sup&gt; 92242 is only a covered diagnosis for 1 of the 2 procedures encompassed in CPT&lt;sup&gt;&amp;reg;&lt;&sol;sup&gt; 92242, the provider also needs to include a second diagnosis code on the claim that is a covered diagnosis for the other of the 2 studies in order to indicate that there exists a covered diagnosis for both studies included in CPT&lt;sup&gt;&amp;reg;&lt;&sol;sup&gt; 92242.&lt;&sol;p&gt;&lt;&sol;p&gt;",08/14/2025
55030,63,1,,08/14/2025
57693,12,1,&lt;p&gt;N&sol;A&lt;&sol;p&gt;,08/14/2025
57719,21,1,"&lt;p&gt;Italicized and&sol;or quoted material is excerpted from the American Medical Association, &lt;em&gt;Current Procedural Terminology (CPT)&lt;&sol;em&gt; codes.&lt;&sol;p&gt;",08/14/2025
56559,26,1,,08/13/2025
56559,26,2,,08/13/2025
56559,26,3,&lt;p&gt;&lt;p style=&quot;line-height: normal;&quot;&gt;Medicare is establishing limited coverage for &lt;strong&gt;CPT&lt;sup&gt;&amp;reg;&lt;&sol;sup&gt; 95004&lt;&sol;strong&gt;&lt;&sol;p&gt;&lt;&sol;p&gt;,08/13/2025
57718,20,1,"&lt;p&gt;Italicized and&sol;or quoted material is excerpted from the American Medical Association, &lt;em&gt;Current Procedural Terminology (CPT)&lt;&sol;em&gt; codes.&lt;&sol;p&gt;",08/06/2025
57692,11,1,&lt;p&gt;N&sol;A&lt;&sol;p&gt;,08/06/2025
59529,10,1,&lt;p&gt;This billing instruction pertains to the PrismRA test.&lt;&sol;p&gt;,07/31/2025
56881,10,1,,07/31/2025
57936,33,1,,07/23/2025
57936,33,2,&lt;p&gt;These code(s) are non-covered.&lt;&sol;p&gt;,07/23/2025
56910,9,1,&lt;p&gt;CPT code 92145 is considered not medically necessary and will be automatically denied as a non-covered procedure.&lt;&sol;p&gt;,07/16/2025
56638,37,1,&lt;p&gt;&lt;strong&gt;Note: &lt;&sol;strong&gt;Providers are reminded to refer to the long descriptors of the CPT codes in their CPT book.&lt;&sol;p&gt;,07/09/2025
56638,37,2,&lt;p&gt;&lt;strong&gt;Note: &lt;&sol;strong&gt;Providers are reminded to refer to the long descriptors of the CPT codes in their CPT book.&lt;&sol;p&gt;,07/09/2025
56642,47,1,&lt;p&gt;&lt;strong&gt;Note:&lt;&sol;strong&gt; Providers are reminded to refer to the long descriptors of the CPT codes in their CPT book.&lt;&sol;p&gt;,07/09/2025
56642,47,2,&lt;p&gt;&lt;strong&gt;Note: &lt;&sol;strong&gt;Providers are reminded to refer to the long descriptors of the CPT codes in their CPT book.&lt;&sol;p&gt;,07/09/2025
57867,33,1,,06/30/2025
57867,33,2,&lt;p&gt;These code(s) are non-covered.&lt;&sol;p&gt;,06/30/2025
58061,28,1,,06/26/2025
57575,9,1,&lt;p&gt;N&sol;A&lt;&sol;p&gt;,06/18/2025
56903,15,1,&lt;p&gt;NA&lt;&sol;p&gt;,06/18/2025
56903,15,2,&lt;p&gt;Not Covered:&lt;&sol;p&gt;,06/18/2025
59482,4,1,,06/11/2025
56982,15,1,,06/11/2025
56980,12,1,,06/11/2025
54880,10,1,,06/05/2025
57915,10,1,,05/13/2025
59474,4,1,&lt;p&gt;N&sol;A&lt;&sol;p&gt;,05/13/2025
54926,25,1,"&lt;p&gt;&lt;strong&gt;Note:&lt;&sol;strong&gt; Providers are reminded to refer to the long descriptors of the CPT codes in their CPT book.&lt;&sol;p&gt;
&lt;p&gt;Group 1 CPT codes apply to Groups 1 and 2 ICD-10-CM Codes&lt;&sol;p&gt;",05/09/2025
54982,28,1,&lt;p&gt;&lt;strong&gt;Note:&lt;&sol;strong&gt; Providers are reminded to refer to the long descriptors of the CPT codes in their CPT book. &lt;br &sol;&gt;&lt;br &sol;&gt; &lt;strong&gt;Group 1 CPT codes apply to Groups 1 and 2 ICD-10-CM Codes&lt;&sol;strong&gt;&lt;&sol;p&gt;,05/09/2025
56997,18,1,,04/30/2025
57567,14,1,&lt;p&gt;N&sol;A&lt;&sol;p&gt;,04/25/2025
57560,10,1,&lt;p&gt;N&sol;A&lt;&sol;p&gt;,04/25/2025
56335,14,1,,04/25/2025
52986,242,1,"&lt;p&gt;&lt;strong&gt;Note:&lt;&sol;strong&gt; Providers are reminded to refer to the long descriptors of the CPT codes in their CPT book.&lt;&sol;p&gt;
&lt;p&gt;&lt;strong&gt;Note&lt;&sol;strong&gt;: Please see the indications and limitations section of the LCD for details regarding CPT&sol;HCPCS codes: 81292, 81293, 81294, 81321, 81322, 81323, 81437, 81479, 81520, 81525, 81540, and 81546.&lt;&sol;p&gt;
&lt;p&gt;Please see NCD 90.2, Next Generation Sequencing (NGS) for Patients with Advanced Cancer.&lt;&sol;p&gt;",04/25/2025
59004,20,1,"&lt;p&gt;This group covers NGS-based MRD tests not otherwise allocated into a separate Group below. Note: if a test is allocated into a separate Group, refer to the billing and coding instructions for the relevant Group. If no relevant CPT&lt;sup&gt;&amp;reg;&lt;&sol;sup&gt; code exist for the test submitted, you may bill with the NOC code 81479.&lt;&sol;p&gt;",04/25/2025
59004,20,2,"&lt;p&gt;&lt;strong&gt;CLONOSEQ&lt;sup&gt;&amp;reg;&lt;&sol;sup&gt;&lt;&sol;strong&gt;&lt;br &sol;&gt;Use CPT&lt;sup&gt;&amp;reg;&lt;&sol;sup&gt; 81479 for claims on or after 3&sol;16&sol;2018&lt;&sol;p&gt;
&lt;p&gt;Use PLA 0364U to describe the service for patients with a personal history of cancer. This code has been approved for patients with a history of Mantle Cell Lymphoma.&lt;&sol;p&gt;",04/25/2025
59004,20,3,"&lt;p&gt;&lt;strong&gt;Single-gene and panel testing by PCR&lt;&sol;strong&gt;&lt;&sol;p&gt;
&lt;ul&gt;
&lt;li&gt;Regarding single-gene and panel testing of genes &amp;ndash; Refer to Billing and Coding: MolDX: Molecular Diagnostic Tests (MDT) A57772 and Billing and Coding: MolDX: Testing of Multiple Genes A57880&lt;&sol;li&gt;
&lt;li&gt;Regarding BCR-ABL1 testing &amp;ndash; Refer to Billing and Coding: MolDX: BCR-ABL A55233 for BCR-ABL1 testing&lt;&sol;li&gt;
&lt;&sol;ul&gt;",04/25/2025
59004,20,4,&lt;p&gt;&lt;strong&gt;Immunoglobulin and T cell receptor gene rearrangement analysis&lt;&sol;strong&gt;&lt;&sol;p&gt;,04/25/2025
56795,34,1,"&lt;p&gt;&lt;strong&gt;J0881, J0885, and Q5106 Must have a valid modifier - EA, EB, or EC&lt;&sol;strong&gt;&lt;&sol;p&gt;",04/23/2025
56795,34,2,&lt;p&gt;&lt;strong&gt;Non-covered CPT&sol;HCPCS Codes&lt;&sol;strong&gt;&lt;&sol;p&gt;,04/23/2025
58213,16,1,&lt;p&gt;&lt;strong&gt;Note:&lt;&sol;strong&gt; Providers are reminded to refer to the long descriptors of the CPT&lt;strong&gt;&lt;sup&gt;&amp;reg;&lt;&sol;sup&gt;&lt;&sol;strong&gt; codes in their CPT&lt;strong&gt;&lt;sup&gt;&amp;reg;&lt;&sol;sup&gt;&lt;&sol;strong&gt; book.&lt;&sol;p&gt;,04/22/2025
59295,6,1,,04/16/2025
58988,24,1,"&lt;p&gt;&lt;span style=&quot;line-height: 115%;&quot;&gt;This group covers NGS-based MRD tests not otherwise allocated into a separate Group below. Note: if a test is allocated into a separate Group, refer to the billing and coding instructions for the relevant Group. &lt;&sol;span&gt;&lt;span style=&quot;background: white; line-height: 115%;&quot;&gt;If no relevant CPT&lt;sup&gt;&amp;reg;&lt;&sol;sup&gt; code exist for the test submitted, you may bill with the NOC code 81479.&lt;&sol;span&gt;&lt;&sol;p&gt;",04/15/2025
58988,24,2,"&lt;p&gt;&lt;strong&gt;&lt;span style=&quot;line-height: 115%;&quot;&gt;CLONOSEQ&lt;sup&gt;&amp;reg; &lt;&sol;sup&gt;&lt;&sol;span&gt;&lt;&sol;strong&gt;&lt;&sol;p&gt;
&lt;p&gt;&lt;span style=&quot;line-height: 115%;&quot;&gt;Use CPT&lt;sup&gt;&amp;reg; &lt;&sol;sup&gt;81479 for claims on or after 3&sol;16&sol;2018&lt;&sol;span&gt;&lt;&sol;p&gt;
&lt;p&gt;&lt;span style=&quot;line-height: 115%;&quot;&gt;Use PLA 0364U to describe the service for patients with a personal history of cancer. This code has been approved for patients with a history of Mantle Cell Lymphoma.&lt;&sol;span&gt;&lt;&sol;p&gt;",04/15/2025
58988,24,3,"&lt;p&gt;&lt;strong&gt;Single-gene and panel testing by PCR&lt;&sol;strong&gt;&lt;&sol;p&gt;
&lt;ul&gt;
&lt;li&gt;&lt;span style=&quot;line-height: 115%;&quot;&gt;Regarding single-gene and panel testing of genes &amp;ndash; &lt;&sol;span&gt;&lt;span style=&quot;line-height: 115%;&quot;&gt;Refer to Billing and Coding: MolDX: Molecular Diagnostic Tests (MDT) A56853 and Billing and Coding: MolDX: Testing of Multiple Genes A57503&lt;&sol;span&gt;&lt;&sol;li&gt;
&lt;li&gt;&lt;span style=&quot;line-height: 115%;&quot;&gt;Regarding BCR-ABL1 testing &amp;ndash; &lt;&sol;span&gt;&lt;span style=&quot;line-height: 115%;&quot;&gt;Refer to Billing and Coding: MolDX: BCR-ABL A53531 for BCR-ABL1 testing&lt;&sol;span&gt;&lt;&sol;li&gt;
&lt;&sol;ul&gt;",04/15/2025
58988,24,4,&lt;p&gt;&lt;strong&gt;&lt;span style=&quot;line-height: 115%;&quot;&gt;Immunoglobulin and T cell receptor gene rearrangement analysis&lt;&sol;span&gt;&lt;&sol;strong&gt;&lt;&sol;p&gt;,04/15/2025
58998,19,1,"&lt;p&gt;&lt;span style=&quot;line-height: 115%;&quot;&gt;This group covers NGS-based MRD tests not otherwise allocated into a separate Group below. Note: if a test is allocated into a separate Group, refer to the billing and coding instructions for the relevant Group. &lt;&sol;span&gt;&lt;span style=&quot;background: white; line-height: 115%;&quot;&gt;If no relevant CPT&lt;sup&gt;&amp;reg;&lt;&sol;sup&gt; code exist for the test submitted, you may bill with the NOC code 81479.&lt;&sol;span&gt;&lt;&sol;p&gt;",04/14/2025
58998,19,2,"&lt;p&gt;&lt;strong&gt;&lt;span style=&quot;line-height: 115%;&quot;&gt;CLONOSEQ&lt;sup&gt;&amp;reg; &lt;&sol;sup&gt;&lt;&sol;span&gt;&lt;&sol;strong&gt;&lt;&sol;p&gt;
&lt;p&gt;&lt;span style=&quot;line-height: 115%;&quot;&gt;Use CPT&lt;sup&gt;&amp;reg; &lt;&sol;sup&gt;81479 for claims on or after 3&sol;16&sol;2018.&lt;&sol;span&gt;&lt;&sol;p&gt;
&lt;p&gt;&lt;span style=&quot;line-height: 115%;&quot;&gt;Use PLA 0364U to describe the service for patients with a personal history of cancer. This code has been approved for patients with a history of Mantle Cell Lymphoma.&lt;&sol;span&gt;&lt;&sol;p&gt;",04/14/2025
58998,19,3,"&lt;p&gt;&lt;strong&gt;Single-gene and panel testing by PCR&lt;&sol;strong&gt;&lt;&sol;p&gt;
&lt;ul&gt;
&lt;li&gt;&lt;span style=&quot;line-height: 115%;&quot;&gt;Regarding single-gene and panel testing of genes &amp;ndash; &lt;&sol;span&gt;&lt;span style=&quot;line-height: 115%;&quot;&gt;Refer to Billing and Coding: MolDX: Molecular Diagnostic Tests (MDT) A56853 and Billing and Coding: MolDX: Testing of Multiple Genes A57503&lt;&sol;span&gt;&lt;&sol;li&gt;
&lt;li&gt;&lt;span style=&quot;line-height: 115%;&quot;&gt;Regarding BCR-ABL1 testing &amp;ndash; &lt;&sol;span&gt;&lt;span style=&quot;line-height: 115%;&quot;&gt;Refer to Billing and Coding: MolDX: BCR-ABL A53531 for BCR-ABL1 testing&lt;&sol;span&gt;&lt;&sol;li&gt;
&lt;&sol;ul&gt;",04/14/2025
58998,19,4,&lt;p&gt;&lt;strong&gt;&lt;span style=&quot;line-height: 115%;&quot;&gt;Immunoglobulin and T cell receptor gene rearrangement analysis&lt;&sol;span&gt;&lt;&sol;strong&gt;&lt;&sol;p&gt;,04/14/2025
58136,22,1,"&lt;p&gt;&lt;strong&gt;Note:&lt;&sol;strong&gt; Providers are reminded to refer to the long descriptors of the CPT&sol;HCPCS codes in their CPT&sol;HCPCS book.&lt;&sol;p&gt;
&lt;p&gt;The following CPT code associated with the services outlined in this Billing and Coding Article will not have diagnosis code limitations applied at this time: 0447T&lt;&sol;p&gt;",04/11/2025
58110,22,1,"&lt;p&gt;&lt;strong&gt;Note:&lt;&sol;strong&gt; Providers are reminded to refer to the long descriptors of the CPT&sol;HCPCS codes in their CPT&sol;HCPCS book.&lt;&sol;p&gt;
&lt;p&gt;The following CPT code associated with the services outlined in this Billing and Coding Article will not have diagnosis code limitations applied at this time: 0447T&lt;&sol;p&gt;",04/11/2025
52992,30,1,&lt;p&gt;&lt;strong&gt;&lt;br &sol;&gt;Note:&lt;&sol;strong&gt; Providers are reminded to refer to the long descriptors of the CPT codes in their CPT book.&lt;&sol;p&gt;,04/11/2025
52992,30,2,,04/11/2025
58982,19,1,&lt;p&gt;&lt;strong&gt;&lt;span style=&quot;line-height: 115%;&quot;&gt;For anemia in patients with ESRD (dialysis requiring)&lt;&sol;span&gt;&lt;&sol;strong&gt;&lt;&sol;p&gt;,04/10/2025
58982,19,2,&lt;p&gt;&lt;strong&gt;&lt;span style=&quot;line-height: 115%;&quot;&gt;For anemia in patients with CKD (non-dialysis requiring)&lt;&sol;span&gt;&lt;&sol;strong&gt;&lt;&sol;p&gt;,04/10/2025
58982,19,3,&lt;p&gt;&lt;strong&gt;&lt;span style=&quot;line-height: 115%;&quot;&gt;For anemia in patients with antineoplastic chemotherapy-induced anemia &lt;&sol;span&gt;&lt;&sol;strong&gt;&lt;&sol;p&gt;,04/10/2025
58982,19,4,&lt;p&gt;&lt;strong&gt;&lt;span style=&quot;line-height: 115%;&quot;&gt;For anemia in patients on Zidovudine for HIV disease&lt;&sol;span&gt;&lt;&sol;strong&gt;&lt;&sol;p&gt;,04/10/2025
58982,19,5,&lt;p&gt;&lt;strong&gt;&lt;span style=&quot;line-height: 115%;&quot;&gt;For symptomatic anemia associated with MDS&lt;&sol;span&gt;&lt;&sol;strong&gt;&lt;&sol;p&gt;,04/10/2025
58982,19,6,&lt;p&gt;&lt;strong&gt;&lt;span style=&quot;line-height: 115%;&quot;&gt;For prophylactic allogeneic transfusion reduction intent in presurgical anemia&lt;&sol;span&gt;&lt;&sol;strong&gt;&lt;&sol;p&gt;,04/10/2025
58982,19,7,&lt;p&gt;&lt;strong&gt;&lt;span style=&quot;line-height: 115%;&quot;&gt;Non-Covered CPT&sol;HCPCS Codes&lt;&sol;span&gt;&lt;&sol;strong&gt;&lt;&sol;p&gt;,04/10/2025
58277,13,1,&lt;p&gt;&lt;strong&gt;Note: &lt;&sol;strong&gt;Providers are reminded to refer to the long descriptors of the CPT&lt;strong&gt;&lt;sup&gt;&amp;reg;&lt;&sol;sup&gt;&lt;&sol;strong&gt; codes in their CPT&lt;strong&gt;&lt;sup&gt;&amp;reg;&lt;&sol;sup&gt;&lt;&sol;strong&gt; book.&lt;&sol;p&gt;,04/09/2025
56674,11,1,,04/09/2025
56614,23,1,&lt;p&gt;N&sol;A&lt;&sol;p&gt;,04/09/2025
57870,26,1,&lt;p&gt;N&sol;A&lt;br data-mce-bogus=&quot;1&quot;&gt;&lt;&sol;p&gt;,04/09/2025
57884,10,1,&lt;p&gt;Note: Providers are reminded to refer to the long descriptors of the CPT codes in their CPT book.&lt;&sol;p&gt;,04/04/2025
57839,14,1,&lt;p&gt;&lt;strong&gt;Note&lt;&sol;strong&gt;: Providers are reminded to refer to the long descriptors of the CPT codes in their CPT book.&lt;&sol;p&gt;,04/04/2025
52487,33,1,,04/03/2025
52481,30,1,,03/27/2025
56491,25,1,"&lt;p style=&quot;line-height: 11.65pt;&quot;&gt;&lt;strong&gt;Note: &lt;&sol;strong&gt;Providers are reminded to refer to the long descriptors of the CPT codes in their CPT book.&lt;&sol;p&gt;
&lt;p style=&quot;line-height: 14.15pt;&quot;&gt;The CPT codes in Group 1 are considered medically necessary when the Indications of Coverage are met. The 90-day global periods apply.&lt;&sol;p&gt;
&lt;p&gt;See L33954 Cataract Extraction LCD and related B&amp;amp;C article for additional coverage indications and diagnoses.&lt;&sol;p&gt;",03/18/2025
56491,25,2,"&lt;p&gt;&lt;p style=&quot;text-align: justify; line-height: 15.35pt;&quot;&gt;The CPT codes in Group 2 are considered medically necessary when the Indications of Coverage are met. The 90-day global periods apply.&lt;&sol;p&gt;
&lt;p style=&quot;line-height: 11.4pt;&quot;&gt;Do not report 0671T in conjunction with 66989 or 66991.&lt;&sol;p&gt;&lt;&sol;p&gt;",03/18/2025
56491,25,3,&lt;p&gt;&lt;span style=&quot;background: white;&quot;&gt;The following CPT codes are considered not medically reasonable and necessary (non-covered).&lt;&sol;span&gt;&lt;&sol;p&gt;,03/18/2025
58731,16,1,,03/06/2025
58731,16,2,&lt;p&gt;These codes are non-covered.&lt;&sol;p&gt;,03/06/2025
59880,3,1,&lt;p&gt;&lt;span style=&quot;line-height: 115%;&quot;&gt;The following CPT&sol;HCPCS codes are noncovered&lt;&sol;span&gt;&lt;&sol;p&gt;,02/18/2025
56940,11,1,,02/06/2025
59051,6,1,&lt;p&gt;N&sol;A&lt;&sol;p&gt;,02/06/2025
55715,12,1,,01/31/2025
59878,4,1,,01/24/2025
58797,15,1,"&lt;p&gt;&lt;strong&gt;Note:&lt;&sol;strong&gt; Providers are reminded to refer to the long descriptors of the CPT codes in their CPT book.&lt;&sol;p&gt;
&lt;p&gt;Consistent with the LCD, the following CPT codes are non-covered.&lt;&sol;p&gt;",01/24/2025
58795,15,1,"&lt;p&gt;&lt;strong&gt;Note:&lt;&sol;strong&gt; Providers are reminded to refer to the long descriptors of the CPT codes in their CPT book.&lt;&sol;p&gt;
&lt;p&gt;Consistent with the LCD, the following CPT codes are non-covered.&lt;&sol;p&gt;",01/24/2025
57633,8,1,&lt;p&gt;&lt;strong&gt;Note:&lt;&sol;strong&gt; Providers are reminded to refer to the long descriptors of the CPT codes in their CPT book.&lt;&sol;p&gt;,01/24/2025
57779,8,1,"&lt;p&gt;&lt;strong&gt;Part A&lt;&sol;strong&gt;&lt;&sol;p&gt;
&lt;p&gt;The following CPT&sol;HCPCS codes associated with the services outlined in this Billing and Coding Article will not have diagnosis code limitations applied at this time.&lt;&sol;p&gt;",01/24/2025
57779,8,2,"&lt;p&gt;&lt;strong&gt;Part B&lt;&sol;strong&gt;&lt;&sol;p&gt;
&lt;p&gt;The following CPT&sol;HCPCS codes associated with the services outlined in this Billing and Coding Article will not have diagnosis code limitations applied at this time.&lt;&sol;p&gt;",01/24/2025
59270,26,1,&lt;p&gt;&lt;strong&gt;Note:&lt;&sol;strong&gt; Providers are reminded to refer to the long descriptors of the CPT codes in their CPT book.&lt;&sol;p&gt;,01/24/2025
59268,27,1,&lt;p&gt;&lt;strong&gt;Note:&lt;&sol;strong&gt; Providers are reminded to refer to the long descriptors of the CPT codes in their CPT book.&lt;&sol;p&gt;,01/24/2025
57025,21,1,&lt;p&gt;&lt;strong&gt;Note:&lt;&sol;strong&gt; Providers are reminded to refer to the long descriptors of the CPT codes in their CPT book.&lt;&sol;p&gt;,01/24/2025
57025,21,2,,01/24/2025
57618,24,1,&lt;p&gt;&lt;strong&gt;Note:&lt;&sol;strong&gt; Providers are reminded to refer to the long descriptors of the CPT codes in their CPT book.&lt;&sol;p&gt;,01/24/2025
57618,24,2,,01/24/2025
57520,43,1,&lt;p&gt;&lt;strong&gt;Note&lt;&sol;strong&gt;: Providers are reminded to refer to the long descriptors of the CPT&sol;HCPCS codes in their CPT&sol;HCPCS book.&lt;&sol;p&gt;,01/24/2025
56848,16,1,&lt;p&gt;&lt;strong&gt;Note:&lt;&sol;strong&gt; Providers are reminded to refer to the long descriptors of the CPT codes in their CPT book.&lt;&sol;p&gt;,01/24/2025
56602,39,1,&lt;p&gt;&lt;strong&gt;Note: &lt;&sol;strong&gt;Providers are reminded to refer to the long descriptors of the CPT codes in their CPT book.&lt;&sol;p&gt;,01/24/2025
59536,7,1,&lt;p&gt;This billing instruction pertains to the PrismRA test.&lt;&sol;p&gt;,01/23/2025
58695,11,1,&lt;p&gt;&lt;p style=&quot;line-height: normal;&quot;&gt;Providers are reminded to refer to the long descriptors of the CPT&lt;sup&gt;&amp;reg;&lt;&sol;sup&gt; codes in their CPT&lt;sup&gt;&amp;reg;&lt;&sol;sup&gt; book.&lt;&sol;p&gt;&lt;&sol;p&gt;,01/13/2025
58695,11,2,&lt;p&gt;&lt;p style=&quot;line-height: normal;&quot;&gt;These codes are not medically reasonable and necessary for pain management procedures.&lt;&sol;p&gt;&lt;&sol;p&gt;,01/13/2025
53775,34,1,,01/07/2025
59123,28,1,"&lt;p&gt;&lt;strong&gt;Limited coverage&lt;&sol;strong&gt;&lt;&sol;p&gt;
&lt;p&gt;&lt;strong&gt;Note: &lt;&sol;strong&gt;Providers are reminded to refer to the long descriptors of the CPT codes in their CPT book.&lt;&sol;p&gt;",01/03/2025
59123,28,2,&lt;p&gt;&lt;strong&gt;Non-covered&lt;&sol;strong&gt;&lt;&sol;p&gt;,01/03/2025
59125,38,1,"&lt;p&gt;&lt;strong&gt;Limited coverage&lt;&sol;strong&gt;&lt;&sol;p&gt;
&lt;p&gt;&lt;strong&gt;Note: &lt;&sol;strong&gt;Providers are reminded to refer to the long descriptors of the CPT codes in their CPT book.&lt;&sol;p&gt;",01/03/2025
59125,38,2,&lt;p&gt;&lt;strong&gt;Non-covered&lt;&sol;strong&gt;&lt;&sol;p&gt;,01/03/2025
59484,8,1,&lt;p&gt;This billing instruction pertains to the PrismRA test.&lt;&sol;p&gt;,01/02/2025
59682,4,1,&lt;p&gt;&lt;span style=&quot;line-height: 115%;&quot;&gt;The CPT&lt;sup&gt;&amp;reg;&lt;&sol;sup&gt; code in Group 1 is considered medically necessary when the indications for coverage are met.&lt;&sol;span&gt;&lt;&sol;p&gt;,12/27/2024
59682,4,2,&lt;p&gt;&lt;span style=&quot;line-height: 115%;&quot;&gt;The CPT&lt;sup&gt;&amp;reg;&lt;&sol;sup&gt; code in Group 2 is considered not medically reasonable and necessary (non-covered).&lt;&sol;span&gt;&lt;&sol;p&gt;,12/27/2024
59040,12,1,,12/23/2024
59040,12,2,&lt;p&gt;&lt;span style=&quot;line-height: 115%;&quot;&gt;CPT codes 78350 and 78351 are non-covered procedures under Medicare.&lt;&sol;span&gt;&lt;&sol;p&gt;,12/23/2024
59257,11,1,,12/18/2024
59257,11,2,&lt;p&gt;The following CPT&sol;HCPCS codes are non-covered: This is not an inclusive list of non-covered codes.&lt;&sol;p&gt;,12/18/2024
59257,11,3,&lt;p&gt;&lt;strong&gt;For ASC facility and OPPS hospital outpatient department claims only:&lt;&sol;strong&gt;&lt;&sol;p&gt;,12/18/2024
56869,12,1,,12/17/2024
56869,12,2,&lt;p&gt;&lt;span style=&quot;line-height: 107%;&quot;&gt;All claims submitted with the following HCPCS codes which represent replacements for external components necessary for the function of cochlear implants must identify the side of the body where the existing cochlear implant is located. Otherwise the initial replacement part claim and all subsequent replacement part claims for an individual beneficiary will be rejected.&lt;&sol;span&gt;&lt;&sol;p&gt;,12/17/2024
58392,13,1,"&lt;p&gt;&lt;span style=&quot;font-size: 10.5pt; line-height: 115%; font-family: &#39;Verdana&#39;,sans-serif;&quot;&gt;68841 MUST be billed in association with 1 of the CPT&lt;sup&gt;&amp;reg;&lt;&sol;sup&gt; codes identified in this section.&lt;&sol;span&gt;&lt;&sol;p&gt;",12/17/2024
56686,16,1,,12/17/2024
56503,12,1,,12/17/2024
56503,12,2,,12/17/2024
55913,9,1,,12/17/2024
56871,19,1,,12/16/2024
56673,14,1,&lt;p&gt;&lt;strong&gt;For hospital outpatient billing only:&lt;&sol;strong&gt;&lt;&sol;p&gt;,12/13/2024
56673,14,2,&lt;p&gt;&lt;strong&gt;For Critical Access Hospital billing only:&lt;&sol;strong&gt;&lt;&sol;p&gt;,12/13/2024
56616,11,1,,12/13/2024
53986,18,1,&lt;p&gt;The CPT&sol;HCPCS code(s) may be subject to Correct Coding Initiative (CCI) edits. This advice in this article does not take precedence over CCI edits. Please refer to the CCI for correct coding guidelines and specific applicable code combinations prior to billing the A&sol;B MAC.&lt;&sol;p&gt;,12/04/2024
53988,20,1,,12/04/2024
59323,4,1,,12/03/2024
53056,15,1,,11/27/2024
52501,47,1,,11/26/2024
54563,54,1,,11/25/2024
57571,9,1,&lt;p&gt;N&sol;A&lt;&sol;p&gt;,11/20/2024
59259,8,1,"&lt;p&gt;Procedure codes may be subject to National Correct Coding Initiative (NCCI) edits or OPPS packaging edits. Refer to NCCI and OPPS requirements prior to billing Medicare.&lt;&sol;p&gt;
&lt;p&gt;For services requiring a referring&sol;ordering physician, the name and NPI of the referring&sol;ordering physician must be reported on the claim.&lt;&sol;p&gt;
&lt;p&gt;A claim submitted without a valid ICD-10-CM diagnosis code will be returned to the provider as an incomplete claim under &amp;sect;1833(e) of the Social Security Act.&lt;&sol;p&gt;
&lt;p&gt;All services&sol;procedures performed on the same day for the same beneficiary by the physician&sol;provider should be billed on the same claim.&lt;&sol;p&gt;
&lt;p&gt;Billing for preparatory services&sol;acquisition costs is covered in CMS Internet-Only Manual, Pub. 100-04, Medicare Claims Processing Manual, Chapter 3, &amp;sect;90.3.1 Allogeneic for Stem Cell Transplantation.&lt;&sol;p&gt;",11/20/2024
56545,14,1,,11/13/2024
53495,11,1,,11/12/2024
59192,15,1,,11/08/2024
59192,15,2,&lt;p&gt;&lt;span style=&quot;line-height: 115%;&quot;&gt;The following CPT&lt;sup&gt;&amp;reg;&lt;&sol;sup&gt;&sol;HCPCS codes are non-covered. This is not an inclusive list of non-covered codes.&lt;&sol;span&gt;&lt;&sol;p&gt;,11/08/2024
59192,15,3,&lt;p&gt;&lt;strong&gt;&lt;span style=&quot;line-height: 115%; background: white;&quot;&gt;For ASC facility &lt;&sol;span&gt;&lt;&sol;strong&gt;&lt;strong&gt;&lt;span style=&quot;line-height: 115%; background: white;&quot;&gt;and OPPS hospital outpatient department claims only:&lt;&sol;span&gt;&lt;&sol;strong&gt;&lt;&sol;p&gt;,11/08/2024
57034,11,1,,11/08/2024
53931,6,1,,11/07/2024
56899,11,1,,10/31/2024
57481,12,1,&lt;p&gt;&lt;strong&gt;N&sol;A&lt;&sol;strong&gt;&lt;&sol;p&gt;,10/22/2024
57657,25,1,&lt;p&gt;&lt;strong&gt;Note:&lt;&sol;strong&gt; Providers are reminded to refer to the long descriptors of the CPT codes in their CPT book.&lt;&sol;p&gt;,10/18/2024
57077,29,1,&lt;p&gt;&lt;strong&gt;Note:&lt;&sol;strong&gt; Providers are reminded to refer to the long descriptors of the CPT codes in their CPT book.&lt;&sol;p&gt;,10/18/2024
56645,48,1,"&lt;p&gt;&lt;strong&gt;Note: &lt;&sol;strong&gt;Providers are reminded to refer to the long descriptors of the CPT codes in their CPT book.&lt;&sol;p&gt;
&lt;p style=&quot;line-height: normal;&quot;&gt;&lt;strong&gt;Presumptive UDT&lt;&sol;strong&gt;&lt;&sol;p&gt;",10/18/2024
56645,48,2,&lt;p&gt;&lt;strong&gt;Definitive UDT&lt;&sol;strong&gt;&lt;&sol;p&gt;,10/18/2024
57125,22,1,&lt;p&gt;&lt;strong&gt;Note: &lt;&sol;strong&gt;Providers are reminded to refer to the long descriptors of the CPT codes in their CPT book.&lt;&sol;p&gt;,10/18/2024
52993,54,1,&lt;p&gt;&lt;strong&gt;Note:&lt;&sol;strong&gt; Providers are reminded to refer to the long descriptors of the CPT codes in their CPT book.&lt;&sol;p&gt;,10/18/2024
57677,14,1,&lt;p&gt;&lt;strong&gt;Note:&lt;&sol;strong&gt; Providers are reminded to refer to the long descriptors of the CPT codes in their CPT book.&lt;&sol;p&gt;,10/18/2024
56672,16,1,&lt;p&gt;&lt;strong&gt;Note:&lt;&sol;strong&gt; Providers are reminded to refer to the long descriptors of the CPT codes in their CPT book.&lt;&sol;p&gt;,10/18/2024
52469,28,1,,10/09/2024
57155,15,1,&lt;p&gt;The use of 81403 does not automatically imply coverage&lt;&sol;p&gt;,09/30/2024
57155,15,2,&lt;p&gt;These codes are non-covered&lt;&sol;p&gt;,09/30/2024
55233,21,1,,09/17/2024
55233,21,2,&lt;p&gt;The following should be reported for ABL1 Kinase Domain Mutation Analysis for the detection of acquired imatinib tyrosine kinase inhibitor resistance.&lt;&sol;p&gt;,09/17/2024
57110,17,1,&lt;p&gt;The use of 81403 does not automatically imply coverage&lt;&sol;p&gt;,09/17/2024
57110,17,2,&lt;p&gt;These codes are non-covered.&lt;&sol;p&gt;,09/17/2024
56771,25,1,"&lt;p&gt;&lt;span style=&quot;line-height: 115%;&quot;&gt;&lt;span style=&quot;line-height: 115%;&quot;&gt;&lt;strong&gt;*NOTE:&lt;&sol;strong&gt; &lt;strong&gt;Technical component only:&lt;&sol;strong&gt; CPT&lt;sup&gt;&amp;reg;&lt;&sol;sup&gt; code 95700 which is the code used to report set up and take down by the EEG technologist and CPT&lt;sup&gt;&lt;span style=&quot;font-size: small;&quot;&gt;&amp;reg;&lt;&sol;span&gt;&lt;&sol;sup&gt; code 95705 can be reported only once per service.&lt;&sol;span&gt;&lt;&sol;span&gt;&lt;&sol;p&gt;
&lt;p&gt;&lt;span style=&quot;line-height: 115%;&quot;&gt;&amp;nbsp;&lt;&sol;span&gt;&lt;&sol;p&gt;",09/17/2024
56771,25,2,&lt;p&gt;&lt;strong&gt;&lt;span style=&quot;line-height: 115%;&quot;&gt;Professional component only&lt;&sol;span&gt;&lt;&sol;strong&gt;&lt;&sol;p&gt;,09/17/2024
56771,25,3,&lt;p&gt;&lt;span style=&quot;line-height: 115%;&quot;&gt;&lt;strong&gt;*NOTE:&lt;&sol;strong&gt; &lt;strong&gt;A routine EEG&lt;&sol;strong&gt; must be performed prior to performing an ambulatory continuous EEG. A claim for the routine EEG must have been submitted to Medicare with a date of service (DOS) within 1 year of the DOS of the ambulatory EEG. &lt;&sol;span&gt;&lt;&sol;p&gt;,09/17/2024
55147,30,1,&lt;p&gt;N&sol;A&lt;&sol;p&gt;,09/17/2024
54686,22,1,,09/14/2024
54686,22,2,&lt;p&gt;&lt;p style=&quot;line-height: 98%;&quot;&gt;&lt;span style=&quot;line-height: 98%;&quot;&gt;The following should be reported for ABL1 Kinase Domain Mutation Analysis for the detection of acquired imatinib tyrosine kinase inhibitor resistance.&lt;&sol;span&gt;&lt;&sol;p&gt;&lt;&sol;p&gt;,09/14/2024
53531,22,1,,09/09/2024
53531,22,2,&lt;p&gt;&lt;p style=&quot;line-height: 98%;&quot;&gt;&lt;span style=&quot;line-height: 98%;&quot;&gt;The following should be reported for ABL1 Kinase Domain Mutation Analysis for the detection of acquired imatinib tyrosine kinase inhibitor resistance.&lt;&sol;span&gt;&lt;&sol;p&gt;&lt;&sol;p&gt;,09/09/2024
56675,25,1,,09/05/2024
53095,28,1,,09/05/2024
58308,18,1,&lt;p&gt;The use of 81403 does not automatically imply coverage&lt;&sol;p&gt;,09/04/2024
58308,18,2,&lt;p&gt;These codes are non-covered&lt;&sol;p&gt;,09/04/2024
53101,46,1,,08/29/2024
54188,33,1,&lt;p&gt;For DOS prior to 01&sol;01&sol;2016 CPT code 81479 should be used.&lt;&sol;p&gt;,08/28/2024
56685,17,1,&lt;p&gt;&lt;span style=&quot;line-height: 115%;&quot;&gt;The CPT&lt;sup&gt;&amp;reg;&lt;&sol;sup&gt;&sol;HCPCS codes listed in &lt;strong&gt;&lt;em&gt;Group 1: Codes&lt;&sol;em&gt;&lt;&sol;strong&gt; describe covered services when performed in the context of partial hospitalization. It is outside of the scope of this Billing and Coding: Partial Hospitalization Programs A56685 article to list all circumstances where the services represented by CPT&lt;sup&gt;&amp;reg;&lt;&sol;sup&gt; code 96116 may be appropriately performed outside of the context of the Partial Hospitalization Programs L37633 LCD. Absence of a diagnosis code in this Billing and Coding: Partial Hospitalization Programs A56685 article for other conditions for which these evaluations may be medically necessary does not imply non-coverage in those circumstances.&lt;&sol;span&gt;&lt;&sol;p&gt;,08/26/2024
56685,17,2,&lt;p&gt;&lt;span style=&quot;line-height: 115%;&quot;&gt;The following CPT&lt;sup&gt;&amp;reg;&lt;&sol;sup&gt; codes are &lt;strong&gt;Noncovered:&lt;&sol;strong&gt;&lt;&sol;span&gt;&lt;&sol;p&gt;,08/26/2024
56679,9,1,,08/22/2024
59892,2,1,"&lt;p&gt;&lt;span style=&quot;line-height: 115%;&quot;&gt;This billing instruction pertains to the Galleri Category B IDE test when performed and billed by GRAIL, LLC (North Carolina). Study information can be found here: &lt;a href=&quot;https:&sol;&sol;www.cms.gov&sol;medicare&sol;coverage&sol;investigational-device-exemption-ide-studies&sol;approved&quot;&gt;Approved IDE Studies | CMS&lt;&sol;a&gt; and &lt;a href=&quot;https:&sol;&sol;www.cms.gov&sol;medicare&sol;coverage&sol;ide&sol;approved-ide-studies&sol;1923430381&sol;g220255-nct05673018&quot;&gt;G220255-NCT05673018 | CMS&lt;&sol;a&gt;.&lt;&sol;span&gt;&lt;&sol;p&gt;
&lt;p&gt;&lt;span style=&quot;line-height: 115%;&quot;&gt; &lt;&sol;span&gt;&lt;&sol;p&gt;
&lt;p&gt;&lt;span style=&quot;line-height: 115%;&quot;&gt;Claims must contain the following information:&lt;&sol;span&gt;&lt;&sol;p&gt;
&lt;ul type=&quot;disc&quot;&gt;
&lt;li style=&quot;line-height: normal;&quot;&gt;Category B IDE number&lt;&sol;li&gt;
&lt;li style=&quot;line-height: normal;&quot;&gt;Clinical Trial number&lt;&sol;li&gt;
&lt;li style=&quot;line-height: normal;&quot;&gt;CPT 81479&lt;&sol;li&gt;
&lt;li style=&quot;line-height: normal;&quot;&gt;The Z-Code descriptor specific to the &lt;strong&gt;&lt;u&gt;Investigational Category B IDE&lt;&sol;u&gt;&lt;&sol;strong&gt;&lt;u&gt; &lt;&sol;u&gt;Galleri Test&lt;&sol;li&gt;
&lt;li style=&quot;line-height: normal;&quot;&gt;The appropriate HCPCS Modifier&lt;&sol;li&gt;
&lt;li style=&quot;line-height: normal;&quot;&gt;The appropriate ICD Diagnosis code&lt;&sol;li&gt;
&lt;&sol;ul&gt;
&lt;p style=&quot;line-height: normal;&quot;&gt;A beneficiary may receive up to three &lt;u&gt;Investigational Category B IDE&lt;&sol;u&gt; Galleri tests per lifetime.&lt;&sol;p&gt;",08/16/2024
56983,12,1,,08/14/2024
56531,19,1,&lt;p&gt;&lt;strong&gt;&lt;span style=&quot;line-height: 115%;&quot;&gt;HCPCS Codes:&lt;&sol;span&gt;&lt;&sol;strong&gt;&lt;&sol;p&gt;,08/12/2024
56784,18,1,&lt;p&gt;N&sol;A&lt;&sol;p&gt;,08/12/2024
56562,33,1,,08/08/2024
59042,13,1,"&lt;p&gt;&lt;span style=&quot;line-height: 115%;&quot;&gt;Procedure codes may be subject to National Correct Coding Initiative (NCCI) edits or Outpatient Prospective Payment System (OPPS) packaging edits. Refer to NCCI and OPPS requirements prior to billing Medicare.&lt;&sol;span&gt;&lt;&sol;p&gt;
&lt;p&gt;&lt;span style=&quot;line-height: 115%;&quot;&gt; &lt;&sol;span&gt;&lt;&sol;p&gt;
&lt;p&gt;&lt;span style=&quot;line-height: 115%;&quot;&gt;For services requiring a referring&sol;ordering physician, the name and National Provider Indicator (NPI) of the referring&sol;ordering physician must be reported on the claim.&lt;&sol;span&gt;&lt;&sol;p&gt;
&lt;p&gt;&lt;span style=&quot;line-height: 115%;&quot;&gt; &lt;&sol;span&gt;&lt;&sol;p&gt;
&lt;p&gt;&lt;span style=&quot;line-height: 115%;&quot;&gt;A claim submitted without a valid ICD-10-CM diagnosis code will be returned to the provider as an incomplete claim under &amp;sect;1833(e) of the Social Security Act.&lt;&sol;span&gt;&lt;&sol;p&gt;
&lt;p&gt;&lt;span style=&quot;line-height: 115%;&quot;&gt;All services&sol;procedures performed on the same day for the same beneficiary by the physician&sol;provider should be billed on the same claim.&lt;&sol;span&gt;&lt;&sol;p&gt;
&lt;p&gt;&lt;span style=&quot;line-height: 115%;&quot;&gt; &lt;&sol;span&gt;&lt;&sol;p&gt;
&lt;p&gt;&lt;span style=&quot;line-height: 115%;&quot;&gt;Billing for preparatory services&sol;acquisition costs is covered in CMS Internet-Only Manual, Pub. 100-04, Medicare Claims Processing Manual, Chapter 3, &amp;sect;90.3.1 Allogeneic for Stem Cell Transplantation.&lt;&sol;span&gt;&lt;&sol;p&gt;",08/08/2024
59476,4,1,,08/02/2024
59472,4,1,,08/01/2024
59462,4,1,,08/01/2024
57630,11,1,&lt;p&gt;N&sol;A&lt;&sol;p&gt;,07/24/2024
56669,16,1,&lt;p&gt;N&sol;A&lt;&sol;p&gt;,07/23/2024
59380,3,1,&lt;p&gt;N&sol;A&lt;&sol;p&gt;,06/28/2024
59382,4,1,"&lt;p&gt;81479&lt;&sol;p&gt;
&lt;p&gt;0315u&lt;&sol;p&gt;",06/28/2024
56703,17,1,,06/24/2024
57112,11,1,&lt;p&gt;N&sol;A&lt;&sol;p&gt;,06/18/2024
59470,4,1,&lt;p&gt;N&sol;A&lt;&sol;p&gt;,06/07/2024
52497,35,1,,06/05/2024
56287,18,1,&lt;p&gt;&lt;strong&gt;Note:&lt;&sol;strong&gt; Providers are reminded to refer to the long descriptors of the CPT codes in their CPT book.&lt;&sol;p&gt;,05/31/2024
56653,15,1,&lt;p&gt;&lt;strong&gt;Note:&lt;&sol;strong&gt; Providers are reminded to refer to the long descriptors of the CPT codes in their CPT book.&lt;&sol;p&gt;,05/31/2024
54192,22,1,,05/29/2024
54021,26,1,,05/24/2024
59654,4,1,&lt;p&gt;N&sol;A&lt;&sol;p&gt;,05/21/2024
56838,13,1,,05/21/2024
59798,2,1,,05/21/2024
59792,3,1,,05/17/2024
59741,4,1,,05/17/2024
57496,14,1,&lt;p&gt;&lt;strong&gt;Note:&lt;&sol;strong&gt; Providers are reminded to refer to the long descriptors of the CPT codes in their CPT book.&lt;&sol;p&gt;,05/10/2024
57496,14,2,,05/10/2024
57496,14,3,,05/10/2024
57496,14,4,"&lt;p&gt;Unattended sleep studies: 95800, 95801, 95806, G0398, G0399, and G0400.&lt;&sol;p&gt;",05/10/2024
52514,61,1,&lt;p&gt;N&sol;A&lt;&sol;p&gt;,05/09/2024
52519,39,1,,05/09/2024
52512,46,1,,05/09/2024
52467,54,1,,05/08/2024
55709,11,1,,04/16/2024
54830,9,1,,04/05/2024
58664,9,1,,04/04/2024
54832,14,1,,03/28/2024
57755,18,1,&lt;p&gt;&lt;strong&gt;Note: &lt;&sol;strong&gt;Providers are reminded to refer to the long descriptors of the CPT codes in their CPT book.&lt;&sol;p&gt;,03/27/2024
54901,27,1,,03/15/2024
54795,42,1,&lt;p&gt;N&sol;A&lt;&sol;p&gt;,03/15/2024
59126,5,1,,03/05/2024
59126,5,2,&lt;p&gt;Outpatient Hospital Providers&lt;&sol;p&gt;,03/05/2024
57767,12,1,&lt;p&gt;Note: Providers are reminded to refer to the long descriptors of the CPT codes in their CPT book.&amp;nbsp;&lt;&sol;p&gt;,03/01/2024
53883,26,1,&lt;p&gt;&lt;strong&gt;Note:&lt;&sol;strong&gt; Providers are reminded to refer to the long descriptors of the CPT codes in their CPT book.&lt;&sol;p&gt;,03/01/2024
55958,6,1,,02/28/2024
56995,15,1,&lt;p&gt;Use of these codes does not guarantee reimbursement. The patient&#39;s medical record must document that the coverage criteria in the related LCD have been met.&lt;&sol;p&gt;,02/28/2024
56995,15,2,,02/28/2024
56995,15,3,,02/28/2024
56995,15,4,"&lt;p&gt;Unattended sleep studies: 95800, 95801, 95806 and G0398, G0399, and G0400&lt;&sol;p&gt;
&lt;p&gt;&lt;span style=&quot;line-height: 115%;&quot;&gt;The technical component (TC) of HST and unattended sleep studies must be provided by an accredited sleep center or laboratory and meet the requirements of the LCD for coverage. The only exception would be the global billing (professional&sol;technical components [PC&sol;TC]) of HST by an office-based physician who meets the requirements under the Physician Training&sol;Certification as noted in the LCD. In this case, the PC&sol;TC for HST can be covered for the purpose of testing a patient for the diagnosis of OSA if the home sleep testing is reasonable and necessary for the diagnosis of the patient&amp;rsquo;s condition as outlined in the LCD; and the office-based technician doing the patient instruction and HST scoring meet the training&sol;credentialing requirements as outlined in the LCD. Under this circumstance, the physician would be the interpreter of the test and bill globally. In all other circumstances, the physician who is providing the PC of the HST must be identified specifically in the medical record as the interpreter of the test. It should be noted that per the related LCD, the laboratory physician must review the entire raw data recording for every patient studied. Raw data refers to data obtained directly from patient output to the acquisition device. All channels to and from the acquisition device must be physical channels and not derived, calculated, virtualized, or created by software to create channels for the purposes of the test and scoring of the raw data, i.e., a respiratory channel must be a physical channel to and from the acquisition device for the purpose of the test and scoring&sol;analysis of the data. All raw&sol;autoscored data must be scored&sol;re-scored by an individual certified by the Board of Registered Polysomnographic Technologists as a Registered Polysomnographic Technologist (RPSGT), or equivalent, or by a polysomnographic technician under the supervision of a RPSGT, or equivalent, manually even if an autoscoring protocol is applied prior to manual scoring&sol;analysis. The name of the scoring RPSGT, supervised polysomnographic technologist, or equivalent, as well as an indication the procedure was manually scored&sol;analyzed must be on the scoring report or interpretation report indicating &amp;ldquo;manually scored&sol;analyzed&amp;rdquo;. If these requirements of the LCD are not met, the procedure cannot be submitted for reimbursement.&lt;&sol;span&gt;&lt;&sol;p&gt;",02/28/2024
56995,15,5,&lt;p&gt;Noncovered&lt;&sol;p&gt;,02/28/2024
59698,3,1,,02/22/2024
59678,4,1,,02/22/2024
59680,3,1,,02/16/2024
56106,14,1,,01/30/2024
57021,19,1,&lt;p&gt;Note: Providers are reminded to refer to the long descriptors of the CPT&lt;sup&gt;&amp;reg;&lt;&sol;sup&gt;&sol;HCPCS codes in their CPT&lt;sup&gt;&amp;reg;&lt;&sol;sup&gt; book.&lt;&sol;p&gt;,01/29/2024
57021,19,2,&lt;p&gt;CPT&lt;sup&gt;&amp;reg;&lt;&sol;sup&gt; codes that DO NOT support reasonable and necessary criteria&lt;&sol;p&gt;,01/29/2024
57021,19,3,&lt;p&gt;Other CPT&lt;sup&gt;&amp;reg;&lt;&sol;sup&gt; codes related to this LCD&lt;&sol;p&gt;,01/29/2024
54682,34,1,&lt;p&gt;&lt;strong&gt;Part B Providers&lt;&sol;strong&gt;&lt;&sol;p&gt;,01/25/2024
54682,34,2,&lt;p&gt;&lt;strong&gt;Outpatient Hospital Providers&lt;&sol;strong&gt;&lt;&sol;p&gt;,01/25/2024
55136,19,1,&lt;p&gt;N&sol;A&lt;&sol;p&gt;,01/24/2024
57106,12,1,&lt;p&gt;N&sol;A&lt;&sol;p&gt;,01/23/2024
56072,13,1,,01/23/2024
56072,13,2,&lt;p&gt;&lt;span style=&quot;line-height: 115%;&quot;&gt;CPT&lt;sup&gt;&amp;reg;&lt;&sol;sup&gt; codes that are also referenced in other articles.&lt;&sol;span&gt;&lt;&sol;p&gt;,01/23/2024
57604,16,1,,01/23/2024
57604,16,2,&lt;p&gt;Not payable by Medicare&lt;&sol;p&gt;,01/23/2024
57638,7,1,&lt;p&gt;&lt;strong&gt;Note:&lt;&sol;strong&gt; Providers are reminded to refer to the long descriptors of the CPT codes in their CPT book.&lt;&sol;p&gt;,01/19/2024
57451,38,1,&lt;p&gt;&lt;strong&gt;Note: &lt;&sol;strong&gt;Providers are reminded to refer to the long descriptors of the CPT codes in their CPT book.&lt;br &sol;&gt;&lt;br &sol;&gt;The following Group 1 CPT codes associated with the services outlined in this Billing and Coding Article will not have diagnosis code limitations applied at this time.&lt;&sol;p&gt;,01/19/2024
56541,40,1,"&lt;p&gt;&lt;strong&gt;Note:&lt;&sol;strong&gt; Providers are reminded to refer to the long descriptors of the CPT codes in their CPT book. &lt;br &sol;&gt;&lt;br &sol;&gt;&lt;strong&gt;Please note:&lt;&sol;strong&gt; At this time, only the CPT codes listed in ICD-10-CM code group paragraphs 1 through 3 are subject to diagnosis-to-procedure code limitations. Please refer to the list of CPT&sol;HCPCS codes at the beginning of each ICD-10-CM code group paragraph for appropriate diagnosis-to-procedure code limitations.&lt;&sol;p&gt;",01/19/2024
54555,18,1,,01/12/2024
53773,20,1,,01/12/2024
53781,17,1,,01/11/2024
58065,19,1,"&lt;p&gt;If a test for FGFR2 and&sol;or FGFR3 is performed as part of a panel, it must be billed as part of the panel.&lt;&sol;p&gt;
&lt;p&gt;Many of these codes refer to more than 1 possible gene. As such, these codes may be mentioned in unrelated coverage articles as well.&lt;&sol;p&gt;",01/08/2024
58028,23,1,"&lt;p&gt;If a test for FGFR2 and&sol;or FGFR3 is performed as part of a panel, it must be billed as part of the panel.&lt;&sol;p&gt;
&lt;p&gt;Many of these codes refer to more than 1 possible gene. As such, these codes may be mentioned in unrelated coverage articles as well.&lt;&sol;p&gt;",01/08/2024
59158,9,1,&lt;p&gt;&lt;span style=&quot;line-height: 115%;&quot;&gt;The following CPT&sol;HCPCS codes are noncovered&lt;&sol;span&gt;&lt;&sol;p&gt;,01/02/2024
57047,11,1,,12/29/2023
57132,19,1,&lt;p&gt;CPT codes 78350 and 78351 are non-covered procedures under Medicare.&lt;&sol;p&gt;,12/29/2023
52537,11,1,,12/29/2023
56876,18,1,&lt;p&gt;&lt;p style=&quot;text-align: justify;&quot;&gt;N&sol;A&lt;&sol;p&gt;&lt;&sol;p&gt;,12/28/2023
56731,16,1,,12/27/2023
56731,16,2,&lt;p&gt;&lt;p style=&quot;line-height: normal;&quot;&gt;&lt;strong&gt;Note:&lt;&sol;strong&gt; Use of the following Physical Medicine and Rehabilitation CPT&sol;HCPCS Codes for these treatments is inappropriate:&lt;&sol;p&gt;&lt;&sol;p&gt;,12/27/2023
56006,19,1,,12/21/2023
56732,15,1,,12/20/2023
57983,6,1,&lt;p&gt;N&sol;A&lt;&sol;p&gt;,12/20/2023
57587,9,1,&lt;p&gt;N&sol;A&lt;&sol;p&gt;,12/20/2023
58371,12,1,,12/13/2023
52918,5,1,,11/22/2023
52917,4,1,,11/22/2023
55503,5,1,,11/22/2023
55505,5,1,,11/22/2023
59049,16,1,&lt;p&gt;Note: Providers are reminded to refer to the long descriptors of the CPT codes in their CPT book.&lt;&sol;p&gt;,11/22/2023
59049,16,2,&lt;p&gt;&lt;strong&gt;&lt;span style=&quot;line-height: 107%;&quot;&gt;The following CPT&sol;HCPCS codes are Non-Covered.&lt;&sol;span&gt;&lt;&sol;strong&gt;&lt;&sol;p&gt;,11/22/2023
53134,84,1,&lt;p&gt;Note: Providers are reminded to refer to the long descriptors of the CPT codes in their CPT book.&lt;&sol;p&gt;,11/22/2023
53134,84,2,&lt;p&gt;&lt;strong&gt;&lt;span style=&quot;line-height: 107%;&quot;&gt;The following CPT&sol;HCPCS codes are Non-Covered.&lt;&sol;span&gt;&lt;&sol;strong&gt;&lt;&sol;p&gt;,11/22/2023
55206,18,1,,11/20/2023
58777,11,1,,11/20/2023
58777,11,2,&lt;p&gt;These codes are non-covered.&lt;&sol;p&gt;,11/20/2023
57589,16,1,&lt;p&gt;N&sol;A&lt;&sol;p&gt;,11/20/2023
57589,16,2,&lt;p&gt;&lt;strong&gt;Note:&lt;&sol;strong&gt; Use of the following CPT&sol;HCPCS Codes for these treatments is inappropriate and will be denied:&lt;&sol;p&gt;,11/20/2023
56502,8,1,,11/20/2023
54643,13,1,,11/17/2023
54641,13,1,,11/17/2023
54612,4,1,,11/15/2023
58737,10,1,&lt;p&gt;The following CPT&amp;reg;&sol;HCPCS codes are noncovered:&lt;&sol;p&gt;,11/15/2023
57910,14,1,,11/15/2023
54283,15,1,,11/15/2023
54196,20,1,,11/15/2023
56887,11,1,&lt;p&gt;0045U&lt;&sol;p&gt;,11/15/2023
54195,22,1,,11/15/2023
56998,10,1,,11/15/2023
54194,23,1,,11/14/2023
54270,16,1,,11/14/2023
54270,16,2,&lt;p&gt;&lt;span style=&quot;line-height: 115%;&quot;&gt;CPT&lt;sup&gt;&lt;span style=&quot;font-size: small;&quot;&gt;&amp;reg;&lt;&sol;span&gt;&lt;&sol;sup&gt; codes that are also referenced in other articles&lt;&sol;span&gt;.&lt;&sol;p&gt;,11/14/2023
54269,14,1,,11/14/2023
56885,14,1,&lt;p&gt;&lt;strong&gt;The following codes are not covered:&lt;&sol;strong&gt;&lt;&sol;p&gt;,11/10/2023
58038,10,1,,11/10/2023
54295,27,1,&lt;p&gt;N&sol;A&lt;&sol;p&gt;,11/10/2023
58063,11,1,,11/10/2023
56647,32,1,"&lt;p&gt;&lt;strong&gt;Note:&lt;&sol;strong&gt; Providers are reminded to refer to the long descriptors of the CPT codes in their CPT book.&lt;&sol;p&gt;
&lt;p&gt;The following CPT codes associated with the services outlined in this article &lt;strong&gt;will not have diagnosis limitations&lt;&sol;strong&gt; applied at this time: &lt;strong&gt;65820, 65850, 66170, and 66172&lt;&sol;strong&gt;.&lt;&sol;p&gt;",11/09/2023
56647,32,2,,11/09/2023
56647,32,3,&lt;p&gt;The following CPT codes are considered not medically reasonable and necessary (non-covered).&lt;&sol;p&gt;,11/09/2023
56633,47,1,"&lt;p&gt;&lt;strong&gt;Note&lt;&sol;strong&gt;: Providers are reminded to refer to the long descriptors of the CPT codes in their CPT book. &lt;br &sol;&gt;&lt;br &sol;&gt;The following CPT codes associated with the services outlined in this article &lt;strong&gt;will not have diagnosis limitations&lt;&sol;strong&gt; applied at this time: &lt;strong&gt;65820, 65850, 66170, and 66172.&lt;&sol;strong&gt;&lt;&sol;p&gt;",11/09/2023
56633,47,2,,11/09/2023
56633,47,3,&lt;p&gt;The following CPT codes are considered not medically reasonable and necessary (non-covered).&lt;&sol;p&gt;,11/09/2023
56651,36,1,&lt;p&gt;&lt;strong&gt;Note&lt;&sol;strong&gt;: Providers are reminded to refer to the long descriptors of the CPT codes in their CPT book.&lt;&sol;p&gt;,11/09/2023
56681,34,1,&lt;p&gt;&lt;strong&gt;Note&lt;&sol;strong&gt;: Providers are reminded to refer to the long descriptors of the CPT codes in their CPT book.&lt;&sol;p&gt;,11/09/2023
54688,23,1,,11/08/2023
54191,27,1,,11/08/2023
56985,15,1,,11/08/2023
56981,16,1,,11/08/2023
56884,13,1,&lt;p&gt;N&sol;A&amp;nbsp;&lt;br&gt;&lt;&sol;p&gt;,11/08/2023
56989,11,1,,11/08/2023
54257,14,1,,11/08/2023
54685,17,1,,11/08/2023
55716,11,1,,11/08/2023
58706,12,1,,11/08/2023
58362,10,1,&lt;p&gt;&lt;span style=&quot;line-height: 115%;&quot;&gt;Providers are reminded to refer to the long descriptors of the CPT codes in their CPT book.&lt;&sol;span&gt;&lt;&sol;p&gt;,11/08/2023
54689,32,1,&lt;p&gt;&lt;span style=&quot;line-height: 115%;&quot;&gt;CPT&lt;sup&gt;&amp;reg;&lt;&sol;sup&gt; codes that are also referenced in other articles&lt;&sol;span&gt;.&lt;&sol;p&gt;,11/07/2023
52432,14,1,,11/07/2023
58817,6,1,,11/07/2023
54300,16,1,,11/07/2023
54327,7,1,,11/07/2023
58677,5,1,,11/07/2023
59006,4,1,,11/07/2023
58113,6,1,,11/07/2023
54610,3,1,,11/07/2023
54611,5,1,,11/07/2023
54613,3,1,,11/07/2023
56610,13,1,,11/06/2023
56756,20,1,"&lt;p&gt;&lt;span style=&quot;font-family: &#39;Verdana&#39;,&#39;sans-serif&#39;;&quot;&gt;&lt;span style=&quot;color: #001000;&quot;&gt;As&lt;span style=&quot;font-size: 10.5pt; line-height: 115%; font-family: &#39;Verdana&#39;,&#39;sans-serif&#39;; mso-fareast-font-family: &#39;Times New Roman&#39;; mso-bidi-font-family: &#39;Times New Roman&#39;; color: #333333; mso-ansi-language: EN-US; mso-fareast-language: EN-US; mso-bidi-language: AR-SA;&quot;&gt; of July 1999, Home Health (HH) agencies must use the following HCPCS codes when billing for HH services provider under a plan of treatment. These services must report time spent with the patient in 15-minute increments.&lt;&sol;span&gt;&lt;&sol;span&gt;&lt;&sol;span&gt;&lt;&sol;p&gt;",11/03/2023
58833,17,1,,11/01/2023
57649,9,1,&lt;p&gt;&lt;strong&gt;Note&lt;&sol;strong&gt;: Providers are reminded to refer to the long descriptors of the CPT codes in their CPT book.&amp;nbsp;&lt;&sol;p&gt;,10/20/2023
56631,19,1,"&lt;p&gt;&lt;strong&gt;Note:&lt;&sol;strong&gt; Providers are reminded to refer to the long descriptors of the CPT codes in their CPT book. &lt;br &sol;&gt;&lt;br &sol;&gt; The following CPT&sol;HCPCS codes associated with the services outlined in this policy will not have diagnosis limitations applied at this time: &lt;strong&gt;36200, 36215, 36216, 36217, 36218, 75600, 75605, 75710, and 75716.&lt;&sol;strong&gt;&lt;&sol;p&gt;",10/20/2023
56841,18,1,&lt;p&gt;&lt;strong&gt;Note:&lt;&sol;strong&gt; Providers are reminded to refer to the long descriptors of the CPT codes in their CPT book.&lt;&sol;p&gt;,10/20/2023
56648,19,1,&lt;p&gt;N&sol;A&lt;&sol;p&gt;,10/19/2023
57726,7,1,,10/13/2023
59109,7,1,&lt;p&gt;N&sol;A&lt;&sol;p&gt;,10/03/2023
52516,26,1,,09/20/2023
57851,8,1,&lt;p&gt;N&sol;A&lt;&sol;p&gt;,09/19/2023
58689,6,1,,09/19/2023
56929,15,1,,09/14/2023
54831,28,1,&lt;p&gt;Group 1 CPT codes apply to Groups 1 and 2&amp;nbsp;ICD-10-CM Codes&lt;&sol;p&gt;,08/24/2023
55161,23,1,,08/23/2023
57577,7,1,&lt;p&gt;N&sol;A&lt;&sol;p&gt;,08/23/2023
59170,5,1,,08/22/2023
58503,12,1,"&lt;p&gt;&lt;span style=&quot;line-height: 115%;&quot;&gt;The Category III CPT&lt;sup&gt;&amp;reg;&lt;&sol;sup&gt; code 0439T is an add-on code for CPT&lt;sup&gt;&amp;reg;&lt;&sol;sup&gt; codes 93306, 93307, 93308, 93350 and 93351.&lt;&sol;span&gt;&lt;&sol;p&gt;",08/22/2023
58503,12,2,,08/22/2023
58503,12,3,,08/22/2023
56792,11,1,,08/07/2023
54018,33,1,,07/21/2023
56872,10,1,,07/21/2023
57581,7,1,,07/19/2023
56333,11,1,&lt;p&gt;N&sol;A&lt;&sol;p&gt;,07/19/2023
55235,15,1,&lt;p&gt;NA&lt;&sol;p&gt;,07/19/2023
58810,11,1,"&lt;p&gt;&lt;strong&gt;Note:&lt;&sol;strong&gt; Providers are reminded to refer to the long descriptors of the CPT codes in their CPT book.&lt;&sol;p&gt;
&lt;p&gt;The following CPT&sol;HCPCS codes are noncovered:&lt;&sol;p&gt;",07/14/2023
58808,12,1,"&lt;p&gt;&lt;strong&gt;Note:&lt;&sol;strong&gt; Providers are reminded to refer to the long descriptors of the CPT codes in their CPT book.&lt;&sol;p&gt;
&lt;p&gt;The following CPT&sol;HCPCS codes are noncovered:&lt;&sol;p&gt;",07/14/2023
56913,13,1,,07/07/2023
57647,17,1,&lt;p&gt;&lt;strong&gt;Note:&lt;&sol;strong&gt; Providers are reminded to refer to the long descriptors of the CPT codes in their CPT book.&lt;&sol;p&gt;,07/07/2023
56584,14,1,,07/06/2023
56924,11,1,,07/03/2023
57072,17,1,&lt;p&gt;&lt;strong&gt;Note:&lt;&sol;strong&gt; Providers are reminded to refer to the long descriptors of the CPT codes in their CPT book.&lt;&sol;p&gt;,06/29/2023
55738,17,1,,06/22/2023
55354,35,1,&lt;p&gt;&lt;span style=&quot;line-height: 115%;&quot;&gt;Providers are reminded to refer to the long descriptors of the CPT&lt;sup&gt;&lt;span style=&quot;font-size: small;&quot;&gt;&amp;reg;&lt;&sol;span&gt;&lt;&sol;sup&gt; codes in their CPT&lt;sup&gt;&lt;span style=&quot;font-size: small;&quot;&gt;&amp;reg;&lt;&sol;span&gt;&lt;&sol;sup&gt; book.&lt;&sol;span&gt;&lt;&sol;p&gt;,06/05/2023
59449,2,1,,06/01/2023
57576,11,1,&lt;p&gt;N&sol;A&lt;&sol;p&gt;,05/23/2023
55695,21,1,,05/23/2023
52518,36,1,,05/11/2023
58836,20,1,&lt;p&gt;N&sol;A&lt;&sol;p&gt;,05/11/2023
57568,11,1,&lt;p&gt;N&sol;A&lt;&sol;p&gt;,04/21/2023
56419,20,1,"&lt;p&gt;&lt;strong&gt;Note:&lt;&sol;strong&gt; Providers are reminded to refer to the long descriptors of the CPT&lt;sup&gt;&amp;reg;&lt;&sol;sup&gt;&sol;HCPCS codes in their CPT&lt;sup&gt;&amp;reg;&lt;&sol;sup&gt; book.&lt;&sol;p&gt;
&lt;p&gt;The following CPT&lt;sup&gt;&amp;reg;&lt;&sol;sup&gt;&sol;HCPCS codes are used for reporting the procedures associated with the subretinal injection of voretigene neparvovec-rzyl (Luxturna&lt;sup&gt;&amp;reg;&lt;&sol;sup&gt;).&lt;&sol;p&gt;",04/10/2023
59015,3,1,&lt;p&gt;N&sol;A&lt;&sol;p&gt;,03/24/2023
57558,11,1,,03/22/2023
59121,3,1,,03/22/2023
58883,6,1,"&lt;p&gt;&lt;strong&gt;&lt;span style=&quot;line-height: 115%;&quot;&gt;Note: &lt;&sol;span&gt;&lt;&sol;strong&gt;&lt;span style=&quot;line-height: 115%;&quot;&gt;Unless otherwise listed below, all other amniotic and placental-derived products injected and&sol;or applied for musculoskeletal indications, non-wound are considered NON-Covered.&lt;&sol;span&gt;&lt;&sol;p&gt;",03/08/2023
54472,30,1,,02/20/2023
58471,10,1,,02/15/2023
54954,28,1,&lt;p&gt;Providers are reminded to refer to the long descriptors of the CPT codes in their CPT book. &lt;br &sol;&gt;&lt;&sol;p&gt;,01/20/2023
56923,16,1,"&lt;p&gt;&amp;nbsp;&lt;&sol;p&gt;
&lt;p&gt;&lt;strong&gt;Note&lt;&sol;strong&gt;: Providers are reminded to refer to the long descriptors of the CPT codes in their CPT book.&lt;&sol;p&gt;",01/20/2023
56923,16,2,"&lt;p&gt;&amp;nbsp;&lt;&sol;p&gt;
&lt;p&gt;&lt;strong&gt;The following CPT&sol;HCPCS code is&amp;nbsp;NOT covered.&lt;&sol;strong&gt;&lt;&sol;p&gt;",01/20/2023
56420,16,1,&lt;p&gt;&lt;strong&gt;Note&lt;&sol;strong&gt;: Providers are reminded to refer to the long descriptors of the CPT codes in their CPT book.&lt;&sol;p&gt;,01/20/2023
56666,19,1,,01/20/2023
55723,44,1,&lt;p&gt;&lt;strong&gt;Note: &lt;&sol;strong&gt;Providers are reminded to refer to the long descriptors of the CPT codes in their CPT book.&lt;&sol;p&gt;,01/20/2023
56396,11,1,,01/17/2023
59205,3,1,&lt;p&gt;&lt;strong&gt;&lt;span style=&quot;line-height: 115%;&quot;&gt;Note: &lt;&sol;span&gt;&lt;&sol;strong&gt;&lt;span style=&quot;line-height: 115%;&quot;&gt;Providers are reminded to refer to the long descriptors of the CPT codes in their CPT book.&lt;&sol;span&gt;&lt;&sol;p&gt;,01/13/2023
53435,11,1,,01/11/2023
53497,15,1,,01/11/2023
53497,15,2,,01/11/2023
53444,14,1,,01/10/2023
56390,11,1,,01/10/2023
56065,23,1,,11/14/2022
56065,23,2,,11/14/2022
56065,23,3,,11/14/2022
56065,23,4,,11/14/2022
56065,23,5,,11/14/2022
56065,23,6,,11/14/2022
56065,23,7,,11/14/2022
52520,31,1,,11/11/2022
57029,10,1,&lt;p&gt;&lt;strong&gt;Note:&lt;&sol;strong&gt; Providers are reminded to refer to the long descriptors of the CPT codes in their CPT book.&lt;&sol;p&gt;,10/28/2022
56933,9,1,,10/10/2022
58275,9,1,&lt;p&gt;N&sol;A&lt;&sol;p&gt;,07/01/2022
56906,13,1,,06/20/2022
58021,11,1,,05/26/2022
52499,23,1,,05/18/2022
53053,14,1,,05/12/2022
52712,25,1,,04/07/2022
52711,22,1,,04/07/2022
52468,22,1,,04/07/2022
52461,21,1,,04/07/2022
52460,16,1,,04/07/2022
52459,23,1,,04/07/2022
52495,18,1,,04/07/2022
52502,20,1,,04/07/2022
52490,27,1,,04/07/2022
52489,24,1,,04/07/2022
52477,16,1,,04/07/2022
52476,27,1,,04/07/2022
52713,18,1,,04/07/2022
52511,28,1,,04/07/2022
52508,39,1,,04/07/2022
57503,17,1,,03/24/2022
58821,7,1,&lt;p&gt;&lt;span style=&quot;background: white;&quot;&gt;The following CPT&lt;sup&gt;&amp;reg;&lt;&sol;sup&gt; codes associated with CRT services may have diagnosis code limitations based on the related LCD&lt;&sol;span&gt;&lt;&sol;p&gt;,03/09/2022
56704,10,1,,03/04/2022
56704,10,2,,03/04/2022
58031,11,1,,02/18/2022
57872,10,1,&lt;p&gt;&lt;strong&gt;Note: Providers are reminded to refer to the long descriptors of the CPT codes in their CPT book. &lt;&sol;strong&gt;&lt;&sol;p&gt;,02/11/2022
57752,18,1,&lt;p&gt;&lt;strong&gt;Note:&lt;&sol;strong&gt; Providers are reminded to refer to the long descriptors of the CPT codes in their CPT book.&lt;&sol;p&gt;,02/11/2022
58343,11,1,,01/28/2022
57813,8,1,,01/18/2022
53104,32,1,,01/18/2022
54769,27,1,,01/18/2022
53558,29,1,,01/18/2022
56953,25,1,&lt;p&gt;&lt;strong&gt;Note&lt;&sol;strong&gt;: Providers are reminded to refer to the long descriptors of the CPT codes in their CPT book.&lt;&sol;p&gt;,01/14/2022
58410,9,1,&lt;p&gt;&lt;strong&gt;Note:&lt;&sol;strong&gt; Providers are reminded to refer to the long descriptors of the CPT codes in their CPT book.&lt;&sol;p&gt;,01/14/2022
57753,12,1,&lt;p&gt;&lt;strong&gt;Note:&lt;&sol;strong&gt; Providers are reminded to refer to the long descriptors of the CPT codes in their CPT book.&lt;&sol;p&gt;,01/14/2022
56938,46,1,&lt;p&gt;&lt;strong&gt;Note: &lt;&sol;strong&gt;Providers are reminded to refer to the long descriptors of the CPT codes in their CPT book.&lt;&sol;p&gt;,01/14/2022
58414,11,1,&lt;p&gt;&lt;strong&gt;Note&lt;&sol;strong&gt;: Providers are reminded to refer to the long descriptors of the CPT codes in their CPT book.&lt;&sol;p&gt;,01/14/2022
53047,17,1,&lt;p&gt;&lt;span style=&quot;line-height: 115%;&quot;&gt;The CPT&lt;sup&gt;&amp;reg;&lt;&sol;sup&gt; codes are considered medically necessary when the indications of coverage in the Cataract Surgery L34413 Local Coverage Determination (LCD) are met for surgical cataract treatment. A reasonable and necessary standard must be met for the utilized anterior segment drainage device.&lt;&sol;span&gt;&lt;&sol;p&gt;,12/29/2021
58287,5,1,&lt;p&gt;&lt;span style=&quot;line-height: 115%;&quot;&gt;Covered&lt;&sol;span&gt;&lt;&sol;p&gt;,12/29/2021
58367,6,1,,12/28/2021
56957,9,1,,12/22/2021
58321,7,1,&lt;p&gt;&lt;strong&gt;&lt;span style=&quot;line-height: 115%;&quot;&gt;Note: &lt;&sol;span&gt;&lt;&sol;strong&gt;&lt;span style=&quot;line-height: 115%;&quot;&gt;Providers are reminded to refer to the long descriptors of the CPT&lt;sup&gt;&amp;reg;&lt;&sol;sup&gt; codes in their CPT&lt;sup&gt;&amp;reg;&lt;&sol;sup&gt; book.&lt;&sol;span&gt;&lt;&sol;p&gt;,12/21/2021
57868,4,1,,12/13/2021
56870,7,1,,11/16/2021
56941,7,1,,10/07/2021
56963,12,1,,09/29/2021
56962,8,1,,09/09/2021
56875,11,1,,09/09/2021
54559,12,1,,08/30/2021
53605,21,1,,07/08/2021
56857,7,1,,06/30/2021
56898,15,1,,06/15/2021
56949,7,1,,04/15/2021
58650,4,1,,04/13/2021
56431,6,1,,02/25/2021
58641,4,1,,02/10/2021
56497,20,1,,02/09/2021
56859,7,1,&lt;p&gt;&lt;strong&gt;The following codes are not covered:&lt;&sol;strong&gt;&lt;&sol;p&gt;,02/02/2021
56141,39,1,,11/12/2020
57682,6,1,&lt;p&gt;&lt;strong&gt;Note:&lt;&sol;strong&gt; Providers are reminded to refer to the long descriptors of the CPT codes in their CPT book.&lt;&sol;p&gt;,09/25/2020
57667,10,1,&lt;p&gt;&lt;strong&gt;Note:&lt;&sol;strong&gt; Providers are reminded to refer to the long descriptors of the CPT codes in their CPT book.&lt;&sol;p&gt;,09/25/2020
58000,4,1,&lt;p&gt;N&sol;A&lt;&sol;p&gt;,08/18/2020
53784,15,1,,08/12/2020
53006,14,1,,12/12/2019
53472,18,1,,12/03/2019
57672,6,1,&lt;p&gt;N&sol;A&lt;&sol;p&gt;,11/22/2019
57660,6,1,,11/22/2019
57660,6,2,,11/22/2019
57660,6,3,,11/22/2019
57651,5,1,,11/21/2019
53702,19,1,,11/11/2019
53399,13,1,&lt;p&gt;Examples for use of CPT&lt;sup&gt;&amp;reg;&lt;&sol;sup&gt; modifier 59:&lt;&sol;p&gt;,11/07/2019
53708,16,1,&lt;p&gt;&lt;strong&gt;Following is a list of appropriate HCPCS Codes&lt;&sol;strong&gt;&lt;br &sol;&gt;&lt;br &sol;&gt;&lt;strong&gt;Note&lt;&sol;strong&gt; L7510 should only be used to report the replacement of minor parts necessary for the functionality of the device that are not identified by another procedure code. Accessories or supplies should be reported under code L9900. Incorrect coding will result in denials.&lt;&sol;p&gt;,10/30/2019
54750,13,1,&lt;p&gt;CPT&sol;HCPCS Codes&lt;&sol;p&gt;,10/28/2019
53482,13,1,,10/23/2019
53105,22,1,,10/16/2019
53538,15,1,,10/15/2019
53480,14,1,,10/15/2019
56724,5,1,,10/09/2019
56384,7,1,"&lt;p&gt;&lt;span style=&quot;line-height: 115%;&quot;&gt;The CPT codes are considered medically necessary when the Indications of Coverage are met.&lt;&sol;span&gt;&lt;&sol;p&gt;
&lt;p&gt;&lt;strong&gt;&lt;span style=&quot;line-height: 115%;&quot;&gt;&lt;u&gt;Part A&lt;&sol;u&gt;: &lt;&sol;span&gt;&lt;&sol;strong&gt;&lt;&sol;p&gt;
&lt;p&gt;&lt;span style=&quot;line-height: 115%;&quot;&gt;Contractors shall pay claims for SET services containing CPT code 93668 on Types of Bill (TOBs) 13X under OPPS and 85X based on reasonable cost. &lt;&sol;span&gt;&lt;&sol;p&gt;
&lt;p&gt;&lt;strong&gt;&lt;span style=&quot;line-height: 115%;&quot;&gt;&lt;u&gt;Part B&lt;&sol;u&gt;: &lt;&sol;span&gt;&lt;&sol;strong&gt;&lt;&sol;p&gt;
&lt;p&gt;&lt;span style=&quot;line-height: 115%;&quot;&gt;Claims for CPT 93668 are limited to be billed in POS 11 only in Part B.&lt;&sol;span&gt;&lt;&sol;p&gt;",10/08/2019
57118,3,1,,10/02/2019
53488,11,1,,10/02/2019
53423,16,1,,09/30/2019
53441,10,1,,09/26/2019
56754,4,1,,09/26/2019
53778,14,1,,09/25/2019
56640,16,1,&lt;p&gt;&lt;strong&gt;Note&lt;&sol;strong&gt;: Providers are reminded to refer to the long descriptors of the CPT codes in their CPT book.&lt;&sol;p&gt;,09/06/2019
53055,13,1,,04/04/2019
54812,7,1,,01/31/2018
53446,6,1,,01/31/2018
53106,16,1,,12/14/2017
55757,5,1,,10/13/2017
