lcd_id,lcd_version,hcpc_code_id,hcpc_code_version,hcpc_code_group,long_description,short_description,range,last_updated
33610,70,A4223,102,1,"INFUSION SUPPLIES NOT USED WITH EXTERNAL INFUSION PUMP, PER CASSETTE OR BAG (LIST DRUGS SEPARATELY)",Infusion supplies w&sol;o pump,N,06/19/2026
33610,70,J1459,102,1,"INJECTION, IMMUNE GLOBULIN (PRIVIGEN), INTRAVENOUS, NON-LYOPHILIZED (E.G., LIQUID), 500 MG",Inj ivig privigen 500 mg,N,06/19/2026
33610,70,J1552,102,1,"INJECTION, IMMUNE GLOBULIN (ALYGLO), 500 MG","Inj, alyglo, 500 mg",N,06/19/2026
33610,70,J1553,102,1,"INJECTION, IMMUNE GLOBULIN (YIMMUGO), 100 MG",Inj yimmugo 100 mg,N,06/19/2026
33610,70,J1554,102,1,"INJECTION, IMMUNE GLOBULIN (ASCENIV), 500 MG",Inj. asceniv,N,06/19/2026
33610,70,J1556,102,1,"INJECTION, IMMUNE GLOBULIN (BIVIGAM), 500 MG","Inj, imm glob bivigam, 500mg",N,06/19/2026
33610,70,J1557,102,1,"INJECTION, IMMUNE GLOBULIN, (GAMMAPLEX), INTRAVENOUS, NON-LYOPHILIZED (E.G., LIQUID), 500 MG",Gammaplex injection,N,06/19/2026
33610,70,J1561,102,1,"INJECTION, IMMUNE GLOBULIN, (GAMUNEX-C&sol;GAMMAKED), NON-LYOPHILIZED (E.G., LIQUID), 500 MG",Gamunex-c&sol;gammaked,N,06/19/2026
33610,70,J1566,102,1,"INJECTION, IMMUNE GLOBULIN, INTRAVENOUS, LYOPHILIZED (E.G., POWDER), NOT OTHERWISE SPECIFIED, 500 MG","Immune globulin, powder",N,06/19/2026
33610,70,J1568,102,1,"INJECTION, IMMUNE GLOBULIN, (OCTAGAM), INTRAVENOUS, NON-LYOPHILIZED (E.G., LIQUID), 500 MG",Octagam injection,N,06/19/2026
33610,70,J1569,102,1,"INJECTION, IMMUNE GLOBULIN, (GAMMAGARD LIQUID&sol;GAMMAGARD LIQUID ERC), 500 MG",Gammagard liquid&sol;erc inj,N,06/19/2026
33610,70,J1572,102,1,"INJECTION, IMMUNE GLOBULIN, (FLEBOGAMMA&sol;FLEBOGAMMA DIF), INTRAVENOUS, NON-LYOPHILIZED (E.G., LIQUID), 500 MG",Flebogamma injection,N,06/19/2026
33610,70,J1573,102,1,"INJECTION, HEPATITIS B IMMUNE GLOBULIN (HEPAGAM B), INTRAVENOUS, 0.5 ML","Hepagam b intravenous, inj",N,06/19/2026
33610,70,J1576,102,1,"INJECTION, IMMUNE GLOBULIN (PANZYGA), INTRAVENOUS, NON-LYOPHILIZED (E.G., LIQUID), 500 MG","Inj, panzyga, 500 mg",N,06/19/2026
33610,70,J1577,102,1,"INJECTION, IMMUNE GLOBULIN (QIVIGY), 100 MG","Inj, qivigy, 100mg",N,06/19/2026
33610,70,J1599,102,1,"INJECTION, IMMUNE GLOBULIN, INTRAVENOUS, NON-LYOPHILIZED (E.G., LIQUID), NOT OTHERWISE SPECIFIED, 500 MG","Ivig non-lyophilized, nos",N,06/19/2026
33610,70,J2791,102,1,"INJECTION, RHO(D) IMMUNE GLOBULIN (HUMAN), (RHOPHYLAC), INTRAMUSCULAR OR INTRAVENOUS, 100 IU",Rhophylac injection,N,06/19/2026
33610,70,Q2052,102,1,"SERVICES, SUPPLIES AND ACCESSORIES USED IN THE HOME FOR THE ADMINISTRATION OF INTRAVENOUS IMMUNE GLOBULIN (IVIG)","Home ivig, services&sol;supplies",N,06/19/2026
33794,171,E0776,102,1,IV POLE,Iv pole,N,06/19/2026
33794,171,E0779,102,1,"AMBULATORY INFUSION PUMP, MECHANICAL, REUSABLE, FOR INFUSION 8 HOURS OR GREATER",Amb infusion pump mechanical,N,06/19/2026
33794,171,E0780,102,1,"AMBULATORY INFUSION PUMP, MECHANICAL, REUSABLE, FOR INFUSION LESS THAN 8 HOURS",Mech amb infusion pump &lt;8hrs,N,06/19/2026
33794,171,E0781,102,1,"AMBULATORY INFUSION PUMP, SINGLE OR MULTIPLE CHANNELS, ELECTRIC OR BATTERY OPERATED, WITH ADMINISTRATIVE EQUIPMENT, WORN BY PATIENT",External ambulatory infus pu,N,06/19/2026
33794,171,E0784,102,1,"EXTERNAL AMBULATORY INFUSION PUMP, INSULIN",Ext amb infusn pump insulin,N,06/19/2026
33794,171,E0791,102,1,"PARENTERAL INFUSION PUMP, STATIONARY, SINGLE OR MULTI-CHANNEL",Parenteral infusion pump sta,N,06/19/2026
33794,171,E1399,102,1,"DURABLE MEDICAL EQUIPMENT, MISCELLANEOUS",Durable medical equipment mi,N,06/19/2026
33794,171,K0455,102,1,"INFUSION PUMP USED FOR UNINTERRUPTED PARENTERAL ADMINISTRATION OF MEDICATION, (E.G., EPOPROSTENOL OR TREPROSTINOL)",Pump uninterrupted infusion,N,06/19/2026
33794,171,A4221,102,2,"SUPPLIES FOR MAINTENANCE OF NON-INSULIN DRUG INFUSION CATHETER, PER WEEK (LIST DRUGS SEPARATELY)",Supp non-insulin inf cath&sol;wk,N,06/19/2026
33794,171,A4222,102,2,"INFUSION SUPPLIES FOR EXTERNAL DRUG INFUSION PUMP, PER CASSETTE OR BAG (LIST DRUGS SEPARATELY)",Infusion supplies with pump,N,06/19/2026
33794,171,A4223,102,2,"INFUSION SUPPLIES NOT USED WITH EXTERNAL INFUSION PUMP, PER CASSETTE OR BAG (LIST DRUGS SEPARATELY)",Infusion supplies w&sol;o pump,N,06/19/2026
33794,171,A4224,102,2,"SUPPLIES FOR MAINTENANCE OF INSULIN INFUSION CATHETER, PER WEEK",Supply insulin inf cath&sol;wk,N,06/19/2026
33794,171,A4225,102,2,"SUPPLIES FOR EXTERNAL INSULIN INFUSION PUMP, SYRINGE TYPE CARTRIDGE, STERILE, EACH",Sup&sol;ext insulin inf pump syr,N,06/19/2026
33794,171,A4305,102,2,"DISPOSABLE DRUG DELIVERY SYSTEM, FLOW RATE OF 50 ML OR GREATER PER HOUR",Drug delivery system &gt;=50 ml,N,06/19/2026
33794,171,A4306,102,2,"DISPOSABLE DRUG DELIVERY SYSTEM, FLOW RATE OF LESS THAN 50 ML PER HOUR",Drug delivery system &lt;=50 ml,N,06/19/2026
33794,171,A4602,102,2,"REPLACEMENT BATTERY FOR EXTERNAL INFUSION PUMP OWNED BY PATIENT, LITHIUM, 1.5 VOLT, EACH",Replace lithium battery 1.5v,N,06/19/2026
33794,171,A9270,102,2,NON-COVERED ITEM OR SERVICE,Non-covered item or service,N,06/19/2026
33794,171,A9274,102,2,"EXTERNAL AMBULATORY INSULIN DELIVERY SYSTEM, DISPOSABLE, EACH, INCLUDES ALL SUPPLIES AND ACCESSORIES",Ext amb insulin delivery sys,N,06/19/2026
33794,171,K0552,102,2,"SUPPLIES FOR EXTERNAL NON-INSULIN DRUG INFUSION PUMP, SYRINGE TYPE CARTRIDGE, STERILE, EACH",Sup&sol;ext non-ins inf pump syr,N,06/19/2026
33794,171,K0601,102,2,"REPLACEMENT BATTERY FOR EXTERNAL INFUSION PUMP OWNED BY PATIENT, SILVER OXIDE, 1.5 VOLT, EACH",Repl batt silver oxide 1.5 v,N,06/19/2026
33794,171,K0602,102,2,"REPLACEMENT BATTERY FOR EXTERNAL INFUSION PUMP OWNED BY PATIENT, SILVER OXIDE, 3 VOLT, EACH",Repl batt silver oxide 3 v,N,06/19/2026
33794,171,K0603,102,2,"REPLACEMENT BATTERY FOR EXTERNAL INFUSION PUMP OWNED BY PATIENT, ALKALINE, 1.5 VOLT, EACH",Repl batt alkaline 1.5 v,N,06/19/2026
33794,171,K0604,102,2,"REPLACEMENT BATTERY FOR EXTERNAL INFUSION PUMP OWNED BY PATIENT, LITHIUM, 3.6 VOLT, EACH",Repl batt lithium 3.6 v,N,06/19/2026
33794,171,K0605,102,2,"REPLACEMENT BATTERY FOR EXTERNAL INFUSION PUMP OWNED BY PATIENT, LITHIUM, 4.5 VOLT, EACH",Repl batt lithium 4.5 v,N,06/19/2026
33794,171,J1551,102,3,"INJECTION, IMMUNE GLOBULIN (CUTAQUIG), 100 MG",Inj cutaquig 100 mg,N,06/19/2026
33794,171,J1555,102,3,"INJECTION, IMMUNE GLOBULIN (CUVITRU), 100 MG","Inj cuvitru, 100 mg",N,06/19/2026
33794,171,J1558,102,3,"INJECTION, IMMUNE GLOBULIN (XEMBIFY), 100 MG","Inj. xembify, 100 mg",N,06/19/2026
33794,171,J1559,102,3,"INJECTION, IMMUNE GLOBULIN (HIZENTRA), 100 MG",Hizentra injection,N,06/19/2026
33794,171,J1561,102,3,"INJECTION, IMMUNE GLOBULIN, (GAMUNEX-C&sol;GAMMAKED), NON-LYOPHILIZED (E.G., LIQUID), 500 MG",Gamunex-c&sol;gammaked,N,06/19/2026
33794,171,J1569,102,3,"INJECTION, IMMUNE GLOBULIN, (GAMMAGARD LIQUID&sol;GAMMAGARD LIQUID ERC), 500 MG",Gammagard liquid&sol;erc inj,N,06/19/2026
33794,171,J1575,102,3,"INJECTION, IMMUNE GLOBULIN&sol;HYALURONIDASE, (HYQVIA), 100 MG IMMUNEGLOBULIN",Hyqvia 100mg immuneglobulin,N,06/19/2026
33794,171,J7799,102,3,"NOC DRUGS, OTHER THAN INHALATION DRUGS, ADMINISTERED THROUGH DME",Non-inhalation drug for dme,N,06/19/2026
33794,171,J0133,102,4,"INJECTION, ACYCLOVIR, 5 MG",Acyclovir injection,N,06/19/2026
33794,171,J0285,102,4,"INJECTION, AMPHOTERICIN B, 50 MG",Amphotericin b,N,06/19/2026
33794,171,J0287,102,4,"INJECTION, AMPHOTERICIN B LIPID COMPLEX, 10 MG",Amphotericin b lipid complex,N,06/19/2026
33794,171,J0289,102,4,"INJECTION, AMPHOTERICIN B LIPOSOME, 10 MG",Amphotericin b liposome inj,N,06/19/2026
33794,171,J0895,102,4,"INJECTION, DEFEROXAMINE MESYLATE, 500 MG",Deferoxamine mesylate inj,N,06/19/2026
33794,171,J1171,102,4,"INJECTION, HYDROMORPHONE, 0.1 MG","Inj, hydromorphone, 0.1 mg",N,06/19/2026
33794,171,J1250,102,4,"INJECTION, DOBUTAMINE HYDROCHLORIDE, PER 250 MG",Inj dobutamine hcl&sol;250 mg,N,06/19/2026
33794,171,J1265,102,4,"INJECTION, DOPAMINE HCL, 40 MG",Dopamine injection,N,06/19/2026
33794,171,J1325,102,4,"INJECTION, EPOPROSTENOL, 0.5 MG",Epoprostenol injection,N,06/19/2026
33794,171,J1455,102,4,"INJECTION, FOSCARNET SODIUM, PER 1000 MG",Foscarnet sodium injection,N,06/19/2026
33794,171,J1570,102,4,"INJECTION, GANCICLOVIR SODIUM, 500 MG",Ganciclovir sodium injection,N,06/19/2026
33794,171,J1574,102,4,"INJECTION, GANCICLOVIR SODIUM (EXELA), NOT THERAPEUTICALLY EQUIVALENT TO J1570, 500 MG","Inj, ganciclovir (exela)",N,06/19/2026
33794,171,J1811,102,4,"INSULIN (FIASP) FOR ADMINISTRATION THROUGH DME (I.E., INSULIN PUMP) PER 50 UNITS",Fiasp for insulin pump use,N,06/19/2026
33794,171,J1813,102,4,"INSULIN (LYUMJEV) FOR ADMINISTRATION THROUGH DME (I.E., INSULIN PUMP) PER 50 UNITS",Lyumjev for insulin pump use,N,06/19/2026
33794,171,J1817,102,4,"INSULIN FOR ADMINISTRATION THROUGH DME (I.E., INSULIN PUMP) PER 50 UNITS",Insulin for insulin pump use,N,06/19/2026
33794,171,J2175,102,4,"INJECTION, MEPERIDINE HYDROCHLORIDE, PER 100 MG",Meperidine hydrochl &sol;100 mg,N,06/19/2026
33794,171,J2260,102,4,"INJECTION, MILRINONE LACTATE, 5 MG",Inj milrinone lactate &sol; 5 mg,N,06/19/2026
33794,171,J2270,102,4,"INJECTION, MORPHINE SULFATE, UP TO 10 MG",Morphine sulfate injection,N,06/19/2026
33794,171,J2274,102,4,"INJECTION, MORPHINE SULFATE, PRESERVATIVE-FREE FOR EPIDURAL OR INTRATHECAL USE, 10 MG",Inj morphine pf epid ithc,N,06/19/2026
33794,171,J2278,102,4,"INJECTION, ZICONOTIDE, 1 MICROGRAM",Ziconotide injection,N,06/19/2026
33794,171,J3010,102,4,"INJECTION, FENTANYL CITRATE, 0.1 MG",Fentanyl citrate injection,N,06/19/2026
33794,171,J3285,102,4,"INJECTION, TREPROSTINIL, 1 MG",Treprostinil injection,N,06/19/2026
33794,171,J7340,102,4,"CARBIDOPA 5 MG&sol;LEVODOPA 20 MG ENTERAL SUSPENSION, 100 ML",Carbidopa levodopa ent 100ml,N,06/19/2026
33794,171,J7356,102,4,"INJECTION, FOSCARBIDOPA 0.25 MG&sol;FOSLEVODOPA 5 MG",Inj foscarb&sol;foslevodopa 5 mg,N,06/19/2026
33794,171,J7799,102,4,"NOC DRUGS, OTHER THAN INHALATION DRUGS, ADMINISTERED THROUGH DME",Non-inhalation drug for dme,N,06/19/2026
33794,171,J7999,102,4,"COMPOUNDED DRUG, NOT OTHERWISE CLASSIFIED","Compounded drug, noc",N,06/19/2026
33794,171,J9000,102,4,"INJECTION, DOXORUBICIN HYDROCHLORIDE, 10 MG",Doxorubicin hcl injection,N,06/19/2026
33794,171,J9039,102,4,"INJECTION, BLINATUMOMAB, 1 MICROGRAM","Injection, blinatumomab",N,06/19/2026
33794,171,J9040,102,4,"INJECTION, BLEOMYCIN SULFATE, 15 UNITS",Bleomycin sulfate injection,N,06/19/2026
33794,171,J9065,102,4,"INJECTION, CLADRIBINE, PER 1 MG",Inj cladribine per 1 mg,N,06/19/2026
33794,171,J9100,102,4,"INJECTION, CYTARABINE, 100 MG",Cytarabine hcl 100 mg inj,N,06/19/2026
33794,171,J9190,102,4,"INJECTION, FLUOROURACIL, 500 MG",Fluorouracil injection,N,06/19/2026
33794,171,J9200,102,4,"INJECTION, FLOXURIDINE, 500 MG",Floxuridine injection,N,06/19/2026
33794,171,J9360,102,4,"INJECTION, VINBLASTINE SULFATE, 1 MG",Vinblastine sulfate inj,N,06/19/2026
33794,171,J9370,102,4,"VINCRISTINE SULFATE, 1 MG",Vincristine sulfate 1 mg inj,N,06/19/2026
33832,20,A4364,101,1,"ADHESIVE, LIQUID OR EQUAL, ANY TYPE, PER OZ","Adhesive, liquid or equal",N,05/05/2026
33832,20,A4402,101,1,"LUBRICANT, PER OUNCE",Lubricant per ounce,N,05/05/2026
33832,20,A4450,101,1,"TAPE, NON-WATERPROOF, PER 18 SQUARE INCHES",Non-waterproof tape,N,05/05/2026
33832,20,A4452,101,1,"TAPE, WATERPROOF, PER 18 SQUARE INCHES",Waterproof tape,N,05/05/2026
33832,20,A4456,101,1,"ADHESIVE REMOVER, WIPES, ANY TYPE, EACH","Adhesive remover, wipes",N,05/05/2026
33832,20,A4481,101,1,"TRACHEOSTOMA FILTER, ANY TYPE, ANY SIZE, EACH",Tracheostoma filter,N,05/05/2026
33832,20,A4623,101,1,"TRACHEOSTOMY, INNER CANNULA",Tracheostomy inner cannula,N,05/05/2026
33832,20,A4625,101,1,TRACHEOSTOMY CARE KIT FOR NEW TRACHEOSTOMY,Trach care kit for new trach,N,05/05/2026
33832,20,A4626,101,1,"TRACHEOSTOMY CLEANING BRUSH, EACH",Tracheostomy cleaning brush,N,05/05/2026
33832,20,A4629,101,1,TRACHEOSTOMY CARE KIT FOR ESTABLISHED TRACHEOSTOMY,Tracheostomy care kit,N,05/05/2026
33832,20,A5120,101,1,"SKIN BARRIER, WIPES OR SWABS, EACH","Skin barrier, wipe or swab",N,05/05/2026
33832,20,A5126,101,1,ADHESIVE OR NON-ADHESIVE; DISK OR FOAM PAD,Disk&sol;foam pad +or- adhesive,N,05/05/2026
33832,20,A7501,101,1,"TRACHEOSTOMA VALVE, INCLUDING DIAPHRAGM, EACH",Tracheostoma valve w diaphra,N,05/05/2026
33832,20,A7502,101,1,"REPLACEMENT DIAPHRAGM&sol;FACEPLATE FOR TRACHEOSTOMA VALVE, EACH",Replacement diaphragm&sol;fplate,N,05/05/2026
33832,20,A7503,101,1,"FILTER HOLDER OR FILTER CAP, REUSABLE, FOR USE IN A TRACHEOSTOMA HEAT AND MOISTURE EXCHANGE SYSTEM, EACH",Hmes filter holder or cap,N,05/05/2026
33832,20,A7504,101,1,"FILTER FOR USE IN A TRACHEOSTOMA HEAT AND MOISTURE EXCHANGE SYSTEM, EACH",Tracheostoma hmes filter,N,05/05/2026
33832,20,A7505,101,1,"HOUSING, REUSABLE WITHOUT ADHESIVE, FOR USE IN A HEAT AND MOISTURE EXCHANGE SYSTEM AND&sol;OR WITH A TRACHEOSTOMA VALVE, EACH",Hmes or trach valve housing,N,05/05/2026
33832,20,A7506,101,1,"ADHESIVE DISC FOR USE IN A HEAT AND MOISTURE EXCHANGE SYSTEM AND&sol;OR WITH TRACHEOSTOMA VALVE, ANY TYPE EACH",Hmes&sol;trachvalve adhesivedisk,N,05/05/2026
33832,20,A7507,101,1,"FILTER HOLDER AND INTEGRATED FILTER WITHOUT ADHESIVE, FOR USE IN A TRACHEOSTOMA HEAT AND MOISTURE EXCHANGE SYSTEM, EACH",Integrated filter &amp; holder,N,05/05/2026
33832,20,A7508,101,1,"HOUSING AND INTEGRATED ADHESIVE, FOR USE IN A TRACHEOSTOMA HEAT AND MOISTURE EXCHANGE SYSTEM AND&sol;OR WITH A TRACHEOSTOMA VALVE, EACH",Housing &amp; integrated adhesiv,N,05/05/2026
33832,20,A7509,101,1,"FILTER HOLDER AND INTEGRATED FILTER HOUSING, AND ADHESIVE, FOR USE AS A TRACHEOSTOMA HEAT AND MOISTURE EXCHANGE SYSTEM, EACH",Heat &amp; moisture exchange sys,N,05/05/2026
33832,20,A7520,101,1,"TRACHEOSTOMY&sol;LARYNGECTOMY TUBE, NON-CUFFED, POLYVINYLCHLORIDE (PVC), SILICONE OR EQUAL, EACH",Trach&sol;laryn tube non-cuffed,N,05/05/2026
33832,20,A7521,101,1,"TRACHEOSTOMY&sol;LARYNGECTOMY TUBE, CUFFED, POLYVINYLCHLORIDE (PVC), SILICONE OR EQUAL, EACH",Trach&sol;laryn tube cuffed,N,05/05/2026
33832,20,A7522,101,1,"TRACHEOSTOMY&sol;LARYNGECTOMY TUBE, STAINLESS STEEL OR EQUAL (STERILIZABLE AND REUSABLE), EACH",Trach&sol;laryn tube stainless,N,05/05/2026
33832,20,A7523,101,1,"TRACHEOSTOMY SHOWER PROTECTOR, EACH",Tracheostomy shower protect,N,05/05/2026
33832,20,A7524,101,1,"TRACHEOSTOMA STENT&sol;STUD&sol;BUTTON, EACH",Tracheostoma stent&sol;stud&sol;bttn,N,05/05/2026
33832,20,A7526,101,1,"TRACHEOSTOMY TUBE COLLAR&sol;HOLDER, EACH",Tracheostomy tube collar,N,05/05/2026
33832,20,A7527,101,1,"TRACHEOSTOMY&sol;LARYNGECTOMY TUBE PLUG&sol;STOP, EACH",Trach&sol;laryn tube plug&sol;stop,N,05/05/2026
36267,44,A4335,101,1,INCONTINENCE SUPPLY; MISCELLANEOUS,Incontinence supply,N,04/08/2026
36267,44,A4337,101,1,"INCONTINENCE SUPPLY, RECTAL INSERT, ANY TYPE, EACH",Incontinent rectal insert,N,04/08/2026
36267,44,A4453,101,1,"RECTAL CATHETER WITH OR WITHOUT BALLOON, FOR USE WITH ANY TYPE TRANSANAL IRRIGATION SYSTEM, EACH","Rec cath any transanal, each",N,04/08/2026
36267,44,A4458,101,1,"ENEMA BAG WITH TUBING, REUSABLE",Reusable enema bag,N,04/08/2026
36267,44,A4459,101,1,"MANUAL TRANSANAL IRRIGATION SYSTEM, INCLUDES WATER RESERVOIR, PUMP, TUBING, AND ACCESSORIES, WITHOUT CATHETER, ANY TYPE","Transanal irrigation, any",N,04/08/2026
36267,44,A4479,101,1,"ELECTRONIC TRANSANAL IRRIGATION SYSTEM, INCLUDES ELECTRONIC PUMP, WATER RESERVOIR, TUBING, AND ACCESSORIES, WITHOUT CATHETER, ANY TYPE","Electro pump enema, reusable",N,04/08/2026
36267,44,A4520,101,1,"INCONTINENCE GARMENT, ANY TYPE, (E.G., BRIEF, DIAPER), EACH",Incontinence garment anytype,N,04/08/2026
36267,44,A4553,101,1,"NON-DISPOSABLE UNDERPADS, ALL SIZES","Nondisp underpads, all sizes",N,04/08/2026
36267,44,A4554,101,1,"DISPOSABLE UNDERPADS, ALL SIZES",Disposable underpads,N,04/08/2026
36267,44,A9270,101,1,NON-COVERED ITEM OR SERVICE,Non-covered item or service,N,04/08/2026
36267,44,E0275,101,1,"BED PAN, STANDARD, METAL OR PLASTIC",Bed pan standard,N,04/08/2026
36267,44,E0276,101,1,"BED PAN, FRACTURE, METAL OR PLASTIC",Bed pan fracture,N,04/08/2026
36267,44,E0350,101,1,CONTROL UNIT FOR ELECTRONIC BOWEL IRRIGATION&sol;EVACUATION SYSTEM,Control unit bowel system,N,04/08/2026
36267,44,E0352,101,1,"DISPOSABLE PACK (WATER RESERVOIR BAG, SPECULUM, VALVING MECHANISM AND COLLECTION BAG&sol;BOX) FOR USE WITH THE ELECTRONIC BOWEL IRRIGATION&sol;EVACUATION SYSTEM",Disposable pack w&sol;bowel syst,N,04/08/2026
33787,40,L5000,101,1,"PARTIAL FOOT, SHOE INSERT WITH LONGITUDINAL ARCH, TOE FILLER",Sho insert w arch toe filler,N,04/02/2026
33787,40,L5010,101,1,"PARTIAL FOOT, MOLDED SOCKET, ANKLE HEIGHT, WITH TOE FILLER",Mold socket ank hgt w&sol; toe f,N,04/02/2026
33787,40,L5020,101,1,"PARTIAL FOOT, MOLDED SOCKET, TIBIAL TUBERCLE HEIGHT, WITH TOE FILLER",Tibial tubercle hgt w&sol; toe f,N,04/02/2026
33787,40,L5050,101,1,"ANKLE, SYMES, MOLDED SOCKET, SACH FOOT",Ank symes mold sckt sach ft,N,04/02/2026
33787,40,L5060,101,1,"ANKLE, SYMES, METAL FRAME, MOLDED LEATHER SOCKET, ARTICULATED ANKLE&sol;FOOT",Symes met fr leath socket ar,N,04/02/2026
33787,40,L5100,101,1,"BELOW KNEE, MOLDED SOCKET, SHIN, SACH FOOT",Molded socket shin sach foot,N,04/02/2026
33787,40,L5105,101,1,"BELOW KNEE, PLASTIC SOCKET, JOINTS AND THIGH LACER, SACH FOOT",Plast socket jts&sol;thgh lacer,N,04/02/2026
33787,40,L5150,101,1,"KNEE DISARTICULATION (OR THROUGH KNEE), MOLDED SOCKET, EXTERNAL KNEE JOINTS, SHIN, SACH FOOT",Mold sckt ext knee shin sach,N,04/02/2026
33787,40,L5160,101,1,"KNEE DISARTICULATION (OR THROUGH KNEE), MOLDED SOCKET, BENT KNEE CONFIGURATION, EXTERNAL KNEE JOINTS, SHIN, SACH FOOT",Mold socket bent knee shin s,N,04/02/2026
33787,40,L5200,101,1,"ABOVE KNEE, MOLDED SOCKET, SINGLE AXIS CONSTANT FRICTION KNEE, SHIN, SACH FOOT",Kne sing axis fric shin sach,N,04/02/2026
33787,40,L5210,101,1,"ABOVE KNEE, SHORT PROSTHESIS, NO KNEE JOINT (&#39;STUBBIES&#39;), WITH FOOT BLOCKS, NO ANKLE JOINTS, EACH",No knee&sol;ankle joints w&sol; ft b,N,04/02/2026
33787,40,L5220,101,1,"ABOVE KNEE, SHORT PROSTHESIS, NO KNEE JOINT (&#39;STUBBIES&#39;), WITH ARTICULATED ANKLE&sol;FOOT, DYNAMICALLY ALIGNED, EACH",No knee joint with artic ali,N,04/02/2026
33787,40,L5230,101,1,"ABOVE KNEE, FOR PROXIMAL FEMORAL FOCAL DEFICIENCY, CONSTANT FRICTION KNEE, SHIN, SACH FOOT",Fem focal defic constant fri,N,04/02/2026
33787,40,L5250,101,1,"HIP DISARTICULATION, CANADIAN TYPE; MOLDED SOCKET, HIP JOINT, SINGLE AXIS CONSTANT FRICTION KNEE, SHIN, SACH FOOT",Hip canad sing axi cons fric,N,04/02/2026
33787,40,L5270,101,1,"HIP DISARTICULATION, TILT TABLE TYPE; MOLDED SOCKET, LOCKING HIP JOINT, SINGLE AXIS CONSTANT FRICTION KNEE, SHIN, SACH FOOT",Tilt table locking hip sing,N,04/02/2026
33787,40,L5280,101,1,"HEMIPELVECTOMY, CANADIAN TYPE; MOLDED SOCKET, HIP JOINT, SINGLE AXIS CONSTANT FRICTION KNEE, SHIN, SACH FOOT",Hemipelvect canad sing axis,N,04/02/2026
33787,40,L5301,101,1,"BELOW KNEE, MOLDED SOCKET, SHIN, SACH FOOT, ENDOSKELETAL SYSTEM",Bk mold socket sach ft endo,N,04/02/2026
33787,40,L5312,101,1,"KNEE DISARTICULATION (OR THROUGH KNEE), MOLDED SOCKET, SINGLE AXIS KNEE, PYLON, SACH FOOT, ENDOSKELETAL SYSTEM","Knee disart, sach ft, endo",N,04/02/2026
33787,40,L5321,101,1,"ABOVE KNEE, MOLDED SOCKET, OPEN END, SACH FOOT, ENDOSKELETAL SYSTEM, SINGLE AXIS KNEE",Ak open end sach,N,04/02/2026
33787,40,L5331,101,1,"HIP DISARTICULATION, CANADIAN TYPE, MOLDED SOCKET, ENDOSKELETAL SYSTEM, HIP JOINT, SINGLE AXIS KNEE, SACH FOOT",Hip disart canadian sach ft,N,04/02/2026
33787,40,L5341,101,1,"HEMIPELVECTOMY, CANADIAN TYPE, MOLDED SOCKET, ENDOSKELETAL SYSTEM, HIP JOINT, SINGLE AXIS KNEE, SACH FOOT",Hemipelvectomy canadian sach,N,04/02/2026
33787,40,L5400,101,1,"IMMEDIATE POST SURGICAL OR EARLY FITTING, APPLICATION OF INITIAL RIGID DRESSING, INCLUDING FITTING, ALIGNMENT, SUSPENSION, AND ONE CAST CHANGE, BELOW KNEE",Postop dress &amp; 1 cast chg bk,N,04/02/2026
33787,40,L5410,101,1,"IMMEDIATE POST SURGICAL OR EARLY FITTING, APPLICATION OF INITIAL RIGID DRESSING, INCLUDING FITTING, ALIGNMENT AND SUSPENSION, BELOW KNEE, EACH ADDITIONAL CAST CHANGE AND REALIGNMENT",Postop dsg bk ea add cast ch,N,04/02/2026
33787,40,L5420,101,1,"IMMEDIATE POST SURGICAL OR EARLY FITTING, APPLICATION OF INITIAL RIGID DRESSING, INCLUDING FITTING, ALIGNMENT AND SUSPENSION AND ONE CAST CHANGE &#39;AK&#39; OR KNEE DISARTICULATION",Postop dsg &amp; 1 cast chg ak&sol;d,N,04/02/2026
33787,40,L5430,101,1,"IMMEDIATE POST SURGICAL OR EARLY FITTING, APPLICATION OF INITIAL RIGID DRESSING, INCL. FITTING, ALIGNMENT AND SUPENSION, &#39;AK&#39; OR KNEE DISARTICULATION, EACH ADDITIONAL CAST CHANGE AND REALIGNMENT",Postop dsg ak ea add cast ch,N,04/02/2026
33787,40,L5450,101,1,"IMMEDIATE POST SURGICAL OR EARLY FITTING, APPLICATION OF NON-WEIGHT BEARING RIGID DRESSING, BELOW KNEE",Postop app non-wgt bear dsg,N,04/02/2026
33787,40,L5460,101,1,"IMMEDIATE POST SURGICAL OR EARLY FITTING, APPLICATION OF NON-WEIGHT BEARING RIGID DRESSING, ABOVE KNEE",Postop app non-wgt bear dsg,N,04/02/2026
33787,40,L5500,101,1,"INITIAL, BELOW KNEE &#39;PTB&#39; TYPE SOCKET, NON-ALIGNABLE SYSTEM, PYLON, NO COVER, SACH FOOT, PLASTER SOCKET, DIRECT FORMED",Init bk ptb plaster direct,N,04/02/2026
33787,40,L5505,101,1,"INITIAL, ABOVE KNEE - KNEE DISARTICULATION, ISCHIAL LEVEL SOCKET, NON-ALIGNABLE SYSTEM, PYLON, NO COVER, SACH FOOT, PLASTER SOCKET, DIRECT FORMED",Init ak ischal plstr direct,N,04/02/2026
33787,40,L5510,101,1,"PREPARATORY, BELOW KNEE &#39;PTB&#39; TYPE SOCKET, NON-ALIGNABLE SYSTEM, PYLON, NO COVER, SACH FOOT, PLASTER SOCKET, MOLDED TO MODEL",Prep bk ptb plaster molded,N,04/02/2026
33787,40,L5520,101,1,"PREPARATORY, BELOW KNEE &#39;PTB&#39; TYPE SOCKET, NON-ALIGNABLE SYSTEM, PYLON, NO COVER, SACH FOOT, THERMOPLASTIC OR EQUAL, DIRECT FORMED",Perp bk ptb thermopls direct,N,04/02/2026
33787,40,L5530,101,1,"PREPARATORY, BELOW KNEE &#39;PTB&#39; TYPE SOCKET, NON-ALIGNABLE SYSTEM, PYLON, NO COVER, SACH FOOT, THERMOPLASTIC OR EQUAL, MOLDED TO MODEL",Prep bk ptb thermopls molded,N,04/02/2026
33787,40,L5535,101,1,"PREPARATORY, BELOW KNEE &#39;PTB&#39; TYPE SOCKET, NON-ALIGNABLE SYSTEM, NO COVER, SACH FOOT, PREFABRICATED, ADJUSTABLE OPEN END SOCKET",Prep bk ptb open end socket,N,04/02/2026
33787,40,L5540,101,1,"PREPARATORY, BELOW KNEE &#39;PTB&#39; TYPE SOCKET, NON-ALIGNABLE SYSTEM, PYLON, NO COVER, SACH FOOT, LAMINATED SOCKET, MOLDED TO MODEL",Prep bk ptb laminated socket,N,04/02/2026
33787,40,L5560,101,1,"PREPARATORY, ABOVE KNEE- KNEE DISARTICULATION, ISCHIAL LEVEL SOCKET, NON-ALIGNABLE SYSTEM, PYLON, NO COVER, SACH FOOT, PLASTER SOCKET, MOLDED TO MODEL",Prep ak ischial plast molded,N,04/02/2026
33787,40,L5570,101,1,"PREPARATORY, ABOVE KNEE - KNEE DISARTICULATION, ISCHIAL LEVEL SOCKET, NON-ALIGNABLE SYSTEM, PYLON, NO COVER, SACH FOOT, THERMOPLASTIC OR EQUAL, DIRECT FORMED",Prep ak ischial direct form,N,04/02/2026
33787,40,L5580,101,1,"PREPARATORY, ABOVE KNEE - KNEE DISARTICULATION ISCHIAL LEVEL SOCKET, NON-ALIGNABLE SYSTEM, PYLON, NO COVER, SACH FOOT, THERMOPLASTIC OR EQUAL, MOLDED TO MODEL",Prep ak ischial thermo mold,N,04/02/2026
33787,40,L5585,101,1,"PREPARATORY, ABOVE KNEE - KNEE DISARTICULATION, ISCHIAL LEVEL SOCKET, NON-ALIGNABLE SYSTEM, PYLON, NO COVER, SACH FOOT, PREFABRICATED ADJUSTABLE OPEN END SOCKET",Prep ak ischial open end,N,04/02/2026
33787,40,L5590,101,1,"PREPARATORY, ABOVE KNEE - KNEE DISARTICULATION ISCHIAL LEVEL SOCKET, NON-ALIGNABLE SYSTEM, PYLON NO COVER, SACH FOOT, LAMINATED SOCKET, MOLDED TO MODEL",Prep ak ischial laminated,N,04/02/2026
33787,40,L5595,101,1,"PREPARATORY, HIP DISARTICULATION-HEMIPELVECTOMY, PYLON, NO COVER, SACH FOOT, THERMOPLASTIC OR EQUAL, MOLDED TO PATIENT MODEL",Hip disartic sach thermopls,N,04/02/2026
33787,40,L5600,101,1,"PREPARATORY, HIP DISARTICULATION-HEMIPELVECTOMY, PYLON, NO COVER, SACH FOOT, LAMINATED SOCKET, MOLDED TO PATIENT MODEL",Hip disart sach laminat mold,N,04/02/2026
33787,40,L5610,101,1,"ADDITION TO LOWER EXTREMITY, ENDOSKELETAL SYSTEM, ABOVE KNEE, HYDRACADENCE SYSTEM",Above knee hydracadence,N,04/02/2026
33787,40,L5611,101,1,"ADDITION TO LOWER EXTREMITY, ENDOSKELETAL SYSTEM, ABOVE KNEE - KNEE DISARTICULATION, 4 BAR LINKAGE, WITH FRICTION SWING PHASE CONTROL",Ak 4 bar link w&sol;fric swing,N,04/02/2026
33787,40,L5613,101,1,"ADDITION TO LOWER EXTREMITY, ENDOSKELETAL SYSTEM, ABOVE KNEE-KNEE DISARTICULATION, 4 BAR LINKAGE, WITH HYDRAULIC SWING PHASE CONTROL",Ak 4 bar ling w&sol;hydraul swig,N,04/02/2026
33787,40,L5614,101,1,"ADDITION TO LOWER EXTREMITY, EXOSKELETAL SYSTEM, ABOVE KNEE-KNEE DISARTICULATION, 4 BAR LINKAGE, WITH PNEUMATIC SWING PHASE CONTROL",4-bar link above knee w&sol;swng,N,04/02/2026
33787,40,L5615,101,1,"ADDITION, ENDOSKELETAL KNEE-SHIN SYSTEM, 4 BAR LINKAGE OR MULTIAXIAL, FLUID SWING AND STANCE PHASE CONTROL",Ak 4 bar link hydl swg&sol;stanc,N,04/02/2026
33787,40,L5616,101,1,"ADDITION TO LOWER EXTREMITY, ENDOSKELETAL SYSTEM, ABOVE KNEE, UNIVERSAL MULTIPLEX SYSTEM, FRICTION SWING PHASE CONTROL",Ak univ multiplex sys frict,N,04/02/2026
33787,40,L5617,101,1,"ADDITION TO LOWER EXTREMITY, QUICK CHANGE SELF-ALIGNING UNIT, ABOVE KNEE OR BELOW KNEE, EACH",Ak&sol;bk self-aligning unit ea,N,04/02/2026
33787,40,L5618,101,1,"ADDITION TO LOWER EXTREMITY, TEST SOCKET, SYMES",Test socket symes,N,04/02/2026
33787,40,L5620,101,1,"ADDITION TO LOWER EXTREMITY, TEST SOCKET, BELOW KNEE",Test socket below knee,N,04/02/2026
33787,40,L5622,101,1,"ADDITION TO LOWER EXTREMITY, TEST SOCKET, KNEE DISARTICULATION",Test socket knee disarticula,N,04/02/2026
33787,40,L5624,101,1,"ADDITION TO LOWER EXTREMITY, TEST SOCKET, ABOVE KNEE",Test socket above knee,N,04/02/2026
33787,40,L5626,101,1,"ADDITION TO LOWER EXTREMITY, TEST SOCKET, HIP DISARTICULATION",Test socket hip disarticulat,N,04/02/2026
33787,40,L5628,101,1,"ADDITION TO LOWER EXTREMITY, TEST SOCKET, HEMIPELVECTOMY",Test socket hemipelvectomy,N,04/02/2026
33787,40,L5629,101,1,"ADDITION TO LOWER EXTREMITY, BELOW KNEE, ACRYLIC SOCKET",Below knee acrylic socket,N,04/02/2026
33787,40,L5630,101,1,"ADDITION TO LOWER EXTREMITY, SYMES TYPE, EXPANDABLE WALL SOCKET",Syme typ expandabl wall sckt,N,04/02/2026
33787,40,L5631,101,1,"ADDITION TO LOWER EXTREMITY, ABOVE KNEE OR KNEE DISARTICULATION, ACRYLIC SOCKET",Ak&sol;knee disartic acrylic soc,N,04/02/2026
33787,40,L5632,101,1,"ADDITION TO LOWER EXTREMITY, SYMES TYPE, &#39;PTB&#39; BRIM DESIGN SOCKET",Symes type ptb brim design s,N,04/02/2026
33787,40,L5634,101,1,"ADDITION TO LOWER EXTREMITY, SYMES TYPE, POSTERIOR OPENING (CANADIAN) SOCKET",Symes type poster opening so,N,04/02/2026
33787,40,L5636,101,1,"ADDITION TO LOWER EXTREMITY, SYMES TYPE, MEDIAL OPENING SOCKET",Symes type medial opening so,N,04/02/2026
33787,40,L5637,101,1,"ADDITION TO LOWER EXTREMITY, BELOW KNEE, TOTAL CONTACT",Below knee total contact,N,04/02/2026
33787,40,L5638,101,1,"ADDITION TO LOWER EXTREMITY, BELOW KNEE, LEATHER SOCKET",Below knee leather socket,N,04/02/2026
33787,40,L5639,101,1,"ADDITION TO LOWER EXTREMITY, BELOW KNEE, WOOD SOCKET",Below knee wood socket,N,04/02/2026
33787,40,L5640,101,1,"ADDITION TO LOWER EXTREMITY, KNEE DISARTICULATION, LEATHER SOCKET",Knee disarticulat leather so,N,04/02/2026
33787,40,L5642,101,1,"ADDITION TO LOWER EXTREMITY, ABOVE KNEE, LEATHER SOCKET",Above knee leather socket,N,04/02/2026
33787,40,L5643,101,1,"ADDITION TO LOWER EXTREMITY, HIP DISARTICULATION, FLEXIBLE INNER SOCKET, EXTERNAL FRAME",Hip flex inner socket ext fr,N,04/02/2026
33787,40,L5644,101,1,"ADDITION TO LOWER EXTREMITY, ABOVE KNEE, WOOD SOCKET",Above knee wood socket,N,04/02/2026
33787,40,L5645,101,1,"ADDITION TO LOWER EXTREMITY, BELOW KNEE, FLEXIBLE INNER SOCKET, EXTERNAL FRAME",Bk flex inner socket ext fra,N,04/02/2026
33787,40,L5646,101,1,"ADDITION TO LOWER EXTREMITY, BELOW KNEE, AIR, FLUID, GEL OR EQUAL, CUSHION SOCKET",Below knee cushion socket,N,04/02/2026
33787,40,L5647,101,1,"ADDITION TO LOWER EXTREMITY, BELOW KNEE SUCTION SOCKET",Below knee suction socket,N,04/02/2026
33787,40,L5648,101,1,"ADDITION TO LOWER EXTREMITY, ABOVE KNEE, AIR, FLUID, GEL OR EQUAL, CUSHION SOCKET",Above knee cushion socket,N,04/02/2026
33787,40,L5649,101,1,"ADDITION TO LOWER EXTREMITY, ISCHIAL CONTAINMENT&sol;NARROW M-L SOCKET",Isch containmt&sol;narrow m-l so,N,04/02/2026
33787,40,L5650,101,1,"ADDITIONS TO LOWER EXTREMITY, TOTAL CONTACT, ABOVE KNEE OR KNEE DISARTICULATION SOCKET",Tot contact ak&sol;knee disart s,N,04/02/2026
33787,40,L5651,101,1,"ADDITION TO LOWER EXTREMITY, ABOVE KNEE, FLEXIBLE INNER SOCKET, EXTERNAL FRAME",Ak flex inner socket ext fra,N,04/02/2026
33787,40,L5652,101,1,"ADDITION TO LOWER EXTREMITY, SUCTION SUSPENSION, ABOVE KNEE OR KNEE DISARTICULATION SOCKET",Suction susp ak&sol;knee disart,N,04/02/2026
33787,40,L5653,101,1,"ADDITION TO LOWER EXTREMITY, KNEE DISARTICULATION, EXPANDABLE WALL SOCKET",Knee disart expand wall sock,N,04/02/2026
33787,40,L5654,101,1,"ADDITION TO LOWER EXTREMITY, SOCKET INSERT, SYMES, (KEMBLO, PELITE, ALIPLAST, PLASTAZOTE OR EQUAL)",Socket insert symes,N,04/02/2026
33787,40,L5655,101,1,"ADDITION TO LOWER EXTREMITY, SOCKET INSERT, BELOW KNEE (KEMBLO, PELITE, ALIPLAST, PLASTAZOTE OR EQUAL)",Socket insert below knee,N,04/02/2026
33787,40,L5656,101,1,"ADDITION TO LOWER EXTREMITY, SOCKET INSERT, KNEE DISARTICULATION (KEMBLO, PELITE, ALIPLAST, PLASTAZOTE OR EQUAL)",Socket insert knee articulat,N,04/02/2026
33787,40,L5657,101,1,"ADDITION TO LOWER EXTREMITY PROSTHESIS, MANUAL&sol;AUTOMATED ADJUSTABLE AIR, FLUID, GEL OR EQUAL SOCKET INSERT FOR LIMB VOLUME MANAGEMENT, ANY MATERIALS",Add low ext man aut vol any,N,04/02/2026
33787,40,L5658,101,1,"ADDITION TO LOWER EXTREMITY, SOCKET INSERT, ABOVE KNEE (KEMBLO, PELITE, ALIPLAST, PLASTAZOTE OR EQUAL)",Socket insert above knee,N,04/02/2026
33787,40,L5661,101,1,"ADDITION TO LOWER EXTREMITY, SOCKET INSERT, MULTI-DUROMETER SYMES",Multi-durometer symes,N,04/02/2026
33787,40,L5665,101,1,"ADDITION TO LOWER EXTREMITY, SOCKET INSERT, MULTI-DUROMETER, BELOW KNEE",Multi-durometer below knee,N,04/02/2026
33787,40,L5666,101,1,"ADDITION TO LOWER EXTREMITY, BELOW KNEE, CUFF SUSPENSION",Below knee cuff suspension,N,04/02/2026
33787,40,L5668,101,1,"ADDITION TO LOWER EXTREMITY, BELOW KNEE, MOLDED DISTAL CUSHION",Bk molded distal cushion,N,04/02/2026
33787,40,L5670,101,1,"ADDITION TO LOWER EXTREMITY, BELOW KNEE, MOLDED SUPRACONDYLAR SUSPENSION (&#39;PTS&#39; OR SIMILAR)",Bk molded supracondylar susp,N,04/02/2026
33787,40,L5671,101,1,"ADDITION TO LOWER EXTREMITY, BELOW KNEE &sol; ABOVE KNEE SUSPENSION LOCKING MECHANISM (SHUTTLE, LANYARD OR EQUAL), EXCLUDES SOCKET INSERT",Bk&sol;ak locking mechanism,N,04/02/2026
33787,40,L5672,101,1,"ADDITION TO LOWER EXTREMITY, BELOW KNEE, REMOVABLE MEDIAL BRIM SUSPENSION",Bk removable medial brim sus,N,04/02/2026
33787,40,L5673,101,1,"ADDITION TO LOWER EXTREMITY, BELOW KNEE&sol;ABOVE KNEE, CUSTOM FABRICATED FROM EXISTING MOLD OR PREFABRICATED, SOCKET INSERT, SILICONE GEL, ELASTOMERIC, OR EQUAL, WITH OR WITHOUT PERFORATIONS, WITH OR WITHOUT BREATHABLE MATERIAL, FOR USE WITH LOCKING MECHANISM",Socket insert w lock mech,N,04/02/2026
33787,40,L5676,101,1,"ADDITIONS TO LOWER EXTREMITY, BELOW KNEE, KNEE JOINTS, SINGLE AXIS, PAIR",Bk knee joints single axis p,N,04/02/2026
33787,40,L5677,101,1,"ADDITIONS TO LOWER EXTREMITY, BELOW KNEE, KNEE JOINTS, POLYCENTRIC, PAIR",Bk knee joints polycentric p,N,04/02/2026
33787,40,L5678,101,1,"ADDITIONS TO LOWER EXTREMITY, BELOW KNEE, JOINT COVERS, PAIR",Bk joint covers pair,N,04/02/2026
33787,40,L5679,101,1,"ADDITION TO LOWER EXTREMITY, BELOW KNEE&sol;ABOVE KNEE, CUSTOM FABRICATED FROM EXISTING MOLD OR PREFABRICATED, SOCKET INSERT, SILICONE GEL, ELASTOMERIC, OR EQUAL, WITH OR WITHOUT PERFORATIONS, WITH OR WITHOUT BREATHABLE MATERIAL, NOT FOR USE WITH LOCKING MECHANISM",Socket insert w&sol;o lock mech,N,04/02/2026
33787,40,L5680,101,1,"ADDITION TO LOWER EXTREMITY, BELOW KNEE, THIGH LACER, NONMOLDED",Bk thigh lacer non-molded,N,04/02/2026
33787,40,L5681,101,1,"ADDITION TO LOWER EXTREMITY, BELOW KNEE&sol;ABOVE KNEE, CUSTOM FABRICATED SOCKET INSERT FOR CONGENITAL OR ATYPICAL TRAUMATIC AMPUTEE, SILICONE GEL, ELASTOMERIC OR EQUAL, FOR USE WITH OR WITHOUT LOCKING MECHANISM, INITIAL ONLY (FOR OTHER THAN INITIAL, USE CODE L5673 OR L5679)",Intl custm cong&sol;latyp insert,N,04/02/2026
33787,40,L5682,101,1,"ADDITION TO LOWER EXTREMITY, BELOW KNEE, THIGH LACER, GLUTEAL&sol;ISCHIAL, MOLDED",Bk thigh lacer glut&sol;ischia m,N,04/02/2026
33787,40,L5683,101,1,"ADDITION TO LOWER EXTREMITY, BELOW KNEE&sol;ABOVE KNEE, CUSTOM FABRICATED SOCKET INSERT FOR OTHER THAN CONGENITAL OR ATYPICAL TRAUMATIC AMPUTEE, SILICONE GEL, ELASTOMERIC OR EQUAL, FOR USE WITH OR WITHOUT LOCKING MECHANISM, INITIAL ONLY (FOR OTHER THAN INITIAL, USE CODE L5673 OR L5679)",Initial custom socket insert,N,04/02/2026
33787,40,L5684,101,1,"ADDITION TO LOWER EXTREMITY, BELOW KNEE, FORK STRAP",Bk fork strap,N,04/02/2026
33787,40,L5685,101,1,"ADDITION TO LOWER EXTREMITY PROSTHESIS, BELOW KNEE, SUSPENSION&sol;SEALING SLEEVE, WITH OR WITHOUT VALVE, ANY MATERIAL, EACH",Below knee sus&sol;seal sleeve,N,04/02/2026
33787,40,L5686,101,1,"ADDITION TO LOWER EXTREMITY, BELOW KNEE, BACK CHECK (EXTENSION CONTROL)",Bk back check,N,04/02/2026
33787,40,L5688,101,1,"ADDITION TO LOWER EXTREMITY, BELOW KNEE, WAIST BELT, WEBBING",Bk waist belt webbing,N,04/02/2026
33787,40,L5690,101,1,"ADDITION TO LOWER EXTREMITY, BELOW KNEE, WAIST BELT, PADDED AND LINED",Bk waist belt padded and lin,N,04/02/2026
33787,40,L5692,101,1,"ADDITION TO LOWER EXTREMITY, ABOVE KNEE, PELVIC CONTROL BELT, LIGHT",Ak pelvic control belt light,N,04/02/2026
33787,40,L5694,101,1,"ADDITION TO LOWER EXTREMITY, ABOVE KNEE, PELVIC CONTROL BELT, PADDED AND LINED",Ak pelvic control belt pad&sol;l,N,04/02/2026
33787,40,L5695,101,1,"ADDITION TO LOWER EXTREMITY, ABOVE KNEE, PELVIC CONTROL, SLEEVE SUSPENSION, NEOPRENE OR EQUAL, EACH",Ak sleeve susp neoprene&sol;equa,N,04/02/2026
33787,40,L5696,101,1,"ADDITION TO LOWER EXTREMITY, ABOVE KNEE OR KNEE DISARTICULATION, PELVIC JOINT",Ak&sol;knee disartic pelvic join,N,04/02/2026
33787,40,L5697,101,1,"ADDITION TO LOWER EXTREMITY, ABOVE KNEE OR KNEE DISARTICULATION, PELVIC BAND",Ak&sol;knee disartic pelvic band,N,04/02/2026
33787,40,L5698,101,1,"ADDITION TO LOWER EXTREMITY, ABOVE KNEE OR KNEE DISARTICULATION, SILESIAN BANDAGE",Ak&sol;knee disartic silesian ba,N,04/02/2026
33787,40,L5699,101,1,"ALL LOWER EXTREMITY PROSTHESES, SHOULDER HARNESS",Shoulder harness,N,04/02/2026
33787,40,L5700,101,1,"REPLACEMENT, SOCKET, BELOW KNEE, MOLDED TO PATIENT MODEL",Replace socket below knee,N,04/02/2026
33787,40,L5701,101,1,"REPLACEMENT, SOCKET, ABOVE KNEE&sol;KNEE DISARTICULATION, INCLUDING ATTACHMENT PLATE, MOLDED TO PATIENT MODEL",Replace socket above knee,N,04/02/2026
33787,40,L5702,101,1,"REPLACEMENT, SOCKET, HIP DISARTICULATION, INCLUDING HIP JOINT, MOLDED TO PATIENT MODEL",Replace socket hip,N,04/02/2026
33787,40,L5703,101,1,"ANKLE, SYMES, MOLDED TO PATIENT MODEL, SOCKET WITHOUT SOLID ANKLE CUSHION HEEL (SACH) FOOT, REPLACEMENT ONLY",Symes ankle w&sol;o (sach) foot,N,04/02/2026
33787,40,L5704,101,1,"CUSTOM SHAPED PROTECTIVE COVER, BELOW KNEE",Custom shape cover bk,N,04/02/2026
33787,40,L5705,101,1,"CUSTOM SHAPED PROTECTIVE COVER, ABOVE KNEE",Custom shape cover ak,N,04/02/2026
33787,40,L5706,101,1,"CUSTOM SHAPED PROTECTIVE COVER, KNEE DISARTICULATION",Custom shape cvr knee disart,N,04/02/2026
33787,40,L5707,101,1,"CUSTOM SHAPED PROTECTIVE COVER, HIP DISARTICULATION",Custom shape cvr hip disart,N,04/02/2026
33787,40,L5710,101,1,"ADDITION, EXOSKELETAL KNEE-SHIN SYSTEM, SINGLE AXIS, MANUAL LOCK",Kne-shin exo sng axi mnl loc,N,04/02/2026
33787,40,L5711,101,1,"ADDITIONS EXOSKELETAL KNEE-SHIN SYSTEM, SINGLE AXIS, MANUAL LOCK, ULTRA-LIGHT MATERIAL",Knee-shin exo mnl lock ultra,N,04/02/2026
33787,40,L5712,101,1,"ADDITION, EXOSKELETAL KNEE-SHIN SYSTEM, SINGLE AXIS, FRICTION SWING AND STANCE PHASE CONTROL (SAFETY KNEE)",Knee-shin exo frict swg &amp; st,N,04/02/2026
33787,40,L5714,101,1,"ADDITION, EXOSKELETAL KNEE-SHIN SYSTEM, SINGLE AXIS, VARIABLE FRICTION SWING PHASE CONTROL",Knee-shin exo variable frict,N,04/02/2026
33787,40,L5716,101,1,"ADDITION, EXOSKELETAL KNEE-SHIN SYSTEM, POLYCENTRIC, MECHANICAL STANCE PHASE LOCK",Knee-shin exo mech stance ph,N,04/02/2026
33787,40,L5718,101,1,"ADDITION, EXOSKELETAL KNEE-SHIN SYSTEM, POLYCENTRIC, FRICTION SWING AND STANCE PHASE CONTROL",Knee-shin exo frct swg &amp; sta,N,04/02/2026
33787,40,L5722,101,1,"ADDITION, EXOSKELETAL KNEE-SHIN SYSTEM, SINGLE AXIS, PNEUMATIC SWING, FRICTION STANCE PHASE CONTROL",Knee-shin pneum swg frct exo,N,04/02/2026
33787,40,L5724,101,1,"ADDITION, EXOSKELETAL KNEE-SHIN SYSTEM, SINGLE AXIS, FLUID SWING PHASE CONTROL",Knee-shin exo fluid swing ph,N,04/02/2026
33787,40,L5726,101,1,"ADDITION, EXOSKELETAL KNEE-SHIN SYSTEM, SINGLE AXIS, EXTERNAL JOINTS FLUID SWING PHASE CONTROL",Knee-shin ext jnts fld swg e,N,04/02/2026
33787,40,L5728,101,1,"ADDITION, EXOSKELETAL KNEE-SHIN SYSTEM, SINGLE AXIS, FLUID SWING AND STANCE PHASE CONTROL",Knee-shin fluid swg &amp; stance,N,04/02/2026
33787,40,L5780,101,1,"ADDITION, EXOSKELETAL KNEE-SHIN SYSTEM, SINGLE AXIS, PNEUMATIC&sol;HYDRA PNEUMATIC SWING PHASE CONTROL",Knee-shin pneum&sol;hydra pneum,N,04/02/2026
33787,40,L5781,101,1,"ADDITION TO LOWER LIMB PROSTHESIS, VACUUM PUMP, RESIDUAL LIMB VOLUME MANAGEMENT AND MOISTURE EVACUATION SYSTEM",Lower limb pros vacuum pump,N,04/02/2026
33787,40,L5782,101,1,"ADDITION TO LOWER LIMB PROSTHESIS, VACUUM PUMP, RESIDUAL LIMB VOLUME MANAGEMENT AND MOISTURE EVACUATION SYSTEM, HEAVY DUTY",Hd low limb pros vacuum pump,N,04/02/2026
33787,40,L5783,101,1,"ADDITION TO LOWER EXTREMITY, USER ADJUSTABLE, MECHANICAL, RESIDUAL LIMB VOLUME MANAGEMENT SYSTEM (WITH OR WITHOUT LAMINATION KIT)",Add low ext mec limb vol lam,N,04/02/2026
33787,40,L5785,101,1,"ADDITION, EXOSKELETAL SYSTEM, BELOW KNEE, ULTRA-LIGHT MATERIAL (TITANIUM, CARBON FIBER OR EQUAL)",Exoskeletal bk ultralt mater,N,04/02/2026
33787,40,L5790,101,1,"ADDITION, EXOSKELETAL SYSTEM, ABOVE KNEE, ULTRA-LIGHT MATERIAL (TITANIUM, CARBON FIBER OR EQUAL)",Exoskeletal ak ultra-light m,N,04/02/2026
33787,40,L5795,101,1,"ADDITION, EXOSKELETAL SYSTEM, HIP DISARTICULATION, ULTRA-LIGHT MATERIAL (TITANIUM, CARBON FIBER OR EQUAL)",Exoskel hip ultra-light mate,N,04/02/2026
33787,40,L5810,101,1,"ADDITION, ENDOSKELETAL KNEE-SHIN SYSTEM, SINGLE AXIS, MANUAL LOCK",Endoskel knee-shin mnl lock,N,04/02/2026
33787,40,L5811,101,1,"ADDITION, ENDOSKELETAL KNEE-SHIN SYSTEM, SINGLE AXIS, MANUAL LOCK, ULTRA-LIGHT MATERIAL",Endo knee-shin mnl lck ultra,N,04/02/2026
33787,40,L5812,101,1,"ADDITION, ENDOSKELETAL KNEE-SHIN SYSTEM, SINGLE AXIS, FRICTION SWING AND STANCE PHASE CONTROL (SAFETY KNEE)",Endo knee-shin frct swg &amp; st,N,04/02/2026
33787,40,L5814,101,1,"ADDITION, ENDOSKELETAL KNEE-SHIN SYSTEM, POLYCENTRIC, HYDRAULIC SWING PHASE CONTROL, MECHANICAL STANCE PHASE LOCK",Endo knee-shin hydral swg ph,N,04/02/2026
33787,40,L5816,101,1,"ADDITION, ENDOSKELETAL KNEE-SHIN SYSTEM, POLYCENTRIC, MECHANICAL STANCE PHASE LOCK",Endo knee-shin polyc mch sta,N,04/02/2026
33787,40,L5818,101,1,"ADDITION, ENDOSKELETAL KNEE-SHIN SYSTEM, POLYCENTRIC, FRICTION SWING, AND STANCE PHASE CONTROL",Endo knee-shin frct swg &amp; st,N,04/02/2026
33787,40,L5822,101,1,"ADDITION, ENDOSKELETAL KNEE-SHIN SYSTEM, SINGLE AXIS, PNEUMATIC SWING, FRICTION STANCE PHASE CONTROL",Endo knee-shin pneum swg frc,N,04/02/2026
33787,40,L5824,101,1,"ADDITION, ENDOSKELETAL KNEE-SHIN SYSTEM, SINGLE AXIS, FLUID SWING PHASE CONTROL",Endo knee-shin fluid swing p,N,04/02/2026
33787,40,L5826,101,1,"ADDITION, ENDOSKELETAL KNEE-SHIN SYSTEM, SINGLE AXIS, HYDRAULIC SWING PHASE CONTROL, WITH MINIATURE HIGH ACTIVITY FRAME",Miniature knee joint,N,04/02/2026
33787,40,L5827,101,1,"ENDOSKELETAL KNEE-SHIN SYSTEM, SINGLE AXIS, ELECTROMECHANICAL SWING AND STANCE PHASE CONTROL, WITH OR WITHOUT SHOCK ABSORPTION AND STANCE EXTENSION DAMPING",Endo knee shin single axis,N,04/02/2026
33787,40,L5828,101,1,"ADDITION, ENDOSKELETAL KNEE-SHIN SYSTEM, SINGLE AXIS, FLUID SWING AND STANCE PHASE CONTROL",Endo knee-shin fluid swg&sol;sta,N,04/02/2026
33787,40,L5830,101,1,"ADDITION, ENDOSKELETAL KNEE-SHIN SYSTEM, SINGLE AXIS, PNEUMATIC&sol; SWING PHASE CONTROL",Endo knee-shin pneum&sol;swg pha,N,04/02/2026
33787,40,L5840,101,1,"ADDITION, ENDOSKELETAL KNEE&sol;SHIN SYSTEM, 4-BAR LINKAGE OR MULTIAXIAL, PNEUMATIC SWING PHASE CONTROL",Multi-axial knee&sol;shin system,N,04/02/2026
33787,40,L5841,101,1,"ADDITION, ENDOSKELETAL KNEE-SHIN SYSTEM, POLYCENTRIC, PNEUMATIC SWING, AND STANCE PHASE CONTROL",Addition endoskletl knee-shi,N,04/02/2026
33787,40,L5845,101,1,"ADDITION, ENDOSKELETAL, KNEE-SHIN SYSTEM, STANCE FLEXION FEATURE, ADJUSTABLE",Knee-shin sys stance flexion,N,04/02/2026
33787,40,L5848,101,1,"ADDITION TO ENDOSKELETAL KNEE-SHIN SYSTEM, FLUID STANCE EXTENSION, DAMPENING FEATURE, WITH OR WITHOUT ADJUSTABILITY",Knee-shin sys hydraul stance,N,04/02/2026
33787,40,L5850,101,1,"ADDITION, ENDOSKELETAL SYSTEM, ABOVE KNEE OR HIP DISARTICULATION, KNEE EXTENSION ASSIST",Endo ak&sol;hip knee extens assi,N,04/02/2026
33787,40,L5855,101,1,"ADDITION, ENDOSKELETAL SYSTEM, HIP DISARTICULATION, MECHANICAL HIP EXTENSION ASSIST",Mech hip extension assist,N,04/02/2026
33787,40,L5856,101,1,"ADDITION TO LOWER EXTREMITY PROSTHESIS, ENDOSKELETAL KNEE-SHIN SYSTEM, MICROPROCESSOR CONTROL FEATURE, SWING AND STANCE PHASE, INCLUDES ELECTRONIC SENSOR(S), ANY TYPE",Elec knee-shin swing&sol;stance,N,04/02/2026
33787,40,L5857,101,1,"ADDITION TO LOWER EXTREMITY PROSTHESIS, ENDOSKELETAL KNEE-SHIN SYSTEM, MICROPROCESSOR CONTROL FEATURE, SWING PHASE ONLY, INCLUDES ELECTRONIC SENSOR(S), ANY TYPE",Elec knee-shin swing only,N,04/02/2026
33787,40,L5858,101,1,"ADDITION TO LOWER EXTREMITY PROSTHESIS, ENDOSKELETAL KNEE SHIN SYSTEM, MICROPROCESSOR CONTROL FEATURE, STANCE PHASE ONLY, INCLUDES ELECTRONIC SENSOR(S), ANY TYPE",Stance phase only,N,04/02/2026
33787,40,L5859,101,1,"ADDITION TO LOWER EXTREMITY PROSTHESIS, ENDOSKELETAL KNEE-SHIN SYSTEM, POWERED AND PROGRAMMABLE FLEXION&sol;EXTENSION ASSIST CONTROL, INCLUDES ANY TYPE MOTOR(S)",Knee-shin pro flex&sol;ext cont,N,04/02/2026
33787,40,L5910,101,1,"ADDITION, ENDOSKELETAL SYSTEM, BELOW KNEE, ALIGNABLE SYSTEM",Endo below knee alignable sy,N,04/02/2026
33787,40,L5920,101,1,"ADDITION, ENDOSKELETAL SYSTEM, ABOVE KNEE OR HIP DISARTICULATION, ALIGNABLE SYSTEM",Endo ak&sol;hip alignable system,N,04/02/2026
33787,40,L5925,101,1,"ADDITION, ENDOSKELETAL SYSTEM, ABOVE KNEE, KNEE DISARTICULATION OR HIP DISARTICULATION, MANUAL LOCK",Above knee manual lock,N,04/02/2026
33787,40,L5926,101,1,"ADDITION TO LOWER EXTREMITY PROSTHESIS, ENDOSKELETAL, KNEE DISARTICULATION, ABOVE KNEE, HIP DISARTICULATION, POSITIONAL ROTATION UNIT, ANY TYPE",Endoskel posit rotat unit,N,04/02/2026
33787,40,L5930,101,1,"ADDITION, ENDOSKELETAL SYSTEM, HIGH ACTIVITY KNEE CONTROL FRAME",High activity knee frame,N,04/02/2026
33787,40,L5940,101,1,"ADDITION, ENDOSKELETAL SYSTEM, BELOW KNEE, ULTRA-LIGHT MATERIAL (TITANIUM, CARBON FIBER OR EQUAL)",Endo bk ultra-light material,N,04/02/2026
33787,40,L5950,101,1,"ADDITION, ENDOSKELETAL SYSTEM, ABOVE KNEE, ULTRA-LIGHT MATERIAL (TITANIUM, CARBON FIBER OR EQUAL)",Endo ak ultra-light material,N,04/02/2026
33787,40,L5960,101,1,"ADDITION, ENDOSKELETAL SYSTEM, HIP DISARTICULATION, ULTRA-LIGHT MATERIAL (TITANIUM, CARBON FIBER OR EQUAL)",Endo hip ultra-light materia,N,04/02/2026
33787,40,L5961,101,1,"ADDITION, ENDOSKELETAL SYSTEM, POLYCENTRIC HIP JOINT, PNEUMATIC OR HYDRAULIC CONTROL, ROTATION CONTROL, WITH OR WITHOUT FLEXION AND&sol;OR EXTENSION CONTROL","Endo poly hip, pneu&sol;hyd&sol;rot",N,04/02/2026
33787,40,L5962,101,1,"ADDITION, ENDOSKELETAL SYSTEM, BELOW KNEE, FLEXIBLE PROTECTIVE OUTER SURFACE COVERING SYSTEM",Below knee flex cover system,N,04/02/2026
33787,40,L5964,101,1,"ADDITION, ENDOSKELETAL SYSTEM, ABOVE KNEE, FLEXIBLE PROTECTIVE OUTER SURFACE COVERING SYSTEM",Above knee flex cover system,N,04/02/2026
33787,40,L5966,101,1,"ADDITION, ENDOSKELETAL SYSTEM, HIP DISARTICULATION, FLEXIBLE PROTECTIVE OUTER SURFACE COVERING SYSTEM",Hip flexible cover system,N,04/02/2026
33787,40,L5968,101,1,"ADDITION TO LOWER LIMB PROSTHESIS, MULTIAXIAL ANKLE WITH SWING PHASE ACTIVE DORSIFLEXION FEATURE",Multiaxial ankle w dorsiflex,N,04/02/2026
33787,40,L5969,101,1,"ADDITION, ENDOSKELETAL ANKLE-FOOT OR ANKLE SYSTEM, POWER ASSIST, INCLUDES ANY TYPE MOTOR(S)",Ak&sol;ft power asst incl motors,N,04/02/2026
33787,40,L5970,101,1,"ALL LOWER EXTREMITY PROSTHESES, FOOT, EXTERNAL KEEL, SACH FOOT",Foot external keel sach foot,N,04/02/2026
33787,40,L5971,101,1,"ALL LOWER EXTREMITY PROSTHESIS, SOLID ANKLE CUSHION HEEL (SACH) FOOT, REPLACEMENT ONLY","Sach foot, replacement",N,04/02/2026
33787,40,L5972,101,1,"ALL LOWER EXTREMITY PROSTHESES, FOOT, FLEXIBLE KEEL",Flexible keel foot,N,04/02/2026
33787,40,L5973,101,1,"ENDOSKELETAL ANKLE FOOT SYSTEM, MICROPROCESSOR CONTROLLED FEATURE, DORSIFLEXION AND&sol;OR PLANTAR FLEXION CONTROL, INCLUDES POWER SOURCE",Ank-foot sys dors-plant flex,N,04/02/2026
33787,40,L5974,101,1,"ALL LOWER EXTREMITY PROSTHESES, FOOT, SINGLE AXIS ANKLE&sol;FOOT",Foot single axis ankle&sol;foot,N,04/02/2026
33787,40,L5975,101,1,"ALL LOWER EXTREMITY PROSTHESIS, COMBINATION SINGLE AXIS ANKLE AND FLEXIBLE KEEL FOOT",Combo ankle&sol;foot prosthesis,N,04/02/2026
33787,40,L5976,101,1,"ALL LOWER EXTREMITY PROSTHESES, ENERGY STORING FOOT (SEATTLE CARBON COPY II OR EQUAL)",Energy storing foot,N,04/02/2026
33787,40,L5978,101,1,"ALL LOWER EXTREMITY PROSTHESES, FOOT, MULTIAXIAL ANKLE&sol;FOOT",Ft prosth multiaxial ankl&sol;ft,N,04/02/2026
33787,40,L5979,101,1,"ALL LOWER EXTREMITY PROSTHESIS, MULTI-AXIAL ANKLE, DYNAMIC RESPONSE FOOT, ONE PIECE SYSTEM",Multi-axial ankle&sol;ft prosth,N,04/02/2026
33787,40,L5980,101,1,"ALL LOWER EXTREMITY PROSTHESES, FLEX FOOT SYSTEM",Flex foot system,N,04/02/2026
33787,40,L5981,101,1,"ALL LOWER EXTREMITY PROSTHESES, FLEX-WALK SYSTEM OR EQUAL",Flex-walk sys low ext prosth,N,04/02/2026
33787,40,L5982,101,1,"ALL EXOSKELETAL LOWER EXTREMITY PROSTHESES, AXIAL ROTATION UNIT",Exoskeletal axial rotation u,N,04/02/2026
33787,40,L5984,101,1,"ALL ENDOSKELETAL LOWER EXTREMITY PROSTHESIS, AXIAL ROTATION UNIT, WITH OR WITHOUT ADJUSTABILITY",Endoskeletal axial rotation,N,04/02/2026
33787,40,L5985,101,1,"ALL ENDOSKELETAL LOWER EXTREMITY PROSTHESES, DYNAMIC PROSTHETIC PYLON",Lwr ext dynamic prosth pylon,N,04/02/2026
33787,40,L5986,101,1,"ALL LOWER EXTREMITY PROSTHESES, MULTI-AXIAL ROTATION UNIT (&#39;MCP&#39; OR EQUAL)",Multi-axial rotation unit,N,04/02/2026
33787,40,L5987,101,1,"ALL LOWER EXTREMITY PROSTHESIS, SHANK FOOT SYSTEM WITH VERTICAL LOADING PYLON",Shank ft w vert load pylon,N,04/02/2026
33787,40,L5988,101,1,"ADDITION TO LOWER LIMB PROSTHESIS, VERTICAL SHOCK REDUCING PYLON FEATURE",Vertical shock reducing pylo,N,04/02/2026
33787,40,L5990,101,1,"ADDITION TO LOWER EXTREMITY PROSTHESIS, USER ADJUSTABLE HEEL HEIGHT",User adjustable heel height,N,04/02/2026
33787,40,L5991,101,1,"ADDITION TO LOWER EXTREMITY PROSTHESES, OSSEOINTEGRATED EXTERNAL PROSTHETIC CONNECTOR",Low pros ext osseo connector,N,04/02/2026
33787,40,L5992,101,1,"ALL LOWER EXTREMITY PROSTHESIS, FOOT SHELL FOR MODULAR FOOT&sol;NON-SOLID ANKLE CUSHION HEEL (SACH) REPLACEMENT ONLY",Low prosth foot shell repl,N,04/02/2026
33787,40,L5999,101,1,"LOWER EXTREMITY PROSTHESIS, NOT OTHERWISE SPECIFIED",Lowr extremity prosthes nos,N,04/02/2026
33787,40,L7367,101,1,"LITHIUM ION BATTERY, RECHARGEABLE, REPLACEMENT",Replacemnt lithium ionbatter,N,04/02/2026
33787,40,L7368,101,1,"LITHIUM ION BATTERY CHARGER, REPLACEMENT ONLY",Lithium ion battery charger,N,04/02/2026
33787,40,L7510,101,1,"REPAIR OF PROSTHETIC DEVICE, REPAIR OR REPLACE MINOR PARTS",Prosthetic device repair rep,N,04/02/2026
33787,40,L7520,101,1,"REPAIR PROSTHETIC DEVICE, LABOR COMPONENT, PER 15 MINUTES",Repair prosthesis per 15 min,N,04/02/2026
33787,40,L7600,101,1,"PROSTHETIC DONNING SLEEVE, ANY MATERIAL, EACH",Prosthetic donning sleeve,N,04/02/2026
33787,40,L7700,101,1,"GASKET OR SEAL, FOR USE WITH PROSTHETIC SOCKET INSERT, ANY TYPE, EACH",Pros soc insert gasket&sol;seal,N,04/02/2026
33787,40,L8400,101,1,"PROSTHETIC SHEATH, BELOW KNEE, EACH",Sheath below knee,N,04/02/2026
33787,40,L8410,101,1,"PROSTHETIC SHEATH, ABOVE KNEE, EACH",Sheath above knee,N,04/02/2026
33787,40,L8417,101,1,"PROSTHETIC SHEATH&sol;SOCK, INCLUDING A GEL CUSHION LAYER, BELOW KNEE OR ABOVE KNEE, EACH",Pros sheath&sol;sock w gel cushn,N,04/02/2026
33787,40,L8420,101,1,"PROSTHETIC SOCK, MULTIPLE PLY, BELOW KNEE, EACH",Prosthetic sock multi ply bk,N,04/02/2026
33787,40,L8430,101,1,"PROSTHETIC SOCK, MULTIPLE PLY, ABOVE KNEE, EACH",Prosthetic sock multi ply ak,N,04/02/2026
33787,40,L8440,101,1,"PROSTHETIC SHRINKER, BELOW KNEE, EACH",Shrinker below knee,N,04/02/2026
33787,40,L8460,101,1,"PROSTHETIC SHRINKER, ABOVE KNEE, EACH",Shrinker above knee,N,04/02/2026
33787,40,L8470,101,1,"PROSTHETIC SOCK, SINGLE PLY, FITTING, BELOW KNEE, EACH",Pros sock single ply bk,N,04/02/2026
33787,40,L8480,101,1,"PROSTHETIC SOCK, SINGLE PLY, FITTING, ABOVE KNEE, EACH",Pros sock single ply ak,N,04/02/2026
33686,43,A4467,101,1,"BELT, STRAP, SLEEVE, GARMENT, OR COVERING, ANY TYPE",Belt strap sleev grmnt cover,N,04/02/2026
33686,43,A9283,101,1,"FOOT PRESSURE OFF LOADING&sol;SUPPORTIVE DEVICE, ANY TYPE, EACH",Foot press off load supp dev,N,04/02/2026
33686,43,A9285,101,1,INVERSION&sol;EVERSION CORRECTION DEVICE,Inversion eversion cor devic,N,04/02/2026
33686,43,L1900,101,1,"ANKLE FOOT ORTHOSIS, SPRING WIRE, DORSIFLEXION ASSIST CALF BAND, CUSTOM FABRICATED",Afo sprng wir drsflx calf bd,N,04/02/2026
33686,43,L1902,101,1,"ANKLE ORTHOSIS, ANKLE GAUNTLET OR SIMILAR, WITH OR WITHOUT JOINTS, PREFABRICATED, OFF-THE-SHELF",Afo ankle gauntlet pre ots,N,04/02/2026
33686,43,L1904,101,1,"ANKLE ORTHOSIS, ANKLE GAUNTLET OR SIMILAR, WITH OR WITHOUT JOINTS, CUSTOM FABRICATED",Afo molded ankle gauntlet,N,04/02/2026
33686,43,L1906,101,1,"ANKLE FOOT ORTHOSIS, MULTILIGAMENTOUS ANKLE SUPPORT, PREFABRICATED, OFF-THE-SHELF",Afo multilig ank sup pre ots,N,04/02/2026
33686,43,L1907,101,1,"ANKLE ORTHOSIS, SUPRAMALLEOLAR WITH STRAPS, WITH OR WITHOUT INTERFACE&sol;PADS, CUSTOM FABRICATED",Afo supramalleolar custom,N,04/02/2026
33686,43,L1910,101,1,"ANKLE FOOT ORTHOSIS, POSTERIOR, SINGLE BAR, CLASP ATTACHMENT TO SHOE COUNTER, PREFABRICATED, INCLUDES FITTING AND ADJUSTMENT",Afo sing bar clasp attach sh,N,04/02/2026
33686,43,L1920,101,1,"ANKLE FOOT ORTHOSIS, SINGLE UPRIGHT WITH STATIC OR ADJUSTABLE STOP (PHELPS OR PERLSTEIN TYPE), CUSTOM FABRICATED",Afo sing upright w&sol; adjust s,N,04/02/2026
33686,43,L1930,101,1,"ANKLE FOOT ORTHOSIS, PLASTIC OR OTHER MATERIAL, PREFABRICATED, INCLUDES FITTING AND ADJUSTMENT",Afo plastic,N,04/02/2026
33686,43,L1932,101,1,"ANKLE FOOT ORTHOSIS, RIGID ANTERIOR TIBIAL SECTION, TOTAL CARBON FIBER OR EQUAL MATERIAL, PREFABRICATED ITEM THAT HAS BEEN TRIMMED, BENT, MOLDED, ASSEMBLED, OR OTHERWISE CUSTOMIZED TO FIT A SPECIFIC PATIENT BY AN INDIVIDUAL WITH EXPERTISE",Afo rig ant tib tcf&sol;= custom,N,04/02/2026
33686,43,L1933,101,1,"ANKLE FOOT ORTHOSIS, RIGID ANTERIOR TIBIAL SECTION, TOTAL CARBON FIBER OR EQUAL MATERIAL, PREFABRICATED, OFF-THE-SHELF",Afo rig ant tib tcf&sol;= ots,N,04/02/2026
33686,43,L1940,101,1,"ANKLE FOOT ORTHOSIS, PLASTIC OR OTHER MATERIAL, CUSTOM FABRICATED",Afo molded to patient plasti,N,04/02/2026
33686,43,L1945,101,1,"ANKLE FOOT ORTHOSIS, PLASTIC, RIGID ANTERIOR TIBIAL SECTION (FLOOR REACTION), CUSTOM FABRICATED",Afo molded plas rig ant tib,N,04/02/2026
33686,43,L1950,101,1,"ANKLE FOOT ORTHOSIS, SPIRAL, (INSTITUTE OF REHABILITATIVE MEDICINE TYPE), PLASTIC, CUSTOM FABRICATED",Afo spiral molded to pt plas,N,04/02/2026
33686,43,L1951,101,1,"ANKLE FOOT ORTHOSIS, SPIRAL, (INSTITUTE OF REHABILITATIVE MEDICINE TYPE), PLASTIC OR OTHER MATERIAL, PREFABRICATED ITEM THAT HAS BEEN TRIMMED, BENT, MOLDED, ASSEMBLED, OR OTHERWISE CUSTOMIZED TO FIT A SPECIFIC PATIENT BY AN INDIVIDUAL WITH EXPERTISE",Afo spiral prefab custom,N,04/02/2026
33686,43,L1952,101,1,"ANKLE FOOT ORTHOSIS, SPIRAL, (INSTITUTE OF REHABILITATIVE MEDICINE TYPE), PLASTIC OR OTHER MATERIAL, PREFABRICATED, OFF-THE-SHELF",Afo spiral prefab ots,N,04/02/2026
33686,43,L1960,101,1,"ANKLE FOOT ORTHOSIS, POSTERIOR SOLID ANKLE, PLASTIC, CUSTOM FABRICATED",Afo pos solid ank plastic mo,N,04/02/2026
33686,43,L1970,101,1,"ANKLE FOOT ORTHOSIS, PLASTIC WITH ANKLE JOINT, CUSTOM FABRICATED",Afo plastic molded w&sol;ankle j,N,04/02/2026
33686,43,L1971,101,1,"ANKLE FOOT ORTHOSIS, PLASTIC OR OTHER MATERIAL WITH ANKLE JOINT, WITH OR WITHOUT DORSIFLEXION ASSIST, PREFABRICATED, INCLUDES FITTING AND ADJUSTMENT","Afo w&sol;ankle joint, prefab",N,04/02/2026
33686,43,L1980,101,1,"ANKLE FOOT ORTHOSIS, SINGLE UPRIGHT FREE PLANTAR DORSIFLEXION, SOLID STIRRUP, CALF BAND&sol;CUFF (SINGLE BAR &#39;BK&#39; ORTHOSIS), CUSTOM FABRICATED",Afo sing solid stirrup calf,N,04/02/2026
33686,43,L1990,101,1,"ANKLE FOOT ORTHOSIS, DOUBLE UPRIGHT FREE PLANTAR DORSIFLEXION, SOLID STIRRUP, CALF BAND&sol;CUFF (DOUBLE BAR &#39;BK&#39; ORTHOSIS), CUSTOM FABRICATED",Afo doub solid stirrup calf,N,04/02/2026
33686,43,L2000,101,1,"KNEE ANKLE FOOT ORTHOSIS, SINGLE UPRIGHT, FREE KNEE, FREE ANKLE, SOLID STIRRUP, THIGH AND CALF BANDS&sol;CUFFS (SINGLE BAR &#39;AK&#39; ORTHOSIS), CUSTOM FABRICATED",Kafo sing fre stirr thi&sol;calf,N,04/02/2026
33686,43,L2005,101,1,"KNEE ANKLE FOOT ORTHOSIS, ANY MATERIAL, SINGLE OR DOUBLE UPRIGHT, STANCE CONTROL, AUTOMATIC LOCK AND SWING PHASE RELEASE, ANY TYPE ACTIVATION, INCLUDES ANKLE JOINT, ANY TYPE, CUSTOM FABRICATED",Kafo sng&sol;dbl mechanical act,N,04/02/2026
33686,43,L2006,101,1,"KNEE ANKLE FOOT DEVICE, ANY MATERIAL, SINGLE OR DOUBLE UPRIGHT, SWING AND STANCE PHASE MICROPROCESSOR CONTROL WITH ADJUSTABILITY, INCLUDES ALL COMPONENTS (E.G., SENSORS, BATTERIES, CHARGER), ANY TYPE ACTIVATION, WITH OR WITHOUT ANKLE JOINT(S), CUSTOM FABRICATED",Kaf sng&sol;dbl swg&sol;stn mcpr cus,N,04/02/2026
33686,43,L2010,101,1,"KNEE ANKLE FOOT ORTHOSIS, SINGLE UPRIGHT, FREE ANKLE, SOLID STIRRUP, THIGH AND CALF BANDS&sol;CUFFS (SINGLE BAR &#39;AK&#39; ORTHOSIS), WITHOUT KNEE JOINT, CUSTOM FABRICATED",Kafo sng solid stirrup w&sol;o j,N,04/02/2026
33686,43,L2020,101,1,"KNEE ANKLE FOOT ORTHOSIS, DOUBLE UPRIGHT, FREE ANKLE, SOLID STIRRUP, THIGH AND CALF BANDS&sol;CUFFS (DOUBLE BAR &#39;AK&#39; ORTHOSIS), CUSTOM FABRICATED",Kafo dbl solid stirrup band&sol;,N,04/02/2026
33686,43,L2030,101,1,"KNEE ANKLE FOOT ORTHOSIS, DOUBLE UPRIGHT, FREE ANKLE, SOLID STIRRUP, THIGH AND CALF BANDS&sol;CUFFS, (DOUBLE BAR &#39;AK&#39; ORTHOSIS), WITHOUT KNEE JOINT, CUSTOM FABRICATED",Kafo dbl solid stirrup w&sol;o j,N,04/02/2026
33686,43,L2034,101,1,"KNEE ANKLE FOOT ORTHOSIS, FULL PLASTIC, SINGLE UPRIGHT, WITH OR WITHOUT FREE MOTION KNEE, MEDIAL LATERAL ROTATION CONTROL, WITH OR WITHOUT FREE MOTION ANKLE, CUSTOM FABRICATED",Kafo pla sin up w&sol;wo k&sol;a cus,N,04/02/2026
33686,43,L2035,101,1,"KNEE ANKLE FOOT ORTHOSIS, FULL PLASTIC, STATIC (PEDIATRIC SIZE), WITHOUT FREE MOTION ANKLE, PREFABRICATED, INCLUDES FITTING AND ADJUSTMENT",Kafo plastic pediatric size,N,04/02/2026
33686,43,L2036,101,1,"KNEE ANKLE FOOT ORTHOSIS, FULL PLASTIC, DOUBLE UPRIGHT, WITH OR WITHOUT FREE MOTION KNEE, WITH OR WITHOUT FREE MOTION ANKLE, CUSTOM FABRICATED",Kafo plas doub free knee mol,N,04/02/2026
33686,43,L2037,101,1,"KNEE ANKLE FOOT ORTHOSIS, FULL PLASTIC, SINGLE UPRIGHT, WITH OR WITHOUT FREE MOTION KNEE, WITH OR WITHOUT FREE MOTION ANKLE, CUSTOM FABRICATED",Kafo plas sing free knee mol,N,04/02/2026
33686,43,L2038,101,1,"KNEE ANKLE FOOT ORTHOSIS, FULL PLASTIC, WITH OR WITHOUT FREE MOTION KNEE, MULTI-AXIS ANKLE, CUSTOM FABRICATED",Kafo w&sol;o joint multi-axis an,N,04/02/2026
33686,43,L2106,101,1,"ANKLE FOOT ORTHOSIS, FRACTURE ORTHOSIS, TIBIAL FRACTURE CAST ORTHOSIS, THERMOPLASTIC TYPE CASTING MATERIAL, CUSTOM FABRICATED",Afo tib fx cast plaster mold,N,04/02/2026
33686,43,L2108,101,1,"ANKLE FOOT ORTHOSIS, FRACTURE ORTHOSIS, TIBIAL FRACTURE CAST ORTHOSIS, CUSTOM FABRICATED",Afo tib fx cast molded to pt,N,04/02/2026
33686,43,L2112,101,1,"ANKLE FOOT ORTHOSIS, FRACTURE ORTHOSIS, TIBIAL FRACTURE ORTHOSIS, SOFT, PREFABRICATED, INCLUDES FITTING AND ADJUSTMENT",Afo tibial fracture soft,N,04/02/2026
33686,43,L2114,101,1,"ANKLE FOOT ORTHOSIS, FRACTURE ORTHOSIS, TIBIAL FRACTURE ORTHOSIS, SEMI-RIGID, PREFABRICATED, INCLUDES FITTING AND ADJUSTMENT",Afo tib fx semi-rigid,N,04/02/2026
33686,43,L2116,101,1,"ANKLE FOOT ORTHOSIS, FRACTURE ORTHOSIS, TIBIAL FRACTURE ORTHOSIS, RIGID, PREFABRICATED, INCLUDES FITTING AND ADJUSTMENT",Afo tibial fracture rigid,N,04/02/2026
33686,43,L2126,101,1,"KNEE ANKLE FOOT ORTHOSIS, FRACTURE ORTHOSIS, FEMORAL FRACTURE CAST ORTHOSIS, THERMOPLASTIC TYPE CASTING MATERIAL, CUSTOM FABRICATED",Kafo fem fx cast thermoplas,N,04/02/2026
33686,43,L2128,101,1,"KNEE ANKLE FOOT ORTHOSIS, FRACTURE ORTHOSIS, FEMORAL FRACTURE CAST ORTHOSIS, CUSTOM FABRICATED",Kafo fem fx cast molded to p,N,04/02/2026
33686,43,L2132,101,1,"KAFO, FRACTURE ORTHOSIS, FEMORAL FRACTURE CAST ORTHOSIS, SOFT, PREFABRICATED, INCLUDES FITTING AND ADJUSTMENT",Kafo femoral fx cast soft,N,04/02/2026
33686,43,L2134,101,1,"KAFO, FRACTURE ORTHOSIS, FEMORAL FRACTURE CAST ORTHOSIS, SEMI-RIGID, PREFABRICATED, INCLUDES FITTING AND ADJUSTMENT",Kafo fem fx cast semi-rigid,N,04/02/2026
33686,43,L2136,101,1,"KAFO, FRACTURE ORTHOSIS, FEMORAL FRACTURE CAST ORTHOSIS, RIGID, PREFABRICATED, INCLUDES FITTING AND ADJUSTMENT",Kafo femoral fx cast rigid,N,04/02/2026
33686,43,L2180,101,1,"ADDITION TO LOWER EXTREMITY FRACTURE ORTHOSIS, PLASTIC SHOE INSERT WITH ANKLE JOINTS",Plas shoe insert w ank joint,N,04/02/2026
33686,43,L2182,101,1,"ADDITION TO LOWER EXTREMITY FRACTURE ORTHOSIS, DROP LOCK KNEE JOINT",Drop lock knee,N,04/02/2026
33686,43,L2184,101,1,"ADDITION TO LOWER EXTREMITY FRACTURE ORTHOSIS, LIMITED MOTION KNEE JOINT",Limited motion knee joint,N,04/02/2026
33686,43,L2186,101,1,"ADDITION TO LOWER EXTREMITY FRACTURE ORTHOSIS, ADJUSTABLE MOTION KNEE JOINT, LERMAN TYPE",Adj motion knee jnt lerman t,N,04/02/2026
33686,43,L2188,101,1,"ADDITION TO LOWER EXTREMITY FRACTURE ORTHOSIS, QUADRILATERAL BRIM",Quadrilateral brim,N,04/02/2026
33686,43,L2190,101,1,"ADDITION TO LOWER EXTREMITY FRACTURE ORTHOSIS, WAIST BELT",Waist belt,N,04/02/2026
33686,43,L2192,101,1,"ADDITION TO LOWER EXTREMITY FRACTURE ORTHOSIS, HIP JOINT, PELVIC BAND, THIGH FLANGE, AND PELVIC BELT",Pelvic band &amp; belt thigh fla,N,04/02/2026
33686,43,L2200,101,1,"ADDITION TO LOWER EXTREMITY, LIMITED ANKLE MOTION, EACH JOINT",Limited ankle motion ea jnt,N,04/02/2026
33686,43,L2210,101,1,"ADDITION TO LOWER EXTREMITY, DORSIFLEXION ASSIST (PLANTAR FLEXION RESIST), EACH JOINT",Dorsiflexion assist each joi,N,04/02/2026
33686,43,L2220,101,1,"ADDITION TO LOWER EXTREMITY, DORSIFLEXION AND PLANTAR FLEXION ASSIST&sol;RESIST, EACH JOINT",Dorsi &amp; plantar flex ass&sol;res,N,04/02/2026
33686,43,L2221,101,1,"ADDITION TO LOWER EXTREMITY ORTHOSIS, ANKLE SYSTEM, MICROPROCESSOR-CONTROLLED FEATURE PLANTARFLEXION AND&sol;OR DORSIFLEXION, INCLUDES POWER SOURCE",Ank mcrop plant &amp; dorsi flex,N,04/02/2026
33686,43,L2230,101,1,"ADDITION TO LOWER EXTREMITY, SPLIT FLAT CALIPER STIRRUPS AND PLATE ATTACHMENT",Split flat caliper stirr &amp; p,N,04/02/2026
33686,43,L2232,101,1,"ADDITION TO LOWER EXTREMITY ORTHOSIS, ROCKER BOTTOM FOR TOTAL CONTACT ANKLE FOOT ORTHOSIS, FOR CUSTOM FABRICATED ORTHOSIS ONLY","Rocker bottom, contact afo",N,04/02/2026
33686,43,L2240,101,1,"ADDITION TO LOWER EXTREMITY, ROUND CALIPER AND PLATE ATTACHMENT",Round caliper and plate atta,N,04/02/2026
33686,43,L2250,101,1,"ADDITION TO LOWER EXTREMITY, FOOT PLATE, MOLDED TO PATIENT MODEL, STIRRUP ATTACHMENT",Foot plate molded stirrup at,N,04/02/2026
33686,43,L2260,101,1,"ADDITION TO LOWER EXTREMITY, REINFORCED SOLID STIRRUP (SCOTT-CRAIG TYPE)",Reinforced solid stirrup,N,04/02/2026
33686,43,L2265,101,1,"ADDITION TO LOWER EXTREMITY, LONG TONGUE STIRRUP",Long tongue stirrup,N,04/02/2026
33686,43,L2270,101,1,"ADDITION TO LOWER EXTREMITY, VARUS&sol;VALGUS CORRECTION (&#39;T&#39;) STRAP, PADDED&sol;LINED OR MALLEOLUS PAD",Varus&sol;valgus strap padded&sol;li,N,04/02/2026
33686,43,L2275,101,1,"ADDITION TO LOWER EXTREMITY, VARUS&sol;VALGUS CORRECTION, PLASTIC MODIFICATION, PADDED&sol;LINED",Plastic mod low ext pad&sol;line,N,04/02/2026
33686,43,L2280,101,1,"ADDITION TO LOWER EXTREMITY, MOLDED INNER BOOT",Molded inner boot,N,04/02/2026
33686,43,L2300,101,1,"ADDITION TO LOWER EXTREMITY, ABDUCTION BAR (BILATERAL HIP INVOLVEMENT), JOINTED, ADJUSTABLE",Abduction bar jointed adjust,N,04/02/2026
33686,43,L2310,101,1,"ADDITION TO LOWER EXTREMITY, ABDUCTION BAR-STRAIGHT",Abduction bar-straight,N,04/02/2026
33686,43,L2320,101,1,"ADDITION TO LOWER EXTREMITY, NON-MOLDED LACER, FOR CUSTOM FABRICATED ORTHOSIS ONLY",Non-molded lacer,N,04/02/2026
33686,43,L2330,101,1,"ADDITION TO LOWER EXTREMITY, LACER MOLDED TO PATIENT MODEL, FOR CUSTOM FABRICATED ORTHOSIS ONLY",Lacer molded to patient mode,N,04/02/2026
33686,43,L2335,101,1,"ADDITION TO LOWER EXTREMITY, ANTERIOR SWING BAND",Anterior swing band,N,04/02/2026
33686,43,L2340,101,1,"ADDITION TO LOWER EXTREMITY, PRE-TIBIAL SHELL, MOLDED TO PATIENT MODEL",Pre-tibial shell molded to p,N,04/02/2026
33686,43,L2350,101,1,"ADDITION TO LOWER EXTREMITY, PROSTHETIC TYPE, (BK) SOCKET, MOLDED TO PATIENT MODEL, (USED FOR &#39;PTB&#39; &#39;AFO&#39; ORTHOSES)",Prosthetic type socket molde,N,04/02/2026
33686,43,L2360,101,1,"ADDITION TO LOWER EXTREMITY, EXTENDED STEEL SHANK",Extended steel shank,N,04/02/2026
33686,43,L2370,101,1,"ADDITION TO LOWER EXTREMITY, PATTEN BOTTOM",Patten bottom,N,04/02/2026
33686,43,L2375,101,1,"ADDITION TO LOWER EXTREMITY, TORSION CONTROL, ANKLE JOINT AND HALF SOLID STIRRUP",Torsion ank &amp; half solid sti,N,04/02/2026
33686,43,L2380,101,1,"ADDITION TO LOWER EXTREMITY, TORSION CONTROL, STRAIGHT KNEE JOINT, EACH JOINT",Torsion straight knee joint,N,04/02/2026
33686,43,L2385,101,1,"ADDITION TO LOWER EXTREMITY, STRAIGHT KNEE JOINT, HEAVY DUTY, EACH JOINT",Straight knee joint heavy du,N,04/02/2026
33686,43,L2387,101,1,"ADDITION TO LOWER EXTREMITY, POLYCENTRIC KNEE JOINT, FOR CUSTOM FABRICATED KNEE ANKLE FOOT ORTHOSIS, EACH JOINT",Add le poly knee custom kafo,N,04/02/2026
33686,43,L2390,101,1,"ADDITION TO LOWER EXTREMITY, OFFSET KNEE JOINT, EACH JOINT",Offset knee joint each,N,04/02/2026
33686,43,L2395,101,1,"ADDITION TO LOWER EXTREMITY, OFFSET KNEE JOINT, HEAVY DUTY, EACH JOINT",Offset knee joint heavy duty,N,04/02/2026
33686,43,L2397,101,1,"ADDITION TO LOWER EXTREMITY ORTHOSIS, SUSPENSION SLEEVE",Suspension sleeve lower ext,N,04/02/2026
33686,43,L2405,101,1,"ADDITION TO KNEE JOINT, DROP LOCK, EACH",Knee joint drop lock ea jnt,N,04/02/2026
33686,43,L2415,101,1,"ADDITION TO KNEE LOCK WITH INTEGRATED RELEASE MECHANISM (BAIL, CABLE, OR EQUAL), ANY MATERIAL, EACH JOINT",Knee joint cam lock each joi,N,04/02/2026
33686,43,L2425,101,1,"ADDITION TO KNEE JOINT, DISC OR DIAL LOCK FOR ADJUSTABLE KNEE FLEXION, EACH JOINT",Knee disc&sol;dial lock&sol;adj flex,N,04/02/2026
33686,43,L2430,101,1,"ADDITION TO KNEE JOINT, RATCHET LOCK FOR ACTIVE AND PROGRESSIVE KNEE EXTENSION, EACH JOINT",Knee jnt ratchet lock ea jnt,N,04/02/2026
33686,43,L2492,101,1,"ADDITION TO KNEE JOINT, LIFT LOOP FOR DROP LOCK RING",Knee lift loop drop lock rin,N,04/02/2026
33686,43,L2500,101,1,"ADDITION TO LOWER EXTREMITY, THIGH&sol;WEIGHT BEARING, GLUTEAL&sol; ISCHIAL WEIGHT BEARING, RING",Thi&sol;glut&sol;ischia wgt bearing,N,04/02/2026
33686,43,L2510,101,1,"ADDITION TO LOWER EXTREMITY, THIGH&sol;WEIGHT BEARING, QUADRI- LATERAL BRIM, MOLDED TO PATIENT MODEL",Th&sol;wght bear quad-lat brim m,N,04/02/2026
33686,43,L2520,101,1,"ADDITION TO LOWER EXTREMITY, THIGH&sol;WEIGHT BEARING, QUADRI- LATERAL BRIM, CUSTOM FITTED",Th&sol;wght bear quad-lat brim c,N,04/02/2026
33686,43,L2525,101,1,"ADDITION TO LOWER EXTREMITY, THIGH&sol;WEIGHT BEARING, ISCHIAL CONTAINMENT&sol;NARROW M-L BRIM MOLDED TO PATIENT MODEL",Th&sol;wght bear nar m-l brim mo,N,04/02/2026
33686,43,L2526,101,1,"ADDITION TO LOWER EXTREMITY, THIGH&sol;WEIGHT BEARING, ISCHIAL CONTAINMENT&sol;NARROW M-L BRIM, CUSTOM FITTED",Th&sol;wght bear nar m-l brim cu,N,04/02/2026
33686,43,L2530,101,1,"ADDITION TO LOWER EXTREMITY, THIGH-WEIGHT BEARING, LACER, NON-MOLDED",Thigh&sol;wght bear lacer non-mo,N,04/02/2026
33686,43,L2540,101,1,"ADDITION TO LOWER EXTREMITY, THIGH&sol;WEIGHT BEARING, LACER, MOLDED TO PATIENT MODEL",Thigh&sol;wght bear lacer molded,N,04/02/2026
33686,43,L2550,101,1,"ADDITION TO LOWER EXTREMITY, THIGH&sol;WEIGHT BEARING, HIGH ROLL CUFF",Thigh&sol;wght bear high roll cu,N,04/02/2026
33686,43,L2750,101,1,"ADDITION TO LOWER EXTREMITY ORTHOSIS, PLATING CHROME OR NICKEL, PER BAR",Plating chrome&sol;nickel pr bar,N,04/02/2026
33686,43,L2755,101,1,"ADDITION TO LOWER EXTREMITY ORTHOSIS, HIGH STRENGTH, LIGHTWEIGHT MATERIAL, ALL HYBRID LAMINATION&sol;PREPREG COMPOSITE, PER SEGMENT, FOR CUSTOM FABRICATED ORTHOSIS ONLY",Carbon graphite lamination,N,04/02/2026
33686,43,L2760,101,1,"ADDITION TO LOWER EXTREMITY ORTHOSIS, EXTENSION, PER EXTENSION, PER BAR (FOR LINEAL ADJUSTMENT FOR GROWTH)",Extension per extension per,N,04/02/2026
33686,43,L2768,101,1,"ORTHOTIC SIDE BAR DISCONNECT DEVICE, PER BAR",Ortho sidebar disconnect,N,04/02/2026
33686,43,L2780,101,1,"ADDITION TO LOWER EXTREMITY ORTHOSIS, NON-CORROSIVE FINISH, PER BAR",Non-corrosive finish,N,04/02/2026
33686,43,L2785,101,1,"ADDITION TO LOWER EXTREMITY ORTHOSIS, DROP LOCK RETAINER, EACH",Drop lock retainer each,N,04/02/2026
33686,43,L2795,101,1,"ADDITION TO LOWER EXTREMITY ORTHOSIS, KNEE CONTROL, FULL KNEECAP",Knee control full kneecap,N,04/02/2026
33686,43,L2800,101,1,"ADDITION TO LOWER EXTREMITY ORTHOSIS, KNEE CONTROL, KNEE CAP, MEDIAL OR LATERAL PULL, FOR USE WITH CUSTOM FABRICATED ORTHOSIS ONLY",Knee cap medial or lateral p,N,04/02/2026
33686,43,L2810,101,1,"ADDITION TO LOWER EXTREMITY ORTHOSIS, KNEE CONTROL, CONDYLAR PAD",Knee control condylar pad,N,04/02/2026
33686,43,L2820,101,1,"ADDITION TO LOWER EXTREMITY ORTHOSIS, SOFT INTERFACE FOR MOLDED PLASTIC, BELOW KNEE SECTION",Soft interface below knee se,N,04/02/2026
33686,43,L2830,101,1,"ADDITION TO LOWER EXTREMITY ORTHOSIS, SOFT INTERFACE FOR MOLDED PLASTIC, ABOVE KNEE SECTION",Soft interface above knee se,N,04/02/2026
33686,43,L2840,101,1,"ADDITION TO LOWER EXTREMITY ORTHOSIS, TIBIAL LENGTH SOCK, FRACTURE OR EQUAL, EACH",Tibial length sock fx or equ,N,04/02/2026
33686,43,L2850,101,1,"ADDITION TO LOWER EXTREMITY ORTHOSIS, FEMORAL LENGTH SOCK, FRACTURE OR EQUAL, EACH",Femoral lgth sock fx or equa,N,04/02/2026
33686,43,L2999,101,1,"LOWER EXTREMITY ORTHOSES, NOT OTHERWISE SPECIFIED",Lower extremity orthosis nos,N,04/02/2026
33686,43,L4002,101,1,"REPLACEMENT STRAP, ANY ORTHOSIS, INCLUDES ALL COMPONENTS, ANY LENGTH, ANY TYPE","Replace strap, any orthosis",N,04/02/2026
33686,43,L4010,101,1,REPLACE TRILATERAL SOCKET BRIM,Replace trilateral socket br,N,04/02/2026
33686,43,L4020,101,1,"REPLACE QUADRILATERAL SOCKET BRIM, MOLDED TO PATIENT MODEL",Replace quadlat socket brim,N,04/02/2026
33686,43,L4030,101,1,"REPLACE QUADRILATERAL SOCKET BRIM, CUSTOM FITTED",Replace socket brim cust fit,N,04/02/2026
33686,43,L4040,101,1,"REPLACE MOLDED THIGH LACER, FOR CUSTOM FABRICATED ORTHOSIS ONLY",Replace molded thigh lacer,N,04/02/2026
33686,43,L4045,101,1,"REPLACE NON-MOLDED THIGH LACER, FOR CUSTOM FABRICATED ORTHOSIS ONLY",Replace non-molded thigh lac,N,04/02/2026
33686,43,L4050,101,1,"REPLACE MOLDED CALF LACER, FOR CUSTOM FABRICATED ORTHOSIS ONLY",Replace molded calf lacer,N,04/02/2026
33686,43,L4055,101,1,"REPLACE NON-MOLDED CALF LACER, FOR CUSTOM FABRICATED ORTHOSIS ONLY",Replace non-molded calf lace,N,04/02/2026
33686,43,L4060,101,1,REPLACE HIGH ROLL CUFF,Replace high roll cuff,N,04/02/2026
33686,43,L4070,101,1,REPLACE PROXIMAL AND DISTAL UPRIGHT FOR KAFO,Replace prox &amp; dist upright,N,04/02/2026
33686,43,L4080,101,1,"REPLACE METAL BANDS KAFO, PROXIMAL THIGH",Repl met band kafo-afo prox,N,04/02/2026
33686,43,L4090,101,1,"REPLACE METAL BANDS KAFO-AFO, CALF OR DISTAL THIGH",Repl met band kafo-afo calf&sol;,N,04/02/2026
33686,43,L4100,101,1,"REPLACE LEATHER CUFF KAFO, PROXIMAL THIGH",Repl leath cuff kafo prox th,N,04/02/2026
33686,43,L4110,101,1,"REPLACE LEATHER CUFF KAFO-AFO, CALF OR DISTAL THIGH",Repl leath cuff kafo-afo cal,N,04/02/2026
33686,43,L4130,101,1,REPLACE PRETIBIAL SHELL,Replace pretibial shell,N,04/02/2026
33686,43,L4205,101,1,"REPAIR OF ORTHOTIC DEVICE, LABOR COMPONENT, PER 15 MINUTES",Ortho dvc repair per 15 min,N,04/02/2026
33686,43,L4210,101,1,"REPAIR OF ORTHOTIC DEVICE, REPAIR OR REPLACE MINOR PARTS",Orth dev repair&sol;repl minor p,N,04/02/2026
33686,43,L4350,101,1,"ANKLE CONTROL ORTHOSIS, STIRRUP STYLE, RIGID, INCLUDES ANY TYPE INTERFACE (E.G., PNEUMATIC, GEL), PREFABRICATED, OFF-THE-SHELF",Ankle control ortho pre ots,N,04/02/2026
33686,43,L4360,101,1,"WALKING BOOT, PNEUMATIC AND&sol;OR VACUUM, WITH OR WITHOUT JOINTS, WITH OR WITHOUT INTERFACE MATERIAL, PREFABRICATED ITEM THAT HAS BEEN TRIMMED, BENT, MOLDED, ASSEMBLED, OR OTHERWISE CUSTOMIZED TO FIT A SPECIFIC PATIENT BY AN INDIVIDUAL WITH EXPERTISE",Pneumat walking boot pre cst,N,04/02/2026
33686,43,L4361,101,1,"WALKING BOOT, PNEUMATIC AND&sol;OR VACUUM, WITH OR WITHOUT JOINTS, WITH OR WITHOUT INTERFACE MATERIAL, PREFABRICATED, OFF-THE-SHELF",Pneuma&sol;vac walk boot pre ots,N,04/02/2026
33686,43,L4370,101,1,"PNEUMATIC FULL LEG SPLINT, PREFABRICATED, OFF-THE-SHELF",Pneum full leg splnt pre ots,N,04/02/2026
33686,43,L4386,101,1,"WALKING BOOT, NON-PNEUMATIC, WITH OR WITHOUT JOINTS, WITH OR WITHOUT INTERFACE MATERIAL, PREFABRICATED ITEM THAT HAS BEEN TRIMMED, BENT, MOLDED, ASSEMBLED, OR OTHERWISE CUSTOMIZED TO FIT A SPECIFIC PATIENT BY AN INDIVIDUAL WITH EXPERTISE",Non-pneum walk boot pre cst,N,04/02/2026
33686,43,L4387,101,1,"WALKING BOOT, NON-PNEUMATIC, WITH OR WITHOUT JOINTS, WITH OR WITHOUT INTERFACE MATERIAL, PREFABRICATED, OFF-THE-SHELF",Non-pneum walk boot pre ots,N,04/02/2026
33686,43,L4392,101,1,"REPLACEMENT, SOFT INTERFACE MATERIAL, STATIC AFO",Replace afo soft interface,N,04/02/2026
33686,43,L4394,101,1,"REPLACE SOFT INTERFACE MATERIAL, FOOT DROP SPLINT",Replace foot drop spint,N,04/02/2026
33686,43,L4396,101,1,"STATIC OR DYNAMIC ANKLE FOOT ORTHOSIS, INCLUDING SOFT INTERFACE MATERIAL, ADJUSTABLE FOR FIT, FOR POSITIONING, MAY BE USED FOR MINIMAL AMBULATION, PREFABRICATED ITEM THAT HAS BEEN TRIMMED, BENT, MOLDED, ASSEMBLED, OR OTHERWISE CUSTOMIZED TO FIT A SPECIFIC PATIENT BY AN INDIVIDUAL WITH EXPERTISE",Static or dynami afo pre cst,N,04/02/2026
33686,43,L4397,101,1,"STATIC OR DYNAMIC ANKLE FOOT ORTHOSIS, INCLUDING SOFT INTERFACE MATERIAL, ADJUSTABLE FOR FIT, FOR POSITIONING, MAY BE USED FOR MINIMAL AMBULATION, PREFABRICATED, OFF-THE-SHELF",Static or dynami afo pre ots,N,04/02/2026
33686,43,L4398,101,1,"FOOT DROP SPLINT, RECUMBENT POSITIONING DEVICE, PREFABRICATED, OFF-THE-SHELF",Foot drop splint pre ots,N,04/02/2026
33686,43,L4631,101,1,"ANKLE FOOT ORTHOSIS, WALKING BOOT TYPE, VARUS&sol;VALGUS CORRECTION, ROCKER BOTTOM, ANTERIOR TIBIAL SHELL, SOFT INTERFACE, CUSTOM ARCH SUPPORT, PLASTIC OR OTHER MATERIAL, INCLUDES STRAPS AND CLOSURES, CUSTOM FABRICATED","Afo, walk boot type, cus fab",N,04/02/2026
33803,61,A4217,101,1,"STERILE WATER&sol;SALINE, 500 ML","Sterile water&sol;saline, 500 ml",N,04/02/2026
33803,61,A4295,101,1,"INTERMITTENT URINARY CATHETER; STRAIGHT TIP, HYDROPHILIC COATING, EACH",Straigh tip hydrophilic cath,N,04/02/2026
33803,61,A4296,101,1,"INTERMITTENT URINARY CATHETER; COUDE (CURVED) TIP, HYDROPHILIC COATING, EACH",Coude tip hydrophilic cath,N,04/02/2026
33803,61,A4297,101,1,"INTERMITTENT URINARY CATHETER; HYDROPHILIC COATING, WITH INSERTION SUPPLIES",Hydrophilic coat insert sup,N,04/02/2026
33803,61,A4310,101,1,INSERTION TRAY WITHOUT DRAINAGE BAG AND WITHOUT CATHETER (ACCESSORIES ONLY),Insert tray w&sol;o bag&sol;cath,N,04/02/2026
33803,61,A4311,101,1,"INSERTION TRAY WITHOUT DRAINAGE BAG WITH INDWELLING CATHETER, FOLEY TYPE, TWO-WAY LATEX WITH COATING (TEFLON, SILICONE, SILICONE ELASTOMER OR HYDROPHILIC, ETC.)",Catheter w&sol;o bag 2-way latex,N,04/02/2026
33803,61,A4312,101,1,"INSERTION TRAY WITHOUT DRAINAGE BAG WITH INDWELLING CATHETER, FOLEY TYPE, TWO-WAY, ALL SILICONE",Cath w&sol;o bag 2-way silicone,N,04/02/2026
33803,61,A4313,101,1,"INSERTION TRAY WITHOUT DRAINAGE BAG WITH INDWELLING CATHETER, FOLEY TYPE, THREE-WAY, FOR CONTINUOUS IRRIGATION",Catheter w&sol;bag 3-way,N,04/02/2026
33803,61,A4314,101,1,"INSERTION TRAY WITH DRAINAGE BAG WITH INDWELLING CATHETER, FOLEY TYPE, TWO-WAY LATEX WITH COATING (TEFLON, SILICONE, SILICONE ELASTOMER OR HYDROPHILIC, ETC.)",Cath w&sol;drainage 2-way latex,N,04/02/2026
33803,61,A4315,101,1,"INSERTION TRAY WITH DRAINAGE BAG WITH INDWELLING CATHETER, FOLEY TYPE, TWO-WAY, ALL SILICONE",Cath w&sol;drainage 2-way silcne,N,04/02/2026
33803,61,A4316,101,1,"INSERTION TRAY WITH DRAINAGE BAG WITH INDWELLING CATHETER, FOLEY TYPE, THREE-WAY, FOR CONTINUOUS IRRIGATION",Cath w&sol;drainage 3-way,N,04/02/2026
33803,61,A4318,101,1,"FEMALE EXTERNAL URINARY COLLECTION CUP, WITH OR WITHOUT RING ATTACHMENT, PER DAY",Fem urinary cup w&sol;wo attch,N,04/02/2026
33803,61,A4320,101,1,"IRRIGATION TRAY WITH BULB OR PISTON SYRINGE, ANY PURPOSE",Irrigation tray,N,04/02/2026
33803,61,A4321,101,1,THERAPEUTIC AGENT FOR URINARY CATHETER IRRIGATION,Cath therapeutic irrig agent,N,04/02/2026
33803,61,A4322,101,1,"IRRIGATION SYRINGE, BULB OR PISTON, EACH",Irrigation syringe,N,04/02/2026
33803,61,A4326,101,1,"MALE EXTERNAL CATHETER WITH INTEGRAL COLLECTION CHAMBER, ANY TYPE, EACH",Male external catheter,N,04/02/2026
33803,61,A4327,101,1,"FEMALE EXTERNAL URINARY COLLECTION DEVICE; MEATAL CUP, EACH",Fem urinary collect dev cup,N,04/02/2026
33803,61,A4328,101,1,"FEMALE EXTERNAL URINARY COLLECTION DEVICE; POUCH, EACH",Fem urinary collect pouch,N,04/02/2026
33803,61,A4331,101,1,"EXTENSION DRAINAGE TUBING, ANY TYPE, ANY LENGTH, WITH CONNECTOR&sol;ADAPTOR, FOR USE WITH URINARY LEG BAG OR UROSTOMY POUCH, EACH",Extension drainage tubing,N,04/02/2026
33803,61,A4332,101,1,"LUBRICANT, INDIVIDUAL STERILE PACKET, EACH",Lube sterile packet,N,04/02/2026
33803,61,A4333,101,1,"URINARY CATHETER ANCHORING DEVICE, ADHESIVE SKIN ATTACHMENT, EACH",Urinary cath anchor device,N,04/02/2026
33803,61,A4334,101,1,"URINARY CATHETER ANCHORING DEVICE, LEG STRAP, EACH",Urinary cath leg strap,N,04/02/2026
33803,61,A4335,101,1,INCONTINENCE SUPPLY; MISCELLANEOUS,Incontinence supply,N,04/02/2026
33803,61,A4336,101,1,"INCONTINENCE SUPPLY, URETHRAL INSERT, ANY TYPE, EACH",Urethral insert,N,04/02/2026
33803,61,A4338,101,1,"INDWELLING CATHETER; FOLEY TYPE, TWO-WAY LATEX WITH COATING (TEFLON, SILICONE, SILICONE ELASTOMER, OR HYDROPHILIC, ETC.), EACH",Indwelling catheter latex,N,04/02/2026
33803,61,A4340,101,1,"INDWELLING CATHETER; SPECIALTY TYPE, (E.G., COUDE, MUSHROOM, WING, ETC.), EACH",Indwelling catheter special,N,04/02/2026
33803,61,A4341,101,1,"INDWELLING INTRAURETHRAL DRAINAGE DEVICE WITH VALVE, PATIENT INSERTED, REPLACEMENT ONLY, EACH",Iduc valve pat inst repl,N,04/02/2026
33803,61,A4342,101,1,"ACCESSORIES FOR PATIENT INSERTED INDWELLING INTRAURETHRAL DRAINAGE DEVICE WITH VALVE, REPLACEMENT ONLY, EACH",Iduc valve sply repl,N,04/02/2026
33803,61,A4344,101,1,"INDWELLING CATHETER, FOLEY TYPE, TWO-WAY, ALL SILICONE OR POLYURETHANE, EACH",Cath indw foley 2 way silicn,N,04/02/2026
33803,61,A4346,101,1,"INDWELLING CATHETER; FOLEY TYPE, THREE WAY FOR CONTINUOUS IRRIGATION, EACH",Cath indw foley 3 way,N,04/02/2026
33803,61,A4349,101,1,"MALE EXTERNAL CATHETER, WITH OR WITHOUT ADHESIVE, DISPOSABLE, EACH",Disposable male external cat,N,04/02/2026
33803,61,A4351,101,1,"INTERMITTENT URINARY CATHETER; STRAIGHT TIP, WITH OR WITHOUT COATING (TEFLON, SILICONE, OR SILICONE ELASTOMER, ETC.), EACH",Straight tip urine catheter,N,04/02/2026
33803,61,A4352,101,1,"INTERMITTENT URINARY CATHETER; COUDE (CURVED) TIP, WITH OR WITHOUT COATING (TEFLON, SILICONE, OR SILICONE ELASTOMERIC, ETC.), EACH",Coude tip urinary catheter,N,04/02/2026
33803,61,A4353,101,1,"INTERMITTENT URINARY CATHETER, WITH INSERTION SUPPLIES",Intermittent urinary cath,N,04/02/2026
33803,61,A4354,101,1,INSERTION TRAY WITH DRAINAGE BAG BUT WITHOUT CATHETER,Cath insertion tray w&sol;bag,N,04/02/2026
33803,61,A4355,101,1,"IRRIGATION TUBING SET FOR CONTINUOUS BLADDER IRRIGATION THROUGH A THREE-WAY INDWELLING FOLEY CATHETER, EACH",Bladder irrigation tubing,N,04/02/2026
33803,61,A4356,101,1,"EXTERNAL URETHRAL CLAMP OR COMPRESSION DEVICE (NOT TO BE USED FOR CATHETER CLAMP), EACH",Ext ureth clmp or compr dvc,N,04/02/2026
33803,61,A4357,101,1,"BEDSIDE DRAINAGE BAG, DAY OR NIGHT, WITH OR WITHOUT ANTI-REFLUX DEVICE, WITH OR WITHOUT TUBE, EACH",Bedside drainage bag,N,04/02/2026
33803,61,A4358,101,1,"URINARY DRAINAGE BAG, LEG OR ABDOMEN, VINYL, WITH OR WITHOUT TUBE, WITH STRAPS, EACH",Urinary leg or abdomen bag,N,04/02/2026
33803,61,A4360,101,1,"DISPOSABLE EXTERNAL URETHRAL CLAMP OR COMPRESSION DEVICE, WITH PAD AND&sol;OR POUCH, EACH",Disposable ext urethral dev,N,04/02/2026
33803,61,A4402,101,1,"LUBRICANT, PER OUNCE",Lubricant per ounce,N,04/02/2026
33803,61,A4450,101,1,"TAPE, NON-WATERPROOF, PER 18 SQUARE INCHES",Non-waterproof tape,N,04/02/2026
33803,61,A4452,101,1,"TAPE, WATERPROOF, PER 18 SQUARE INCHES",Waterproof tape,N,04/02/2026
33803,61,A4455,101,1,"ADHESIVE REMOVER OR SOLVENT (FOR TAPE, CEMENT OR OTHER ADHESIVE), PER OUNCE",Adhesive remover per ounce,N,04/02/2026
33803,61,A4456,101,1,"ADHESIVE REMOVER, WIPES, ANY TYPE, EACH","Adhesive remover, wipes",N,04/02/2026
33803,61,A4520,101,1,"INCONTINENCE GARMENT, ANY TYPE, (E.G., BRIEF, DIAPER), EACH",Incontinence garment anytype,N,04/02/2026
33803,61,A4553,101,1,"NON-DISPOSABLE UNDERPADS, ALL SIZES","Nondisp underpads, all sizes",N,04/02/2026
33803,61,A4554,101,1,"DISPOSABLE UNDERPADS, ALL SIZES",Disposable underpads,N,04/02/2026
33803,61,A5102,101,1,"BEDSIDE DRAINAGE BOTTLE WITH OR WITHOUT TUBING, RIGID OR EXPANDABLE, EACH",Bedside drain btl w&sol;wo tube,N,04/02/2026
33803,61,A5105,101,1,"URINARY SUSPENSORY WITH LEG BAG, WITH OR WITHOUT TUBE, EACH",Urinary suspensory,N,04/02/2026
33803,61,A5112,101,1,"URINARY DRAINAGE BAG, LEG OR ABDOMEN, LATEX, WITH OR WITHOUT TUBE, WITH STRAPS, EACH",Urinary leg bag,N,04/02/2026
33803,61,A5113,101,1,"LEG STRAP; LATEX, REPLACEMENT ONLY, PER SET",Latex leg strap,N,04/02/2026
33803,61,A5114,101,1,"LEG STRAP; FOAM OR FABRIC, REPLACEMENT ONLY, PER SET",Foam&sol;fabric leg strap,N,04/02/2026
33803,61,A5131,101,1,"APPLIANCE CLEANER, INCONTINENCE AND OSTOMY APPLIANCES, PER 16 OZ.",Appliance cleaner,N,04/02/2026
33803,61,A5200,101,1,"PERCUTANEOUS CATHETER&sol;TUBE ANCHORING DEVICE, ADHESIVE SKIN ATTACHMENT",Percutaneous catheter anchor,N,04/02/2026
33803,61,A9270,101,1,NON-COVERED ITEM OR SERVICE,Non-covered item or service,N,04/02/2026
33370,58,E0565,100,1,"COMPRESSOR, AIR POWER SOURCE FOR EQUIPMENT WHICH IS NOT SELF-CONTAINED OR CYLINDER DRIVEN",Compressor air power source,N,02/12/2026
33370,58,E0570,100,1,"NEBULIZER, WITH COMPRESSOR",Nebulizer with compression,N,02/12/2026
33370,58,E0572,100,1,"AEROSOL COMPRESSOR, ADJUSTABLE PRESSURE, LIGHT DUTY FOR INTERMITTENT USE",Aerosol compressor adjust pr,N,02/12/2026
33370,58,E0574,100,1,ULTRASONIC&sol;ELECTRONIC AEROSOL GENERATOR WITH SMALL VOLUME NEBULIZER,Ultrasonic generator w svneb,N,02/12/2026
33370,58,E0575,100,1,"NEBULIZER, ULTRASONIC, LARGE VOLUME",Nebulizer ultrasonic,N,02/12/2026
33370,58,E0585,100,1,"NEBULIZER, WITH COMPRESSOR AND HEATER",Nebulizer w&sol; compressor &amp; he,N,02/12/2026
33370,58,K0730,100,1,CONTROLLED DOSE INHALATION DRUG DELIVERY SYSTEM,Ctrl dose inh drug deliv sys,N,02/12/2026
33370,58,A4619,100,2,FACE TENT,Face tent,N,02/12/2026
33370,58,A7003,100,2,"ADMINISTRATION SET, WITH SMALL VOLUME NONFILTERED PNEUMATIC NEBULIZER, DISPOSABLE",Nebulizer administration set,N,02/12/2026
33370,58,A7004,100,2,"SMALL VOLUME NONFILTERED PNEUMATIC NEBULIZER, DISPOSABLE",Disposable nebulizer sml vol,N,02/12/2026
33370,58,A7005,100,2,"ADMINISTRATION SET, WITH SMALL VOLUME NONFILTERED PNEUMATIC NEBULIZER, NON-DISPOSABLE",Nondisposable nebulizer set,N,02/12/2026
33370,58,A7006,100,2,"ADMINISTRATION SET, WITH SMALL VOLUME FILTERED PNEUMATIC NEBULIZER",Filtered nebulizer admin set,N,02/12/2026
33370,58,A7007,100,2,"LARGE VOLUME NEBULIZER, DISPOSABLE, UNFILLED, USED WITH AEROSOL COMPRESSOR",Lg vol nebulizer disposable,N,02/12/2026
33370,58,A7008,100,2,"LARGE VOLUME NEBULIZER, DISPOSABLE, PREFILLED, USED WITH AEROSOL COMPRESSOR",Disposable nebulizer prefill,N,02/12/2026
33370,58,A7009,100,2,"RESERVOIR BOTTLE, NON-DISPOSABLE, USED WITH LARGE VOLUME ULTRASONIC NEBULIZER",Nebulizer reservoir bottle,N,02/12/2026
33370,58,A7010,100,2,"CORRUGATED TUBING, DISPOSABLE, USED WITH LARGE VOLUME NEBULIZER, 100 FEET",Disposable corrugated tubing,N,02/12/2026
33370,58,A7012,100,2,"WATER COLLECTION DEVICE, USED WITH LARGE VOLUME NEBULIZER",Nebulizer water collec devic,N,02/12/2026
33370,58,A7013,100,2,"FILTER, DISPOSABLE, USED WITH AEROSOL COMPRESSOR OR ULTRASONIC GENERATOR",Disposable compressor filter,N,02/12/2026
33370,58,A7014,100,2,"FILTER, NONDISPOSABLE, USED WITH AEROSOL COMPRESSOR OR ULTRASONIC GENERATOR",Compressor nondispos filter,N,02/12/2026
33370,58,A7015,100,2,"AEROSOL MASK, USED WITH DME NEBULIZER",Aerosol mask used w nebulize,N,02/12/2026
33370,58,A7016,100,2,"DOME AND MOUTHPIECE, USED WITH SMALL VOLUME ULTRASONIC NEBULIZER",Nebulizer dome &amp; mouthpiece,N,02/12/2026
33370,58,A7017,100,2,"NEBULIZER, DURABLE, GLASS OR AUTOCLAVABLE PLASTIC, BOTTLE TYPE, NOT USED WITH OXYGEN",Nebulizer not used w oxygen,N,02/12/2026
33370,58,A7525,100,2,"TRACHEOSTOMY MASK, EACH",Tracheostomy mask,N,02/12/2026
33370,58,E0580,100,2,"NEBULIZER, DURABLE, GLASS OR AUTOCLAVABLE PLASTIC, BOTTLE TYPE, FOR USE WITH REGULATOR OR FLOWMETER",Nebulizer for use w&sol; regulat,N,02/12/2026
33370,58,E1372,100,2,IMMERSION EXTERNAL HEATER FOR NEBULIZER,Oxy suppl heater for nebuliz,N,02/12/2026
33370,58,A4216,100,3,"STERILE WATER, SALINE AND&sol;OR DEXTROSE, DILUENT&sol;FLUSH, 10 ML","Sterile water&sol;saline, 10 ml",N,02/12/2026
33370,58,A4217,100,3,"STERILE WATER&sol;SALINE, 500 ML","Sterile water&sol;saline, 500 ml",N,02/12/2026
33370,58,A4218,100,3,"STERILE SALINE OR WATER, METERED DOSE DISPENSER, 10 ML",Sterile saline or water,N,02/12/2026
33370,58,A7018,100,3,"WATER, DISTILLED, USED WITH LARGE VOLUME NEBULIZER, 1000 ML",Water distilled w&sol;nebulizer,N,02/12/2026
33370,58,G0333,100,3,PHARMACY DISPENSING FEE FOR INHALATION DRUG(S); INITIAL 30-DAY SUPPLY AS A BENEFICIARY,Dispense fee initial 30 day,N,02/12/2026
33370,58,J2545,100,3,"PENTAMIDINE ISETHIONATE, INHALATION SOLUTION, FDA-APPROVED FINAL PRODUCT, NON-COMPOUNDED, ADMINISTERED THROUGH DME, UNIT DOSE FORM, PER 300 MG",Pentamidine non-comp unit,N,02/12/2026
33370,58,J7131,100,3,"HYPERTONIC SALINE SOLUTION, 1 ML",Hypertonic saline sol,N,02/12/2026
33370,58,J7601,100,3,"ENSIFENTRINE, INHALATION SUSPENSION, FDA APPROVED FINAL PRODUCT, NON-COMPOUNDED, ADMINISTERED THROUGH DME, UNIT DOSE FORM, 3 MG",Ensifentrine inh 3 mg,N,02/12/2026
33370,58,J7604,100,3,"ACETYLCYSTEINE, INHALATION SOLUTION, COMPOUNDED PRODUCT, ADMINISTERED THROUGH DME, UNIT DOSE FORM, PER GRAM",Acetylcysteine comp unit,N,02/12/2026
33370,58,J7605,100,3,"ARFORMOTEROL, INHALATION SOLUTION, FDA APPROVED FINAL PRODUCT, NON-COMPOUNDED, ADMINISTERED THROUGH DME, UNIT DOSE FORM, 15 MICROGRAMS",Arformoterol non-comp unit,N,02/12/2026
33370,58,J7606,100,3,"FORMOTEROL FUMARATE, INHALATION SOLUTION, FDA APPROVED FINAL PRODUCT, NON-COMPOUNDED, ADMINISTERED THROUGH DME, UNIT DOSE FORM, 20 MICROGRAMS","Formoterol fumarate, inh",N,02/12/2026
33370,58,J7607,100,3,"LEVALBUTEROL, INHALATION SOLUTION, COMPOUNDED PRODUCT, ADMINISTERED THROUGH DME, CONCENTRATED FORM, 0.5 MG",Levalbuterol comp con,N,02/12/2026
33370,58,J7608,100,3,"ACETYLCYSTEINE, INHALATION SOLUTION, FDA-APPROVED FINAL PRODUCT, NON-COMPOUNDED, ADMINISTERED THROUGH DME, UNIT DOSE FORM, PER GRAM",Acetylcysteine non-comp unit,N,02/12/2026
33370,58,J7609,100,3,"ALBUTEROL, INHALATION SOLUTION, COMPOUNDED PRODUCT, ADMINISTERED THROUGH DME, UNIT DOSE, 1 MG",Albuterol comp unit,N,02/12/2026
33370,58,J7610,100,3,"ALBUTEROL, INHALATION SOLUTION, COMPOUNDED PRODUCT, ADMINISTERED THROUGH DME, CONCENTRATED FORM, 1 MG",Albuterol comp con,N,02/12/2026
33370,58,J7611,100,3,"ALBUTEROL, INHALATION SOLUTION, FDA-APPROVED FINAL PRODUCT, NON-COMPOUNDED, ADMINISTERED THROUGH DME, CONCENTRATED FORM, 1 MG",Albuterol non-comp con,N,02/12/2026
33370,58,J7612,100,3,"LEVALBUTEROL, INHALATION SOLUTION, FDA-APPROVED FINAL PRODUCT, NON-COMPOUNDED, ADMINISTERED THROUGH DME, CONCENTRATED FORM, 0.5 MG",Levalbuterol non-comp con,N,02/12/2026
33370,58,J7613,100,3,"ALBUTEROL, INHALATION SOLUTION, FDA-APPROVED FINAL PRODUCT, NON-COMPOUNDED, ADMINISTERED THROUGH DME, UNIT DOSE, 1 MG",Albuterol non-comp unit,N,02/12/2026
33370,58,J7614,100,3,"LEVALBUTEROL, INHALATION SOLUTION, FDA-APPROVED FINAL PRODUCT, NON-COMPOUNDED, ADMINISTERED THROUGH DME, UNIT DOSE, 0.5 MG",Levalbuterol non-comp unit,N,02/12/2026
33370,58,J7615,100,3,"LEVALBUTEROL, INHALATION SOLUTION, COMPOUNDED PRODUCT, ADMINISTERED THROUGH DME, UNIT DOSE, 0.5 MG",Levalbuterol comp unit,N,02/12/2026
33370,58,J7620,100,3,"ALBUTEROL, UP TO 2.5 MG AND IPRATROPIUM BROMIDE, UP TO 0.5 MG, FDA-APPROVED FINAL PRODUCT, NON-COMPOUNDED, ADMINISTERED THROUGH DME",Albuterol ipratrop non-comp,N,02/12/2026
33370,58,J7622,100,3,"BECLOMETHASONE, INHALATION SOLUTION, COMPOUNDED PRODUCT, ADMINISTERED THROUGH DME, UNIT DOSE FORM, PER MILLIGRAM",Beclomethasone comp unit,N,02/12/2026
33370,58,J7624,100,3,"BETAMETHASONE, INHALATION SOLUTION, COMPOUNDED PRODUCT, ADMINISTERED THROUGH DME, UNIT DOSE FORM, PER MILLIGRAM",Betamethasone comp unit,N,02/12/2026
33370,58,J7626,100,3,"BUDESONIDE, INHALATION SOLUTION, FDA-APPROVED FINAL PRODUCT, NON-COMPOUNDED, ADMINISTERED THROUGH DME, UNIT DOSE FORM, UP TO 0.5 MG",Budesonide non-comp unit,N,02/12/2026
33370,58,J7627,100,3,"BUDESONIDE, INHALATION SOLUTION, COMPOUNDED PRODUCT, ADMINISTERED THROUGH DME, UNIT DOSE FORM, UP TO 0.5 MG",Budesonide comp unit,N,02/12/2026
33370,58,J7628,100,3,"BITOLTEROL MESYLATE, INHALATION SOLUTION, COMPOUNDED PRODUCT, ADMINISTERED THROUGH DME, CONCENTRATED FORM, PER MILLIGRAM",Bitolterol mesylate comp con,N,02/12/2026
33370,58,J7629,100,3,"BITOLTEROL MESYLATE, INHALATION SOLUTION, COMPOUNDED PRODUCT, ADMINISTERED THROUGH DME, UNIT DOSE FORM, PER MILLIGRAM",Bitolterol mesylate comp unt,N,02/12/2026
33370,58,J7631,100,3,"CROMOLYN SODIUM, INHALATION SOLUTION, FDA-APPROVED FINAL PRODUCT, NON-COMPOUNDED, ADMINISTERED THROUGH DME, UNIT DOSE FORM, PER 10 MILLIGRAMS",Cromolyn sodium noncomp unit,N,02/12/2026
33370,58,J7632,100,3,"CROMOLYN SODIUM, INHALATION SOLUTION, COMPOUNDED PRODUCT, ADMINISTERED THROUGH DME, UNIT DOSE FORM, PER 10 MILLIGRAMS",Cromolyn sodium comp unit,N,02/12/2026
33370,58,J7634,100,3,"BUDESONIDE, INHALATION SOLUTION, COMPOUNDED PRODUCT, ADMINISTERED THROUGH DME, CONCENTRATED FORM, PER 0.25 MILLIGRAM",Budesonide comp con,N,02/12/2026
33370,58,J7635,100,3,"ATROPINE, INHALATION SOLUTION, COMPOUNDED PRODUCT, ADMINISTERED THROUGH DME, CONCENTRATED FORM, PER MILLIGRAM",Atropine comp con,N,02/12/2026
33370,58,J7636,100,3,"ATROPINE, INHALATION SOLUTION, COMPOUNDED PRODUCT, ADMINISTERED THROUGH DME, UNIT DOSE FORM, PER MILLIGRAM",Atropine comp unit,N,02/12/2026
33370,58,J7637,100,3,"DEXAMETHASONE, INHALATION SOLUTION, COMPOUNDED PRODUCT, ADMINISTERED THROUGH DME, CONCENTRATED FORM, PER MILLIGRAM",Dexamethasone comp con,N,02/12/2026
33370,58,J7638,100,3,"DEXAMETHASONE, INHALATION SOLUTION, COMPOUNDED PRODUCT, ADMINISTERED THROUGH DME, UNIT DOSE FORM, PER MILLIGRAM",Dexamethasone comp unit,N,02/12/2026
33370,58,J7639,100,3,"DORNASE ALFA, INHALATION SOLUTION, FDA-APPROVED FINAL PRODUCT, NON-COMPOUNDED, ADMINISTERED THROUGH DME, UNIT DOSE FORM, PER MILLIGRAM",Dornase alfa non-comp unit,N,02/12/2026
33370,58,J7640,100,3,"FORMOTEROL, INHALATION SOLUTION, COMPOUNDED PRODUCT, ADMINISTERED THROUGH DME, UNIT DOSE FORM, 12 MICROGRAMS",Formoterol comp unit,N,02/12/2026
33370,58,J7641,100,3,"FLUNISOLIDE, INHALATION SOLUTION, COMPOUNDED PRODUCT, ADMINISTERED THROUGH DME, UNIT DOSE, PER MILLIGRAM",Flunisolide comp unit,N,02/12/2026
33370,58,J7642,100,3,"GLYCOPYRROLATE, INHALATION SOLUTION, COMPOUNDED PRODUCT, ADMINISTERED THROUGH DME, CONCENTRATED FORM, PER MILLIGRAM",Glycopyrrolate comp con,N,02/12/2026
33370,58,J7643,100,3,"GLYCOPYRROLATE, INHALATION SOLUTION, COMPOUNDED PRODUCT, ADMINISTERED THROUGH DME, UNIT DOSE FORM, PER MILLIGRAM",Glycopyrrolate comp unit,N,02/12/2026
33370,58,J7644,100,3,"IPRATROPIUM BROMIDE, INHALATION SOLUTION, FDA-APPROVED FINAL PRODUCT, NON-COMPOUNDED, ADMINISTERED THROUGH DME, UNIT DOSE FORM, PER MILLIGRAM",Ipratropium bromide non-comp,N,02/12/2026
33370,58,J7645,100,3,"IPRATROPIUM BROMIDE, INHALATION SOLUTION, COMPOUNDED PRODUCT, ADMINISTERED THROUGH DME, UNIT DOSE FORM, PER MILLIGRAM",Ipratropium bromide comp,N,02/12/2026
33370,58,J7647,100,3,"ISOETHARINE HCL, INHALATION SOLUTION, COMPOUNDED PRODUCT, ADMINISTERED THROUGH DME, CONCENTRATED FORM, PER MILLIGRAM",Isoetharine comp con,N,02/12/2026
33370,58,J7650,100,3,"ISOETHARINE HCL, INHALATION SOLUTION, COMPOUNDED PRODUCT, ADMINISTERED THROUGH DME, UNIT DOSE FORM, PER MILLIGRAM",Isoetharine comp unit,N,02/12/2026
33370,58,J7657,100,3,"ISOPROTERENOL HCL, INHALATION SOLUTION, COMPOUNDED PRODUCT, ADMINISTERED THROUGH DME, CONCENTRATED FORM, PER MILLIGRAM",Isoproterenol comp con,N,02/12/2026
33370,58,J7660,100,3,"ISOPROTERENOL HCL, INHALATION SOLUTION, COMPOUNDED PRODUCT, ADMINISTERED THROUGH DME, UNIT DOSE FORM, PER MILLIGRAM",Isoproterenol comp unit,N,02/12/2026
33370,58,J7667,100,3,"METAPROTERENOL SULFATE, INHALATION SOLUTION, COMPOUNDED PRODUCT, CONCENTRATED FORM, PER 10 MILLIGRAMS",Metaproterenol comp con,N,02/12/2026
33370,58,J7669,100,3,"METAPROTERENOL SULFATE, INHALATION SOLUTION, FDA-APPROVED FINAL PRODUCT, NON-COMPOUNDED, ADMINISTERED THROUGH DME, UNIT DOSE FORM, PER 10 MILLIGRAMS",Metaproterenol non-comp unit,N,02/12/2026
33370,58,J7670,100,3,"METAPROTERENOL SULFATE, INHALATION SOLUTION, COMPOUNDED PRODUCT, ADMINISTERED THROUGH DME, UNIT DOSE FORM, PER 10 MILLIGRAMS",Metaproterenol comp unit,N,02/12/2026
33370,58,J7676,100,3,"PENTAMIDINE ISETHIONATE, INHALATION SOLUTION, COMPOUNDED PRODUCT, ADMINISTERED THROUGH DME, UNIT DOSE FORM, PER 300 MG",Pentamidine comp unit dose,N,02/12/2026
33370,58,J7677,100,3,"REVEFENACIN INHALATION SOLUTION, FDA-APPROVED FINAL PRODUCT, NON-COMPOUNDED, ADMINISTERED THROUGH DME, 1 MICROGRAM",Revefenacin inh non-com 1mcg,N,02/12/2026
33370,58,J7680,100,3,"TERBUTALINE SULFATE, INHALATION SOLUTION, COMPOUNDED PRODUCT, ADMINISTERED THROUGH DME, CONCENTRATED FORM, PER MILLIGRAM",Terbutaline sulf comp con,N,02/12/2026
33370,58,J7681,100,3,"TERBUTALINE SULFATE, INHALATION SOLUTION, COMPOUNDED PRODUCT, ADMINISTERED THROUGH DME, UNIT DOSE FORM, PER MILLIGRAM",Terbutaline sulf comp unit,N,02/12/2026
33370,58,J7682,100,3,"TOBRAMYCIN, INHALATION SOLUTION, FDA-APPROVED FINAL PRODUCT, NON-COMPOUNDED, UNIT DOSE FORM, ADMINISTERED THROUGH DME, PER 300 MILLIGRAMS",Tobramycin non-comp unit,N,02/12/2026
33370,58,J7683,100,3,"TRIAMCINOLONE, INHALATION SOLUTION, COMPOUNDED PRODUCT, ADMINISTERED THROUGH DME, CONCENTRATED FORM, PER MILLIGRAM",Triamcinolone comp con,N,02/12/2026
33370,58,J7684,100,3,"TRIAMCINOLONE, INHALATION SOLUTION, COMPOUNDED PRODUCT, ADMINISTERED THROUGH DME, UNIT DOSE FORM, PER MILLIGRAM",Triamcinolone comp unit,N,02/12/2026
33370,58,J7685,100,3,"TOBRAMYCIN, INHALATION SOLUTION, COMPOUNDED PRODUCT, ADMINISTERED THROUGH DME, UNIT DOSE FORM, PER 300 MILLIGRAMS",Tobramycin comp unit,N,02/12/2026
33370,58,J7686,100,3,"TREPROSTINIL, INHALATION SOLUTION, FDA-APPROVED FINAL PRODUCT, NON-COMPOUNDED, ADMINISTERED THROUGH DME, UNIT DOSE FORM, 1.74 MG","Treprostinil, non-comp unit",N,02/12/2026
33370,58,J7699,100,3,"NOC DRUGS, INHALATION SOLUTION ADMINISTERED THROUGH DME",Inhalation solution for dme,N,02/12/2026
33370,58,Q0513,100,3,PHARMACY DISPENSING FEE FOR INHALATION DRUG(S); PER 30 DAYS,Disp fee inhal drugs&sol;30 days,N,02/12/2026
33370,58,Q0514,100,3,PHARMACY DISPENSING FEE FOR INHALATION DRUG(S); PER 90 DAYS,Disp fee inhal drugs&sol;90 days,N,02/12/2026
33370,58,Q4074,100,3,"ILOPROST, INHALATION SOLUTION, FDA-APPROVED FINAL PRODUCT, NON-COMPOUNDED, ADMINISTERED THROUGH DME, UNIT DOSE FORM, UP TO 20 MICROGRAMS",Iloprost non-comp unit dose,N,02/12/2026
33827,55,J8501,100,1,"APREPITANT, ORAL, 5 MG",Oral aprepitant,N,12/31/2025
33827,55,J8540,100,1,"DEXAMETHASONE, ORAL, 0.25 MG",Oral dexamethasone,N,12/31/2025
33827,55,J8655,100,1,"NETUPITANT 300 MG AND PALONOSETRON 0.5 MG, ORAL","Oral netupitant, palonosetro",N,12/31/2025
33827,55,J8670,100,1,"ROLAPITANT, ORAL, 1 MG","Rolapitant, oral, 1mg",N,12/31/2025
33827,55,Q0155,100,1,"DRONABINOL (SYNDROS), 0.1 MG, ORAL, FDA APPROVED PRESCRIPTION ANTI-EMETIC, FOR USE AS A COMPLETE THERAPEUTIC SUBSTITUTE FOR AN IV ANTI-EMETIC AT THE TIME OF CHEMOTHERAPY TREATMENT, NOT TO EXCEED A 48 HOUR DOSAGE REGIMEN",Dronabinol (syndros) 0.1 mg,N,12/31/2025
33827,55,Q0161,100,1,"CHLORPROMAZINE HYDROCHLORIDE, 5 MG, ORAL, FDA APPROVED PRESCRIPTION ANTI-EMETIC, FOR USE AS A COMPLETE THERAPEUTIC SUBSTITUTE FOR AN IV ANTI-EMETIC AT THE TIME OF CHEMOTHERAPY TREATMENT, NOT TO EXCEED A 48 HOUR DOSAGE REGIMEN",Chlorpromazine hcl 5mg oral,N,12/31/2025
33827,55,Q0162,100,1,"ONDANSETRON 1 MG, ORAL, FDA APPROVED PRESCRIPTION ANTI-EMETIC, FOR USE AS A COMPLETE THERAPEUTIC SUBSTITUTE FOR AN IV ANTI-EMETIC AT THE TIME OF CHEMOTHERAPY TREATMENT, NOT TO EXCEED A 48 HOUR DOSAGE REGIMEN",Ondansetron oral,N,12/31/2025
33827,55,Q0163,100,1,"DIPHENHYDRAMINE HYDROCHLORIDE, 50 MG, ORAL, FDA APPROVED PRESCRIPTION ANTI-EMETIC, FOR USE AS A COMPLETE THERAPEUTIC SUBSTITUTE FOR AN IV ANTI-EMETIC AT TIME OF CHEMOTHERAPY TREATMENT NOT TO EXCEED A 48 HOUR DOSAGE REGIMEN",Diphenhydramine hcl 50mg,N,12/31/2025
33827,55,Q0164,100,1,"PROCHLORPERAZINE MALEATE, 5 MG, ORAL, FDA APPROVED PRESCRIPTION ANTI-EMETIC, FOR USE AS A COMPLETE THERAPEUTIC SUBSTITUTE FOR AN IV ANTI-EMETIC AT THE TIME OF CHEMOTHERAPY TREATMENT, NOT TO EXCEED A 48 HOUR DOSAGE REGIMEN",Prochlorperazine maleate 5mg,N,12/31/2025
33827,55,Q0166,100,1,"GRANISETRON HYDROCHLORIDE, 1 MG, ORAL, FDA APPROVED PRESCRIPTION ANTI-EMETIC, FOR USE AS A COMPLETE THERAPEUTIC SUBSTITUTE FOR AN IV ANTI-EMETIC AT THE TIME OF CHEMOTHERAPY TREATMENT, NOT TO EXCEED A 24 HOUR DOSAGE REGIMEN",Granisetron hcl 1 mg oral,N,12/31/2025
33827,55,Q0167,100,1,"DRONABINOL, 2.5 MG, ORAL, FDA APPROVED PRESCRIPTION ANTI-EMETIC, FOR USE AS A COMPLETE THERAPEUTIC SUBSTITUTE FOR AN IV ANTI-EMETIC AT THE TIME OF CHEMOTHERAPY TREATMENT, NOT TO EXCEED A 48 HOUR DOSAGE REGIMEN",Dronabinol 2.5mg oral,N,12/31/2025
33827,55,Q0169,100,1,"PROMETHAZINE HYDROCHLORIDE, 12.5 MG, ORAL, FDA APPROVED PRESCRIPTION ANTI-EMETIC, FOR USE AS A COMPLETE THERAPEUTIC SUBSTITUTE FOR AN IV ANTI-EMETIC AT THE TIME OF CHEMOTHERAPY TREATMENT, NOT TO EXCEED A 48 HOUR DOSAGE REGIMEN",Promethazine hcl 12.5mg oral,N,12/31/2025
33827,55,Q0173,100,1,"TRIMETHOBENZAMIDE HYDROCHLORIDE, 250 MG, ORAL, FDA APPROVED PRESCRIPTION ANTI-EMETIC, FOR USE AS A COMPLETE THERAPEUTIC SUBSTITUTE FOR AN IV ANTI-EMETIC AT THE TIME OF CHEMOTHERAPY TREATMENT, NOT TO EXCEED A 48 HOUR DOSAGE REGIMEN",Trimethobenzamide hcl 250mg,N,12/31/2025
33827,55,Q0175,100,1,"PERPHENAZINE, 4 MG, ORAL, FDA APPROVED PRESCRIPTION ANTI-EMETIC, FOR USE AS A COMPLETE THERAPEUTIC SUBSTITUTE FOR AN IV ANTI-EMETIC AT THE TIME OF CHEMOTHERAPY TREATMENT, NOT TO EXCEED A 48 HOUR DOSAGE REGIMEN",Perphenazine 4mg oral,N,12/31/2025
33827,55,Q0177,100,1,"HYDROXYZINE PAMOATE, 25 MG, ORAL, FDA APPROVED PRESCRIPTION ANTI-EMETIC, FOR USE AS A COMPLETE THERAPEUTIC SUBSTITUTE FOR AN IV ANTI-EMETIC AT THE TIME OF CHEMOTHERAPY TREATMENT, NOT TO EXCEED A 48 HOUR DOSAGE REGIMEN",Hydroxyzine pamoate 25mg,N,12/31/2025
33827,55,Q0180,100,1,"DOLASETRON MESYLATE, 100 MG, ORAL, FDA APPROVED PRESCRIPTION ANTI-EMETIC, FOR USE AS A COMPLETE THERAPEUTIC SUBSTITUTE FOR AN IV ANTI-EMETIC AT THE TIME OF CHEMOTHERAPY TREATMENT, NOT TO EXCEED A 24 HOUR DOSAGE REGIMEN",Dolasetron mesylate oral,N,12/31/2025
33827,55,Q0181,100,1,"UNSPECIFIED ORAL DOSAGE FORM, FDA APPROVED PRESCRIPTION ANTI-EMETIC, FOR USE AS A COMPLETE THERAPEUTIC SUBSTITUTE FOR A IV ANTI-EMETIC AT THE TIME OF CHEMOTHERAPY TREATMENT, NOT TO EXCEED A 48 HOUR DOSAGE REGIMEN",Unspecified oral anti-emetic,N,12/31/2025
33827,55,Q0511,100,1,"PHARMACY SUPPLY FEE FOR ORAL ANTI-CANCER, ORAL ANTI-EMETIC OR IMMUNOSUPPRESSIVE DRUG(S); FOR THE FIRST PRESCRIPTION IN A 30-DAY PERIOD","Sup fee antiem,antica,immuno",N,12/31/2025
33827,55,Q0512,100,1,"PHARMACY SUPPLY FEE FOR ORAL ANTI-CANCER, ORAL ANTI-EMETIC OR IMMUNOSUPPRESSIVE DRUG(S); FOR A SUBSEQUENT PRESCRIPTION IN A 30-DAY PERIOD",Px sup fee anti-can sub pres,N,12/31/2025
33826,22,A9270,100,1,NON-COVERED ITEM OR SERVICE,Non-covered item or service,N,12/31/2025
33826,22,J8498,100,1,"ANTIEMETIC DRUG, RECTAL&sol;SUPPOSITORY, NOT OTHERWISE SPECIFIED",Antiemetic rectal&sol;supp nos,N,12/31/2025
33826,22,J8597,100,1,"ANTIEMETIC DRUG, ORAL, NOT OTHERWISE SPECIFIED",Antiemetic drug oral nos,N,12/31/2025
33826,22,J8999,100,1,"PRESCRIPTION DRUG, ORAL, CHEMOTHERAPEUTIC, NOS",Oral prescription drug chemo,N,12/31/2025
33826,22,Q0511,100,1,"PHARMACY SUPPLY FEE FOR ORAL ANTI-CANCER, ORAL ANTI-EMETIC OR IMMUNOSUPPRESSIVE DRUG(S); FOR THE FIRST PRESCRIPTION IN A 30-DAY PERIOD","Sup fee antiem,antica,immuno",N,12/31/2025
33826,22,Q0512,100,1,"PHARMACY SUPPLY FEE FOR ORAL ANTI-CANCER, ORAL ANTI-EMETIC OR IMMUNOSUPPRESSIVE DRUG(S); FOR A SUBSEQUENT PRESCRIPTION IN A 30-DAY PERIOD",Px sup fee anti-can sub pres,N,12/31/2025
33824,56,J0485,100,1,"INJECTION, BELATACEPT, 1 MG",Belatacept injection,N,12/31/2025
33824,56,J2919,100,1,"INJECTION, METHYLPREDNISOLONE SODIUM SUCCINATE, 5 MG","Inj, methylpred sod succ 5mg",N,12/31/2025
33824,56,J7500,100,1,"AZATHIOPRINE, ORAL, 50 MG",Azathioprine oral 50mg,N,12/31/2025
33824,56,J7501,100,1,"AZATHIOPRINE, PARENTERAL, 100 MG",Azathioprine parenteral,N,12/31/2025
33824,56,J7502,100,1,"CYCLOSPORINE, ORAL, 100 MG",Cyclosporine oral 100 mg,N,12/31/2025
33824,56,J7503,100,1,"TACROLIMUS, EXTENDED RELEASE, (ENVARSUS XR), ORAL, 0.25 MG",Tacrol envarsus ex rel oral,N,12/31/2025
33824,56,J7504,100,1,"LYMPHOCYTE IMMUNE GLOBULIN, ANTITHYMOCYTE GLOBULIN, EQUINE, PARENTERAL, 250 MG",Lymphocyte immune globulin,N,12/31/2025
33824,56,J7507,100,1,"TACROLIMUS, IMMEDIATE RELEASE, ORAL, 1 MG",Tacrolimus imme rel oral 1mg,N,12/31/2025
33824,56,J7508,100,1,"TACROLIMUS, EXTENDED RELEASE, (ASTAGRAF XL), ORAL, 0.1 MG",Tacrol astagraf ex rel oral,N,12/31/2025
33824,56,J7509,100,1,"METHYLPREDNISOLONE ORAL, PER 4 MG",Methylprednisolone oral,N,12/31/2025
33824,56,J7510,100,1,"PREDNISOLONE ORAL, PER 5 MG",Prednisolone oral per 5 mg,N,12/31/2025
33824,56,J7511,100,1,"LYMPHOCYTE IMMUNE GLOBULIN, ANTITHYMOCYTE GLOBULIN, RABBIT, PARENTERAL, 25 MG",Antithymocyte globuln rabbit,N,12/31/2025
33824,56,J7512,100,1,"PREDNISONE, IMMEDIATE RELEASE OR DELAYED RELEASE, ORAL, 1 MG",Prednisone ir or dr oral 1mg,N,12/31/2025
33824,56,J7514,100,1,"MYCOPHENOLATE MOFETIL (MYHIBBIN), ORAL SUSPENSION, 100 MG",Mycophenol (myhibbin) 100 mg,N,12/31/2025
33824,56,J7515,100,1,"CYCLOSPORINE, ORAL, 25 MG",Cyclosporine oral 25 mg,N,12/31/2025
33824,56,J7516,100,1,"INJECTION, CYCLOSPORINE, 250 MG","Inj, cyclosporine 250mg",N,12/31/2025
33824,56,J7517,100,1,"MYCOPHENOLATE MOFETIL, ORAL, 250 MG",Mycophenolate mofetil oral,N,12/31/2025
33824,56,J7518,100,1,"MYCOPHENOLIC ACID, ORAL, 180 MG",Mycophenolic acid,N,12/31/2025
33824,56,J7520,100,1,"SIROLIMUS, ORAL, 1 MG","Sirolimus, oral",N,12/31/2025
33824,56,J7521,100,1,"TACROLIMUS, GRANULES, ORAL SUSPENSION, 0.1 MG",Tacrolim granules oral susp,N,12/31/2025
33824,56,J7525,100,1,"TACROLIMUS, PARENTERAL, 5 MG",Tacrolimus injection,N,12/31/2025
33824,56,J7527,100,1,"EVEROLIMUS, ORAL, 0.25 MG",Oral everolimus,N,12/31/2025
33824,56,J7528,100,1,"MYCOPHENOLATE MOFETIL, FOR SUSPENSION, ORAL, 100 MG",Mycophen mofetil for susp,N,12/31/2025
33824,56,J7599,100,1,"IMMUNOSUPPRESSIVE DRUG, NOT OTHERWISE CLASSIFIED",Immunosuppressive drug noc,N,12/31/2025
33824,56,J8530,100,1,"CYCLOPHOSPHAMIDE; ORAL, 25 MG",Cyclophosphamide oral 25 mg,N,12/31/2025
33824,56,J8610,100,1,"METHOTREXATE; ORAL, 2.5 MG",Methotrexate oral 2.5 mg,N,12/31/2025
33824,56,Q0510,100,1,"PHARMACY SUPPLY FEE FOR INITIAL IMMUNOSUPPRESSIVE DRUG(S), FIRST MONTH FOLLOWING TRANSPLANT",Dispens fee immunosupressive,N,12/31/2025
33824,56,Q0511,100,1,"PHARMACY SUPPLY FEE FOR ORAL ANTI-CANCER, ORAL ANTI-EMETIC OR IMMUNOSUPPRESSIVE DRUG(S); FOR THE FIRST PRESCRIPTION IN A 30-DAY PERIOD","Sup fee antiem,antica,immuno",N,12/31/2025
33824,56,Q0512,100,1,"PHARMACY SUPPLY FEE FOR ORAL ANTI-CANCER, ORAL ANTI-EMETIC OR IMMUNOSUPPRESSIVE DRUG(S); FOR A SUBSEQUENT PRESCRIPTION IN A 30-DAY PERIOD",Px sup fee anti-can sub pres,N,12/31/2025
33318,63,A4467,99,1,"BELT, STRAP, SLEEVE, GARMENT, OR COVERING, ANY TYPE",Belt strap sleev grmnt cover,N,12/04/2025
33318,63,A9270,99,1,NON-COVERED ITEM OR SERVICE,Non-covered item or service,N,12/04/2025
33318,63,K0672,99,1,"ADDITION TO LOWER EXTREMITY ORTHOSIS, REMOVABLE SOFT INTERFACE, ALL COMPONENTS, REPLACEMENT ONLY, EACH",Removable soft interface le,N,12/04/2025
33318,63,L1810,99,1,"KNEE ORTHOSIS, ELASTIC WITH JOINTS, PREFABRICATED ITEM THAT HAS BEEN TRIMMED, BENT, MOLDED, ASSEMBLED, OR OTHERWISE CUSTOMIZED TO FIT A SPECIFIC PATIENT BY AN INDIVIDUAL WITH EXPERTISE",Ko elastic with joints,N,12/04/2025
33318,63,L1812,99,1,"KNEE ORTHOSIS, ELASTIC WITH JOINTS, PREFABRICATED, OFF-THE-SHELF",Ko elastic w&sol;joints pre ots,N,12/04/2025
33318,63,L1820,99,1,"KNEE ORTHOSIS, ELASTIC WITH CONDYLAR PADS AND JOINTS, WITH OR WITHOUT PATELLAR CONTROL, PREFABRICATED ITEM THAT HAS BEEN TRIMMED, BENT, MOLDED, ASSEMBLED, OR OTHERWISE CUSTOMIZED TO FIT A SPECIFIC PATIENT BY AN INDIVIDUAL WITH EXPERTISE",Ko elas w&sol; condyle pads &amp; jo,N,12/04/2025
33318,63,L1821,99,1,"KNEE ORTHOSIS, ELASTIC WITH CONDYLAR PADS AND JOINTS, WITH OR WITHOUT PATELLAR CONTROL, PREFABRICATED, OFF THE SHELF",Ko elas w&sol; condyle pads otf,N,12/04/2025
33318,63,L1830,99,1,"KNEE ORTHOSIS, IMMOBILIZER, CANVAS LONGITUDINAL, PREFABRICATED, OFF-THE-SHELF",Ko immob canvas long pre ots,N,12/04/2025
33318,63,L1831,99,1,"KNEE ORTHOSIS, LOCKING KNEE JOINT(S), POSITIONAL ORTHOSIS, PREFABRICATED, INCLUDES FITTING AND ADJUSTMENT",Knee orth pos locking joint,N,12/04/2025
33318,63,L1832,99,1,"KNEE ORTHOSIS, ADJUSTABLE KNEE JOINTS (UNICENTRIC OR POLYCENTRIC), POSITIONAL ORTHOSIS, RIGID SUPPORT, PREFABRICATED ITEM THAT HAS BEEN TRIMMED, BENT, MOLDED, ASSEMBLED, OR OTHERWISE CUSTOMIZED TO FIT A SPECIFIC PATIENT BY AN INDIVIDUAL WITH EXPERTISE",Ko adj jnt pos r sup pre cst,N,12/04/2025
33318,63,L1833,99,1,"KNEE ORTHOSIS, ADJUSTABLE KNEE JOINTS (UNICENTRIC OR POLYCENTRIC), POSITIONAL ORTHOSIS, RIGID SUPPORT, PREFABRICATED, OFF-THE SHELF",Ko adj jnt pos r sup pre ots,N,12/04/2025
33318,63,L1834,99,1,"KNEE ORTHOSIS, WITHOUT KNEE JOINT, RIGID, CUSTOM FABRICATED",Ko w&sol;0 joint rigid molded to,N,12/04/2025
33318,63,L1836,99,1,"KNEE ORTHOSIS, RIGID, WITHOUT JOINT(S), INCLUDES SOFT INTERFACE MATERIAL, PREFABRICATED, OFF-THE-SHELF",Ko rigid w&sol;o joints pre ots,N,12/04/2025
33318,63,L1840,99,1,"KNEE ORTHOSIS, DEROTATION, MEDIAL-LATERAL, ANTERIOR CRUCIATE LIGAMENT, CUSTOM FABRICATED",Ko derot ant cruciate custom,N,12/04/2025
33318,63,L1843,99,1,"KNEE ORTHOSIS, SINGLE UPRIGHT, THIGH AND CALF, WITH ADJUSTABLE FLEXION AND EXTENSION JOINT (UNICENTRIC OR POLYCENTRIC), MEDIAL-LATERAL AND ROTATION CONTROL, WITH OR WITHOUT VARUS&sol;VALGUS ADJUSTMENT, PREFABRICATED ITEM THAT HAS BEEN TRIMMED, BENT, MOLDED, ASSEMBLED, OR OTHERWISE CUSTOMIZED TO FIT A SPECIFIC PATIENT BY AN INDIVIDUAL WITH EXPERTISE",Ko single upright pre cst,N,12/04/2025
33318,63,L1844,99,1,"KNEE ORTHOSIS, SINGLE UPRIGHT, THIGH AND CALF, WITH ADJUSTABLE FLEXION AND EXTENSION JOINT (UNICENTRIC OR POLYCENTRIC), MEDIAL-LATERAL AND ROTATION CONTROL, WITH OR WITHOUT VARUS&sol;VALGUS ADJUSTMENT, CUSTOM FABRICATED",Ko w&sol;adj jt rot cntrl molded,N,12/04/2025
33318,63,L1845,99,1,"KNEE ORTHOSIS, DOUBLE UPRIGHT, THIGH AND CALF, WITH ADJUSTABLE FLEXION AND EXTENSION JOINT (UNICENTRIC OR POLYCENTRIC), MEDIAL-LATERAL AND ROTATION CONTROL, WITH OR WITHOUT VARUS&sol;VALGUS ADJUSTMENT, PREFABRICATED ITEM THAT HAS BEEN TRIMMED, BENT, MOLDED, ASSEMBLED, OR OTHERWISE CUSTOMIZED TO FIT A SPECIFIC PATIENT BY AN INDIVIDUAL WITH EXPERTISE",Ko double upright pre cst,N,12/04/2025
33318,63,L1846,99,1,"KNEE ORTHOSIS, DOUBLE UPRIGHT, THIGH AND CALF, WITH ADJUSTABLE FLEXION AND EXTENSION JOINT (UNICENTRIC OR POLYCENTRIC), MEDIAL-LATERAL AND ROTATION CONTROL, WITH OR WITHOUT VARUS&sol;VALGUS ADJUSTMENT, CUSTOM FABRICATED",Ko w adj flex&sol;ext rotat mold,N,12/04/2025
33318,63,L1847,99,1,"KNEE ORTHOSIS, DOUBLE UPRIGHT WITH ADJUSTABLE JOINT, WITH INFLATABLE AIR SUPPORT CHAMBER(S), PREFABRICATED ITEM THAT HAS BEEN TRIMMED, BENT, MOLDED, ASSEMBLED, OR OTHERWISE CUSTOMIZED TO FIT A SPECIFIC PATIENT BY AN INDIVIDUAL WITH EXPERTISE",Ko dbl upright w&sol;air pre cst,N,12/04/2025
33318,63,L1848,99,1,"KNEE ORTHOSIS, DOUBLE UPRIGHT WITH ADJUSTABLE JOINT, WITH INFLATABLE AIR SUPPORT CHAMBER(S), PREFABRICATED, OFF-THE-SHELF",Ko dbl upright w&sol;air pre ots,N,12/04/2025
33318,63,L1850,99,1,"KNEE ORTHOSIS, SWEDISH TYPE, PREFABRICATED, OFF-THE-SHELF",Ko swedish type pre ots,N,12/04/2025
33318,63,L1851,99,1,"KNEE ORTHOSIS (KO), SINGLE UPRIGHT, THIGH AND CALF, WITH ADJUSTABLE FLEXION AND EXTENSION JOINT (UNICENTRIC OR POLYCENTRIC), MEDIAL-LATERAL AND ROTATION CONTROL, WITH OR WITHOUT VARUS&sol;VALGUS ADJUSTMENT, PREFABRICATED, OFF-THE-SHELF",Ko single upright prefab ots,N,12/04/2025
33318,63,L1852,99,1,"KNEE ORTHOSIS (KO), DOUBLE UPRIGHT, THIGH AND CALF, WITH ADJUSTABLE FLEXION AND EXTENSION JOINT (UNICENTRIC OR POLYCENTRIC), MEDIAL-LATERAL AND ROTATION CONTROL, WITH OR WITHOUT VARUS&sol;VALGUS ADJUSTMENT, PREFABRICATED, OFF-THE-SHELF",Ko double upright prefab ots,N,12/04/2025
33318,63,L1860,99,1,"KNEE ORTHOSIS, MODIFICATION OF SUPRACONDYLAR PROSTHETIC SOCKET, CUSTOM FABRICATED (SK)",Ko supracondylar socket mold,N,12/04/2025
33318,63,L2275,99,1,"ADDITION TO LOWER EXTREMITY, VARUS&sol;VALGUS CORRECTION, PLASTIC MODIFICATION, PADDED&sol;LINED",Plastic mod low ext pad&sol;line,N,12/04/2025
33318,63,L2320,99,1,"ADDITION TO LOWER EXTREMITY, NON-MOLDED LACER, FOR CUSTOM FABRICATED ORTHOSIS ONLY",Non-molded lacer,N,12/04/2025
33318,63,L2330,99,1,"ADDITION TO LOWER EXTREMITY, LACER MOLDED TO PATIENT MODEL, FOR CUSTOM FABRICATED ORTHOSIS ONLY",Lacer molded to patient mode,N,12/04/2025
33318,63,L2385,99,1,"ADDITION TO LOWER EXTREMITY, STRAIGHT KNEE JOINT, HEAVY DUTY, EACH JOINT",Straight knee joint heavy du,N,12/04/2025
33318,63,L2390,99,1,"ADDITION TO LOWER EXTREMITY, OFFSET KNEE JOINT, EACH JOINT",Offset knee joint each,N,12/04/2025
33318,63,L2395,99,1,"ADDITION TO LOWER EXTREMITY, OFFSET KNEE JOINT, HEAVY DUTY, EACH JOINT",Offset knee joint heavy duty,N,12/04/2025
33318,63,L2397,99,1,"ADDITION TO LOWER EXTREMITY ORTHOSIS, SUSPENSION SLEEVE",Suspension sleeve lower ext,N,12/04/2025
33318,63,L2405,99,1,"ADDITION TO KNEE JOINT, DROP LOCK, EACH",Knee joint drop lock ea jnt,N,12/04/2025
33318,63,L2415,99,1,"ADDITION TO KNEE LOCK WITH INTEGRATED RELEASE MECHANISM (BAIL, CABLE, OR EQUAL), ANY MATERIAL, EACH JOINT",Knee joint cam lock each joi,N,12/04/2025
33318,63,L2425,99,1,"ADDITION TO KNEE JOINT, DISC OR DIAL LOCK FOR ADJUSTABLE KNEE FLEXION, EACH JOINT",Knee disc&sol;dial lock&sol;adj flex,N,12/04/2025
33318,63,L2430,99,1,"ADDITION TO KNEE JOINT, RATCHET LOCK FOR ACTIVE AND PROGRESSIVE KNEE EXTENSION, EACH JOINT",Knee jnt ratchet lock ea jnt,N,12/04/2025
33318,63,L2492,99,1,"ADDITION TO KNEE JOINT, LIFT LOOP FOR DROP LOCK RING",Knee lift loop drop lock rin,N,12/04/2025
33318,63,L2750,99,1,"ADDITION TO LOWER EXTREMITY ORTHOSIS, PLATING CHROME OR NICKEL, PER BAR",Plating chrome&sol;nickel pr bar,N,12/04/2025
33318,63,L2755,99,1,"ADDITION TO LOWER EXTREMITY ORTHOSIS, HIGH STRENGTH, LIGHTWEIGHT MATERIAL, ALL HYBRID LAMINATION&sol;PREPREG COMPOSITE, PER SEGMENT, FOR CUSTOM FABRICATED ORTHOSIS ONLY",Carbon graphite lamination,N,12/04/2025
33318,63,L2780,99,1,"ADDITION TO LOWER EXTREMITY ORTHOSIS, NON-CORROSIVE FINISH, PER BAR",Non-corrosive finish,N,12/04/2025
33318,63,L2785,99,1,"ADDITION TO LOWER EXTREMITY ORTHOSIS, DROP LOCK RETAINER, EACH",Drop lock retainer each,N,12/04/2025
33318,63,L2795,99,1,"ADDITION TO LOWER EXTREMITY ORTHOSIS, KNEE CONTROL, FULL KNEECAP",Knee control full kneecap,N,12/04/2025
33318,63,L2800,99,1,"ADDITION TO LOWER EXTREMITY ORTHOSIS, KNEE CONTROL, KNEE CAP, MEDIAL OR LATERAL PULL, FOR USE WITH CUSTOM FABRICATED ORTHOSIS ONLY",Knee cap medial or lateral p,N,12/04/2025
33318,63,L2810,99,1,"ADDITION TO LOWER EXTREMITY ORTHOSIS, KNEE CONTROL, CONDYLAR PAD",Knee control condylar pad,N,12/04/2025
33318,63,L2820,99,1,"ADDITION TO LOWER EXTREMITY ORTHOSIS, SOFT INTERFACE FOR MOLDED PLASTIC, BELOW KNEE SECTION",Soft interface below knee se,N,12/04/2025
33318,63,L2830,99,1,"ADDITION TO LOWER EXTREMITY ORTHOSIS, SOFT INTERFACE FOR MOLDED PLASTIC, ABOVE KNEE SECTION",Soft interface above knee se,N,12/04/2025
33318,63,L2999,99,1,"LOWER EXTREMITY ORTHOSES, NOT OTHERWISE SPECIFIED",Lower extremity orthosis nos,N,12/04/2025
33318,63,L4002,99,1,"REPLACEMENT STRAP, ANY ORTHOSIS, INCLUDES ALL COMPONENTS, ANY LENGTH, ANY TYPE","Replace strap, any orthosis",N,12/04/2025
33318,63,L4205,99,1,"REPAIR OF ORTHOTIC DEVICE, LABOR COMPONENT, PER 15 MINUTES",Ortho dvc repair per 15 min,N,12/04/2025
33318,63,L4210,99,1,"REPAIR OF ORTHOTIC DEVICE, REPAIR OR REPLACE MINOR PARTS",Orth dev repair&sol;repl minor p,N,12/04/2025
33318,63,L9900,99,1,"ORTHOTIC AND PROSTHETIC SUPPLY, ACCESSORY, AND&sol;OR SERVICE COMPONENT OF ANOTHER HCPCS &quot;L&quot; CODE",O&amp;p supply&sol;accessory&sol;service,N,12/04/2025
33792,43,E0973,99,1,"WHEELCHAIR ACCESSORY, ADJUSTABLE HEIGHT, DETACHABLE ARMREST, COMPLETE ASSEMBLY, EACH",W&sol;ch access det adj armrest,N,10/23/2025
33792,43,E2209,99,1,"ACCESSORY, ARM TROUGH, WITH OR WITHOUT HAND SUPPORT, EACH",Arm trough each,N,10/23/2025
33792,43,K0015,99,1,"DETACHABLE, NON-ADJUSTABLE HEIGHT ARMREST, REPLACEMENT ONLY, EACH",Detach non-adj ht armrst rep,N,10/23/2025
33792,43,K0017,99,1,"DETACHABLE, ADJUSTABLE HEIGHT ARMREST, BASE, REPLACEMENT ONLY, EACH",Detach adjust armrest base,N,10/23/2025
33792,43,K0018,99,1,"DETACHABLE, ADJUSTABLE HEIGHT ARMREST, UPPER PORTION, REPLACEMENT ONLY, EACH",Detach adjust armrst upper,N,10/23/2025
33792,43,K0019,99,1,"ARM PAD, REPLACEMENT ONLY, EACH","Arm pad repl, each",N,10/23/2025
33792,43,K0020,99,1,"FIXED, ADJUSTABLE HEIGHT ARMREST, PAIR",Fixed adjust armrest pair,N,10/23/2025
33792,43,E0951,99,2,"HEEL LOOP&sol;HOLDER, ANY TYPE, WITH OR WITHOUT ANKLE STRAP, EACH",Loop heel,N,10/23/2025
33792,43,E0952,99,2,"TOE LOOP&sol;HOLDER, ANY TYPE, EACH","Toe loop&sol;holder, each",N,10/23/2025
33792,43,E0954,99,2,"WHEELCHAIR ACCESSORY, FOOT BOX, ANY TYPE, INCLUDES ATTACHMENT AND MOUNTING HARDWARE, EACH FOOT","Foot box, any type each foot",N,10/23/2025
33792,43,E0990,99,2,"WHEELCHAIR ACCESSORY, ELEVATING LEG REST, COMPLETE ASSEMBLY, EACH",Wheelchair elevating leg res,N,10/23/2025
33792,43,E0995,99,2,"WHEELCHAIR ACCESSORY, CALF REST&sol;PAD, REPLACEMENT ONLY, EACH","Wc calf rest, pad replacemnt",N,10/23/2025
33792,43,E1020,99,2,"RESIDUAL LIMB SUPPORT SYSTEM FOR WHEELCHAIR, ANY TYPE",Residual limb support system,N,10/23/2025
33792,43,K0037,99,2,"HIGH MOUNT FLIP-UP FOOTREST, EACH",Hi mount flip-up footrest ea,N,10/23/2025
33792,43,K0038,99,2,"LEG STRAP, EACH",Leg strap each,N,10/23/2025
33792,43,K0039,99,2,"LEG STRAP, H STYLE, EACH",Leg strap h style each,N,10/23/2025
33792,43,K0040,99,2,"ADJUSTABLE ANGLE FOOTPLATE, EACH",Adjustable angle footplate,N,10/23/2025
33792,43,K0041,99,2,"LARGE SIZE FOOTPLATE, EACH",Large size footplate each,N,10/23/2025
33792,43,K0042,99,2,"STANDARD SIZE FOOTPLATE, REPLACEMENT ONLY, EACH",Standard size ftplate rep ea,N,10/23/2025
33792,43,K0043,99,2,"FOOTREST, LOWER EXTENSION TUBE, REPLACEMENT ONLY, EACH",Ftrst lowr exten tube rep ea,N,10/23/2025
33792,43,K0044,99,2,"FOOTREST, UPPER HANGER BRACKET, REPLACEMENT ONLY, EACH",Ftrst upr hanger brac rep ea,N,10/23/2025
33792,43,K0045,99,2,"FOOTREST, COMPLETE ASSEMBLY, REPLACEMENT ONLY, EACH",Ftrst compl assembly repl ea,N,10/23/2025
33792,43,K0046,99,2,"ELEVATING LEGREST, LOWER EXTENSION TUBE, REPLACEMENT ONLY, EACH",Elev lgrst lwr exten repl ea,N,10/23/2025
33792,43,K0047,99,2,"ELEVATING LEGREST, UPPER HANGER BRACKET, REPLACEMENT ONLY, EACH",Elev legrst upr hangr rep ea,N,10/23/2025
33792,43,K0050,99,2,"RATCHET ASSEMBLY, REPLACEMENT ONLY",Ratchet assembly replacement,N,10/23/2025
33792,43,K0051,99,2,"CAM RELEASE ASSEMBLY, FOOTREST OR LEGREST, REPLACEMENT ONLY, EACH",Cam rel asm ft&sol;legrst rep ea,N,10/23/2025
33792,43,K0052,99,2,"SWINGAWAY, DETACHABLE FOOTRESTS, REPLACEMENT ONLY, EACH",Swingaway detach ftrest repl,N,10/23/2025
33792,43,K0053,99,2,"ELEVATING FOOTRESTS, ARTICULATING (TELESCOPING), EACH",Elevate footrest articulate,N,10/23/2025
33792,43,K0195,99,2,"ELEVATING LEG RESTS, PAIR (FOR USE WITH CAPPED RENTAL WHEELCHAIR BASE)",Elevating whlchair leg rests,N,10/23/2025
33792,43,E1011,99,3,"MODIFICATION TO PEDIATRIC SIZE WHEELCHAIR, WIDTH ADJUSTMENT PACKAGE (NOT TO BE DISPENSED WITH INITIAL CHAIR)",Ped wc modify width adjustm,N,10/23/2025
33792,43,E2201,99,3,"MANUAL WHEELCHAIR ACCESSORY, NONSTANDARD SEAT FRAME, WIDTH GREATER THAN OR EQUAL TO 20 INCHES AND LESS THAN 24 INCHES",Man w&sol;ch acc seat w&gt;=20&quot;&lt;24&quot;,N,10/23/2025
33792,43,E2202,99,3,"MANUAL WHEELCHAIR ACCESSORY, NONSTANDARD SEAT FRAME WIDTH, 24-27 INCHES",Seat width 24-27 in,N,10/23/2025
33792,43,E2203,99,3,"MANUAL WHEELCHAIR ACCESSORY, NONSTANDARD SEAT FRAME DEPTH, 20 TO LESS THAN 22 INCHES",Frame depth less than 22 in,N,10/23/2025
33792,43,E2204,99,3,"MANUAL WHEELCHAIR ACCESSORY, NONSTANDARD SEAT FRAME DEPTH, 22 TO 25 INCHES",Frame depth 22 to 25 in,N,10/23/2025
33792,43,K0056,99,3,"SEAT HEIGHT LESS THAN 17&quot; OR EQUAL TO OR GREATER THAN 21&quot; FOR A HIGH STRENGTH, LIGHTWEIGHT, OR ULTRALIGHTWEIGHT WHEELCHAIR",Seat ht &lt;17 or &gt;=21 ltwt wc,N,10/23/2025
33792,43,E0961,99,4,"MANUAL WHEELCHAIR ACCESSORY, WHEEL LOCK BRAKE EXTENSION (HANDLE), EACH",Wheelchair brake extension,N,10/23/2025
33792,43,E0967,99,4,"MANUAL WHEELCHAIR ACCESSORY, HAND RIM WITH PROJECTIONS, ANY TYPE, REPLACEMENT ONLY, EACH",Man wc rim&sol;projection rep ea,N,10/23/2025
33792,43,E0988,99,4,"MANUAL WHEELCHAIR ACCESSORY, LEVER-ACTIVATED, WHEEL DRIVE, PAIR",Lever-activated wheel drive,N,10/23/2025
33792,43,E2205,99,4,"MANUAL WHEELCHAIR ACCESSORY, HANDRIM WITHOUT PROJECTIONS (INCLUDES ERGONOMIC OR CONTOURED), ANY TYPE, REPLACEMENT ONLY, EACH","Manual wc accessory, handrim",N,10/23/2025
33792,43,E2206,99,4,"MANUAL WHEELCHAIR ACCESSORY, WHEEL LOCK ASSEMBLY, COMPLETE, REPLACEMENT ONLY, EACH",Man wc whl lock comp repl ea,N,10/23/2025
33792,43,E2211,99,4,"MANUAL WHEELCHAIR ACCESSORY, PNEUMATIC PROPULSION TIRE, ANY SIZE, EACH",Pneumatic propulsion tire,N,10/23/2025
33792,43,E2212,99,4,"MANUAL WHEELCHAIR ACCESSORY, TUBE FOR PNEUMATIC PROPULSION TIRE, ANY SIZE, EACH",Pneumatic prop tire tube,N,10/23/2025
33792,43,E2213,99,4,"MANUAL WHEELCHAIR ACCESSORY, INSERT FOR PNEUMATIC PROPULSION TIRE (REMOVABLE), ANY TYPE, ANY SIZE, EACH",Pneumatic prop tire insert,N,10/23/2025
33792,43,E2214,99,4,"MANUAL WHEELCHAIR ACCESSORY, PNEUMATIC CASTER TIRE, ANY SIZE, EACH",Pneumatic caster tire each,N,10/23/2025
33792,43,E2215,99,4,"MANUAL WHEELCHAIR ACCESSORY, TUBE FOR PNEUMATIC CASTER TIRE, ANY SIZE, EACH",Pneumatic caster tire tube,N,10/23/2025
33792,43,E2216,99,4,"MANUAL WHEELCHAIR ACCESSORY, FOAM FILLED PROPULSION TIRE, ANY SIZE, EACH",Foam filled propulsion tire,N,10/23/2025
33792,43,E2217,99,4,"MANUAL WHEELCHAIR ACCESSORY, FOAM FILLED CASTER TIRE, ANY SIZE, EACH",Foam filled caster tire each,N,10/23/2025
33792,43,E2218,99,4,"MANUAL WHEELCHAIR ACCESSORY, FOAM PROPULSION TIRE, ANY SIZE, EACH",Foam propulsion tire each,N,10/23/2025
33792,43,E2219,99,4,"MANUAL WHEELCHAIR ACCESSORY, FOAM CASTER TIRE, ANY SIZE, EACH",Foam caster tire any size ea,N,10/23/2025
33792,43,E2220,99,4,"MANUAL WHEELCHAIR ACCESSORY, SOLID (RUBBER&sol;PLASTIC) PROPULSION TIRE, ANY SIZE, REPLACEMENT ONLY, EACH","Solid propuls tire, repl, ea",N,10/23/2025
33792,43,E2221,99,4,"MANUAL WHEELCHAIR ACCESSORY, SOLID (RUBBER&sol;PLASTIC) CASTER TIRE (REMOVABLE), ANY SIZE, REPLACEMENT ONLY, EACH","Solid caster tire repl, each",N,10/23/2025
33792,43,E2222,99,4,"MANUAL WHEELCHAIR ACCESSORY, SOLID (RUBBER&sol;PLASTIC) CASTER TIRE WITH INTEGRATED WHEEL, ANY SIZE, REPLACEMENT ONLY, EACH","Solid caster integ whl, repl",N,10/23/2025
33792,43,E2224,99,4,"MANUAL WHEELCHAIR ACCESSORY, PROPULSION WHEEL EXCLUDES TIRE, ANY SIZE, REPLACEMENT ONLY, EACH",Propulsion whl excl tire rep,N,10/23/2025
33792,43,E2225,99,4,"MANUAL WHEELCHAIR ACCESSORY, CASTER WHEEL EXCLUDES TIRE, ANY SIZE, REPLACEMENT ONLY, EACH",Caster wheel excludes tire,N,10/23/2025
33792,43,E2226,99,4,"MANUAL WHEELCHAIR ACCESSORY, CASTER FORK, ANY SIZE, REPLACEMENT ONLY, EACH",Caster fork replacement only,N,10/23/2025
33792,43,E2227,99,4,"MANUAL WHEELCHAIR ACCESSORY, GEAR REDUCTION DRIVE WHEEL, EACH",Gear reduction drive wheel,N,10/23/2025
33792,43,E2228,99,4,"MANUAL WHEELCHAIR ACCESSORY, WHEEL BRAKING SYSTEM AND LOCK, COMPLETE, EACH","Mwc acc, wheelchair brake",N,10/23/2025
33792,43,K0065,99,4,"SPOKE PROTECTORS, EACH",Spoke protectors,N,10/23/2025
33792,43,K0069,99,4,"REAR WHEEL ASSEMBLY, COMPLETE, WITH SOLID TIRE, SPOKES OR MOLDED, REPLACEMENT ONLY, EACH",Rr whl compl sol tire rep ea,N,10/23/2025
33792,43,K0070,99,4,"REAR WHEEL ASSEMBLY, COMPLETE, WITH PNEUMATIC TIRE, SPOKES OR MOLDED, REPLACEMENT ONLY, EACH",Rr whl compl pne tire rep ea,N,10/23/2025
33792,43,K0071,99,4,"FRONT CASTER ASSEMBLY, COMPLETE, WITH PNEUMATIC TIRE, REPLACEMENT ONLY, EACH",Fr cstr comp pne tire rep ea,N,10/23/2025
33792,43,K0072,99,4,"FRONT CASTER ASSEMBLY, COMPLETE, WITH SEMI-PNEUMATIC TIRE, REPLACEMENT ONLY, EACH",Fr cstr semi-pne tire rep ea,N,10/23/2025
33792,43,K0073,99,4,"CASTER PIN LOCK, EACH",Caster pin lock each,N,10/23/2025
33792,43,K0077,99,4,"FRONT CASTER ASSEMBLY, COMPLETE, WITH SOLID TIRE, REPLACEMENT ONLY, EACH",Fr cstr asmb sol tire rep ea,N,10/23/2025
33792,43,E2358,99,5,"POWER WHEELCHAIR ACCESSORY, GROUP 34 NON-SEALED LEAD ACID BATTERY, EACH",Gr 34 nonsealed leadacid,N,10/23/2025
33792,43,E2359,99,5,"POWER WHEELCHAIR ACCESSORY, GROUP 34 SEALED LEAD ACID BATTERY, EACH (E.G., GEL CELL, ABSORBED GLASSMAT)",Gr34 sealed leadacid battery,N,10/23/2025
33792,43,E2360,99,5,"POWER WHEELCHAIR ACCESSORY, 22NF NON-SEALED LEAD ACID BATTERY, EACH",22nf nonsealed leadacid,N,10/23/2025
33792,43,E2361,99,5,"POWER WHEELCHAIR ACCESSORY, 22NF SEALED LEAD ACID BATTERY, EACH, (E.G., GEL CELL, ABSORBED GLASSMAT)",22nf sealed leadacid battery,N,10/23/2025
33792,43,E2362,99,5,"POWER WHEELCHAIR ACCESSORY, GROUP 24 NON-SEALED LEAD ACID BATTERY, EACH",Gr24 nonsealed leadacid,N,10/23/2025
33792,43,E2363,99,5,"POWER WHEELCHAIR ACCESSORY, GROUP 24 SEALED LEAD ACID BATTERY, EACH (E.G., GEL CELL, ABSORBED GLASSMAT)",Gr24 sealed leadacid battery,N,10/23/2025
33792,43,E2364,99,5,"POWER WHEELCHAIR ACCESSORY, U-1 NON-SEALED LEAD ACID BATTERY, EACH",U1nonsealed leadacid battery,N,10/23/2025
33792,43,E2365,99,5,"POWER WHEELCHAIR ACCESSORY, U-1 SEALED LEAD ACID BATTERY, EACH (E.G., GEL CELL, ABSORBED GLASSMAT)",U1 sealed leadacid battery,N,10/23/2025
33792,43,E2366,99,5,"POWER WHEELCHAIR ACCESSORY, BATTERY CHARGER, SINGLE MODE, FOR USE WITH ONLY ONE BATTERY TYPE, SEALED OR NON-SEALED, EACH","Battery charger, single mode",N,10/23/2025
33792,43,E2367,99,5,"POWER WHEELCHAIR ACCESSORY, BATTERY CHARGER, DUAL MODE, FOR USE WITH EITHER BATTERY TYPE, SEALED OR NON-SEALED, EACH","Battery charger, dual mode",N,10/23/2025
33792,43,E2371,99,5,"POWER WHEELCHAIR ACCESSORY, GROUP 27 SEALED LEAD ACID BATTERY, (E.G., GEL CELL, ABSORBED GLASSMAT), EACH",Gr27 sealed leadacid battery,N,10/23/2025
33792,43,E2372,99,5,"POWER WHEELCHAIR ACCESSORY, GROUP 27 NON-SEALED LEAD ACID BATTERY, EACH",Gr27 non-sealed leadacid,N,10/23/2025
33792,43,E2397,99,5,"POWER WHEELCHAIR ACCESSORY, LITHIUM-BASED BATTERY, EACH","Pwc acc, lith-based battery",N,10/23/2025
33792,43,K0733,99,5,"POWER WHEELCHAIR ACCESSORY, 12 TO 24 AMP HOUR SEALED LEAD ACID BATTERY, EACH (E.G., GEL CELL, ABSORBED GLASSMAT)",12-24hr sealed lead acid,N,10/23/2025
33792,43,E1002,99,6,"WHEELCHAIR ACCESSORY, POWER SEATING SYSTEM, TILT ONLY",Pwr seat tilt,N,10/23/2025
33792,43,E1003,99,6,"WHEELCHAIR ACCESSORY, POWER SEATING SYSTEM, RECLINE ONLY, WITHOUT SHEAR REDUCTION",Pwr seat recline,N,10/23/2025
33792,43,E1004,99,6,"WHEELCHAIR ACCESSORY, POWER SEATING SYSTEM, RECLINE ONLY, WITH MECHANICAL SHEAR REDUCTION",Pwr seat recline mech,N,10/23/2025
33792,43,E1005,99,6,"WHEELCHAIR ACCESSORY, POWER SEATING SYSTEM, RECLINE ONLY, WITH POWER SHEAR REDUCTION",Pwr seat recline pwr,N,10/23/2025
33792,43,E1006,99,6,"WHEELCHAIR ACCESSORY, POWER SEATING SYSTEM, COMBINATION TILT AND RECLINE, WITHOUT SHEAR REDUCTION",Pwr seat combo w&sol;o shear,N,10/23/2025
33792,43,E1007,99,6,"WHEELCHAIR ACCESSORY, POWER SEATING SYSTEM, COMBINATION TILT AND RECLINE, WITH MECHANICAL SHEAR REDUCTION",Pwr seat combo w&sol;shear,N,10/23/2025
33792,43,E1008,99,6,"WHEELCHAIR ACCESSORY, POWER SEATING SYSTEM, COMBINATION TILT AND RECLINE, WITH POWER SHEAR REDUCTION",Pwr seat combo pwr shear,N,10/23/2025
33792,43,E1009,99,6,"WHEELCHAIR ACCESSORY, ADDITION TO POWER SEATING SYSTEM, MECHANICALLY LINKED LEG ELEVATION SYSTEM, INCLUDING PUSHROD AND LEG REST, EACH",Add mech leg elevation,N,10/23/2025
33792,43,E1010,99,6,"WHEELCHAIR ACCESSORY, ADDITION TO POWER SEATING SYSTEM, POWER LEG ELEVATION SYSTEM, INCLUDING LEG REST, PAIR",Add pwr leg elevation,N,10/23/2025
33792,43,E1012,99,6,"WHEELCHAIR ACCESSORY, ADDITION TO POWER SEATING SYSTEM, CENTER MOUNT POWER ELEVATING LEG REST&sol;PLATFORM, COMPLETE SYSTEM, ANY TYPE, EACH",Ctr mount pwr elev leg rest,N,10/23/2025
33792,43,E2298,99,6,"COMPLEX REHABILITATIVE POWER WHEELCHAIR ACCESSORY, POWER SEAT ELEVATION SYSTEM, ANY TYPE",Pwr seat elev sys for crt,N,10/23/2025
33792,43,E2301,99,6,"WHEELCHAIR ACCESSORY, POWER STANDING SYSTEM, ANY TYPE",Pwr standing,N,10/23/2025
33792,43,E2310,99,6,"POWER WHEELCHAIR ACCESSORY, ELECTRONIC CONNECTION BETWEEN WHEELCHAIR CONTROLLER AND ONE POWER SEATING SYSTEM MOTOR, INCLUDING ALL RELATED ELECTRONICS, INDICATOR FEATURE, MECHANICAL FUNCTION SELECTION SWITCH, AND FIXED MOUNTING HARDWARE",Electro connect btw control,N,10/23/2025
33792,43,E2311,99,6,"POWER WHEELCHAIR ACCESSORY, ELECTRONIC CONNECTION BETWEEN WHEELCHAIR CONTROLLER AND TWO OR MORE POWER SEATING SYSTEM MOTORS, INCLUDING ALL RELATED ELECTRONICS, INDICATOR FEATURE, MECHANICAL FUNCTION SELECTION SWITCH, AND FIXED MOUNTING HARDWARE",Electro connect btw 2 sys,N,10/23/2025
33792,43,E2312,99,7,"POWER WHEELCHAIR ACCESSORY, HAND OR CHIN CONTROL INTERFACE, MINI-PROPORTIONAL REMOTE JOYSTICK, PROPORTIONAL, INCLUDING FIXED MOUNTING HARDWARE",Mini-prop remote joystick,N,10/23/2025
33792,43,E2313,99,7,"POWER WHEELCHAIR ACCESSORY, HARNESS FOR UPGRADE TO EXPANDABLE CONTROLLER, INCLUDING ALL FASTENERS, CONNECTORS AND MOUNTING HARDWARE, EACH","Pwc harness, expand control",N,10/23/2025
33792,43,E2321,99,7,"POWER WHEELCHAIR ACCESSORY, HAND CONTROL INTERFACE, REMOTE JOYSTICK, NONPROPORTIONAL, INCLUDING ALL RELATED ELECTRONICS, MECHANICAL STOP SWITCH, AND FIXED MOUNTING HARDWARE",Hand interface joystick,N,10/23/2025
33792,43,E2322,99,7,"POWER WHEELCHAIR ACCESSORY, HAND CONTROL INTERFACE, MULTIPLE MECHANICAL SWITCHES, NONPROPORTIONAL, INCLUDING ALL RELATED ELECTRONICS, MECHANICAL STOP SWITCH, AND FIXED MOUNTING HARDWARE",Mult mech switches,N,10/23/2025
33792,43,E2323,99,7,"POWER WHEELCHAIR ACCESSORY, SPECIALTY JOYSTICK HANDLE FOR HAND CONTROL INTERFACE, PREFABRICATED",Special joystick handle,N,10/23/2025
33792,43,E2324,99,7,"POWER WHEELCHAIR ACCESSORY, CHIN CUP FOR CHIN CONTROL INTERFACE",Chin cup interface,N,10/23/2025
33792,43,E2325,99,7,"POWER WHEELCHAIR ACCESSORY, SIP AND PUFF INTERFACE, NONPROPORTIONAL, INCLUDING ALL RELATED ELECTRONICS, MECHANICAL STOP SWITCH, AND MANUAL SWINGAWAY MOUNTING HARDWARE",Sip and puff interface,N,10/23/2025
33792,43,E2326,99,7,"POWER WHEELCHAIR ACCESSORY, BREATH TUBE KIT FOR SIP AND PUFF INTERFACE",Breath tube kit,N,10/23/2025
33792,43,E2327,99,7,"POWER WHEELCHAIR ACCESSORY, HEAD CONTROL INTERFACE, MECHANICAL, PROPORTIONAL, INCLUDING ALL RELATED ELECTRONICS, MECHANICAL DIRECTION CHANGE SWITCH, AND FIXED MOUNTING HARDWARE",Head control interface mech,N,10/23/2025
33792,43,E2328,99,7,"POWER WHEELCHAIR ACCESSORY, HEAD CONTROL OR EXTREMITY CONTROL INTERFACE, ELECTRONIC, PROPORTIONAL, INCLUDING ALL RELATED ELECTRONICS AND FIXED MOUNTING HARDWARE",Head&sol;extremity control inter,N,10/23/2025
33792,43,E2329,99,7,"POWER WHEELCHAIR ACCESSORY, HEAD CONTROL INTERFACE, CONTACT SWITCH MECHANISM, NONPROPORTIONAL, INCLUDING ALL RELATED ELECTRONICS, MECHANICAL STOP SWITCH, MECHANICAL DIRECTION CHANGE SWITCH, HEAD ARRAY, AND FIXED MOUNTING HARDWARE",Head control nonproportional,N,10/23/2025
33792,43,E2330,99,7,"POWER WHEELCHAIR ACCESSORY, HEAD CONTROL INTERFACE, PROXIMITY SWITCH MECHANISM, NONPROPORTIONAL, INCLUDING ALL RELATED ELECTRONICS, MECHANICAL STOP SWITCH, MECHANICAL DIRECTION CHANGE SWITCH, HEAD ARRAY, AND FIXED MOUNTING HARDWARE",Head control proximity switc,N,10/23/2025
33792,43,E2331,99,7,"POWER WHEELCHAIR ACCESSORY, ATTENDANT CONTROL, PROPORTIONAL, INCLUDING ALL RELATED ELECTRONICS AND FIXED MOUNTING HARDWARE",Attendant control,N,10/23/2025
33792,43,E2373,99,7,"POWER WHEELCHAIR ACCESSORY, HAND OR CHIN CONTROL INTERFACE, COMPACT REMOTE JOYSTICK, PROPORTIONAL, INCLUDING FIXED MOUNTING HARDWARE",Hand&sol;chin ctrl spec joystick,N,10/23/2025
33792,43,E2374,99,7,"POWER WHEELCHAIR ACCESSORY, HAND OR CHIN CONTROL INTERFACE, STANDARD REMOTE JOYSTICK (NOT INCLUDING CONTROLLER), PROPORTIONAL, INCLUDING ALL RELATED ELECTRONICS AND FIXED MOUNTING HARDWARE, REPLACEMENT ONLY",Hand&sol;chin ctrl std joystick,N,10/23/2025
33792,43,E2375,99,7,"POWER WHEELCHAIR ACCESSORY, NON-EXPANDABLE CONTROLLER, INCLUDING ALL RELATED ELECTRONICS AND MOUNTING HARDWARE, REPLACEMENT ONLY",Non-expandable controller,N,10/23/2025
33792,43,E2376,99,7,"POWER WHEELCHAIR ACCESSORY, EXPANDABLE CONTROLLER, INCLUDING ALL RELATED ELECTRONICS AND MOUNTING HARDWARE, REPLACEMENT ONLY","Expandable controller, repl",N,10/23/2025
33792,43,E2377,99,7,"POWER WHEELCHAIR ACCESSORY, EXPANDABLE CONTROLLER, INCLUDING ALL RELATED ELECTRONICS AND MOUNTING HARDWARE, UPGRADE PROVIDED AT INITIAL ISSUE","Expandable controller, initl",N,10/23/2025
33792,43,E1016,99,8,"SHOCK ABSORBER FOR POWER WHEELCHAIR, EACH",Shock absorber for power w&sol;c,N,10/23/2025
33792,43,E1018,99,8,"HEAVY DUTY SHOCK ABSORBER FOR HEAVY DUTY OR EXTRA HEAVY DUTY POWER WHEELCHAIR, EACH",Hd shck absrber for hd powwc,N,10/23/2025
33792,43,E2351,99,8,"POWER WHEELCHAIR ACCESSORY, ELECTRONIC INTERFACE TO OPERATE SPEECH GENERATING DEVICE USING POWER WHEELCHAIR CONTROL INTERFACE",Electronic sgd interface,N,10/23/2025
33792,43,E2368,99,8,"POWER WHEELCHAIR COMPONENT, DRIVE WHEEL MOTOR, REPLACEMENT ONLY",Pwr wc drivewheel motor repl,N,10/23/2025
33792,43,E2369,99,8,"POWER WHEELCHAIR COMPONENT, DRIVE WHEEL GEAR BOX, REPLACEMENT ONLY",Pwr wc drivewheel gear repl,N,10/23/2025
33792,43,E2370,99,8,"POWER WHEELCHAIR COMPONENT, INTEGRATED DRIVE WHEEL MOTOR AND GEAR BOX COMBINATION, REPLACEMENT ONLY",Pwr wc dr wh motor&sol;gear comb,N,10/23/2025
33792,43,E2378,99,8,"POWER WHEELCHAIR COMPONENT, ACTUATOR, REPLACEMENT ONLY",Pw actuator replacement,N,10/23/2025
33792,43,E2381,99,8,"POWER WHEELCHAIR ACCESSORY, PNEUMATIC DRIVE WHEEL TIRE, ANY SIZE, REPLACEMENT ONLY, EACH",Pneum drive wheel tire,N,10/23/2025
33792,43,E2382,99,8,"POWER WHEELCHAIR ACCESSORY, TUBE FOR PNEUMATIC DRIVE WHEEL TIRE, ANY SIZE, REPLACEMENT ONLY, EACH","Tube, pneum wheel drive tire",N,10/23/2025
33792,43,E2383,99,8,"POWER WHEELCHAIR ACCESSORY, INSERT FOR PNEUMATIC DRIVE WHEEL TIRE (REMOVABLE), ANY TYPE, ANY SIZE, REPLACEMENT ONLY, EACH","Insert, pneum wheel drive",N,10/23/2025
33792,43,E2384,99,8,"POWER WHEELCHAIR ACCESSORY, PNEUMATIC CASTER TIRE, ANY SIZE, REPLACEMENT ONLY, EACH",Pneumatic caster tire,N,10/23/2025
33792,43,E2385,99,8,"POWER WHEELCHAIR ACCESSORY, TUBE FOR PNEUMATIC CASTER TIRE, ANY SIZE, REPLACEMENT ONLY, EACH","Tube, pneumatic caster tire",N,10/23/2025
33792,43,E2386,99,8,"POWER WHEELCHAIR ACCESSORY, FOAM FILLED DRIVE WHEEL TIRE, ANY SIZE, REPLACEMENT ONLY, EACH",Foam filled drive wheel tire,N,10/23/2025
33792,43,E2387,99,8,"POWER WHEELCHAIR ACCESSORY, FOAM FILLED CASTER TIRE, ANY SIZE, REPLACEMENT ONLY, EACH",Foam filled caster tire,N,10/23/2025
33792,43,E2388,99,8,"POWER WHEELCHAIR ACCESSORY, FOAM DRIVE WHEEL TIRE, ANY SIZE, REPLACEMENT ONLY, EACH",Foam drive wheel tire,N,10/23/2025
33792,43,E2389,99,8,"POWER WHEELCHAIR ACCESSORY, FOAM CASTER TIRE, ANY SIZE, REPLACEMENT ONLY, EACH",Foam caster tire,N,10/23/2025
33792,43,E2390,99,8,"POWER WHEELCHAIR ACCESSORY, SOLID (RUBBER&sol;PLASTIC) DRIVE WHEEL TIRE, ANY SIZE, REPLACEMENT ONLY, EACH",Solid drive wheel tire,N,10/23/2025
33792,43,E2391,99,8,"POWER WHEELCHAIR ACCESSORY, SOLID (RUBBER&sol;PLASTIC) CASTER TIRE (REMOVABLE), ANY SIZE, REPLACEMENT ONLY, EACH",Solid caster tire,N,10/23/2025
33792,43,E2392,99,8,"POWER WHEELCHAIR ACCESSORY, SOLID (RUBBER&sol;PLASTIC) CASTER TIRE WITH INTEGRATED WHEEL, ANY SIZE, REPLACEMENT ONLY, EACH","Solid caster tire, integrate",N,10/23/2025
33792,43,E2394,99,8,"POWER WHEELCHAIR ACCESSORY, DRIVE WHEEL EXCLUDES TIRE, ANY SIZE, REPLACEMENT ONLY, EACH",Drive wheel excludes tire,N,10/23/2025
33792,43,E2395,99,8,"POWER WHEELCHAIR ACCESSORY, CASTER WHEEL EXCLUDES TIRE, ANY SIZE, REPLACEMENT ONLY, EACH",Caster wheel excludes tire,N,10/23/2025
33792,43,E2396,99,8,"POWER WHEELCHAIR ACCESSORY, CASTER FORK, ANY SIZE, REPLACEMENT ONLY, EACH",Caster fork,N,10/23/2025
33792,43,K0098,99,8,"DRIVE BELT FOR POWER WHEELCHAIR, REPLACEMENT ONLY","Drive belt for pwc, repl",N,10/23/2025
33792,43,A9270,99,9,NON-COVERED ITEM OR SERVICE,Non-covered item or service,N,10/23/2025
33792,43,A9900,99,9,"MISCELLANEOUS DME SUPPLY, ACCESSORY, AND&sol;OR SERVICE COMPONENT OF ANOTHER HCPCS CODE",Supply&sol;accessory&sol;service,N,10/23/2025
33792,43,E0705,99,9,"TRANSFER DEVICE, ANY TYPE, EACH",Transfer device,N,10/23/2025
33792,43,E0950,99,9,"WHEELCHAIR ACCESSORY, TRAY, EACH",Tray,N,10/23/2025
33792,43,E0958,99,9,"MANUAL WHEELCHAIR ACCESSORY, ONE-ARM DRIVE ATTACHMENT, EACH",Whlchr att- conv 1 arm drive,N,10/23/2025
33792,43,E0959,99,9,"MANUAL WHEELCHAIR ACCESSORY, ADAPTER FOR AMPUTEE, EACH",Amputee adapter,N,10/23/2025
33792,43,E0971,99,9,"MANUAL WHEELCHAIR ACCESSORY, ANTI-TIPPING DEVICE, EACH",Wheelchair anti-tipping devi,N,10/23/2025
33792,43,E0974,99,9,"MANUAL WHEELCHAIR ACCESSORY, ANTI-ROLLBACK DEVICE, EACH",W&sol;ch access anti-rollback,N,10/23/2025
33792,43,E0978,99,9,"WHEELCHAIR ACCESSORY, POSITIONING BELT&sol;SAFETY BELT&sol;PELVIC STRAP, EACH","W&sol;c acc,saf belt pelv strap",N,10/23/2025
33792,43,E0981,99,9,"WHEELCHAIR ACCESSORY, SEAT UPHOLSTERY, REPLACEMENT ONLY, EACH","Seat upholstery, replacement",N,10/23/2025
33792,43,E0982,99,9,"WHEELCHAIR ACCESSORY, BACK UPHOLSTERY, REPLACEMENT ONLY, EACH","Back upholstery, replacement",N,10/23/2025
33792,43,E0985,99,9,"WHEELCHAIR ACCESSORY, SEAT LIFT MECHANISM",W&sol;c seat lift mechanism,N,10/23/2025
33792,43,E1014,99,9,"RECLINING BACK, ADDITION TO PEDIATRIC SIZE WHEELCHAIR",Reclining back add ped w&sol;c,N,10/23/2025
33792,43,E1015,99,9,"SHOCK ABSORBER FOR MANUAL WHEELCHAIR, EACH",Shock absorber for man w&sol;c,N,10/23/2025
33792,43,E1017,99,9,"HEAVY DUTY SHOCK ABSORBER FOR HEAVY DUTY OR EXTRA HEAVY DUTY MANUAL WHEELCHAIR, EACH",Hd shck absrbr for hd man wc,N,10/23/2025
33792,43,E1022,99,9,"WHEELCHAIR TRANSPORTATION SECUREMENT SYSTEM, ANY TYPE INCLUDES ALL COMPONENTS AND ACCESSORIES",Wheelchr transport secur,N,10/23/2025
33792,43,E1023,99,9,"WHEELCHAIR TRANSIT SECUREMENT SYSTEM, INCLUDES ALL COMPONENTS AND ACCESSORIES",Wheelchr transit securement,N,10/23/2025
33792,43,E1028,99,9,"WHEELCHAIR ACCESSORY, MANUAL SWINGAWAY, RETRACTABLE OR REMOVABLE MOUNTING HARDWARE, OTHER",W&sol;c manual swingaway,N,10/23/2025
33792,43,E1029,99,9,"WHEELCHAIR ACCESSORY, VENTILATOR TRAY, FIXED",W&sol;c vent tray fixed,N,10/23/2025
33792,43,E1030,99,9,"WHEELCHAIR ACCESSORY, VENTILATOR TRAY, GIMBALED",W&sol;c vent tray gimbaled,N,10/23/2025
33792,43,E1032,99,9,"WHEELCHAIR ACCESSORY, MANUAL SWINGAWAY, RETRACTABLE OR REMOVABLE MOUNTING HARDWARE USED WITH JOYSTICK OR OTHER DRIVE CONTROL INTERFACE",Wheelchair joystick drive,N,10/23/2025
33792,43,E1225,99,9,"WHEELCHAIR ACCESSORY, MANUAL SEMI-RECLINING BACK, (RECLINE GREATER THAN 15 DEGREES, BUT LESS THAN 80 DEGREES), EACH",Manual semi-reclining back,N,10/23/2025
33792,43,E1226,99,9,"WHEELCHAIR ACCESSORY, MANUAL FULLY RECLINING BACK, (RECLINE GREATER THAN 80 DEGREES), EACH",Manual fully reclining back,N,10/23/2025
33792,43,E2207,99,9,"WHEELCHAIR ACCESSORY, CRUTCH AND CANE HOLDER, EACH",Crutch and cane holder,N,10/23/2025
33792,43,E2208,99,9,"WHEELCHAIR ACCESSORY, CYLINDER TANK CARRIER, EACH",Cylinder tank carrier,N,10/23/2025
33792,43,E2210,99,9,"WHEELCHAIR ACCESSORY, BEARINGS, ANY TYPE, REPLACEMENT ONLY, EACH",Wheelchair bearings,N,10/23/2025
33792,43,E2230,99,9,"MANUAL WHEELCHAIR ACCESSORY, MANUAL STANDING SYSTEM",Manual standing system,N,10/23/2025
33792,43,E2295,99,9,"MANUAL WHEELCHAIR ACCESSORY, FOR PEDIATRIC SIZE WHEELCHAIR, DYNAMIC SEATING FRAME, ALLOWS COORDINATED MOVEMENT OF MULTIPLE POSITIONING FEATURES",Ped dynamic seating frame,N,10/23/2025
33792,43,E2398,99,9,"WHEELCHAIR ACCESSORY, DYNAMIC POSITIONING HARDWARE FOR BACK",Wc dynamic pos back hardware,N,10/23/2025
33792,43,K0105,99,9,"IV HANGER, EACH",Iv hanger,N,10/23/2025
33792,43,K0108,99,9,"WHEELCHAIR COMPONENT OR ACCESSORY, NOT OTHERWISE SPECIFIED",W&sol;c component-accessory nos,N,10/23/2025
33789,38,E0983,99,1,"MANUAL WHEELCHAIR ACCESSORY, POWER ADD-ON TO CONVERT MANUAL WHEELCHAIR TO MOTORIZED WHEELCHAIR, JOYSTICK CONTROL",Add pwr joystick,N,10/23/2025
33789,38,E0984,99,1,"MANUAL WHEELCHAIR ACCESSORY, POWER ADD-ON TO CONVERT MANUAL WHEELCHAIR TO MOTORIZED WHEELCHAIR, TILLER CONTROL",Add pwr tiller,N,10/23/2025
33789,38,E0986,99,1,"MANUAL WHEELCHAIR ACCESSORY, POWER ASSIST SYSTEM",Man w&sol;c powr assist syst,N,10/23/2025
33789,38,K0013,99,1,CUSTOM MOTORIZED&sol;POWER WHEELCHAIR BASE,Custom power whlchr base,N,10/23/2025
33789,38,K0800,99,1,"POWER OPERATED VEHICLE, GROUP 1 STANDARD, PATIENT WEIGHT CAPACITY UP TO AND INCLUDING 300 POUNDS",Pov group 1 std up to 300lbs,N,10/23/2025
33789,38,K0801,99,1,"POWER OPERATED VEHICLE, GROUP 1 HEAVY DUTY, PATIENT WEIGHT CAPACITY 301 TO 450 POUNDS",Pov group 1 hd 301-450 lbs,N,10/23/2025
33789,38,K0802,99,1,"POWER OPERATED VEHICLE, GROUP 1 VERY HEAVY DUTY, PATIENT WEIGHT CAPACITY 451 TO 600 POUNDS",Pov group 1 vhd 451-600 lbs,N,10/23/2025
33789,38,K0806,99,1,"POWER OPERATED VEHICLE, GROUP 2 STANDARD, PATIENT WEIGHT CAPACITY UP TO AND INCLUDING 300 POUNDS",Pov group 2 std up to 300lbs,N,10/23/2025
33789,38,K0807,99,1,"POWER OPERATED VEHICLE, GROUP 2 HEAVY DUTY, PATIENT WEIGHT CAPACITY 301 TO 450 POUNDS",Pov group 2 hd 301-450 lbs,N,10/23/2025
33789,38,K0808,99,1,"POWER OPERATED VEHICLE, GROUP 2 VERY HEAVY DUTY, PATIENT WEIGHT CAPACITY 451 TO 600 POUNDS",Pov group 2 vhd 451-600 lbs,N,10/23/2025
33789,38,K0812,99,1,"POWER OPERATED VEHICLE, NOT OTHERWISE CLASSIFIED",Power operated vehicle noc,N,10/23/2025
33789,38,K0813,99,1,"POWER WHEELCHAIR, GROUP 1 STANDARD, PORTABLE, SLING&sol;SOLID SEAT AND BACK, PATIENT WEIGHT CAPACITY UP TO AND INCLUDING 300 POUNDS",Pwc gp 1 std port seat&sol;back,N,10/23/2025
33789,38,K0814,99,1,"POWER WHEELCHAIR, GROUP 1 STANDARD, PORTABLE, CAPTAINS CHAIR, PATIENT WEIGHT CAPACITY UP TO AND INCLUDING 300 POUNDS",Pwc gp 1 std port cap chair,N,10/23/2025
33789,38,K0815,99,1,"POWER WHEELCHAIR, GROUP 1 STANDARD, SLING&sol;SOLID SEAT AND BACK, PATIENT WEIGHT CAPACITY UP TO AND INCLUDING 300 POUNDS",Pwc gp 1 std seat&sol;back,N,10/23/2025
33789,38,K0816,99,1,"POWER WHEELCHAIR, GROUP 1 STANDARD, CAPTAINS CHAIR, PATIENT WEIGHT CAPACITY UP TO AND INCLUDING 300 POUNDS",Pwc gp 1 std cap chair,N,10/23/2025
33789,38,K0820,99,1,"POWER WHEELCHAIR, GROUP 2 STANDARD, PORTABLE, SLING&sol;SOLID SEAT&sol;BACK, PATIENT WEIGHT CAPACITY UP TO AND INCLUDING 300 POUNDS",Pwc gp 2 std port seat&sol;back,N,10/23/2025
33789,38,K0821,99,1,"POWER WHEELCHAIR, GROUP 2 STANDARD, PORTABLE, CAPTAINS CHAIR, PATIENT WEIGHT CAPACITY UP TO AND INCLUDING 300 POUNDS",Pwc gp 2 std port cap chair,N,10/23/2025
33789,38,K0822,99,1,"POWER WHEELCHAIR, GROUP 2 STANDARD, SLING&sol;SOLID SEAT&sol;BACK, PATIENT WEIGHT CAPACITY UP TO AND INCLUDING 300 POUNDS",Pwc gp 2 std seat&sol;back,N,10/23/2025
33789,38,K0823,99,1,"POWER WHEELCHAIR, GROUP 2 STANDARD, CAPTAINS CHAIR, PATIENT WEIGHT CAPACITY UP TO AND INCLUDING 300 POUNDS",Pwc gp 2 std cap chair,N,10/23/2025
33789,38,K0824,99,1,"POWER WHEELCHAIR, GROUP 2 HEAVY DUTY, SLING&sol;SOLID SEAT&sol;BACK, PATIENT WEIGHT CAPACITY 301 TO 450 POUNDS",Pwc gp 2 hd seat&sol;back,N,10/23/2025
33789,38,K0825,99,1,"POWER WHEELCHAIR, GROUP 2 HEAVY DUTY, CAPTAINS CHAIR, PATIENT WEIGHT CAPACITY 301 TO 450 POUNDS",Pwc gp 2 hd cap chair,N,10/23/2025
33789,38,K0826,99,1,"POWER WHEELCHAIR, GROUP 2 VERY HEAVY DUTY, SLING&sol;SOLID SEAT&sol;BACK, PATIENT WEIGHT CAPACITY 451 TO 600 POUNDS",Pwc gp 2 vhd seat&sol;back,N,10/23/2025
33789,38,K0827,99,1,"POWER WHEELCHAIR, GROUP 2 VERY HEAVY DUTY, CAPTAINS CHAIR, PATIENT WEIGHT CAPACITY 451 TO 600 POUNDS",Pwc gp vhd cap chair,N,10/23/2025
33789,38,K0828,99,1,"POWER WHEELCHAIR, GROUP 2 EXTRA HEAVY DUTY, SLING&sol;SOLID SEAT&sol;BACK, PATIENT WEIGHT CAPACITY 601 POUNDS OR MORE",Pwc gp 2 xtra hd seat&sol;back,N,10/23/2025
33789,38,K0829,99,1,"POWER WHEELCHAIR, GROUP 2 EXTRA HEAVY DUTY, CAPTAINS CHAIR, PATIENT WEIGHT 601 POUNDS OR MORE",Pwc gp 2 xtra hd cap chair,N,10/23/2025
33789,38,K0830,99,1,"POWER WHEELCHAIR, GROUP 2 STANDARD, SEAT ELEVATOR, SLING&sol;SOLID SEAT&sol;BACK, PATIENT WEIGHT CAPACITY UP TO AND INCLUDING 300 POUNDS",Pwc gp2 std seat elevate s&sol;b,N,10/23/2025
33789,38,K0831,99,1,"POWER WHEELCHAIR, GROUP 2 STANDARD, SEAT ELEVATOR, CAPTAINS CHAIR, PATIENT WEIGHT CAPACITY UP TO AND INCLUDING 300 POUNDS",Pwc gp2 std seat elevate cap,N,10/23/2025
33789,38,K0835,99,1,"POWER WHEELCHAIR, GROUP 2 STANDARD, SINGLE POWER OPTION, SLING&sol;SOLID SEAT&sol;BACK, PATIENT WEIGHT CAPACITY UP TO AND INCLUDING 300 POUNDS",Pwc gp2 std sing pow opt s&sol;b,N,10/23/2025
33789,38,K0836,99,1,"POWER WHEELCHAIR, GROUP 2 STANDARD, SINGLE POWER OPTION, CAPTAINS CHAIR, PATIENT WEIGHT CAPACITY UP TO AND INCLUDING 300 POUNDS",Pwc gp2 std sing pow opt cap,N,10/23/2025
33789,38,K0837,99,1,"POWER WHEELCHAIR, GROUP 2 HEAVY DUTY, SINGLE POWER OPTION, SLING&sol;SOLID SEAT&sol;BACK, PATIENT WEIGHT CAPACITY 301 TO 450 POUNDS",Pwc gp 2 hd sing pow opt s&sol;b,N,10/23/2025
33789,38,K0838,99,1,"POWER WHEELCHAIR, GROUP 2 HEAVY DUTY, SINGLE POWER OPTION, CAPTAINS CHAIR, PATIENT WEIGHT CAPACITY 301 TO 450 POUNDS",Pwc gp 2 hd sing pow opt cap,N,10/23/2025
33789,38,K0839,99,1,"POWER WHEELCHAIR, GROUP 2 VERY HEAVY DUTY, SINGLE POWER OPTION, SLING&sol;SOLID SEAT&sol;BACK, PATIENT WEIGHT CAPACITY 451 TO 600 POUNDS",Pwc gp2 vhd sing pow opt s&sol;b,N,10/23/2025
33789,38,K0840,99,1,"POWER WHEELCHAIR, GROUP 2 EXTRA HEAVY DUTY, SINGLE POWER OPTION, SLING&sol;SOLID SEAT&sol;BACK, PATIENT WEIGHT CAPACITY 601 POUNDS OR MORE",Pwc gp2 xhd sing pow opt s&sol;b,N,10/23/2025
33789,38,K0841,99,1,"POWER WHEELCHAIR, GROUP 2 STANDARD, MULTIPLE POWER OPTION, SLING&sol;SOLID SEAT&sol;BACK, PATIENT WEIGHT CAPACITY UP TO AND INCLUDING 300 POUNDS",Pwc gp2 std mult pow opt s&sol;b,N,10/23/2025
33789,38,K0842,99,1,"POWER WHEELCHAIR, GROUP 2 STANDARD, MULTIPLE POWER OPTION, CAPTAINS CHAIR, PATIENT WEIGHT CAPACITY UP TO AND INCLUDING 300 POUNDS",Pwc gp2 std mult pow opt cap,N,10/23/2025
33789,38,K0843,99,1,"POWER WHEELCHAIR, GROUP 2 HEAVY DUTY, MULTIPLE POWER OPTION, SLING&sol;SOLID SEAT&sol;BACK, PATIENT WEIGHT CAPACITY 301 TO 450 POUNDS",Pwc gp2 hd mult pow opt s&sol;b,N,10/23/2025
33789,38,K0848,99,1,"POWER WHEELCHAIR, GROUP 3 STANDARD, SLING&sol;SOLID SEAT&sol;BACK, PATIENT WEIGHT CAPACITY UP TO AND INCLUDING 300 POUNDS",Pwc gp 3 std seat&sol;back,N,10/23/2025
33789,38,K0849,99,1,"POWER WHEELCHAIR, GROUP 3 STANDARD, CAPTAINS CHAIR, PATIENT WEIGHT CAPACITY UP TO AND INCLUDING 300 POUNDS",Pwc gp 3 std cap chair,N,10/23/2025
33789,38,K0850,99,1,"POWER WHEELCHAIR, GROUP 3 HEAVY DUTY, SLING&sol;SOLID SEAT&sol;BACK, PATIENT WEIGHT CAPACITY 301 TO 450 POUNDS",Pwc gp 3 hd seat&sol;back,N,10/23/2025
33789,38,K0851,99,1,"POWER WHEELCHAIR, GROUP 3 HEAVY DUTY, CAPTAINS CHAIR, PATIENT WEIGHT CAPACITY 301 TO 450 POUNDS",Pwc gp 3 hd cap chair,N,10/23/2025
33789,38,K0852,99,1,"POWER WHEELCHAIR, GROUP 3 VERY HEAVY DUTY, SLING&sol;SOLID SEAT&sol;BACK, PATIENT WEIGHT CAPACITY 451 TO 600 POUNDS",Pwc gp 3 vhd seat&sol;back,N,10/23/2025
33789,38,K0853,99,1,"POWER WHEELCHAIR, GROUP 3 VERY HEAVY DUTY, CAPTAINS CHAIR, PATIENT WEIGHT CAPACITY 451 TO 600 POUNDS",Pwc gp 3 vhd cap chair,N,10/23/2025
33789,38,K0854,99,1,"POWER WHEELCHAIR, GROUP 3 EXTRA HEAVY DUTY, SLING&sol;SOLID SEAT&sol;BACK, PATIENT WEIGHT CAPACITY 601 POUNDS OR MORE",Pwc gp 3 xhd seat&sol;back,N,10/23/2025
33789,38,K0855,99,1,"POWER WHEELCHAIR, GROUP 3 EXTRA HEAVY DUTY, CAPTAINS CHAIR, PATIENT WEIGHT CAPACITY 601 POUNDS OR MORE",Pwc gp 3 xhd cap chair,N,10/23/2025
33789,38,K0856,99,1,"POWER WHEELCHAIR, GROUP 3 STANDARD, SINGLE POWER OPTION, SLING&sol;SOLID SEAT&sol;BACK, PATIENT WEIGHT CAPACITY UP TO AND INCLUDING 300 POUNDS",Pwc gp3 std sing pow opt s&sol;b,N,10/23/2025
33789,38,K0857,99,1,"POWER WHEELCHAIR, GROUP 3 STANDARD, SINGLE POWER OPTION, CAPTAINS CHAIR, PATIENT WEIGHT CAPACITY UP TO AND INCLUDING 300 POUNDS",Pwc gp3 std sing pow opt cap,N,10/23/2025
33789,38,K0858,99,1,"POWER WHEELCHAIR, GROUP 3 HEAVY DUTY, SINGLE POWER OPTION, SLING&sol;SOLID SEAT&sol;BACK, PATIENT WEIGHT 301 TO 450 POUNDS",Pwc gp3 hd sing pow opt s&sol;b,N,10/23/2025
33789,38,K0859,99,1,"POWER WHEELCHAIR, GROUP 3 HEAVY DUTY, SINGLE POWER OPTION, CAPTAINS CHAIR, PATIENT WEIGHT CAPACITY 301 TO 450 POUNDS",Pwc gp3 hd sing pow opt cap,N,10/23/2025
33789,38,K0860,99,1,"POWER WHEELCHAIR, GROUP 3 VERY HEAVY DUTY, SINGLE POWER OPTION, SLING&sol;SOLID SEAT&sol;BACK, PATIENT WEIGHT CAPACITY 451 TO 600 POUNDS",Pwc gp3 vhd sing pow opt s&sol;b,N,10/23/2025
33789,38,K0861,99,1,"POWER WHEELCHAIR, GROUP 3 STANDARD, MULTIPLE POWER OPTION, SLING&sol;SOLID SEAT&sol;BACK, PATIENT WEIGHT CAPACITY UP TO AND INCLUDING 300 POUNDS",Pwc gp3 std mult pow opt s&sol;b,N,10/23/2025
33789,38,K0862,99,1,"POWER WHEELCHAIR, GROUP 3 HEAVY DUTY, MULTIPLE POWER OPTION, SLING&sol;SOLID SEAT&sol;BACK, PATIENT WEIGHT CAPACITY 301 TO 450 POUNDS",Pwc gp3 hd mult pow opt s&sol;b,N,10/23/2025
33789,38,K0863,99,1,"POWER WHEELCHAIR, GROUP 3 VERY HEAVY DUTY, MULTIPLE POWER OPTION, SLING&sol;SOLID SEAT&sol;BACK, PATIENT WEIGHT CAPACITY 451 TO 600 POUNDS",Pwc gp3 vhd mult pow opt s&sol;b,N,10/23/2025
33789,38,K0864,99,1,"POWER WHEELCHAIR, GROUP 3 EXTRA HEAVY DUTY, MULTIPLE POWER OPTION, SLING&sol;SOLID SEAT&sol;BACK, PATIENT WEIGHT CAPACITY 601 POUNDS OR MORE",Pwc gp3 xhd mult pow opt s&sol;b,N,10/23/2025
33789,38,K0868,99,1,"POWER WHEELCHAIR, GROUP 4 STANDARD, SLING&sol;SOLID SEAT&sol;BACK, PATIENT WEIGHT CAPACITY UP TO AND INCLUDING 300 POUNDS",Pwc gp 4 std seat&sol;back,N,10/23/2025
33789,38,K0869,99,1,"POWER WHEELCHAIR, GROUP 4 STANDARD, CAPTAINS CHAIR, PATIENT WEIGHT CAPACITY UP TO AND INCLUDING 300 POUNDS",Pwc gp 4 std cap chair,N,10/23/2025
33789,38,K0870,99,1,"POWER WHEELCHAIR, GROUP 4 HEAVY DUTY, SLING&sol;SOLID SEAT&sol;BACK, PATIENT WEIGHT CAPACITY 301 TO 450 POUNDS",Pwc gp 4 hd seat&sol;back,N,10/23/2025
33789,38,K0871,99,1,"POWER WHEELCHAIR, GROUP 4 VERY HEAVY DUTY, SLING&sol;SOLID SEAT&sol;BACK, PATIENT WEIGHT CAPACITY 451 TO 600 POUNDS",Pwc gp 4 vhd seat&sol;back,N,10/23/2025
33789,38,K0877,99,1,"POWER WHEELCHAIR, GROUP 4 STANDARD, SINGLE POWER OPTION, SLING&sol;SOLID SEAT&sol;BACK, PATIENT WEIGHT CAPACITY UP TO AND INCLUDING 300 POUNDS",Pwc gp4 std sing pow opt s&sol;b,N,10/23/2025
33789,38,K0878,99,1,"POWER WHEELCHAIR, GROUP 4 STANDARD, SINGLE POWER OPTION, CAPTAINS CHAIR, PATIENT WEIGHT CAPACITY UP TO AND INCLUDING 300 POUNDS",Pwc gp4 std sing pow opt cap,N,10/23/2025
33789,38,K0879,99,1,"POWER WHEELCHAIR, GROUP 4 HEAVY DUTY, SINGLE POWER OPTION, SLING&sol;SOLID SEAT&sol;BACK, PATIENT WEIGHT CAPACITY 301 TO 450 POUNDS",Pwc gp4 hd sing pow opt s&sol;b,N,10/23/2025
33789,38,K0880,99,1,"POWER WHEELCHAIR, GROUP 4 VERY HEAVY DUTY, SINGLE POWER OPTION, SLING&sol;SOLID SEAT&sol;BACK, PATIENT WEIGHT 451 TO 600 POUNDS",Pwc gp4 vhd sing pow opt s&sol;b,N,10/23/2025
33789,38,K0884,99,1,"POWER WHEELCHAIR, GROUP 4 STANDARD, MULTIPLE POWER OPTION, SLING&sol;SOLID SEAT&sol;BACK, PATIENT WEIGHT CAPACITY UP TO AND INCLUDING 300 POUNDS",Pwc gp4 std mult pow opt s&sol;b,N,10/23/2025
33789,38,K0885,99,1,"POWER WHEELCHAIR, GROUP 4 STANDARD, MULTIPLE POWER OPTION, CAPTAINS CHAIR, PATIENT WEIGHT CAPACITY UP TO AND INCLUDING 300 POUNDS",Pwc gp4 std mult pow opt cap,N,10/23/2025
33789,38,K0886,99,1,"POWER WHEELCHAIR, GROUP 4 HEAVY DUTY, MULTIPLE POWER OPTION, SLING&sol;SOLID SEAT&sol;BACK, PATIENT WEIGHT CAPACITY 301 TO 450 POUNDS",Pwc gp4 hd mult pow s&sol;b,N,10/23/2025
33789,38,K0890,99,1,"POWER WHEELCHAIR, GROUP 5 PEDIATRIC, SINGLE POWER OPTION, SLING&sol;SOLID SEAT&sol;BACK, PATIENT WEIGHT CAPACITY UP TO AND INCLUDING 125 POUNDS",Pwc gp5 ped sing pow opt s&sol;b,N,10/23/2025
33789,38,K0891,99,1,"POWER WHEELCHAIR, GROUP 5 PEDIATRIC, MULTIPLE POWER OPTION, SLING&sol;SOLID SEAT&sol;BACK, PATIENT WEIGHT CAPACITY UP TO AND INCLUDING 125 POUNDS",Pwc gp5 ped mult pow opt s&sol;b,N,10/23/2025
33789,38,K0898,99,1,"POWER WHEELCHAIR, NOT OTHERWISE CLASSIFIED",Power wheelchair noc,N,10/23/2025
33789,38,K0899,99,1,"POWER MOBILITY DEVICE, NOT CODED BY DME PDAC OR DOES NOT MEET CRITERIA",Pow mobil dev no dmepdac,N,10/23/2025
33739,23,A4601,99,1,"LITHIUM ION BATTERY, RECHARGEABLE, FOR NON-PROSTHETIC USE, REPLACEMENT",Lith ion non prosth recharge,N,10/23/2025
33739,23,E2500,99,1,"SPEECH GENERATING DEVICE, DIGITIZED SPEECH, USING PRE-RECORDED MESSAGES, LESS THAN OR EQUAL TO 8 MINUTES RECORDING TIME",Sgd digitized pre-rec &lt;=8min,N,10/23/2025
33739,23,E2502,99,1,"SPEECH GENERATING DEVICE, DIGITIZED SPEECH, USING PRE-RECORDED MESSAGES, GREATER THAN 8 MINUTES BUT LESS THAN OR EQUAL TO 20 MINUTES RECORDING TIME",Sgd prerec msg &gt;8min &lt;=20min,N,10/23/2025
33739,23,E2504,99,1,"SPEECH GENERATING DEVICE, DIGITIZED SPEECH, USING PRE-RECORDED MESSAGES, GREATER THAN 20 MINUTES BUT LESS THAN OR EQUAL TO 40 MINUTES RECORDING TIME",Sgd prerec msg&gt;20min &lt;=40min,N,10/23/2025
33739,23,E2506,99,1,"SPEECH GENERATING DEVICE, DIGITIZED SPEECH, USING PRE-RECORDED MESSAGES, GREATER THAN 40 MINUTES RECORDING TIME",Sgd prerec msg &gt; 40 min,N,10/23/2025
33739,23,E2508,99,1,"SPEECH GENERATING DEVICE, SYNTHESIZED SPEECH, REQUIRING MESSAGE FORMULATION BY SPELLING AND ACCESS BY PHYSICAL CONTACT WITH THE DEVICE",Sgd spelling phys contact,N,10/23/2025
33739,23,E2510,99,1,"SPEECH GENERATING DEVICE, SYNTHESIZED SPEECH, PERMITTING MULTIPLE METHODS OF MESSAGE FORMULATION AND MULTIPLE METHODS OF DEVICE ACCESS",Sgd w multi methods msg&sol;accs,N,10/23/2025
33739,23,E2511,99,1,"SPEECH GENERATING SOFTWARE PROGRAM, FOR PERSONAL COMPUTER OR PERSONAL DIGITAL ASSISTANT",Sgd sftwre prgrm for pc&sol;pda,N,10/23/2025
33739,23,E2512,99,1,"ACCESSORY FOR SPEECH GENERATING DEVICE, MOUNTING SYSTEM","Sgd accessory, mounting sys",N,10/23/2025
33739,23,E2513,99,1,"ACCESSORY FOR SPEECH GENERATING DEVICE, ELECTROMYOGRAPHIC SENSOR","Sgd accessory, emg sensor",N,10/23/2025
33739,23,E2599,99,1,"ACCESSORY FOR SPEECH GENERATING DEVICE, NOT OTHERWISE CLASSIFIED",Sgd accessory noc,N,10/23/2025
33800,43,E0470,99,1,"RESPIRATORY ASSIST DEVICE, BI-LEVEL PRESSURE CAPABILITY, WITHOUT BACKUP RATE FEATURE, USED WITH NONINVASIVE INTERFACE, E.G., NASAL OR FACIAL MASK (INTERMITTENT ASSIST DEVICE WITH CONTINUOUS POSITIVE AIRWAY PRESSURE DEVICE)",Rad w&sol;o backup non-inv intfc,N,10/22/2025
33800,43,E0471,99,1,"RESPIRATORY ASSIST DEVICE, BI-LEVEL PRESSURE CAPABILITY, WITH BACK-UP RATE FEATURE, USED WITH NONINVASIVE INTERFACE, E.G., NASAL OR FACIAL MASK (INTERMITTENT ASSIST DEVICE WITH CONTINUOUS POSITIVE AIRWAY PRESSURE DEVICE)",Rad w&sol;backup non inv intrfc,N,10/22/2025
33800,43,A4604,99,2,TUBING WITH INTEGRATED HEATING ELEMENT FOR USE WITH POSITIVE AIRWAY PRESSURE DEVICE,Tubing with heating element,N,10/22/2025
33800,43,A7027,99,2,"COMBINATION ORAL&sol;NASAL MASK, USED WITH CONTINUOUS POSITIVE AIRWAY PRESSURE DEVICE, EACH",Combination oral&sol;nasal mask,N,10/22/2025
33800,43,A7028,99,2,"ORAL CUSHION FOR COMBINATION ORAL&sol;NASAL MASK, REPLACEMENT ONLY, EACH",Repl oral cushion combo mask,N,10/22/2025
33800,43,A7029,99,2,"NASAL PILLOWS FOR COMBINATION ORAL&sol;NASAL MASK, REPLACEMENT ONLY, PAIR",Repl nasal pillow comb mask,N,10/22/2025
33800,43,A7030,99,2,"FULL FACE MASK USED WITH POSITIVE AIRWAY PRESSURE DEVICE, EACH",Cpap full face mask,N,10/22/2025
33800,43,A7031,99,2,"FACE MASK INTERFACE, REPLACEMENT FOR FULL FACE MASK, EACH",Replacement facemask interfa,N,10/22/2025
33800,43,A7032,99,2,"CUSHION FOR USE ON NASAL MASK INTERFACE, REPLACEMENT ONLY, EACH",Replacement nasal cushion,N,10/22/2025
33800,43,A7033,99,2,"PILLOW FOR USE ON NASAL CANNULA TYPE INTERFACE, REPLACEMENT ONLY, PAIR",Replacement nasal pillows,N,10/22/2025
33800,43,A7034,99,2,"NASAL INTERFACE (MASK OR CANNULA TYPE) USED WITH POSITIVE AIRWAY PRESSURE DEVICE, WITH OR WITHOUT HEAD STRAP",Nasal application device,N,10/22/2025
33800,43,A7035,99,2,HEADGEAR USED WITH POSITIVE AIRWAY PRESSURE DEVICE,Pos airway press headgear,N,10/22/2025
33800,43,A7036,99,2,CHINSTRAP USED WITH POSITIVE AIRWAY PRESSURE DEVICE,Pos airway press chinstrap,N,10/22/2025
33800,43,A7037,99,2,TUBING USED WITH POSITIVE AIRWAY PRESSURE DEVICE,Pos airway pressure tubing,N,10/22/2025
33800,43,A7038,99,2,"FILTER, DISPOSABLE, USED WITH POSITIVE AIRWAY PRESSURE DEVICE",Pos airway pressure filter,N,10/22/2025
33800,43,A7039,99,2,"FILTER, NON DISPOSABLE, USED WITH POSITIVE AIRWAY PRESSURE DEVICE","Filter, non disposable w pap",N,10/22/2025
33800,43,A7044,99,2,"ORAL INTERFACE USED WITH POSITIVE AIRWAY PRESSURE DEVICE, EACH",Pap oral interface,N,10/22/2025
33800,43,A7045,99,2,"EXHALATION PORT WITH OR WITHOUT SWIVEL USED WITH ACCESSORIES FOR POSITIVE AIRWAY DEVICES, REPLACEMENT ONLY",Repl exhalation port for pap,N,10/22/2025
33800,43,A7046,99,2,"WATER CHAMBER FOR HUMIDIFIER, USED WITH POSITIVE AIRWAY PRESSURE DEVICE, REPLACEMENT, EACH","Repl water chamber, pap dev",N,10/22/2025
33800,43,E0561,99,2,"HUMIDIFIER, NON-HEATED, USED WITH POSITIVE AIRWAY PRESSURE DEVICE",Humidifier nonheated w pap,N,10/22/2025
33800,43,E0562,99,2,"HUMIDIFIER, HEATED, USED WITH POSITIVE AIRWAY PRESSURE DEVICE",Humidifier heated used w pap,N,10/22/2025
33312,40,E2601,99,1,"GENERAL USE WHEELCHAIR SEAT CUSHION, WIDTH LESS THAN 22 INCHES, ANY DEPTH",Gen w&sol;c cushion wdth &lt; 22 in,N,09/23/2025
33312,40,E2602,99,1,"GENERAL USE WHEELCHAIR SEAT CUSHION, WIDTH 22 INCHES OR GREATER, ANY DEPTH",Gen w&sol;c cushion wdth &gt;=22 in,N,09/23/2025
33312,40,E2603,99,1,"SKIN PROTECTION WHEELCHAIR SEAT CUSHION, WIDTH LESS THAN 22 INCHES, ANY DEPTH",Skin protect wc cus wd &lt;22in,N,09/23/2025
33312,40,E2604,99,1,"SKIN PROTECTION WHEELCHAIR SEAT CUSHION, WIDTH 22 INCHES OR GREATER, ANY DEPTH",Skin protect wc cus wd&gt;=22in,N,09/23/2025
33312,40,E2605,99,1,"POSITIONING WHEELCHAIR SEAT CUSHION, WIDTH LESS THAN 22 INCHES, ANY DEPTH",Position wc cush wdth &lt;22 in,N,09/23/2025
33312,40,E2606,99,1,"POSITIONING WHEELCHAIR SEAT CUSHION, WIDTH 22 INCHES OR GREATER, ANY DEPTH",Position wc cush wdth&gt;=22 in,N,09/23/2025
33312,40,E2607,99,1,"SKIN PROTECTION AND POSITIONING WHEELCHAIR SEAT CUSHION, WIDTH LESS THAN 22 INCHES, ANY DEPTH",Skin pro&sol;pos wc cus wd &lt;22in,N,09/23/2025
33312,40,E2608,99,1,"SKIN PROTECTION AND POSITIONING WHEELCHAIR SEAT CUSHION, WIDTH 22 INCHES OR GREATER, ANY DEPTH",Skin pro&sol;pos wc cus wd&gt;=22in,N,09/23/2025
33312,40,E2609,99,1,"CUSTOM FABRICATED WHEELCHAIR SEAT CUSHION, ANY SIZE",Custom fabricate w&sol;c cushion,N,09/23/2025
33312,40,E2610,99,1,"WHEELCHAIR SEAT CUSHION, POWERED",Powered w&sol;c cushion,N,09/23/2025
33312,40,E2622,99,1,"SKIN PROTECTION WHEELCHAIR SEAT CUSHION, ADJUSTABLE, WIDTH LESS THAN 22 INCHES, ANY DEPTH",Adj skin pro w&sol;c cus wd&lt;22in,N,09/23/2025
33312,40,E2623,99,1,"SKIN PROTECTION WHEELCHAIR SEAT CUSHION, ADJUSTABLE, WIDTH 22 INCHES OR GREATER, ANY DEPTH",Adj skin pro wc cus wd&gt;=22in,N,09/23/2025
33312,40,E2624,99,1,"SKIN PROTECTION AND POSITIONING WHEELCHAIR SEAT CUSHION, ADJUSTABLE, WIDTH LESS THAN 22 INCHES, ANY DEPTH",Adj skin pro&sol;pos cus&lt;22in,N,09/23/2025
33312,40,E2625,99,1,"SKIN PROTECTION AND POSITIONING WHEELCHAIR SEAT CUSHION, ADJUSTABLE, WIDTH 22 INCHES OR GREATER, ANY DEPTH",Adj skin pro&sol;pos wc cus&gt;=22,N,09/23/2025
33312,40,E2611,99,2,"GENERAL USE WHEELCHAIR BACK CUSHION, WIDTH LESS THAN 22 INCHES, ANY HEIGHT, INCLUDING ANY TYPE MOUNTING HARDWARE",Gen use back cush wdth &lt;22in,N,09/23/2025
33312,40,E2612,99,2,"GENERAL USE WHEELCHAIR BACK CUSHION, WIDTH 22 INCHES OR GREATER, ANY HEIGHT, INCLUDING ANY TYPE MOUNTING HARDWARE",Gen use back cush wdth&gt;=22in,N,09/23/2025
33312,40,E2613,99,2,"POSITIONING WHEELCHAIR BACK CUSHION, POSTERIOR, WIDTH LESS THAN 22 INCHES, ANY HEIGHT, INCLUDING ANY TYPE MOUNTING HARDWARE",Position back cush wd &lt;22in,N,09/23/2025
33312,40,E2614,99,2,"POSITIONING WHEELCHAIR BACK CUSHION, POSTERIOR, WIDTH 22 INCHES OR GREATER, ANY HEIGHT, INCLUDING ANY TYPE MOUNTING HARDWARE",Position back cush wd&gt;=22in,N,09/23/2025
33312,40,E2615,99,2,"POSITIONING WHEELCHAIR BACK CUSHION, POSTERIOR-LATERAL, WIDTH LESS THAN 22 INCHES, ANY HEIGHT, INCLUDING ANY TYPE MOUNTING HARDWARE",Pos back post&sol;lat wdth &lt;22in,N,09/23/2025
33312,40,E2616,99,2,"POSITIONING WHEELCHAIR BACK CUSHION, POSTERIOR-LATERAL, WIDTH 22 INCHES OR GREATER, ANY HEIGHT, INCLUDING ANY TYPE MOUNTING HARDWARE",Pos back post&sol;lat wdth&gt;=22in,N,09/23/2025
33312,40,E2617,99,2,"CUSTOM FABRICATED WHEELCHAIR BACK CUSHION, ANY SIZE, INCLUDING ANY TYPE MOUNTING HARDWARE",Custom fab w&sol;c back cushion,N,09/23/2025
33312,40,E2620,99,2,"POSITIONING WHEELCHAIR BACK CUSHION, PLANAR BACK WITH LATERAL SUPPORTS, WIDTH LESS THAN 22 INCHES, ANY HEIGHT, INCLUDING ANY TYPE MOUNTING HARDWARE",Wc planar back cush wd &lt;22in,N,09/23/2025
33312,40,E2621,99,2,"POSITIONING WHEELCHAIR BACK CUSHION, PLANAR BACK WITH LATERAL SUPPORTS, WIDTH 22 INCHES OR GREATER, ANY HEIGHT, INCLUDING ANY TYPE MOUNTING HARDWARE",Wc planar back cush wd&gt;=22in,N,09/23/2025
33312,40,E0953,99,3,"WHEELCHAIR ACCESSORY, LATERAL THIGH OR KNEE SUPPORT, ANY TYPE INCLUDING FIXED MOUNTING HARDWARE, EACH",W&sol;c lateral thigh&sol;knee sup,N,09/23/2025
33312,40,E0955,99,3,"WHEELCHAIR ACCESSORY, HEADREST, CUSHIONED, ANY TYPE, INCLUDING FIXED MOUNTING HARDWARE, EACH",Cushioned headrest,N,09/23/2025
33312,40,E0956,99,3,"WHEELCHAIR ACCESSORY, LATERAL TRUNK OR HIP SUPPORT, ANY TYPE, INCLUDING FIXED MOUNTING HARDWARE, EACH",W&sol;c lateral trunk&sol;hip suppor,N,09/23/2025
33312,40,E0957,99,3,"WHEELCHAIR ACCESSORY, MEDIAL THIGH SUPPORT, ANY TYPE, INCLUDING FIXED MOUNTING HARDWARE, EACH",W&sol;c medial thigh support,N,09/23/2025
33312,40,E0960,99,3,"WHEELCHAIR ACCESSORY, SHOULDER HARNESS&sol;STRAPS OR CHEST STRAP, INCLUDING ANY TYPE MOUNTING HARDWARE",W&sol;c shoulder harness&sol;straps,N,09/23/2025
33312,40,E0966,99,3,"MANUAL WHEELCHAIR ACCESSORY, HEADREST EXTENSION, EACH",Wheelchair head rest extensi,N,09/23/2025
33312,40,E1028,99,3,"WHEELCHAIR ACCESSORY, MANUAL SWINGAWAY, RETRACTABLE OR REMOVABLE MOUNTING HARDWARE, OTHER",W&sol;c manual swingaway,N,09/23/2025
33312,40,E1033,99,3,"WHEELCHAIR ACCESSORY, MANUAL SWINGAWAY, RETRACTABLE OR REMOVABLE MOUNTING HARDWARE FOR HEADREST, CUSHIONED, ANY TYPE",Wheelchair hardware headrest,N,09/23/2025
33312,40,E1034,99,3,"WHEELCHAIR ACCESSORY, MANUAL SWINGAWAY, RETRACTABLE OR REMOVABLE MOUNTING HARDWARE FOR LATERAL TRUNK OR HIP SUPPORT, ANY TYPE",Wheelchair trunk hip support,N,09/23/2025
33312,40,A9900,99,4,"MISCELLANEOUS DME SUPPLY, ACCESSORY, AND&sol;OR SERVICE COMPONENT OF ANOTHER HCPCS CODE",Supply&sol;accessory&sol;service,N,09/23/2025
33312,40,E0992,99,4,"MANUAL WHEELCHAIR ACCESSORY, SOLID SEAT INSERT",Wheelchair solid seat insert,N,09/23/2025
33312,40,E2231,99,4,"MANUAL WHEELCHAIR ACCESSORY, SOLID SEAT SUPPORT BASE (REPLACES SLING SEAT), INCLUDES ANY TYPE MOUNTING HARDWARE",Solid seat support base,N,09/23/2025
33312,40,E2291,99,4,"BACK, PLANAR, FOR PEDIATRIC SIZE WHEELCHAIR INCLUDING FIXED ATTACHING HARDWARE",Planar back for ped size wc,N,09/23/2025
33312,40,E2292,99,4,"SEAT, PLANAR, FOR PEDIATRIC SIZE WHEELCHAIR INCLUDING FIXED ATTACHING HARDWARE",Planar seat for ped size wc,N,09/23/2025
33312,40,E2293,99,4,"BACK, CONTOURED, FOR PEDIATRIC SIZE WHEELCHAIR INCLUDING FIXED ATTACHING HARDWARE",Contour back for ped size wc,N,09/23/2025
33312,40,E2294,99,4,"SEAT, CONTOURED, FOR PEDIATRIC SIZE WHEELCHAIR INCLUDING FIXED ATTACHING HARDWARE",Contour seat for ped size wc,N,09/23/2025
33312,40,E2619,99,4,"REPLACEMENT COVER FOR WHEELCHAIR SEAT CUSHION OR BACK CUSHION, EACH",Replace cover w&sol;c seat cush,N,09/23/2025
33312,40,K0108,99,4,"WHEELCHAIR COMPONENT OR ACCESSORY, NOT OTHERWISE SPECIFIED",W&sol;c component-accessory nos,N,09/23/2025
33312,40,K0669,99,4,"WHEELCHAIR ACCESSORY, WHEELCHAIR SEAT OR BACK CUSHION, DOES NOT MEET SPECIFIC CODE CRITERIA OR NO WRITTEN CODING VERIFICATION FROM DME PDAC",Seat&sol;back cus no dmepdac ver,N,09/23/2025
33317,34,A4280,97,1,"ADHESIVE SKIN SUPPORT ATTACHMENT FOR USE WITH EXTERNAL BREAST PROSTHESIS, EACH",Brst prsths adhsv attchmnt,N,03/27/2025
33317,34,L8000,97,1,"BREAST PROSTHESIS, MASTECTOMY BRA, WITHOUT INTEGRATED BREAST PROSTHESIS FORM, ANY SIZE, ANY TYPE",Mastectomy bra,N,03/27/2025
33317,34,L8001,97,1,"BREAST PROSTHESIS, MASTECTOMY BRA, WITH INTEGRATED BREAST PROSTHESIS FORM, UNILATERAL, ANY SIZE, ANY TYPE",Breast prosthesis bra &amp; form,N,03/27/2025
33317,34,L8002,97,1,"BREAST PROSTHESIS, MASTECTOMY BRA, WITH INTEGRATED BREAST PROSTHESIS FORM, BILATERAL, ANY SIZE, ANY TYPE",Brst prsth bra &amp; bilat form,N,03/27/2025
33317,34,L8015,97,1,"EXTERNAL BREAST PROSTHESIS GARMENT, WITH MASTECTOMY FORM, POST MASTECTOMY",Ext breastprosthesis garment,N,03/27/2025
33317,34,L8020,97,1,"BREAST PROSTHESIS, MASTECTOMY FORM",Mastectomy form,N,03/27/2025
33317,34,L8030,97,1,"BREAST PROSTHESIS, SILICONE OR EQUAL, WITHOUT INTEGRAL ADHESIVE",Breast prosthes w&sol;o adhesive,N,03/27/2025
33317,34,L8031,97,1,"BREAST PROSTHESIS, SILICONE OR EQUAL, WITH INTEGRAL ADHESIVE",Breast prosthesis w adhesive,N,03/27/2025
33317,34,L8032,97,1,"NIPPLE PROSTHESIS, PREFABRICATED, REUSABLE, ANY TYPE, EACH",Reusable nipple prosthesis,N,03/27/2025
33317,34,L8033,97,1,"NIPPLE PROSTHESIS, CUSTOM FABRICATED, REUSABLE, ANY MATERIAL, ANY TYPE, EACH","Nipple prosthesis custom, ea",N,03/27/2025
33317,34,L8035,97,1,"CUSTOM BREAST PROSTHESIS, POST MASTECTOMY, MOLDED TO PATIENT MODEL",Custom breast prosthesis,N,03/27/2025
33317,34,L8039,97,1,"BREAST PROSTHESIS, NOT OTHERWISE SPECIFIED",Breast prosthesis nos,N,03/27/2025
33822,70,E0607,95,1,HOME BLOOD GLUCOSE MONITOR,Blood glucose monitor home,N,10/09/2024
33822,70,E0620,95,1,"SKIN PIERCING DEVICE FOR COLLECTION OF CAPILLARY BLOOD, LASER, EACH",Cap bld skin piercing laser,N,10/09/2024
33822,70,E1399,95,1,"DURABLE MEDICAL EQUIPMENT, MISCELLANEOUS",Durable medical equipment mi,N,10/09/2024
33822,70,E2100,95,1,BLOOD GLUCOSE MONITOR WITH INTEGRATED VOICE SYNTHESIZER,Bld glucose monitor w voice,N,10/09/2024
33822,70,E2101,95,1,BLOOD GLUCOSE MONITOR WITH INTEGRATED LANCING&sol;BLOOD SAMPLE,Bld glucose monitor w lance,N,10/09/2024
33822,70,E2102,95,1,"ADJUNCTIVE, NON-IMPLANTED CONTINUOUS GLUCOSE MONITOR OR RECEIVER",Adju cgm receiver&sol;monitor,N,10/09/2024
33822,70,E2103,95,1,"NON-ADJUNCTIVE, NON-IMPLANTED CONTINUOUS GLUCOSE MONITOR OR RECEIVER",Non-adju cgm receiver&sol;mon,N,10/09/2024
33822,70,E2104,95,1,HOME BLOOD GLUCOSE MONITOR FOR USE WITH INTEGRATED LANCING&sol;BLOOD SAMPLE TESTING CARTRIDGE,Glucose monitor w cartridge,N,10/09/2024
33822,70,A4233,95,2,"REPLACEMENT BATTERY, ALKALINE (OTHER THAN J CELL), FOR USE WITH MEDICALLY NECESSARY HOME BLOOD GLUCOSE MONITOR OWNED BY PATIENT, EACH",Alkalin batt for glucose mon,N,10/09/2024
33822,70,A4234,95,2,"REPLACEMENT BATTERY, ALKALINE, J CELL, FOR USE WITH MEDICALLY NECESSARY HOME BLOOD GLUCOSE MONITOR OWNED BY PATIENT, EACH",J-cell batt for glucose mon,N,10/09/2024
33822,70,A4235,95,2,"REPLACEMENT BATTERY, LITHIUM, FOR USE WITH MEDICALLY NECESSARY HOME BLOOD GLUCOSE MONITOR OWNED BY PATIENT, EACH",Lithium batt for glucose mon,N,10/09/2024
33822,70,A4236,95,2,"REPLACEMENT BATTERY, SILVER OXIDE, FOR USE WITH MEDICALLY NECESSARY HOME BLOOD GLUCOSE MONITOR OWNED BY PATIENT, EACH",Silvr oxide batt glucose mon,N,10/09/2024
33822,70,A4238,95,2,"SUPPLY ALLOWANCE FOR ADJUNCTIVE, NON-IMPLANTED CONTINUOUS GLUCOSE MONITOR (CGM), INCLUDES ALL SUPPLIES AND ACCESSORIES, 1 MONTH SUPPLY = 1 UNIT OF SERVICE",Adju cgm supply allowance,N,10/09/2024
33822,70,A4239,95,2,"SUPPLY ALLOWANCE FOR NON-ADJUNCTIVE, NON-IMPLANTED CONTINUOUS GLUCOSE MONITOR (CGM), INCLUDES ALL SUPPLIES AND ACCESSORIES, 1 MONTH SUPPLY = 1 UNIT OF SERVICE",Non-adju cgm supply allow,N,10/09/2024
33822,70,A4244,95,2,"ALCOHOL OR PEROXIDE, PER PINT",Alcohol or peroxide per pint,N,10/09/2024
33822,70,A4245,95,2,"ALCOHOL WIPES, PER BOX",Alcohol wipes per box,N,10/09/2024
33822,70,A4246,95,2,"BETADINE OR PHISOHEX SOLUTION, PER PINT",Betadine&sol;phisohex solution,N,10/09/2024
33822,70,A4247,95,2,"BETADINE OR IODINE SWABS&sol;WIPES, PER BOX",Betadine&sol;iodine swabs&sol;wipes,N,10/09/2024
33822,70,A4250,95,2,URINE TEST OR REAGENT STRIPS OR TABLETS (100 TABLETS OR STRIPS),Urine reagent strips&sol;tablets,N,10/09/2024
33822,70,A4253,95,2,"BLOOD GLUCOSE TEST OR REAGENT STRIPS FOR HOME BLOOD GLUCOSE MONITOR, PER 50 STRIPS",Blood glucose&sol;reagent strips,N,10/09/2024
33822,70,A4255,95,2,"PLATFORMS FOR HOME BLOOD GLUCOSE MONITOR, 50 PER BOX",Glucose monitor platforms,N,10/09/2024
33822,70,A4256,95,2,"NORMAL, LOW AND HIGH CALIBRATOR SOLUTION &sol; CHIPS",Calibrator solution&sol;chips,N,10/09/2024
33822,70,A4257,95,2,"REPLACEMENT LENS SHIELD CARTRIDGE FOR USE WITH LASER SKIN PIERCING DEVICE, EACH",Replace lensshield cartridge,N,10/09/2024
33822,70,A4258,95,2,"SPRING-POWERED DEVICE FOR LANCET, EACH",Lancet device each,N,10/09/2024
33822,70,A4259,95,2,"LANCETS, PER BOX OF 100",Lancets per box,N,10/09/2024
33822,70,A4271,95,2,"INTEGRATED LANCING AND BLOOD SAMPLE TESTING CARTRIDGES FOR HOME BLOOD GLUCOSE MONITOR, PER 50 TESTS",Home lancing&sol;test cartridges,N,10/09/2024
33822,70,A9275,95,2,"HOME GLUCOSE DISPOSABLE MONITOR, INCLUDES TEST STRIPS",Disp home glucose monitor,N,10/09/2024
33822,70,A9276,95,2,"SENSOR; INVASIVE (E.G., SUBCUTANEOUS), DISPOSABLE, FOR USE WITH NON-DURABLE MEDICAL EQUIPMENT INTERSTITIAL CONTINUOUS GLUCOSE MONITORING SYSTEM, ONE UNIT = 1 DAY SUPPLY","Disposable sensor, cgm sys",N,10/09/2024
33822,70,A9277,95,2,"TRANSMITTER; EXTERNAL, FOR USE WITH NON-DURABLE MEDICAL EQUIPMENT INTERSTITIAL CONTINUOUS GLUCOSE MONITORING SYSTEM","External transmitter, cgm",N,10/09/2024
33822,70,A9278,95,2,"RECEIVER (MONITOR); EXTERNAL, FOR USE WITH NON-DURABLE MEDICAL EQUIPMENT INTERSTITIAL CONTINUOUS GLUCOSE MONITORING SYSTEM","External receiver, cgm sys",N,10/09/2024
33822,70,A9999,95,2,"MISCELLANEOUS DME SUPPLY OR ACCESSORY, NOT OTHERWISE SPECIFIED","Dme supply or accessory, nos",N,10/09/2024
39591,11,E0734,92,1,EXTERNAL UPPER LIMB TREMOR STIMULATOR OF THE PERIPHERAL NERVES OF THE WRIST,Ext up limb tremor stim wris,N,02/16/2024
39591,11,A4542,92,2,SUPPLIES AND ACCESSORIES FOR EXTERNAL UPPER LIMB TREMOR STIMULATOR OF THE PERIPHERAL NERVES OF THE WRIST,Supp ext up limb tremor stim,N,02/16/2024
33831,48,A4450,92,1,"TAPE, NON-WATERPROOF, PER 18 SQUARE INCHES",Non-waterproof tape,N,02/08/2024
33831,48,A4452,92,1,"TAPE, WATERPROOF, PER 18 SQUARE INCHES",Waterproof tape,N,02/08/2024
33831,48,A4461,92,1,"SURGICAL DRESSING HOLDER, NON-REUSABLE, EACH",Surgicl dress hold non-reuse,N,02/08/2024
33831,48,A4463,92,1,"SURGICAL DRESSING HOLDER, REUSABLE, EACH",Surgical dress holder reuse,N,02/08/2024
33831,48,A4465,92,1,NON-ELASTIC BINDER FOR EXTREMITY,Non-elastic extremity binder,N,02/08/2024
33831,48,A4490,92,1,"SURGICAL STOCKINGS ABOVE KNEE LENGTH, EACH",Above knee surgical stocking,N,02/08/2024
33831,48,A4495,92,1,"SURGICAL STOCKINGS THIGH LENGTH, EACH",Thigh length surg stocking,N,02/08/2024
33831,48,A4500,92,1,"SURGICAL STOCKINGS BELOW KNEE LENGTH, EACH",Below knee surgical stocking,N,02/08/2024
33831,48,A4510,92,1,"SURGICAL STOCKINGS FULL LENGTH, EACH",Full length surg stocking,N,02/08/2024
33831,48,A4649,92,1,SURGICAL SUPPLY; MISCELLANEOUS,Surgical supplies,N,02/08/2024
33831,48,A6010,92,1,"COLLAGEN BASED WOUND FILLER, DRY FORM, STERILE, PER GRAM OF COLLAGEN",Collagen based wound filler,N,02/08/2024
33831,48,A6011,92,1,"COLLAGEN BASED WOUND FILLER, GEL&sol;PASTE, PER GRAM OF COLLAGEN",Collagen gel&sol;paste wound fil,N,02/08/2024
33831,48,A6021,92,1,"COLLAGEN DRESSING, STERILE, SIZE 16 SQ. IN. OR LESS, EACH",Collagen dressing &lt;=16 sq in,N,02/08/2024
33831,48,A6022,92,1,"COLLAGEN DRESSING, STERILE, SIZE MORE THAN 16 SQ. IN. BUT LESS THAN OR EQUAL TO 48 SQ. IN., EACH",Collagen drsg&gt;16&lt;=48 sq in,N,02/08/2024
33831,48,A6023,92,1,"COLLAGEN DRESSING, STERILE, SIZE MORE THAN 48 SQ. IN., EACH",Collagen dressing &gt;48 sq in,N,02/08/2024
33831,48,A6024,92,1,"COLLAGEN DRESSING WOUND FILLER, STERILE, PER 6 INCHES",Collagen dsg wound filler,N,02/08/2024
33831,48,A6025,92,1,"GEL SHEET FOR DERMAL OR EPIDERMAL APPLICATION, (E.G., SILICONE, HYDROGEL, OTHER), EACH","Silicone gel sheet, each",N,02/08/2024
33831,48,A6154,92,1,"WOUND POUCH, EACH",Wound pouch each,N,02/08/2024
33831,48,A6196,92,1,"ALGINATE OR OTHER FIBER GELLING DRESSING, WOUND COVER, STERILE, PAD SIZE 16 SQ. IN. OR LESS, EACH DRESSING",Alginate dressing &lt;=16 sq in,N,02/08/2024
33831,48,A6197,92,1,"ALGINATE OR OTHER FIBER GELLING DRESSING, WOUND COVER, STERILE, PAD SIZE MORE THAN 16 SQ. IN. BUT LESS THAN OR EQUAL TO 48 SQ. IN., EACH DRESSING",Alginate drsg &gt;16 &lt;=48 sq in,N,02/08/2024
33831,48,A6198,92,1,"ALGINATE OR OTHER FIBER GELLING DRESSING, WOUND COVER, STERILE, PAD SIZE MORE THAN 48 SQ. IN., EACH DRESSING",Alginate dressing &gt; 48 sq in,N,02/08/2024
33831,48,A6199,92,1,"ALGINATE OR OTHER FIBER GELLING DRESSING, WOUND FILLER, STERILE, PER 6 INCHES",Alginate drsg wound filler,N,02/08/2024
33831,48,A6203,92,1,"COMPOSITE DRESSING, STERILE, PAD SIZE 16 SQ. IN. OR LESS, WITH ANY SIZE ADHESIVE BORDER, EACH DRESSING",Composite drsg &lt;= 16 sq in,N,02/08/2024
33831,48,A6204,92,1,"COMPOSITE DRESSING, STERILE, PAD SIZE MORE THAN 16 SQ. IN. BUT LESS THAN OR EQUAL TO 48 SQ. IN., WITH ANY SIZE ADHESIVE BORDER, EACH DRESSING",Composite drsg &gt;16&lt;=48 sq in,N,02/08/2024
33831,48,A6205,92,1,"COMPOSITE DRESSING, STERILE, PAD SIZE MORE THAN 48 SQ. IN., WITH ANY SIZE ADHESIVE BORDER, EACH DRESSING",Composite drsg &gt; 48 sq in,N,02/08/2024
33831,48,A6206,92,1,"CONTACT LAYER, STERILE, 16 SQ. IN. OR LESS, EACH DRESSING",Contact layer &lt;= 16 sq in,N,02/08/2024
33831,48,A6207,92,1,"CONTACT LAYER, STERILE, MORE THAN 16 SQ. IN. BUT LESS THAN OR EQUAL TO 48 SQ. IN., EACH DRESSING",Contact layer &gt;16&lt;= 48 sq in,N,02/08/2024
33831,48,A6208,92,1,"CONTACT LAYER, STERILE, MORE THAN 48 SQ. IN., EACH DRESSING",Contact layer &gt; 48 sq in,N,02/08/2024
33831,48,A6209,92,1,"FOAM DRESSING, WOUND COVER, STERILE, PAD SIZE 16 SQ. IN. OR LESS, WITHOUT ADHESIVE BORDER, EACH DRESSING",Foam drsg &lt;=16 sq in w&sol;o bdr,N,02/08/2024
33831,48,A6210,92,1,"FOAM DRESSING, WOUND COVER, STERILE, PAD SIZE MORE THAN 16 SQ. IN. BUT LESS THAN OR EQUAL TO 48 SQ. IN., WITHOUT ADHESIVE BORDER, EACH DRESSING",Foam drg &gt;16&lt;=48 sq in w&sol;o b,N,02/08/2024
33831,48,A6211,92,1,"FOAM DRESSING, WOUND COVER, STERILE, PAD SIZE MORE THAN 48 SQ. IN., WITHOUT ADHESIVE BORDER, EACH DRESSING",Foam drg &gt; 48 sq in w&sol;o brdr,N,02/08/2024
33831,48,A6212,92,1,"FOAM DRESSING, WOUND COVER, STERILE, PAD SIZE 16 SQ. IN. OR LESS, WITH ANY SIZE ADHESIVE BORDER, EACH DRESSING",Foam drg &lt;=16 sq in w&sol;border,N,02/08/2024
33831,48,A6213,92,1,"FOAM DRESSING, WOUND COVER, STERILE, PAD SIZE MORE THAN 16 SQ. IN. BUT LESS THAN OR EQUAL TO 48 SQ. IN., WITH ANY SIZE ADHESIVE BORDER, EACH DRESSING",Foam drg &gt;16&lt;=48 sq in w&sol;bdr,N,02/08/2024
33831,48,A6214,92,1,"FOAM DRESSING, WOUND COVER, STERILE, PAD SIZE MORE THAN 48 SQ. IN., WITH ANY SIZE ADHESIVE BORDER, EACH DRESSING",Foam drg &gt; 48 sq in w&sol;border,N,02/08/2024
33831,48,A6215,92,1,"FOAM DRESSING, WOUND FILLER, STERILE, PER GRAM",Foam dressing wound filler,N,02/08/2024
33831,48,A6216,92,1,"GAUZE, NON-IMPREGNATED, NON-STERILE, PAD SIZE 16 SQ. IN. OR LESS, WITHOUT ADHESIVE BORDER, EACH DRESSING",Non-sterile gauze&lt;=16 sq in,N,02/08/2024
33831,48,A6217,92,1,"GAUZE, NON-IMPREGNATED, NON-STERILE, PAD SIZE MORE THAN 16 SQ. IN. BUT LESS THAN OR EQUAL TO 48 SQ. IN., WITHOUT ADHESIVE BORDER, EACH DRESSING",Non-sterile gauze&gt;16&lt;=48 sq,N,02/08/2024
33831,48,A6218,92,1,"GAUZE, NON-IMPREGNATED, NON-STERILE, PAD SIZE MORE THAN 48 SQ. IN., WITHOUT ADHESIVE BORDER, EACH DRESSING",Non-sterile gauze &gt; 48 sq in,N,02/08/2024
33831,48,A6219,92,1,"GAUZE, NON-IMPREGNATED, STERILE, PAD SIZE 16 SQ. IN. OR LESS, WITH ANY SIZE ADHESIVE BORDER, EACH DRESSING",Gauze &lt;= 16 sq in w&sol;border,N,02/08/2024
33831,48,A6220,92,1,"GAUZE, NON-IMPREGNATED, STERILE, PAD SIZE MORE THAN 16 SQ. IN. BUT LESS THAN OR EQUAL TO 48 SQ. IN., WITH ANY SIZE ADHESIVE BORDER, EACH DRESSING",Gauze &gt;16 &lt;=48 sq in w&sol;bordr,N,02/08/2024
33831,48,A6221,92,1,"GAUZE, NON-IMPREGNATED, STERILE, PAD SIZE MORE THAN 48 SQ. IN., WITH ANY SIZE ADHESIVE BORDER, EACH DRESSING",Gauze &gt; 48 sq in w&sol;border,N,02/08/2024
33831,48,A6222,92,1,"GAUZE, IMPREGNATED WITH OTHER THAN WATER, NORMAL SALINE, OR HYDROGEL, STERILE, PAD SIZE 16 SQ. IN. OR LESS, WITHOUT ADHESIVE BORDER, EACH DRESSING",Gauze &lt;=16 in no w&sol;sal w&sol;o b,N,02/08/2024
33831,48,A6223,92,1,"GAUZE, IMPREGNATED WITH OTHER THAN WATER, NORMAL SALINE, OR HYDROGEL, STERILE, PAD SIZE MORE THAN 16 SQ. IN., BUT LESS THAN OR EQUAL TO 48 SQ. IN., WITHOUT ADHESIVE BORDER, EACH DRESSING",Gauze &gt;16&lt;=48 no w&sol;sal w&sol;o b,N,02/08/2024
33831,48,A6224,92,1,"GAUZE, IMPREGNATED WITH OTHER THAN WATER, NORMAL SALINE, OR HYDROGEL, STERILE, PAD SIZE MORE THAN 48 SQ. IN., WITHOUT ADHESIVE BORDER, EACH DRESSING",Gauze &gt; 48 in no w&sol;sal w&sol;o b,N,02/08/2024
33831,48,A6228,92,1,"GAUZE, IMPREGNATED, WATER OR NORMAL SALINE, STERILE, PAD SIZE 16 SQ. IN. OR LESS, WITHOUT ADHESIVE BORDER, EACH DRESSING",Gauze &lt;= 16 sq in water&sol;sal,N,02/08/2024
33831,48,A6229,92,1,"GAUZE, IMPREGNATED, WATER OR NORMAL SALINE, STERILE, PAD SIZE MORE THAN 16 SQ. IN. BUT LESS THAN OR EQUAL TO 48 SQ. IN., WITHOUT ADHESIVE BORDER, EACH DRESSING",Gauze &gt;16&lt;=48 sq in watr&sol;sal,N,02/08/2024
33831,48,A6230,92,1,"GAUZE, IMPREGNATED, WATER OR NORMAL SALINE, STERILE, PAD SIZE MORE THAN 48 SQ. IN., WITHOUT ADHESIVE BORDER, EACH DRESSING",Gauze &gt; 48 sq in water&sol;salne,N,02/08/2024
33831,48,A6231,92,1,"GAUZE, IMPREGNATED, HYDROGEL, FOR DIRECT WOUND CONTACT, STERILE, PAD SIZE 16 SQ. IN. OR LESS, EACH DRESSING",Hydrogel dsg&lt;=16 sq in,N,02/08/2024
33831,48,A6232,92,1,"GAUZE, IMPREGNATED, HYDROGEL, FOR DIRECT WOUND CONTACT, STERILE, PAD SIZE GREATER THAN 16 SQ. IN., BUT LESS THAN OR EQUAL TO 48 SQ. IN., EACH DRESSING",Hydrogel dsg&gt;16&lt;=48 sq in,N,02/08/2024
33831,48,A6233,92,1,"GAUZE, IMPREGNATED, HYDROGEL, FOR DIRECT WOUND CONTACT, STERILE, PAD SIZE MORE THAN 48 SQ. IN., EACH DRESSING",Hydrogel dressing &gt;48 sq in,N,02/08/2024
33831,48,A6234,92,1,"HYDROCOLLOID DRESSING, WOUND COVER, STERILE, PAD SIZE 16 SQ. IN. OR LESS, WITHOUT ADHESIVE BORDER, EACH DRESSING",Hydrocolld drg &lt;=16 w&sol;o bdr,N,02/08/2024
33831,48,A6235,92,1,"HYDROCOLLOID DRESSING, WOUND COVER, STERILE, PAD SIZE MORE THAN 16 SQ. IN. BUT LESS THAN OR EQUAL TO 48 SQ. IN., WITHOUT ADHESIVE BORDER, EACH DRESSING",Hydrocolld drg &gt;16&lt;=48 w&sol;o b,N,02/08/2024
33831,48,A6236,92,1,"HYDROCOLLOID DRESSING, WOUND COVER, STERILE, PAD SIZE MORE THAN 48 SQ. IN., WITHOUT ADHESIVE BORDER, EACH DRESSING",Hydrocolld drg &gt; 48 in w&sol;o b,N,02/08/2024
33831,48,A6237,92,1,"HYDROCOLLOID DRESSING, WOUND COVER, STERILE, PAD SIZE 16 SQ. IN. OR LESS, WITH ANY SIZE ADHESIVE BORDER, EACH DRESSING",Hydrocolld drg &lt;=16 in w&sol;bdr,N,02/08/2024
33831,48,A6238,92,1,"HYDROCOLLOID DRESSING, WOUND COVER, STERILE, PAD SIZE MORE THAN 16 SQ. IN. BUT LESS THAN OR EQUAL TO 48 SQ. IN., WITH ANY SIZE ADHESIVE BORDER, EACH DRESSING",Hydrocolld drg &gt;16&lt;=48 w&sol;bdr,N,02/08/2024
33831,48,A6239,92,1,"HYDROCOLLOID DRESSING, WOUND COVER, STERILE, PAD SIZE MORE THAN 48 SQ. IN., WITH ANY SIZE ADHESIVE BORDER, EACH DRESSING",Hydrocolld drg &gt; 48 in w&sol;bdr,N,02/08/2024
33831,48,A6240,92,1,"HYDROCOLLOID DRESSING, WOUND FILLER, PASTE, STERILE, PER OUNCE",Hydrocolld drg filler paste,N,02/08/2024
33831,48,A6241,92,1,"HYDROCOLLOID DRESSING, WOUND FILLER, DRY FORM, STERILE, PER GRAM",Hydrocolloid drg filler dry,N,02/08/2024
33831,48,A6242,92,1,"HYDROGEL DRESSING, WOUND COVER, STERILE, PAD SIZE 16 SQ. IN. OR LESS, WITHOUT ADHESIVE BORDER, EACH DRESSING",Hydrogel drg &lt;=16 in w&sol;o bdr,N,02/08/2024
33831,48,A6243,92,1,"HYDROGEL DRESSING, WOUND COVER, STERILE, PAD SIZE MORE THAN 16 SQ. IN. BUT LESS THAN OR EQUAL TO 48 SQ. IN., WITHOUT ADHESIVE BORDER, EACH DRESSING",Hydrogel drg &gt;16&lt;=48 w&sol;o bdr,N,02/08/2024
33831,48,A6244,92,1,"HYDROGEL DRESSING, WOUND COVER, STERILE, PAD SIZE MORE THAN 48 SQ. IN., WITHOUT ADHESIVE BORDER, EACH DRESSING",Hydrogel drg &gt;48 in w&sol;o bdr,N,02/08/2024
33831,48,A6245,92,1,"HYDROGEL DRESSING, WOUND COVER, STERILE, PAD SIZE 16 SQ. IN. OR LESS, WITH ANY SIZE ADHESIVE BORDER, EACH DRESSING",Hydrogel drg &lt;= 16 in w&sol;bdr,N,02/08/2024
33831,48,A6246,92,1,"HYDROGEL DRESSING, WOUND COVER, STERILE, PAD SIZE MORE THAN 16 SQ. IN. BUT LESS THAN OR EQUAL TO 48 SQ. IN., WITH ANY SIZE ADHESIVE BORDER, EACH DRESSING",Hydrogel drg &gt;16&lt;=48 in w&sol;b,N,02/08/2024
33831,48,A6247,92,1,"HYDROGEL DRESSING, WOUND COVER, STERILE, PAD SIZE MORE THAN 48 SQ. IN., WITH ANY SIZE ADHESIVE BORDER, EACH DRESSING",Hydrogel drg &gt; 48 sq in w&sol;b,N,02/08/2024
33831,48,A6248,92,1,"HYDROGEL DRESSING, WOUND FILLER, GEL, PER FLUID OUNCE",Hydrogel drsg gel filler,N,02/08/2024
33831,48,A6250,92,1,"SKIN SEALANTS, PROTECTANTS, MOISTURIZERS, OINTMENTS, ANY TYPE, ANY SIZE",Skin seal protect moisturizr,N,02/08/2024
33831,48,A6251,92,1,"SPECIALTY ABSORPTIVE DRESSING, WOUND COVER, STERILE, PAD SIZE 16 SQ. IN. OR LESS, WITHOUT ADHESIVE BORDER, EACH DRESSING",Absorpt drg &lt;=16 sq in w&sol;o b,N,02/08/2024
33831,48,A6252,92,1,"SPECIALTY ABSORPTIVE DRESSING, WOUND COVER, STERILE, PAD SIZE MORE THAN 16 SQ. IN. BUT LESS THAN OR EQUAL TO 48 SQ. IN., WITHOUT ADHESIVE BORDER, EACH DRESSING",Absorpt drg &gt;16 &lt;=48 w&sol;o bdr,N,02/08/2024
33831,48,A6253,92,1,"SPECIALTY ABSORPTIVE DRESSING, WOUND COVER, STERILE, PAD SIZE MORE THAN 48 SQ. IN., WITHOUT ADHESIVE BORDER, EACH DRESSING",Absorpt drg &gt; 48 sq in w&sol;o b,N,02/08/2024
33831,48,A6254,92,1,"SPECIALTY ABSORPTIVE DRESSING, WOUND COVER, STERILE, PAD SIZE 16 SQ. IN. OR LESS, WITH ANY SIZE ADHESIVE BORDER, EACH DRESSING",Absorpt drg &lt;=16 sq in w&sol;bdr,N,02/08/2024
33831,48,A6255,92,1,"SPECIALTY ABSORPTIVE DRESSING, WOUND COVER, STERILE, PAD SIZE MORE THAN 16 SQ. IN. BUT LESS THAN OR EQUAL TO 48 SQ. IN., WITH ANY SIZE ADHESIVE BORDER, EACH DRESSING",Absorpt drg &gt;16&lt;=48 in w&sol;bdr,N,02/08/2024
33831,48,A6256,92,1,"SPECIALTY ABSORPTIVE DRESSING, WOUND COVER, STERILE, PAD SIZE MORE THAN 48 SQ. IN., WITH ANY SIZE ADHESIVE BORDER, EACH DRESSING",Absorpt drg &gt; 48 sq in w&sol;bdr,N,02/08/2024
33831,48,A6257,92,1,"TRANSPARENT FILM, STERILE, 16 SQ. IN. OR LESS, EACH DRESSING",Transparent film &lt;= 16 sq in,N,02/08/2024
33831,48,A6258,92,1,"TRANSPARENT FILM, STERILE, MORE THAN 16 SQ. IN. BUT LESS THAN OR EQUAL TO 48 SQ. IN., EACH DRESSING",Transparent film &gt;16&lt;=48 in,N,02/08/2024
33831,48,A6259,92,1,"TRANSPARENT FILM, STERILE, MORE THAN 48 SQ. IN., EACH DRESSING",Transparent film &gt; 48 sq in,N,02/08/2024
33831,48,A6260,92,1,"WOUND CLEANSERS, ANY TYPE, ANY SIZE",Wound cleanser any type&sol;size,N,02/08/2024
33831,48,A6261,92,1,"WOUND FILLER, GEL&sol;PASTE, PER FLUID OUNCE, NOT OTHERWISE SPECIFIED",Wound filler gel&sol;paste &sol;oz,N,02/08/2024
33831,48,A6262,92,1,"WOUND FILLER, DRY FORM, PER GRAM, NOT OTHERWISE SPECIFIED",Wound filler dry form &sol; gram,N,02/08/2024
33831,48,A6266,92,1,"GAUZE, IMPREGNATED, OTHER THAN WATER, NORMAL SALINE, OR ZINC PASTE, STERILE, ANY WIDTH, PER LINEAR YARD",Impreg gauze no h20&sol;sal&sol;yard,N,02/08/2024
33831,48,A6402,92,1,"GAUZE, NON-IMPREGNATED, STERILE, PAD SIZE 16 SQ. IN. OR LESS, WITHOUT ADHESIVE BORDER, EACH DRESSING",Sterile gauze &lt;= 16 sq in,N,02/08/2024
33831,48,A6403,92,1,"GAUZE, NON-IMPREGNATED, STERILE, PAD SIZE MORE THAN 16 SQ. IN. LESS THAN OR EQUAL TO 48 SQ. IN., WITHOUT ADHESIVE BORDER, EACH DRESSING",Sterile gauze&gt;16 &lt;= 48 sq in,N,02/08/2024
33831,48,A6404,92,1,"GAUZE, NON-IMPREGNATED, STERILE, PAD SIZE MORE THAN 48 SQ. IN., WITHOUT ADHESIVE BORDER, EACH DRESSING",Sterile gauze &gt; 48 sq in,N,02/08/2024
33831,48,A6407,92,1,"PACKING STRIPS, NON-IMPREGNATED, STERILE, UP TO 2 INCHES IN WIDTH, PER LINEAR YARD","Packing strips, non-impreg",N,02/08/2024
33831,48,A6410,92,1,"EYE PAD, STERILE, EACH",Sterile eye pad,N,02/08/2024
33831,48,A6411,92,1,"EYE PAD, NON-STERILE, EACH",Non-sterile eye pad,N,02/08/2024
33831,48,A6412,92,1,"EYE PATCH, OCCLUSIVE, EACH",Occlusive eye patch,N,02/08/2024
33831,48,A6413,92,1,"ADHESIVE BANDAGE, FIRST-AID TYPE, ANY SIZE, EACH","Adhesive bandage, first-aid",N,02/08/2024
33831,48,A6441,92,1,"PADDING BANDAGE, NON-ELASTIC, NON-WOVEN&sol;NON-KNITTED, WIDTH GREATER THAN OR EQUAL TO THREE INCHES AND LESS THAN FIVE INCHES, PER YARD",Pad band w&gt;=3&quot; &lt;5&quot;&sol;yd,N,02/08/2024
33831,48,A6442,92,1,"CONFORMING BANDAGE, NON-ELASTIC, KNITTED&sol;WOVEN, NON-STERILE, WIDTH LESS THAN THREE INCHES, PER YARD",Conform band n&sol;s w&lt;3&quot;&sol;yd,N,02/08/2024
33831,48,A6443,92,1,"CONFORMING BANDAGE, NON-ELASTIC, KNITTED&sol;WOVEN, NON-STERILE, WIDTH GREATER THAN OR EQUAL TO THREE INCHES AND LESS THAN FIVE INCHES, PER YARD",Conform band n&sol;s w&gt;=3&quot;&lt;5&quot;&sol;yd,N,02/08/2024
33831,48,A6444,92,1,"CONFORMING BANDAGE, NON-ELASTIC, KNITTED&sol;WOVEN, NON-STERILE, WIDTH GREATER THAN OR EQUAL TO 5 INCHES, PER YARD",Conform band n&sol;s w&gt;=5&quot;&sol;yd,N,02/08/2024
33831,48,A6445,92,1,"CONFORMING BANDAGE, NON-ELASTIC, KNITTED&sol;WOVEN, STERILE, WIDTH LESS THAN THREE INCHES, PER YARD",Conform band s w &lt;3&quot;&sol;yd,N,02/08/2024
33831,48,A6446,92,1,"CONFORMING BANDAGE, NON-ELASTIC, KNITTED&sol;WOVEN, STERILE, WIDTH GREATER THAN OR EQUAL TO THREE INCHES AND LESS THAN FIVE INCHES, PER YARD",Conform band s w&gt;=3&quot; &lt;5&quot;&sol;yd,N,02/08/2024
33831,48,A6447,92,1,"CONFORMING BANDAGE, NON-ELASTIC, KNITTED&sol;WOVEN, STERILE, WIDTH GREATER THAN OR EQUAL TO FIVE INCHES, PER YARD",Conform band s w &gt;=5&quot;&sol;yd,N,02/08/2024
33831,48,A6448,92,1,"LIGHT COMPRESSION BANDAGE, ELASTIC, KNITTED&sol;WOVEN, WIDTH LESS THAN THREE INCHES, PER YARD",Lt compres band &lt;3&quot;&sol;yd,N,02/08/2024
33831,48,A6449,92,1,"LIGHT COMPRESSION BANDAGE, ELASTIC, KNITTED&sol;WOVEN, WIDTH GREATER THAN OR EQUAL TO THREE INCHES AND LESS THAN FIVE INCHES, PER YARD",Lt compres band &gt;=3&quot; &lt;5&quot;&sol;yd,N,02/08/2024
33831,48,A6450,92,1,"LIGHT COMPRESSION BANDAGE, ELASTIC, KNITTED&sol;WOVEN, WIDTH GREATER THAN OR EQUAL TO FIVE INCHES, PER YARD",Lt compres band &gt;=5&quot;&sol;yd,N,02/08/2024
33831,48,A6451,92,1,"MODERATE COMPRESSION BANDAGE, ELASTIC, KNITTED&sol;WOVEN, LOAD RESISTANCE OF 1.25 TO 1.34 FOOT POUNDS AT 50% MAXIMUM STRETCH, WIDTH GREATER THAN OR EQUAL TO THREE INCHES AND LESS THAN FIVE INCHES, PER YARD",Mod compres band w&gt;=3&quot;&lt;5&quot;&sol;yd,N,02/08/2024
33831,48,A6452,92,1,"HIGH COMPRESSION BANDAGE, ELASTIC, KNITTED&sol;WOVEN, LOAD RESISTANCE GREATER THAN OR EQUAL TO 1.35 FOOT POUNDS AT 50% MAXIMUM STRETCH, WIDTH GREATER THAN OR EQUAL TO THREE INCHES AND LESS THAN FIVE INCHES, PER YARD",High compres band w&gt;=3&quot;&lt;5&quot;yd,N,02/08/2024
33831,48,A6453,92,1,"SELF-ADHERENT BANDAGE, ELASTIC, NON-KNITTED&sol;NON-WOVEN, WIDTH LESS THAN THREE INCHES, PER YARD",Self-adher band w &lt;3&quot;&sol;yd,N,02/08/2024
33831,48,A6454,92,1,"SELF-ADHERENT BANDAGE, ELASTIC, NON-KNITTED&sol;NON-WOVEN, WIDTH GREATER THAN OR EQUAL TO THREE INCHES AND LESS THAN FIVE INCHES, PER YARD",Self-adher band w&gt;=3&quot; &lt;5&quot;&sol;yd,N,02/08/2024
33831,48,A6455,92,1,"SELF-ADHERENT BANDAGE, ELASTIC, NON-KNITTED&sol;NON-WOVEN, WIDTH GREATER THAN OR EQUAL TO FIVE INCHES, PER YARD",Self-adher band &gt;=5&quot;&sol;yd,N,02/08/2024
33831,48,A6456,92,1,"ZINC PASTE IMPREGNATED BANDAGE, NON-ELASTIC, KNITTED&sol;WOVEN, WIDTH GREATER THAN OR EQUAL TO THREE INCHES AND LESS THAN FIVE INCHES, PER YARD",Zinc paste band w &gt;=3&quot;&lt;5&quot;&sol;yd,N,02/08/2024
33831,48,A6457,92,1,"TUBULAR DRESSING WITH OR WITHOUT ELASTIC, ANY WIDTH, PER LINEAR YARD",Tubular dressing,N,02/08/2024
33831,48,A6501,92,1,"COMPRESSION BURN GARMENT, BODYSUIT (HEAD TO FOOT), CUSTOM FABRICATED",Compres burngarment bodysuit,N,02/08/2024
33831,48,A6502,92,1,"COMPRESSION BURN GARMENT, CHIN STRAP, CUSTOM FABRICATED",Compres burngarment chinstrp,N,02/08/2024
33831,48,A6503,92,1,"COMPRESSION BURN GARMENT, FACIAL HOOD, CUSTOM FABRICATED",Compres burngarment facehood,N,02/08/2024
33831,48,A6504,92,1,"COMPRESSION BURN GARMENT, GLOVE TO WRIST, CUSTOM FABRICATED",Cmprsburngarment glove-wrist,N,02/08/2024
33831,48,A6505,92,1,"COMPRESSION BURN GARMENT, GLOVE TO ELBOW, CUSTOM FABRICATED",Cmprsburngarment glove-elbow,N,02/08/2024
33831,48,A6506,92,1,"COMPRESSION BURN GARMENT, GLOVE TO AXILLA, CUSTOM FABRICATED",Cmprsburngrmnt glove-axilla,N,02/08/2024
33831,48,A6507,92,1,"COMPRESSION BURN GARMENT, FOOT TO KNEE LENGTH, CUSTOM FABRICATED",Cmprs burngarment foot-knee,N,02/08/2024
33831,48,A6508,92,1,"COMPRESSION BURN GARMENT, FOOT TO THIGH LENGTH, CUSTOM FABRICATED",Cmprs burngarment foot-thigh,N,02/08/2024
33831,48,A6509,92,1,"COMPRESSION BURN GARMENT, UPPER TRUNK TO WAIST INCLUDING ARM OPENINGS (VEST), CUSTOM FABRICATED",Compres burn garment jacket,N,02/08/2024
33831,48,A6510,92,1,"COMPRESSION BURN GARMENT, TRUNK, INCLUDING ARMS DOWN TO LEG OPENINGS (LEOTARD), CUSTOM FABRICATED",Compres burn garment leotard,N,02/08/2024
33831,48,A6511,92,1,"COMPRESSION BURN GARMENT, LOWER TRUNK INCLUDING LEG OPENINGS (PANTY), CUSTOM FABRICATED",Compres burn garment panty,N,02/08/2024
33831,48,A6512,92,1,"COMPRESSION BURN GARMENT, NOT OTHERWISE CLASSIFIED","Compres burn garment, noc",N,02/08/2024
33831,48,A6513,92,1,"COMPRESSION BURN MASK, FACE AND&sol;OR NECK, PLASTIC OR EQUAL, CUSTOM FABRICATED",Compress burn mask face&sol;neck,N,02/08/2024
33831,48,A6531,92,1,"GRADIENT COMPRESSION STOCKING, BELOW KNEE, 30-40 MMHG, USED AS A SURGICAL DRESSING, EACH",Compress stking bk30-40 surg,N,02/08/2024
33831,48,A6532,92,1,"GRADIENT COMPRESSION STOCKING, BELOW KNEE, 40-50 MMHG, USED AS A SURGICAL DRESSING, EACH",Compress stking bk40-50 surg,N,02/08/2024
33831,48,A6545,92,1,"GRADIENT COMPRESSION WRAP, NON-ELASTIC, BELOW KNEE, 30-50 MMHG, USED AS A SURGICAL DRESSING, EACH",Grad com non-elastic bk surg,N,02/08/2024
33831,48,A9270,92,1,NON-COVERED ITEM OR SERVICE,Non-covered item or service,N,02/08/2024
33828,27,A4331,91,1,"EXTENSION DRAINAGE TUBING, ANY TYPE, ANY LENGTH, WITH CONNECTOR&sol;ADAPTOR, FOR USE WITH URINARY LEG BAG OR UROSTOMY POUCH, EACH",Extension drainage tubing,N,12/07/2023
33828,27,A4357,91,1,"BEDSIDE DRAINAGE BAG, DAY OR NIGHT, WITH OR WITHOUT ANTI-REFLUX DEVICE, WITH OR WITHOUT TUBE, EACH",Bedside drainage bag,N,12/07/2023
33828,27,A4361,91,1,"OSTOMY FACEPLATE, EACH",Ostomy face plate,N,12/07/2023
33828,27,A4362,91,1,"SKIN BARRIER; SOLID, 4 X 4 OR EQUIVALENT; EACH",Solid skin barrier,N,12/07/2023
33828,27,A4363,91,1,"OSTOMY CLAMP, ANY TYPE, REPLACEMENT ONLY, EACH","Ostomy clamp, replacement",N,12/07/2023
33828,27,A4364,91,1,"ADHESIVE, LIQUID OR EQUAL, ANY TYPE, PER OZ","Adhesive, liquid or equal",N,12/07/2023
33828,27,A4366,91,1,"OSTOMY VENT, ANY TYPE, EACH",Ostomy vent,N,12/07/2023
33828,27,A4367,91,1,"OSTOMY BELT, EACH",Ostomy belt,N,12/07/2023
33828,27,A4368,91,1,"OSTOMY FILTER, ANY TYPE, EACH",Ostomy filter,N,12/07/2023
33828,27,A4369,91,1,"OSTOMY SKIN BARRIER, LIQUID (SPRAY, BRUSH, ETC.), PER OZ",Skin barrier liquid per oz,N,12/07/2023
33828,27,A4371,91,1,"OSTOMY SKIN BARRIER, POWDER, PER OZ",Skin barrier powder per oz,N,12/07/2023
33828,27,A4372,91,1,"OSTOMY SKIN BARRIER, SOLID 4 X 4 OR EQUIVALENT, STANDARD WEAR, WITH BUILT-IN CONVEXITY, EACH",Skin barrier solid 4x4 equiv,N,12/07/2023
33828,27,A4373,91,1,"OSTOMY SKIN BARRIER, WITH FLANGE (SOLID, FLEXIBLE OR ACCORDION), WITH BUILT-IN CONVEXITY, ANY SIZE, EACH",Skin barrier with flange,N,12/07/2023
33828,27,A4375,91,1,"OSTOMY POUCH, DRAINABLE, WITH FACEPLATE ATTACHED, PLASTIC, EACH",Drainable plastic pch w fcpl,N,12/07/2023
33828,27,A4376,91,1,"OSTOMY POUCH, DRAINABLE, WITH FACEPLATE ATTACHED, RUBBER, EACH",Drainable rubber pch w fcplt,N,12/07/2023
33828,27,A4377,91,1,"OSTOMY POUCH, DRAINABLE, FOR USE ON FACEPLATE, PLASTIC, EACH",Drainable plstic pch w&sol;o fp,N,12/07/2023
33828,27,A4378,91,1,"OSTOMY POUCH, DRAINABLE, FOR USE ON FACEPLATE, RUBBER, EACH",Drainable rubber pch w&sol;o fp,N,12/07/2023
33828,27,A4379,91,1,"OSTOMY POUCH, URINARY, WITH FACEPLATE ATTACHED, PLASTIC, EACH",Urinary plastic pouch w fcpl,N,12/07/2023
33828,27,A4380,91,1,"OSTOMY POUCH, URINARY, WITH FACEPLATE ATTACHED, RUBBER, EACH",Urinary rubber pouch w fcplt,N,12/07/2023
33828,27,A4381,91,1,"OSTOMY POUCH, URINARY, FOR USE ON FACEPLATE, PLASTIC, EACH",Urinary plastic pouch w&sol;o fp,N,12/07/2023
33828,27,A4382,91,1,"OSTOMY POUCH, URINARY, FOR USE ON FACEPLATE, HEAVY PLASTIC, EACH",Urinary hvy plstc pch w&sol;o fp,N,12/07/2023
33828,27,A4383,91,1,"OSTOMY POUCH, URINARY, FOR USE ON FACEPLATE, RUBBER, EACH",Urinary rubber pouch w&sol;o fp,N,12/07/2023
33828,27,A4384,91,1,"OSTOMY FACEPLATE EQUIVALENT, SILICONE RING, EACH",Ostomy faceplt&sol;silicone ring,N,12/07/2023
33828,27,A4385,91,1,"OSTOMY SKIN BARRIER, SOLID 4 X 4 OR EQUIVALENT, EXTENDED WEAR, WITHOUT BUILT-IN CONVEXITY, EACH",Ost skn barrier sld ext wear,N,12/07/2023
33828,27,A4387,91,1,"OSTOMY POUCH, CLOSED, WITH BARRIER ATTACHED, WITH BUILT-IN CONVEXITY (1 PIECE), EACH",Ost clsd pouch w att st barr,N,12/07/2023
33828,27,A4388,91,1,"OSTOMY POUCH, DRAINABLE, WITH EXTENDED WEAR BARRIER ATTACHED, (1 PIECE), EACH",Drainable pch w ex wear barr,N,12/07/2023
33828,27,A4389,91,1,"OSTOMY POUCH, DRAINABLE, WITH BARRIER ATTACHED, WITH BUILT-IN CONVEXITY (1 PIECE), EACH",Drainable pch w st wear barr,N,12/07/2023
33828,27,A4390,91,1,"OSTOMY POUCH, DRAINABLE, WITH EXTENDED WEAR BARRIER ATTACHED, WITH BUILT-IN CONVEXITY (1 PIECE), EACH",Drainable pch ex wear convex,N,12/07/2023
33828,27,A4391,91,1,"OSTOMY POUCH, URINARY, WITH EXTENDED WEAR BARRIER ATTACHED (1 PIECE), EACH",Urinary pouch w ex wear barr,N,12/07/2023
33828,27,A4392,91,1,"OSTOMY POUCH, URINARY, WITH STANDARD WEAR BARRIER ATTACHED, WITH BUILT-IN CONVEXITY (1 PIECE), EACH",Urinary pouch w st wear barr,N,12/07/2023
33828,27,A4393,91,1,"OSTOMY POUCH, URINARY, WITH EXTENDED WEAR BARRIER ATTACHED, WITH BUILT-IN CONVEXITY (1 PIECE), EACH",Urine pch w ex wear bar conv,N,12/07/2023
33828,27,A4394,91,1,"OSTOMY DEODORANT, WITH OR WITHOUT LUBRICANT, FOR USE IN OSTOMY POUCH, PER FLUID OUNCE",Ostomy pouch liq deodorant,N,12/07/2023
33828,27,A4395,91,1,"OSTOMY DEODORANT FOR USE IN OSTOMY POUCH, SOLID, PER TABLET",Ostomy pouch solid deodorant,N,12/07/2023
33828,27,A4396,91,1,OSTOMY BELT WITH PERISTOMAL HERNIA SUPPORT,Peristomal hernia supprt blt,N,12/07/2023
33828,27,A4398,91,1,"OSTOMY IRRIGATION SUPPLY; BAG, EACH",Ostomy irrigation bag,N,12/07/2023
33828,27,A4399,91,1,"OSTOMY IRRIGATION SUPPLY; CONE&sol;CATHETER, WITH OR WITHOUT BRUSH",Ostomy irrig cone&sol;cath w brs,N,12/07/2023
33828,27,A4402,91,1,"LUBRICANT, PER OUNCE",Lubricant per ounce,N,12/07/2023
33828,27,A4404,91,1,"OSTOMY RING, EACH",Ostomy ring each,N,12/07/2023
33828,27,A4405,91,1,"OSTOMY SKIN BARRIER, NON-PECTIN BASED, PASTE, PER OUNCE",Nonpectin based ostomy paste,N,12/07/2023
33828,27,A4406,91,1,"OSTOMY SKIN BARRIER, PECTIN-BASED, PASTE, PER OUNCE",Pectin based ostomy paste,N,12/07/2023
33828,27,A4407,91,1,"OSTOMY SKIN BARRIER, WITH FLANGE (SOLID, FLEXIBLE, OR ACCORDION), EXTENDED WEAR, WITH BUILT-IN CONVEXITY, 4 X 4 INCHES OR SMALLER, EACH",Ext wear ost skn barr &lt;=4sq&quot;,N,12/07/2023
33828,27,A4408,91,1,"OSTOMY SKIN BARRIER, WITH FLANGE (SOLID, FLEXIBLE OR ACCORDION), EXTENDED WEAR, WITH BUILT-IN CONVEXITY, LARGER THAN 4 X 4 INCHES, EACH",Ext wear ost skn barr &gt;4sq&quot;,N,12/07/2023
33828,27,A4409,91,1,"OSTOMY SKIN BARRIER, WITH FLANGE (SOLID, FLEXIBLE OR ACCORDION), EXTENDED WEAR, WITHOUT BUILT-IN CONVEXITY, 4 X 4 INCHES OR SMALLER, EACH",Ost skn barr convex &lt;=4 sq i,N,12/07/2023
33828,27,A4410,91,1,"OSTOMY SKIN BARRIER, WITH FLANGE (SOLID, FLEXIBLE OR ACCORDION), EXTENDED WEAR, WITHOUT BUILT-IN CONVEXITY, LARGER THAN 4 X 4 INCHES, EACH",Ost skn barr extnd &gt;4 sq,N,12/07/2023
33828,27,A4411,91,1,"OSTOMY SKIN BARRIER, SOLID 4 X 4 OR EQUIVALENT, EXTENDED WEAR, WITH BUILT-IN CONVEXITY, EACH",Ost skn barr extnd =4sq,N,12/07/2023
33828,27,A4412,91,1,"OSTOMY POUCH, DRAINABLE, HIGH OUTPUT, FOR USE ON A BARRIER WITH FLANGE (2 PIECE SYSTEM), WITHOUT FILTER, EACH",Ost pouch drain high output,N,12/07/2023
33828,27,A4413,91,1,"OSTOMY POUCH, DRAINABLE, HIGH OUTPUT, FOR USE ON A BARRIER WITH FLANGE (2 PIECE SYSTEM), WITH FILTER, EACH",2 pc drainable ost pouch,N,12/07/2023
33828,27,A4414,91,1,"OSTOMY SKIN BARRIER, WITH FLANGE (SOLID, FLEXIBLE OR ACCORDION), WITHOUT BUILT-IN CONVEXITY, 4 X 4 INCHES OR SMALLER, EACH",Ost sknbar w&sol;o conv&lt;=4 sq in,N,12/07/2023
33828,27,A4415,91,1,"OSTOMY SKIN BARRIER, WITH FLANGE (SOLID, FLEXIBLE OR ACCORDION), WITHOUT BUILT-IN CONVEXITY, LARGER THAN 4 X 4 INCHES, EACH",Ost skn barr w&sol;o conv &gt;4 sqi,N,12/07/2023
33828,27,A4416,91,1,"OSTOMY POUCH, CLOSED, WITH BARRIER ATTACHED, WITH FILTER (1 PIECE), EACH",Ost pch clsd w barrier&sol;filtr,N,12/07/2023
33828,27,A4417,91,1,"OSTOMY POUCH, CLOSED, WITH BARRIER ATTACHED, WITH BUILT-IN CONVEXITY, WITH FILTER (1 PIECE), EACH",Ost pch w bar&sol;bltinconv&sol;fltr,N,12/07/2023
33828,27,A4418,91,1,"OSTOMY POUCH, CLOSED; WITHOUT BARRIER ATTACHED, WITH FILTER (1 PIECE), EACH",Ost pch clsd w&sol;o bar w filtr,N,12/07/2023
33828,27,A4419,91,1,"OSTOMY POUCH, CLOSED; FOR USE ON BARRIER WITH NON-LOCKING FLANGE, WITH FILTER (2 PIECE), EACH",Ost pch for bar w flange&sol;flt,N,12/07/2023
33828,27,A4420,91,1,"OSTOMY POUCH, CLOSED; FOR USE ON BARRIER WITH LOCKING FLANGE (2 PIECE), EACH",Ost pch clsd for bar w lk fl,N,12/07/2023
33828,27,A4421,91,1,OSTOMY SUPPLY; MISCELLANEOUS,Ostomy supply misc,N,12/07/2023
33828,27,A4422,91,1,"OSTOMY ABSORBENT MATERIAL (SHEET&sol;PAD&sol;CRYSTAL PACKET) FOR USE IN OSTOMY POUCH TO THICKEN LIQUID STOMAL OUTPUT, EACH",Ost pouch absorbent material,N,12/07/2023
33828,27,A4423,91,1,"OSTOMY POUCH, CLOSED; FOR USE ON BARRIER WITH LOCKING FLANGE, WITH FILTER (2 PIECE), EACH",Ost pch for bar w lk fl&sol;fltr,N,12/07/2023
33828,27,A4424,91,1,"OSTOMY POUCH, DRAINABLE, WITH BARRIER ATTACHED, WITH FILTER (1 PIECE), EACH",Ost pch drain w bar &amp; filter,N,12/07/2023
33828,27,A4425,91,1,"OSTOMY POUCH, DRAINABLE; FOR USE ON BARRIER WITH NON-LOCKING FLANGE, WITH FILTER (2 PIECE SYSTEM), EACH",Ost pch drain for barrier fl,N,12/07/2023
33828,27,A4426,91,1,"OSTOMY POUCH, DRAINABLE; FOR USE ON BARRIER WITH LOCKING FLANGE (2 PIECE SYSTEM), EACH",Ost pch drain 2 piece system,N,12/07/2023
33828,27,A4427,91,1,"OSTOMY POUCH, DRAINABLE; FOR USE ON BARRIER WITH LOCKING FLANGE, WITH FILTER (2 PIECE SYSTEM), EACH",Ost pch drain&sol;barr lk flng&sol;f,N,12/07/2023
33828,27,A4428,91,1,"OSTOMY POUCH, URINARY, WITH EXTENDED WEAR BARRIER ATTACHED, WITH FAUCET-TYPE TAP WITH VALVE (1 PIECE), EACH",Urine ost pouch w faucet&sol;tap,N,12/07/2023
33828,27,A4429,91,1,"OSTOMY POUCH, URINARY, WITH BARRIER ATTACHED, WITH BUILT-IN CONVEXITY, WITH FAUCET-TYPE TAP WITH VALVE (1 PIECE), EACH",Urine ost pouch w bltinconv,N,12/07/2023
33828,27,A4430,91,1,"OSTOMY POUCH, URINARY, WITH EXTENDED WEAR BARRIER ATTACHED, WITH BUILT-IN CONVEXITY, WITH FAUCET-TYPE TAP WITH VALVE (1 PIECE), EACH",Ost urine pch w b&sol;bltin conv,N,12/07/2023
33828,27,A4431,91,1,"OSTOMY POUCH, URINARY; WITH BARRIER ATTACHED, WITH FAUCET-TYPE TAP WITH VALVE (1 PIECE), EACH",Ost pch urine w barrier&sol;tapv,N,12/07/2023
33828,27,A4432,91,1,"OSTOMY POUCH, URINARY; FOR USE ON BARRIER WITH NON-LOCKING FLANGE, WITH FAUCET-TYPE TAP WITH VALVE (2 PIECE), EACH",Os pch urine w bar&sol;fange&sol;tap,N,12/07/2023
33828,27,A4433,91,1,"OSTOMY POUCH, URINARY; FOR USE ON BARRIER WITH LOCKING FLANGE (2 PIECE), EACH",Urine ost pch bar w lock fln,N,12/07/2023
33828,27,A4434,91,1,"OSTOMY POUCH, URINARY; FOR USE ON BARRIER WITH LOCKING FLANGE, WITH FAUCET-TYPE TAP WITH VALVE (2 PIECE), EACH",Ost pch urine w lock flng&sol;ft,N,12/07/2023
33828,27,A4435,91,1,"OSTOMY POUCH, DRAINABLE, HIGH OUTPUT, WITH EXTENDED WEAR BARRIER (ONE-PIECE SYSTEM), WITH OR WITHOUT FILTER, EACH",1pc ost pch drain hgh output,N,12/07/2023
33828,27,A4436,91,1,"IRRIGATION SUPPLY; SLEEVE, REUSABLE, PER MONTH",Irr supply sleev reus per mo,N,12/07/2023
33828,27,A4437,91,1,"IRRIGATION SUPPLY; SLEEVE, DISPOSABLE, PER MONTH",Irr supply sleev disp per mo,N,12/07/2023
33828,27,A4450,91,1,"TAPE, NON-WATERPROOF, PER 18 SQUARE INCHES",Non-waterproof tape,N,12/07/2023
33828,27,A4452,91,1,"TAPE, WATERPROOF, PER 18 SQUARE INCHES",Waterproof tape,N,12/07/2023
33828,27,A4455,91,1,"ADHESIVE REMOVER OR SOLVENT (FOR TAPE, CEMENT OR OTHER ADHESIVE), PER OUNCE",Adhesive remover per ounce,N,12/07/2023
33828,27,A4456,91,1,"ADHESIVE REMOVER, WIPES, ANY TYPE, EACH","Adhesive remover, wipes",N,12/07/2023
33828,27,A5051,91,1,"OSTOMY POUCH, CLOSED; WITH BARRIER ATTACHED (1 PIECE), EACH",Pouch clsd w barr attached,N,12/07/2023
33828,27,A5052,91,1,"OSTOMY POUCH, CLOSED; WITHOUT BARRIER ATTACHED (1 PIECE), EACH",Clsd ostomy pouch w&sol;o barr,N,12/07/2023
33828,27,A5053,91,1,"OSTOMY POUCH, CLOSED; FOR USE ON FACEPLATE, EACH",Clsd ostomy pouch faceplate,N,12/07/2023
33828,27,A5054,91,1,"OSTOMY POUCH, CLOSED; FOR USE ON BARRIER WITH FLANGE (2 PIECE), EACH",Clsd ostomy pouch w&sol;flange,N,12/07/2023
33828,27,A5055,91,1,STOMA CAP,Stoma cap,N,12/07/2023
33828,27,A5056,91,1,"OSTOMY POUCH, DRAINABLE, WITH EXTENDED WEAR BARRIER ATTACHED, WITH FILTER, (1 PIECE), EACH",1 pc ost pouch w filter,N,12/07/2023
33828,27,A5057,91,1,"OSTOMY POUCH, DRAINABLE, WITH EXTENDED WEAR BARRIER ATTACHED, WITH BUILT IN CONVEXITY, WITH FILTER, (1 PIECE), EACH",1 pc ost pou w built-in conv,N,12/07/2023
33828,27,A5061,91,1,"OSTOMY POUCH, DRAINABLE; WITH BARRIER ATTACHED, (1 PIECE), EACH",Pouch drainable w barrier at,N,12/07/2023
33828,27,A5062,91,1,"OSTOMY POUCH, DRAINABLE; WITHOUT BARRIER ATTACHED (1 PIECE), EACH",Drnble ostomy pouch w&sol;o barr,N,12/07/2023
33828,27,A5063,91,1,"OSTOMY POUCH, DRAINABLE; FOR USE ON BARRIER WITH FLANGE (2 PIECE SYSTEM), EACH",Drain ostomy pouch w&sol;flange,N,12/07/2023
33828,27,A5071,91,1,"OSTOMY POUCH, URINARY; WITH BARRIER ATTACHED (1 PIECE), EACH",Urinary pouch w&sol;barrier,N,12/07/2023
33828,27,A5072,91,1,"OSTOMY POUCH, URINARY; WITHOUT BARRIER ATTACHED (1 PIECE), EACH",Urinary pouch w&sol;o barrier,N,12/07/2023
33828,27,A5073,91,1,"OSTOMY POUCH, URINARY; FOR USE ON BARRIER WITH FLANGE (2 PIECE), EACH",Urinary pouch on barr w&sol;flng,N,12/07/2023
33828,27,A5081,91,1,"STOMA PLUG OR SEAL, ANY TYPE","Stoma plug or seal, any type",N,12/07/2023
33828,27,A5082,91,1,CONTINENT DEVICE; CATHETER FOR CONTINENT STOMA,Continent stoma catheter,N,12/07/2023
33828,27,A5083,91,1,"CONTINENT DEVICE, STOMA ABSORPTIVE COVER FOR CONTINENT STOMA",Stoma absorptive cover,N,12/07/2023
33828,27,A5093,91,1,OSTOMY ACCESSORY; CONVEX INSERT,Ostomy accessory convex inse,N,12/07/2023
33828,27,A5102,91,1,"BEDSIDE DRAINAGE BOTTLE WITH OR WITHOUT TUBING, RIGID OR EXPANDABLE, EACH",Bedside drain btl w&sol;wo tube,N,12/07/2023
33828,27,A5120,91,1,"SKIN BARRIER, WIPES OR SWABS, EACH","Skin barrier, wipe or swab",N,12/07/2023
33828,27,A5121,91,1,"SKIN BARRIER; SOLID, 6 X 6 OR EQUIVALENT, EACH",Solid skin barrier 6x6,N,12/07/2023
33828,27,A5122,91,1,"SKIN BARRIER; SOLID, 8 X 8 OR EQUIVALENT, EACH",Solid skin barrier 8x8,N,12/07/2023
33828,27,A5126,91,1,ADHESIVE OR NON-ADHESIVE; DISK OR FOAM PAD,Disk&sol;foam pad +or- adhesive,N,12/07/2023
33828,27,A5131,91,1,"APPLIANCE CLEANER, INCONTINENCE AND OSTOMY APPLIANCES, PER 16 OZ.",Appliance cleaner,N,12/07/2023
33828,27,A6216,91,1,"GAUZE, NON-IMPREGNATED, NON-STERILE, PAD SIZE 16 SQ. IN. OR LESS, WITHOUT ADHESIVE BORDER, EACH DRESSING",Non-sterile gauze&lt;=16 sq in,N,12/07/2023
33828,27,A9270,91,1,NON-COVERED ITEM OR SERVICE,Non-covered item or service,N,12/07/2023
33802,35,E0720,91,1,"TRANSCUTANEOUS ELECTRICAL NERVE STIMULATION (TENS) DEVICE, TWO LEAD, LOCALIZED STIMULATION",Tens two lead,N,12/07/2023
33802,35,E0730,91,1,"TRANSCUTANEOUS ELECTRICAL NERVE STIMULATION (TENS) DEVICE, FOUR OR MORE LEADS, FOR MULTIPLE NERVE STIMULATION",Tens four lead,N,12/07/2023
33802,35,E0731,91,1,FORM FITTING CONDUCTIVE GARMENT FOR DELIVERY OF TENS OR NMES (WITH CONDUCTIVE FIBERS SEPARATED FROM THE PATIENT&#39;S SKIN BY LAYERS OF FABRIC),Conductive garment for tens&sol;,N,12/07/2023
33802,35,A4557,91,2,"LEAD WIRES, (E.G., APNEA MONITOR), PER PAIR","Lead wires, pair",N,12/07/2023
33802,35,A4595,91,2,"ELECTRICAL STIMULATOR SUPPLIES, 2 LEAD, PER MONTH, (E.G., TENS, NMES)",Tens suppl 2 lead per month,N,12/07/2023
33612,26,A4216,91,1,"STERILE WATER, SALINE AND&sol;OR DEXTROSE, DILUENT&sol;FLUSH, 10 ML","Sterile water&sol;saline, 10 ml",N,12/07/2023
33612,26,A4217,91,1,"STERILE WATER&sol;SALINE, 500 ML","Sterile water&sol;saline, 500 ml",N,12/07/2023
33612,26,A4605,91,1,"TRACHEAL SUCTION CATHETER, CLOSED SYSTEM, EACH",Trach suction cath close sys,N,12/07/2023
33612,26,A4624,91,1,"TRACHEAL SUCTION CATHETER, ANY TYPE OTHER THAN CLOSED SYSTEM, EACH",Tracheal suction tube,N,12/07/2023
33612,26,A4628,91,1,"ORAL AND&sol;OR OROPHARYNGEAL SUCTION CATHETER, EACH",Oropharyngeal suction cath,N,12/07/2023
33612,26,A7000,91,1,"CANISTER, DISPOSABLE, USED WITH SUCTION PUMP, EACH",Disposable canister for pump,N,12/07/2023
33612,26,A7001,91,1,"CANISTER, NON-DISPOSABLE, USED WITH SUCTION PUMP, EACH",Nondisposable pump canister,N,12/07/2023
33612,26,A7002,91,1,"TUBING, USED WITH SUCTION PUMP, EACH",Tubing used w suction pump,N,12/07/2023
33612,26,A7047,91,1,"ORAL INTERFACE USED WITH RESPIRATORY SUCTION PUMP, EACH",Resp suction oral interface,N,12/07/2023
33612,26,A9272,91,1,"WOUND SUCTION, DISPOSABLE, INCLUDES DRESSING, ALL ACCESSORIES AND COMPONENTS, ANY TYPE, EACH","Disp wound suct, drsg&sol;access",N,12/07/2023
33612,26,E0600,91,1,"RESPIRATORY SUCTION PUMP, HOME MODEL, PORTABLE OR STATIONARY, ELECTRIC",Suction pump portab hom modl,N,12/07/2023
33612,26,E2000,91,1,"GASTRIC SUCTION PUMP, HOME MODEL, PORTABLE OR STATIONARY, ELECTRIC",Gastric suction pump hme mdl,N,12/07/2023
33612,26,K0743,91,1,"SUCTION PUMP, HOME MODEL, PORTABLE, FOR USE ON WOUNDS",Portable home suction pump,N,12/07/2023
33612,26,K0744,91,1,"ABSORPTIVE WOUND DRESSING FOR USE WITH SUCTION PUMP, HOME MODEL, PORTABLE, PAD SIZE 16 SQUARE INCHES OR LESS",Absorp drg &lt;= 16 suc pump,N,12/07/2023
33612,26,K0745,91,1,"ABSORPTIVE WOUND DRESSING FOR USE WITH SUCTION PUMP, HOME MODEL, PORTABLE, PAD SIZE MORE THAN 16 SQUARE INCHES BUT LESS THAN OR EQUAL TO 48 SQUARE INCHES",Absorp drg &gt;16&lt;=48 suc pump,N,12/07/2023
33612,26,K0746,91,1,"ABSORPTIVE WOUND DRESSING FOR USE WITH SUCTION PUMP, HOME MODEL, PORTABLE, PAD SIZE GREATER THAN 48 SQUARE INCHES",Absorp drg &gt;48 suc pump,N,12/07/2023
38953,16,B4164,91,1,"PARENTERAL NUTRITION SOLUTION: CARBOHYDRATES (DEXTROSE), 50% OR LESS (500 ML = 1 UNIT) - HOME MIX",Parenteral 50% dextrose solu,N,12/07/2023
38953,16,B4168,91,1,"PARENTERAL NUTRITION SOLUTION; AMINO ACID, 3.5%, (500 ML = 1 UNIT) - HOME MIX",Parenteral sol amino acid 3.,N,12/07/2023
38953,16,B4172,91,1,"PARENTERAL NUTRITION SOLUTION; AMINO ACID, 5.5% THROUGH 7%, (500 ML = 1 UNIT) - HOME MIX",Parenteral sol amino acid 5.,N,12/07/2023
38953,16,B4176,91,1,"PARENTERAL NUTRITION SOLUTION; AMINO ACID, 7% THROUGH 8.5%, (500 ML = 1 UNIT) - HOME MIX",Parenteral sol amino acid 7-,N,12/07/2023
38953,16,B4178,91,1,"PARENTERAL NUTRITION SOLUTION: AMINO ACID, GREATER THAN 8.5% (500 ML = 1 UNIT) - HOME MIX",Parenteral sol amino acid &gt;,N,12/07/2023
38953,16,B4180,91,1,"PARENTERAL NUTRITION SOLUTION; CARBOHYDRATES (DEXTROSE), GREATER THAN 50% (500 ML = 1 UNIT) - HOME MIX",Parenteral sol carb &gt; 50%,N,12/07/2023
38953,16,B4185,91,1,"PARENTERAL NUTRITION SOLUTION, NOT OTHERWISE SPECIFIED, 10 GRAMS LIPIDS",Pn soln nos 10 grams lipids,N,12/07/2023
38953,16,B4187,91,1,"OMEGAVEN, 10 GRAMS LIPIDS","Omegaven, 10 grams lipids",N,12/07/2023
38953,16,B4189,91,1,"PARENTERAL NUTRITION SOLUTION; COMPOUNDED AMINO ACID AND CARBOHYDRATES WITH ELECTROLYTES, TRACE ELEMENTS, AND VITAMINS, INCLUDING PREPARATION, ANY STRENGTH, 10 TO 51 GRAMS OF PROTEIN - PREMIX",Parenteral sol amino acid &amp;,N,12/07/2023
38953,16,B4193,91,1,"PARENTERAL NUTRITION SOLUTION; COMPOUNDED AMINO ACID AND CARBOHYDRATES WITH ELECTROLYTES, TRACE ELEMENTS, AND VITAMINS, INCLUDING PREPARATION, ANY STRENGTH, 52 TO 73 GRAMS OF PROTEIN - PREMIX",Parenteral sol 52-73 gm prot,N,12/07/2023
38953,16,B4197,91,1,"PARENTERAL NUTRITION SOLUTION; COMPOUNDED AMINO ACID AND CARBOHYDRATES WITH ELECTROLYTES, TRACE ELEMENTS AND VITAMINS, INCLUDING PREPARATION, ANY STRENGTH, 74 TO 100 GRAMS OF PROTEIN - PREMIX",Parenteral sol 74-100 gm pro,N,12/07/2023
38953,16,B4199,91,1,"PARENTERAL NUTRITION SOLUTION; COMPOUNDED AMINO ACID AND CARBOHYDRATES WITH ELECTROLYTES, TRACE ELEMENTS AND VITAMINS, INCLUDING PREPARATION, ANY STRENGTH, OVER 100 GRAMS OF PROTEIN - PREMIX",Parenteral sol &gt; 100gm prote,N,12/07/2023
38953,16,B4216,91,1,"PARENTERAL NUTRITION; ADDITIVES (VITAMINS, TRACE ELEMENTS, HEPARIN, ELECTROLYTES), HOME MIX, PER DAY",Parenteral nutrition additiv,N,12/07/2023
38953,16,B4220,91,1,"PARENTERAL NUTRITION SUPPLY KIT; PREMIX, PER DAY",Parenteral supply kit premix,N,12/07/2023
38953,16,B4222,91,1,"PARENTERAL NUTRITION SUPPLY KIT; HOME MIX, PER DAY",Parenteral supply kit homemi,N,12/07/2023
38953,16,B4224,91,1,"PARENTERAL NUTRITION ADMINISTRATION KIT, PER DAY",Parenteral administration ki,N,12/07/2023
38953,16,B5000,91,1,"PARENTERAL NUTRITION SOLUTION COMPOUNDED AMINO ACID AND CARBOHYDRATES WITH ELECTROLYTES, TRACE ELEMENTS, AND VITAMINS, INCLUDING PREPARATION, ANY STRENGTH, RENAL-AMINOSYN-RF, NEPHRAMINE, RENAMINE-PREMIX",Parenteral sol renal-amirosy,N,12/07/2023
38953,16,B5100,91,1,"PARENTERAL NUTRITION SOLUTION COMPOUNDED AMINO ACID AND CARBOHYDRATES WITH ELECTROLYTES, TRACE ELEMENTS, AND VITAMINS, INCLUDING PREPARATION, ANY STRENGTH, HEPATIC, HEPATAMINE-PREMIX",Parenteral solution hepatic,N,12/07/2023
38953,16,B5200,91,1,"PARENTERAL NUTRITION SOLUTION COMPOUNDED AMINO ACID AND CARBOHYDRATES WITH ELECTROLYTES, TRACE ELEMENTS, AND VITAMINS, INCLUDING PREPARATION, ANY STRENGTH, STRESS-BRANCH CHAIN AMINO ACIDS-FREAMINE-HBC-PREMIX",Parenteral sol hepatic fream,N,12/07/2023
38953,16,B9004,91,1,"PARENTERAL NUTRITION INFUSION PUMP, PORTABLE",Parenteral infus pump portab,N,12/07/2023
38953,16,B9006,91,1,"PARENTERAL NUTRITION INFUSION PUMP, STATIONARY",Parenteral infus pump statio,N,12/07/2023
38953,16,B9999,91,1,NOC FOR PARENTERAL SUPPLIES,Parenteral supp not othrws c,N,12/07/2023
38953,16,E0776,91,1,IV POLE,Iv pole,N,12/07/2023
33796,24,E0747,91,1,"OSTEOGENESIS STIMULATOR, ELECTRICAL, NON-INVASIVE, OTHER THAN SPINAL APPLICATIONS",Elec osteogen stim not spine,N,12/07/2023
33796,24,E0748,91,1,"OSTEOGENESIS STIMULATOR, ELECTRICAL, NON-INVASIVE, SPINAL APPLICATIONS",Elec osteogen stim spinal,N,12/07/2023
33796,24,E0760,91,1,"OSTEOGENESIS STIMULATOR, LOW INTENSITY ULTRASOUND, NON-INVASIVE",Osteogen ultrasound stimltor,N,12/07/2023
33796,24,A4559,91,2,"COUPLING GEL OR PASTE, FOR USE WITH ULTRASOUND DEVICE, PER OZ",Coupling gel or paste,N,12/07/2023
33821,28,E2402,91,1,"NEGATIVE PRESSURE WOUND THERAPY ELECTRICAL PUMP, STATIONARY OR PORTABLE",Neg press wound therapy pump,N,12/07/2023
33821,28,A6550,91,2,"WOUND CARE SET, FOR NEGATIVE PRESSURE WOUND THERAPY ELECTRICAL PUMP, INCLUDES ALL SUPPLIES AND ACCESSORIES",Neg pres wound ther drsg set,N,12/07/2023
33821,28,A7000,91,2,"CANISTER, DISPOSABLE, USED WITH SUCTION PUMP, EACH",Disposable canister for pump,N,12/07/2023
33718,52,E0470,91,1,"RESPIRATORY ASSIST DEVICE, BI-LEVEL PRESSURE CAPABILITY, WITHOUT BACKUP RATE FEATURE, USED WITH NONINVASIVE INTERFACE, E.G., NASAL OR FACIAL MASK (INTERMITTENT ASSIST DEVICE WITH CONTINUOUS POSITIVE AIRWAY PRESSURE DEVICE)",Rad w&sol;o backup non-inv intfc,N,12/07/2023
33718,52,E0471,91,1,"RESPIRATORY ASSIST DEVICE, BI-LEVEL PRESSURE CAPABILITY, WITH BACK-UP RATE FEATURE, USED WITH NONINVASIVE INTERFACE, E.G., NASAL OR FACIAL MASK (INTERMITTENT ASSIST DEVICE WITH CONTINUOUS POSITIVE AIRWAY PRESSURE DEVICE)",Rad w&sol;backup non inv intrfc,N,12/07/2023
33718,52,E0601,91,1,CONTINUOUS POSITIVE AIRWAY PRESSURE (CPAP) DEVICE,Cont airway pressure device,N,12/07/2023
33718,52,A4604,91,2,TUBING WITH INTEGRATED HEATING ELEMENT FOR USE WITH POSITIVE AIRWAY PRESSURE DEVICE,Tubing with heating element,N,12/07/2023
33718,52,A7027,91,2,"COMBINATION ORAL&sol;NASAL MASK, USED WITH CONTINUOUS POSITIVE AIRWAY PRESSURE DEVICE, EACH",Combination oral&sol;nasal mask,N,12/07/2023
33718,52,A7028,91,2,"ORAL CUSHION FOR COMBINATION ORAL&sol;NASAL MASK, REPLACEMENT ONLY, EACH",Repl oral cushion combo mask,N,12/07/2023
33718,52,A7029,91,2,"NASAL PILLOWS FOR COMBINATION ORAL&sol;NASAL MASK, REPLACEMENT ONLY, PAIR",Repl nasal pillow comb mask,N,12/07/2023
33718,52,A7030,91,2,"FULL FACE MASK USED WITH POSITIVE AIRWAY PRESSURE DEVICE, EACH",Cpap full face mask,N,12/07/2023
33718,52,A7031,91,2,"FACE MASK INTERFACE, REPLACEMENT FOR FULL FACE MASK, EACH",Replacement facemask interfa,N,12/07/2023
33718,52,A7032,91,2,"CUSHION FOR USE ON NASAL MASK INTERFACE, REPLACEMENT ONLY, EACH",Replacement nasal cushion,N,12/07/2023
33718,52,A7033,91,2,"PILLOW FOR USE ON NASAL CANNULA TYPE INTERFACE, REPLACEMENT ONLY, PAIR",Replacement nasal pillows,N,12/07/2023
33718,52,A7034,91,2,"NASAL INTERFACE (MASK OR CANNULA TYPE) USED WITH POSITIVE AIRWAY PRESSURE DEVICE, WITH OR WITHOUT HEAD STRAP",Nasal application device,N,12/07/2023
33718,52,A7035,91,2,HEADGEAR USED WITH POSITIVE AIRWAY PRESSURE DEVICE,Pos airway press headgear,N,12/07/2023
33718,52,A7036,91,2,CHINSTRAP USED WITH POSITIVE AIRWAY PRESSURE DEVICE,Pos airway press chinstrap,N,12/07/2023
33718,52,A7037,91,2,TUBING USED WITH POSITIVE AIRWAY PRESSURE DEVICE,Pos airway pressure tubing,N,12/07/2023
33718,52,A7038,91,2,"FILTER, DISPOSABLE, USED WITH POSITIVE AIRWAY PRESSURE DEVICE",Pos airway pressure filter,N,12/07/2023
33718,52,A7039,91,2,"FILTER, NON DISPOSABLE, USED WITH POSITIVE AIRWAY PRESSURE DEVICE","Filter, non disposable w pap",N,12/07/2023
33718,52,A7044,91,2,"ORAL INTERFACE USED WITH POSITIVE AIRWAY PRESSURE DEVICE, EACH",Pap oral interface,N,12/07/2023
33718,52,A7045,91,2,"EXHALATION PORT WITH OR WITHOUT SWIVEL USED WITH ACCESSORIES FOR POSITIVE AIRWAY DEVICES, REPLACEMENT ONLY",Repl exhalation port for pap,N,12/07/2023
33718,52,A7046,91,2,"WATER CHAMBER FOR HUMIDIFIER, USED WITH POSITIVE AIRWAY PRESSURE DEVICE, REPLACEMENT, EACH","Repl water chamber, pap dev",N,12/07/2023
33718,52,E0561,91,2,"HUMIDIFIER, NON-HEATED, USED WITH POSITIVE AIRWAY PRESSURE DEVICE",Humidifier nonheated w pap,N,12/07/2023
33718,52,E0562,91,2,"HUMIDIFIER, HEATED, USED WITH POSITIVE AIRWAY PRESSURE DEVICE",Humidifier heated used w pap,N,12/07/2023
38955,24,A9270,91,1,NON-COVERED ITEM OR SERVICE,Non-covered item or service,N,12/07/2023
38955,24,B4034,91,1,"ENTERAL FEEDING SUPPLY KIT; SYRINGE FED, PER DAY, INCLUDES BUT NOT LIMITED TO FEEDING&sol;FLUSHING SYRINGE, ADMINISTRATION SET TUBING, DRESSINGS, TAPE",Enter feed supkit syr by day,N,12/07/2023
38955,24,B4035,91,1,"ENTERAL FEEDING SUPPLY KIT; PUMP FED, PER DAY, INCLUDES BUT NOT LIMITED TO FEEDING&sol;FLUSHING SYRINGE, ADMINISTRATION SET TUBING, DRESSINGS, TAPE",Enteral feed supp pump per d,N,12/07/2023
38955,24,B4036,91,1,"ENTERAL FEEDING SUPPLY KIT; GRAVITY FED, PER DAY, INCLUDES BUT NOT LIMITED TO FEEDING&sol;FLUSHING SYRINGE, ADMINISTRATION SET TUBING, DRESSINGS, TAPE",Enteral feed sup kit grav by,N,12/07/2023
38955,24,B4081,91,1,NASOGASTRIC TUBING WITH STYLET,Enteral ng tubing w&sol; stylet,N,12/07/2023
38955,24,B4082,91,1,NASOGASTRIC TUBING WITHOUT STYLET,Enteral ng tubing w&sol;o stylet,N,12/07/2023
38955,24,B4083,91,1,STOMACH TUBE - LEVINE TYPE,Enteral stomach tube levine,N,12/07/2023
38955,24,B4087,91,1,"GASTROSTOMY&sol;JEJUNOSTOMY TUBE, STANDARD, ANY MATERIAL, ANY TYPE, EACH","Gastro&sol;jejuno tube, std",N,12/07/2023
38955,24,B4088,91,1,"GASTROSTOMY&sol;JEJUNOSTOMY TUBE, LOW-PROFILE, ANY MATERIAL, ANY TYPE, EACH","Gastro&sol;jejuno tube, low-pro",N,12/07/2023
38955,24,B4100,91,1,"FOOD THICKENER, ADMINISTERED ORALLY, PER OUNCE",Food thickener oral,N,12/07/2023
38955,24,B4102,91,1,"ENTERAL FORMULA, FOR ADULTS, USED TO REPLACE FLUIDS AND ELECTROLYTES (E.G., CLEAR LIQUIDS), 500 ML = 1 UNIT",Ef adult fluids and electro,N,12/07/2023
38955,24,B4103,91,1,"ENTERAL FORMULA, FOR PEDIATRICS, USED TO REPLACE FLUIDS AND ELECTROLYTES (E.G., CLEAR LIQUIDS), 500 ML = 1 UNIT",Ef ped fluid and electrolyte,N,12/07/2023
38955,24,B4104,91,1,"ADDITIVE FOR ENTERAL FORMULA (E.G., FIBER)",Additive for enteral formula,N,12/07/2023
38955,24,B4105,91,1,"IN-LINE CARTRIDGE CONTAINING DIGESTIVE ENZYME(S) FOR ENTERAL FEEDING, EACH",Enzyme cartridge enteral nut,N,12/07/2023
38955,24,B4148,91,1,"ENTERAL FEEDING SUPPLY KIT; ELASTOMERIC CONTROL FED, PER DAY, INCLUDES BUT NOT LIMITED TO FEEDING&sol;FLUSHING SYRINGE, ADMINISTRATION SET TUBING, DRESSINGS, TAPE",Enteral feed elastomer daily,N,12/07/2023
38955,24,B4149,91,1,"ENTERAL FORMULA, MANUFACTURED BLENDERIZED NATURAL FOODS WITH INTACT NUTRIENTS, INCLUDES PROTEINS, FATS, CARBOHYDRATES, VITAMINS AND MINERALS, MAY INCLUDE FIBER, ADMINISTERED THROUGH AN ENTERAL FEEDING TUBE, 100 CALORIES = 1 UNIT",Ef blenderized foods,N,12/07/2023
38955,24,B4150,91,1,"ENTERAL FORMULA, NUTRITIONALLY COMPLETE WITH INTACT NUTRIENTS, INCLUDES PROTEINS, FATS, CARBOHYDRATES, VITAMINS AND MINERALS, MAY INCLUDE FIBER, ADMINISTERED THROUGH AN ENTERAL FEEDING TUBE, 100 CALORIES = 1 UNIT",Ef complet w&sol;intact nutrient,N,12/07/2023
38955,24,B4152,91,1,"ENTERAL FORMULA, NUTRITIONALLY COMPLETE, CALORICALLY DENSE (EQUAL TO OR GREATER THAN 1.5 KCAL&sol;ML) WITH INTACT NUTRIENTS, INCLUDES PROTEINS, FATS, CARBOHYDRATES, VITAMINS AND MINERALS, MAY INCLUDE FIBER, ADMINISTERED THROUGH AN ENTERAL FEEDING TUBE, 100 CALORIES = 1 UNIT",Ef calorie dense&gt;&sol;=1.5kcal,N,12/07/2023
38955,24,B4153,91,1,"ENTERAL FORMULA, NUTRITIONALLY COMPLETE, HYDROLYZED PROTEINS (AMINO ACIDS AND PEPTIDE CHAIN), INCLUDES FATS, CARBOHYDRATES, VITAMINS AND MINERALS, MAY INCLUDE FIBER, ADMINISTERED THROUGH AN ENTERAL FEEDING TUBE, 100 CALORIES = 1 UNIT",Ef hydrolyzed&sol;amino acids,N,12/07/2023
38955,24,B4154,91,1,"ENTERAL FORMULA, NUTRITIONALLY COMPLETE, FOR SPECIAL METABOLIC NEEDS, EXCLUDES INHERITED DISEASE OF METABOLISM, INCLUDES ALTERED COMPOSITION OF PROTEINS, FATS, CARBOHYDRATES, VITAMINS AND&sol;OR MINERALS, MAY INCLUDE FIBER, ADMINISTERED THROUGH AN ENTERAL FEEDING TUBE, 100 CALORIES = 1 UNIT",Ef spec metabolic noninherit,N,12/07/2023
38955,24,B4155,91,1,"ENTERAL FORMULA, NUTRITIONALLY INCOMPLETE&sol;MODULAR NUTRIENTS, INCLUDES SPECIFIC NUTRIENTS, CARBOHYDRATES (E.G., GLUCOSE POLYMERS), PROTEINS&sol;AMINO ACIDS (E.G., GLUTAMINE, ARGININE), FAT (E.G., MEDIUM CHAIN TRIGLYCERIDES) OR COMBINATION, ADMINISTERED THROUGH AN ENTERAL FEEDING TUBE, 100 CALORIES = 1 UNIT",Ef incomplete&sol;modular,N,12/07/2023
38955,24,B4157,91,1,"ENTERAL FORMULA, NUTRITIONALLY COMPLETE, FOR SPECIAL METABOLIC NEEDS FOR INHERITED DISEASE OF METABOLISM, INCLUDES PROTEINS, FATS, CARBOHYDRATES, VITAMINS AND MINERALS, MAY INCLUDE FIBER, ADMINISTERED THROUGH AN ENTERAL FEEDING TUBE, 100 CALORIES = 1 UNIT",Ef special metabolic inherit,N,12/07/2023
38955,24,B4158,91,1,"ENTERAL FORMULA, FOR PEDIATRICS, NUTRITIONALLY COMPLETE WITH INTACT NUTRIENTS, INCLUDES PROTEINS, FATS, CARBOHYDRATES, VITAMINS AND MINERALS, MAY INCLUDE FIBER AND&sol;OR IRON, ADMINISTERED THROUGH AN ENTERAL FEEDING TUBE, 100 CALORIES = 1 UNIT",Ef ped complete intact nut,N,12/07/2023
38955,24,B4159,91,1,"ENTERAL FORMULA, FOR PEDIATRICS, NUTRITIONALLY COMPLETE SOY BASED WITH INTACT NUTRIENTS, INCLUDES PROTEINS, FATS, CARBOHYDRATES, VITAMINS AND MINERALS, MAY INCLUDE FIBER AND&sol;OR IRON, ADMINISTERED THROUGH AN ENTERAL FEEDING TUBE, 100 CALORIES = 1 UNIT",Ef ped complete soy based,N,12/07/2023
38955,24,B4160,91,1,"ENTERAL FORMULA, FOR PEDIATRICS, NUTRITIONALLY COMPLETE CALORICALLY DENSE (EQUAL TO OR GREATER THAN 0.7 KCAL&sol;ML) WITH INTACT NUTRIENTS, INCLUDES PROTEINS, FATS, CARBOHYDRATES, VITAMINS AND MINERALS, MAY INCLUDE FIBER, ADMINISTERED THROUGH AN ENTERAL FEEDING TUBE, 100 CALORIES = 1 UNIT",Ef ped caloric dense&gt;&sol;=0.7kc,N,12/07/2023
38955,24,B4161,91,1,"ENTERAL FORMULA, FOR PEDIATRICS, HYDROLYZED&sol;AMINO ACIDS AND PEPTIDE CHAIN PROTEINS, INCLUDES FATS, CARBOHYDRATES, VITAMINS AND MINERALS, MAY INCLUDE FIBER, ADMINISTERED THROUGH AN ENTERAL FEEDING TUBE, 100 CALORIES = 1 UNIT",Ef ped hydrolyzed&sol;amino acid,N,12/07/2023
38955,24,B4162,91,1,"ENTERAL FORMULA, FOR PEDIATRICS, SPECIAL METABOLIC NEEDS FOR INHERITED DISEASE OF METABOLISM, INCLUDES PROTEINS, FATS, CARBOHYDRATES, VITAMINS AND MINERALS, MAY INCLUDE FIBER, ADMINISTERED THROUGH AN ENTERAL FEEDING TUBE, 100 CALORIES = 1 UNIT",Ef ped specmetabolic inherit,N,12/07/2023
38955,24,B9002,91,1,"ENTERAL NUTRITION INFUSION PUMP, ANY TYPE",Enter nutr inf pump any type,N,12/07/2023
38955,24,B9998,91,1,NOC FOR ENTERAL SUPPLIES,Enteral supp not otherwise c,N,12/07/2023
38955,24,E0776,91,1,IV POLE,Iv pole,N,12/07/2023
33801,26,E0172,89,1,"SEAT LIFT MECHANISM PLACED OVER OR ON TOP OF TOILET, ANY TYPE",Seat lift mechanism toilet,N,05/11/2023
33801,26,E0627,89,1,"SEAT LIFT MECHANISM, ELECTRIC, ANY TYPE","Seat lift mech, electric any",N,05/11/2023
33801,26,E0629,89,1,"SEAT LIFT MECHANISM, NON-ELECTRIC, ANY TYPE","Seat lift mech, non-electric",N,05/11/2023
33797,50,E0424,89,1,"STATIONARY COMPRESSED GASEOUS OXYGEN SYSTEM, RENTAL; INCLUDES CONTAINER, CONTENTS, REGULATOR, FLOWMETER, HUMIDIFIER, NEBULIZER, CANNULA OR MASK, AND TUBING",Stationary compressed gas 02,N,04/14/2023
33797,50,E0425,89,1,"STATIONARY COMPRESSED GAS SYSTEM, PURCHASE; INCLUDES REGULATOR, FLOWMETER, HUMIDIFIER, NEBULIZER, CANNULA OR MASK, AND TUBING",Gas system stationary compre,N,04/14/2023
33797,50,E0430,89,1,"PORTABLE GASEOUS OXYGEN SYSTEM, PURCHASE; INCLUDES REGULATOR, FLOWMETER, HUMIDIFIER, CANNULA OR MASK, AND TUBING",Oxygen system gas portable,N,04/14/2023
33797,50,E0431,89,1,"PORTABLE GASEOUS OXYGEN SYSTEM, RENTAL; INCLUDES PORTABLE CONTAINER, REGULATOR, FLOWMETER, HUMIDIFIER, CANNULA OR MASK, AND TUBING",Portable gaseous 02,N,04/14/2023
33797,50,E0433,89,1,"PORTABLE LIQUID OXYGEN SYSTEM, RENTAL; HOME LIQUEFIER USED TO FILL PORTABLE LIQUID OXYGEN CONTAINERS, INCLUDES PORTABLE CONTAINERS, REGULATOR, FLOWMETER, HUMIDIFIER, CANNULA OR MASK AND TUBING, WITH OR WITHOUT SUPPLY RESERVOIR AND CONTENTS GAUGE",Portable liquid oxygen sys,N,04/14/2023
33797,50,E0434,89,1,"PORTABLE LIQUID OXYGEN SYSTEM, RENTAL; INCLUDES PORTABLE CONTAINER, SUPPLY RESERVOIR, HUMIDIFIER, FLOWMETER, REFILL ADAPTOR, CONTENTS GAUGE, CANNULA OR MASK, AND TUBING",Portable liquid 02,N,04/14/2023
33797,50,E0435,89,1,"PORTABLE LIQUID OXYGEN SYSTEM, PURCHASE; INCLUDES PORTABLE CONTAINER, SUPPLY RESERVOIR, FLOWMETER, HUMIDIFIER, CONTENTS GAUGE, CANNULA OR MASK, TUBING AND REFILL ADAPTOR",Oxygen system liquid portabl,N,04/14/2023
33797,50,E0439,89,1,"STATIONARY LIQUID OXYGEN SYSTEM, RENTAL; INCLUDES CONTAINER, CONTENTS, REGULATOR, FLOWMETER, HUMIDIFIER, NEBULIZER, CANNULA OR MASK, &amp; TUBING",Stationary liquid 02,N,04/14/2023
33797,50,E0440,89,1,"STATIONARY LIQUID OXYGEN SYSTEM, PURCHASE; INCLUDES USE OF RESERVOIR, CONTENTS INDICATOR, REGULATOR, FLOWMETER, HUMIDIFIER, NEBULIZER, CANNULA OR MASK, AND TUBING",Oxygen system liquid station,N,04/14/2023
33797,50,E0441,89,1,"STATIONARY OXYGEN CONTENTS, GASEOUS, 1 MONTH&#39;S SUPPLY = 1 UNIT","Stationary o2 contents, gas",N,04/14/2023
33797,50,E0442,89,1,"STATIONARY OXYGEN CONTENTS, LIQUID, 1 MONTH&#39;S SUPPLY = 1 UNIT","Stationary o2 contents, liq",N,04/14/2023
33797,50,E0443,89,1,"PORTABLE OXYGEN CONTENTS, GASEOUS, 1 MONTH&#39;S SUPPLY = 1 UNIT","Portable 02 contents, gas",N,04/14/2023
33797,50,E0444,89,1,"PORTABLE OXYGEN CONTENTS, LIQUID, 1 MONTH&#39;S SUPPLY = 1 UNIT","Portable 02 contents, liquid",N,04/14/2023
33797,50,E0445,89,1,OXIMETER DEVICE FOR MEASURING BLOOD OXYGEN LEVELS NON-INVASIVELY,Oximeter non-invasive,N,04/14/2023
33797,50,E0446,89,1,"TOPICAL OXYGEN DELIVERY SYSTEM, NOT OTHERWISE SPECIFIED, INCLUDES ALL SUPPLIES AND ACCESSORIES","Topical ox deliver sys, nos",N,04/14/2023
33797,50,E0447,89,1,"PORTABLE OXYGEN CONTENTS, LIQUID, 1 MONTH&#39;S SUPPLY = 1 UNIT, PRESCRIBED AMOUNT AT REST OR NIGHTTIME EXCEEDS 4 LITERS PER MINUTE (LPM)","Port o2 cont, liq over 4 lpm",N,04/14/2023
33797,50,E1390,89,1,"OXYGEN CONCENTRATOR, SINGLE DELIVERY PORT, CAPABLE OF DELIVERING 85 PERCENT OR GREATER OXYGEN CONCENTRATION AT THE PRESCRIBED FLOW RATE",Oxygen concentrator,N,04/14/2023
33797,50,E1391,89,1,"OXYGEN CONCENTRATOR, DUAL DELIVERY PORT, CAPABLE OF DELIVERING 85 PERCENT OR GREATER OXYGEN CONCENTRATION AT THE PRESCRIBED FLOW RATE, EACH","Oxygen concentrator, dual",N,04/14/2023
33797,50,E1392,89,1,"PORTABLE OXYGEN CONCENTRATOR, RENTAL",Portable oxygen concentrator,N,04/14/2023
33797,50,E1405,89,1,OXYGEN AND WATER VAPOR ENRICHING SYSTEM WITH HEATED DELIVERY,O2&sol;water vapor enrich w&sol;heat,N,04/14/2023
33797,50,E1406,89,1,OXYGEN AND WATER VAPOR ENRICHING SYSTEM WITHOUT HEATED DELIVERY,O2&sol;water vapor enrich w&sol;o he,N,04/14/2023
33797,50,K0738,89,1,"PORTABLE GASEOUS OXYGEN SYSTEM, RENTAL; HOME COMPRESSOR USED TO FILL PORTABLE OXYGEN CYLINDERS; INCLUDES PORTABLE CONTAINERS, REGULATOR, FLOWMETER, HUMIDIFIER, CANNULA OR MASK, AND TUBING",Portable gas oxygen system,N,04/14/2023
33797,50,A4575,89,2,"TOPICAL HYPERBARIC OXYGEN CHAMBER, DISPOSABLE",Hyperbaric o2 chamber disps,N,04/14/2023
33797,50,A4606,89,2,"OXYGEN PROBE FOR USE WITH OXIMETER DEVICE, REPLACEMENT",Oxygen probe used w oximeter,N,04/14/2023
33797,50,A4608,89,2,"TRANSTRACHEAL OXYGEN CATHETER, EACH",Transtracheal oxygen cath,N,04/14/2023
33797,50,A4615,89,2,"CANNULA, NASAL",Cannula nasal,N,04/14/2023
33797,50,A4616,89,2,"TUBING (OXYGEN), PER FOOT",Tubing (oxygen) per foot,N,04/14/2023
33797,50,A4617,89,2,MOUTH PIECE,Mouth piece,N,04/14/2023
33797,50,A4619,89,2,FACE TENT,Face tent,N,04/14/2023
33797,50,A4620,89,2,VARIABLE CONCENTRATION MASK,Variable concentration mask,N,04/14/2023
33797,50,A7525,89,2,"TRACHEOSTOMY MASK, EACH",Tracheostomy mask,N,04/14/2023
33797,50,A9900,89,2,"MISCELLANEOUS DME SUPPLY, ACCESSORY, AND&sol;OR SERVICE COMPONENT OF ANOTHER HCPCS CODE",Supply&sol;accessory&sol;service,N,04/14/2023
33797,50,E0455,89,2,"OXYGEN TENT, EXCLUDING CROUP OR PEDIATRIC TENTS",Oxygen tent excl croup&sol;ped t,N,04/14/2023
33797,50,E0555,89,2,"HUMIDIFIER, DURABLE, GLASS OR AUTOCLAVABLE PLASTIC BOTTLE TYPE, FOR USE WITH REGULATOR OR FLOWMETER",Humidifier for use w&sol; regula,N,04/14/2023
33797,50,E0580,89,2,"NEBULIZER, DURABLE, GLASS OR AUTOCLAVABLE PLASTIC, BOTTLE TYPE, FOR USE WITH REGULATOR OR FLOWMETER",Nebulizer for use w&sol; regulat,N,04/14/2023
33797,50,E1352,89,2,"OXYGEN ACCESSORY, FLOW REGULATOR CAPABLE OF POSITIVE INSPIRATORY PRESSURE",O2 flow reg pos inspir press,N,04/14/2023
33797,50,E1353,89,2,REGULATOR,Oxygen supplies regulator,N,04/14/2023
33797,50,E1354,89,2,"OXYGEN ACCESSORY, WHEELED CART FOR PORTABLE CYLINDER OR PORTABLE CONCENTRATOR, ANY TYPE, REPLACEMENT ONLY, EACH","Wheeled cart, port cyl&sol;conc",N,04/14/2023
33797,50,E1355,89,2,STAND&sol;RACK,Oxygen supplies stand&sol;rack,N,04/14/2023
33797,50,E1356,89,2,"OXYGEN ACCESSORY, BATTERY PACK&sol;CARTRIDGE FOR PORTABLE CONCENTRATOR, ANY TYPE, REPLACEMENT ONLY, EACH","Batt pack&sol;cart, port conc",N,04/14/2023
33797,50,E1357,89,2,"OXYGEN ACCESSORY, BATTERY CHARGER FOR PORTABLE CONCENTRATOR, ANY TYPE, REPLACEMENT ONLY, EACH","Battery charger, port conc",N,04/14/2023
33797,50,E1358,89,2,"OXYGEN ACCESSORY, DC POWER ADAPTER FOR PORTABLE CONCENTRATOR, ANY TYPE, REPLACEMENT ONLY, EACH","Dc power adapter, port conc",N,04/14/2023
33785,40,A7025,87,1,"HIGH FREQUENCY CHEST WALL OSCILLATION SYSTEM VEST, REPLACEMENT FOR USE WITH PATIENT OWNED EQUIPMENT, EACH",Replace chest compress vest,N,11/11/2022
33785,40,A7026,87,1,"HIGH FREQUENCY CHEST WALL OSCILLATION SYSTEM HOSE, REPLACEMENT FOR USE WITH PATIENT OWNED EQUIPMENT, EACH",Replace chst cmprss sys hose,N,11/11/2022
33785,40,E0483,87,1,"HIGH FREQUENCY CHEST WALL OSCILLATION SYSTEM, WITH FULL ANTERIOR AND&sol;OR POSTERIOR THORACIC REGION RECEIVING SIMULTANEOUS EXTERNAL OSCILLATION, INCLUDES ALL ACCESSORIES AND SUPPLIES, EACH",Hi freq chest wall oscil sys,N,11/11/2022
33611,25,A9270,80,1,NON-COVERED ITEM OR SERVICE,Non-covered item or service,N,06/18/2021
33611,25,E0485,80,1,"ORAL DEVICE&sol;APPLIANCE USED TO REDUCE UPPER AIRWAY COLLAPSIBILITY, ADJUSTABLE OR NON-ADJUSTABLE, PREFABRICATED, INCLUDES FITTING AND ADJUSTMENT",Oral device&sol;appliance prefab,N,06/18/2021
33611,25,E0486,80,1,"ORAL DEVICE&sol;APPLIANCE USED TO REDUCE UPPER AIRWAY COLLAPSIBILITY, ADJUSTABLE OR NON-ADJUSTABLE, CUSTOM FABRICATED, INCLUDES FITTING AND ADJUSTMENT",Oral device&sol;appliance cusfab,N,06/18/2021
33611,25,E1399,80,1,"DURABLE MEDICAL EQUIPMENT, MISCELLANEOUS",Durable medical equipment mi,N,06/18/2021
33642,26,E0193,79,1,POWERED AIR FLOTATION BED (LOW AIR LOSS THERAPY),Powered air flotation bed,N,03/12/2021
33642,26,E0277,79,1,POWERED PRESSURE-REDUCING AIR MATTRESS,Powered pres-redu air mattrs,N,03/12/2021
33642,26,E0371,79,1,"NONPOWERED ADVANCED PRESSURE REDUCING OVERLAY FOR MATTRESS, STANDARD MATTRESS LENGTH AND WIDTH",Nonpower mattress overlay,N,03/12/2021
33642,26,E0372,79,1,"POWERED AIR OVERLAY FOR MATTRESS, STANDARD MATTRESS LENGTH AND WIDTH",Powered air mattress overlay,N,03/12/2021
33642,26,E0373,79,1,NONPOWERED ADVANCED PRESSURE REDUCING MATTRESS,Nonpowered pressure mattress,N,03/12/2021
33642,26,E1399,79,1,"DURABLE MEDICAL EQUIPMENT, MISCELLANEOUS",Durable medical equipment mi,N,03/12/2021
33830,22,A4640,79,1,REPLACEMENT PAD FOR USE WITH MEDICALLY NECESSARY ALTERNATING PRESSURE PAD OWNED BY PATIENT,Alternating pressure pad,N,03/12/2021
33830,22,A9270,79,1,NON-COVERED ITEM OR SERVICE,Non-covered item or service,N,03/12/2021
33830,22,E0181,79,1,"POWERED PRESSURE REDUCING MATTRESS OVERLAY&sol;PAD, ALTERNATING, WITH PUMP, INCLUDES HEAVY DUTY",Press pad alternating w&sol; pum,N,03/12/2021
33830,22,E0182,79,1,"PUMP FOR ALTERNATING PRESSURE PAD, FOR REPLACEMENT ONLY","Replace pump, alt press pad",N,03/12/2021
33830,22,E0184,79,1,DRY PRESSURE MATTRESS,Dry pressure mattress,N,03/12/2021
33830,22,E0185,79,1,"GEL OR GEL-LIKE PRESSURE PAD FOR MATTRESS, STANDARD MATTRESS LENGTH AND WIDTH",Gel pressure mattress pad,N,03/12/2021
33830,22,E0186,79,1,AIR PRESSURE MATTRESS,Air pressure mattress,N,03/12/2021
33830,22,E0187,79,1,WATER PRESSURE MATTRESS,Water pressure mattress,N,03/12/2021
33830,22,E0188,79,1,SYNTHETIC SHEEPSKIN PAD,Synthetic sheepskin pad,N,03/12/2021
33830,22,E0189,79,1,"LAMBSWOOL SHEEPSKIN PAD, ANY SIZE",Lambswool sheepskin pad,N,03/12/2021
33830,22,E0196,79,1,GEL PRESSURE MATTRESS,Gel pressure mattress,N,03/12/2021
33830,22,E0197,79,1,"AIR PRESSURE PAD FOR MATTRESS, STANDARD MATTRESS LENGTH AND WIDTH",Air pressure pad for mattres,N,03/12/2021
33830,22,E0198,79,1,"WATER PRESSURE PAD FOR MATTRESS, STANDARD MATTRESS LENGTH AND WIDTH",Water pressure pad for mattr,N,03/12/2021
33830,22,E0199,79,1,"DRY PRESSURE PAD FOR MATTRESS, STANDARD MATTRESS LENGTH AND WIDTH",Dry pressure pad for mattres,N,03/12/2021
33830,22,E1399,79,1,"DURABLE MEDICAL EQUIPMENT, MISCELLANEOUS",Durable medical equipment mi,N,03/12/2021
33692,21,E0194,79,1,AIR FLUIDIZED BED,Air fluidized bed,N,03/11/2021
33793,20,V2020,78,1,"FRAMES, PURCHASES",Vision svcs frames purchases,N,10/09/2020
33793,20,V2025,78,1,DELUXE FRAME,Eyeglasses delux frames,N,10/09/2020
33793,20,V2100,78,2,"SPHERE, SINGLE VISION, PLANO TO PLUS OR MINUS 4.00, PER LENS",Lens spher single plano 4.00,N,10/09/2020
33793,20,V2101,78,2,"SPHERE, SINGLE VISION, PLUS OR MINUS 4.12 TO PLUS OR MINUS 7.00D, PER LENS",Single visn sphere 4.12-7.00,N,10/09/2020
33793,20,V2102,78,2,"SPHERE, SINGLE VISION, PLUS OR MINUS 7.12 TO PLUS OR MINUS 20.00D, PER LENS",Singl visn sphere 7.12-20.00,N,10/09/2020
33793,20,V2103,78,2,"SPHEROCYLINDER, SINGLE VISION, PLANO TO PLUS OR MINUS 4.00D SPHERE, .12 TO 2.00D CYLINDER, PER LENS",Spherocylindr 4.00d&sol;12-2.00d,N,10/09/2020
33793,20,V2104,78,2,"SPHEROCYLINDER, SINGLE VISION, PLANO TO PLUS OR MINUS 4.00D SPHERE, 2.12 TO 4.00D CYLINDER, PER LENS",Spherocylindr 4.00d&sol;2.12-4d,N,10/09/2020
33793,20,V2105,78,2,"SPHEROCYLINDER, SINGLE VISION, PLANO TO PLUS OR MINUS 4.00D SPHERE, 4.25 TO 6.00D CYLINDER, PER LENS",Spherocylinder 4.00d&sol;4.25-6d,N,10/09/2020
33793,20,V2106,78,2,"SPHEROCYLINDER, SINGLE VISION, PLANO TO PLUS OR MINUS 4.00D SPHERE, OVER 6.00D CYLINDER, PER LENS",Spherocylinder 4.00d&sol;&gt;6.00d,N,10/09/2020
33793,20,V2107,78,2,"SPHEROCYLINDER, SINGLE VISION, PLUS OR MINUS 4.25 TO PLUS OR MINUS 7.00 SPHERE, .12 TO 2.00D CYLINDER, PER LENS",Spherocylinder 4.25d&sol;12-2d,N,10/09/2020
33793,20,V2108,78,2,"SPHEROCYLINDER, SINGLE VISION, PLUS OR MINUS 4.25D TO PLUS OR MINUS 7.00D SPHERE, 2.12 TO 4.00D CYLINDER, PER LENS",Spherocylinder 4.25d&sol;2.12-4d,N,10/09/2020
33793,20,V2109,78,2,"SPHEROCYLINDER, SINGLE VISION, PLUS OR MINUS 4.25 TO PLUS OR MINUS 7.00D SPHERE, 4.25 TO 6.00D CYLINDER, PER LENS",Spherocylinder 4.25d&sol;4.25-6d,N,10/09/2020
33793,20,V2110,78,2,"SPHEROCYLINDER, SINGLE VISION, PLUS OR MINUS 4.25 TO 7.00D SPHERE, OVER 6.00D CYLINDER, PER LENS",Spherocylinder 4.25d&sol;over 6d,N,10/09/2020
33793,20,V2111,78,2,"SPHEROCYLINDER, SINGLE VISION, PLUS OR MINUS 7.25 TO PLUS OR MINUS 12.00D SPHERE, .25 TO 2.25D CYLINDER, PER LENS",Spherocylindr 7.25d&sol;.25-2.25,N,10/09/2020
33793,20,V2112,78,2,"SPHEROCYLINDER, SINGLE VISION, PLUS OR MINUS 7.25 TO PLUS OR MINUS 12.00D SPHERE, 2.25D TO 4.00D CYLINDER, PER LENS",Spherocylindr 7.25d&sol;2.25-4d,N,10/09/2020
33793,20,V2113,78,2,"SPHEROCYLINDER, SINGLE VISION, PLUS OR MINUS 7.25 TO PLUS OR MINUS 12.00D SPHERE, 4.25 TO 6.00D CYLINDER, PER LENS",Spherocylindr 7.25d&sol;4.25-6d,N,10/09/2020
33793,20,V2114,78,2,"SPHEROCYLINDER, SINGLE VISION, SPHERE OVER PLUS OR MINUS 12.00D, PER LENS",Spherocylinder over 12.00d,N,10/09/2020
33793,20,V2115,78,2,"LENTICULAR, (MYODISC), PER LENS, SINGLE VISION",Lens lenticular bifocal,N,10/09/2020
33793,20,V2118,78,2,"ANISEIKONIC LENS, SINGLE VISION",Lens aniseikonic single,N,10/09/2020
33793,20,V2121,78,2,"LENTICULAR LENS, PER LENS, SINGLE","Lenticular lens, single",N,10/09/2020
33793,20,V2199,78,2,"NOT OTHERWISE CLASSIFIED, SINGLE VISION LENS",Lens single vision not oth c,N,10/09/2020
33793,20,V2200,78,2,"SPHERE, BIFOCAL, PLANO TO PLUS OR MINUS 4.00D, PER LENS",Lens spher bifoc plano 4.00d,N,10/09/2020
33793,20,V2201,78,2,"SPHERE, BIFOCAL, PLUS OR MINUS 4.12 TO PLUS OR MINUS 7.00D, PER LENS",Lens sphere bifocal 4.12-7.0,N,10/09/2020
33793,20,V2202,78,2,"SPHERE, BIFOCAL, PLUS OR MINUS 7.12 TO PLUS OR MINUS 20.00D, PER LENS",Lens sphere bifocal 7.12-20.,N,10/09/2020
33793,20,V2203,78,2,"SPHEROCYLINDER, BIFOCAL, PLANO TO PLUS OR MINUS 4.00D SPHERE, .12 TO 2.00D CYLINDER, PER LENS",Lens sphcyl bifocal 4.00d&sol;.1,N,10/09/2020
33793,20,V2204,78,2,"SPHEROCYLINDER, BIFOCAL, PLANO TO PLUS OR MINUS 4.00D SPHERE, 2.12 TO 4.00D CYLINDER, PER LENS",Lens sphcy bifocal 4.00d&sol;2.1,N,10/09/2020
33793,20,V2205,78,2,"SPHEROCYLINDER, BIFOCAL, PLANO TO PLUS OR MINUS 4.00D SPHERE, 4.25 TO 6.00D CYLINDER, PER LENS",Lens sphcy bifocal 4.00d&sol;4.2,N,10/09/2020
33793,20,V2206,78,2,"SPHEROCYLINDER, BIFOCAL, PLANO TO PLUS OR MINUS 4.00D SPHERE, OVER 6.00D CYLINDER, PER LENS",Lens sphcy bifocal 4.00d&sol;ove,N,10/09/2020
33793,20,V2207,78,2,"SPHEROCYLINDER, BIFOCAL, PLUS OR MINUS 4.25 TO PLUS OR MINUS 7.00D SPHERE,.12 TO 2.00D CYLINDER, PER LENS",Lens sphcy bifocal 4.25-7d&sol;.,N,10/09/2020
33793,20,V2208,78,2,"SPHEROCYLINDER, BIFOCAL, PLUS OR MINUS 4.25 TO PLUS OR MINUS 7.00D SPHERE, 2.12 TO 4.00D CYLINDER, PER LENS",Lens sphcy bifocal 4.25-7&sol;2.,N,10/09/2020
33793,20,V2209,78,2,"SPHEROCYLINDER, BIFOCAL, PLUS OR MINUS 4.25 TO PLUS OR MINUS 7.00D SPHERE, 4.25 TO 6.00D CYLINDER, PER LENS",Lens sphcy bifocal 4.25-7&sol;4.,N,10/09/2020
33793,20,V2210,78,2,"SPHEROCYLINDER, BIFOCAL, PLUS OR MINUS 4.25 TO PLUS OR MINUS 7.00D SPHERE, OVER 6.00D CYLINDER, PER LENS",Lens sphcy bifocal 4.25-7&sol;ov,N,10/09/2020
33793,20,V2211,78,2,"SPHEROCYLINDER, BIFOCAL, PLUS OR MINUS 7.25 TO PLUS OR MINUS 12.00D SPHERE, .25 TO 2.25D CYLINDER, PER LENS",Lens sphcy bifo 7.25-12&sol;.25-,N,10/09/2020
33793,20,V2212,78,2,"SPHEROCYLINDER, BIFOCAL, PLUS OR MINUS 7.25 TO PLUS OR MINUS 12.00D SPHERE, 2.25 TO 4.00D CYLINDER, PER LENS",Lens sphcyl bifo 7.25-12&sol;2.2,N,10/09/2020
33793,20,V2213,78,2,"SPHEROCYLINDER, BIFOCAL, PLUS OR MINUS 7.25 TO PLUS OR MINUS 12.00D SPHERE, 4.25 TO 6.00D CYLINDER, PER LENS",Lens sphcyl bifo 7.25-12&sol;4.2,N,10/09/2020
33793,20,V2214,78,2,"SPHEROCYLINDER, BIFOCAL, SPHERE OVER PLUS OR MINUS 12.00D, PER LENS",Lens sphcyl bifocal over 12.,N,10/09/2020
33793,20,V2215,78,2,"LENTICULAR (MYODISC), PER LENS, BIFOCAL",Lens lenticular bifocal,N,10/09/2020
33793,20,V2218,78,2,"ANISEIKONIC, PER LENS, BIFOCAL",Lens aniseikonic bifocal,N,10/09/2020
33793,20,V2219,78,2,BIFOCAL SEG WIDTH OVER 28 MM,Lens bifocal seg width over,N,10/09/2020
33793,20,V2220,78,2,BIFOCAL ADD OVER 3.25D,Lens bifocal add over 3.25d,N,10/09/2020
33793,20,V2221,78,2,"LENTICULAR LENS, PER LENS, BIFOCAL","Lenticular lens, bifocal",N,10/09/2020
33793,20,V2299,78,2,SPECIALTY BIFOCAL (BY REPORT),Lens bifocal speciality,N,10/09/2020
33793,20,V2300,78,2,"SPHERE, TRIFOCAL, PLANO TO PLUS OR MINUS 4.00D, PER LENS",Lens sphere trifocal 4.00d,N,10/09/2020
33793,20,V2301,78,2,"SPHERE, TRIFOCAL, PLUS OR MINUS 4.12 TO PLUS OR MINUS 7.00D, PER LENS",Lens sphere trifocal 4.12-7.,N,10/09/2020
33793,20,V2302,78,2,"SPHERE, TRIFOCAL, PLUS OR MINUS 7.12 TO PLUS OR MINUS 20.00, PER LENS",Lens sphere trifocal 7.12-20,N,10/09/2020
33793,20,V2303,78,2,"SPHEROCYLINDER, TRIFOCAL, PLANO TO PLUS OR MINUS 4.00D SPHERE, .12-2.00D CYLINDER, PER LENS",Lens sphcy trifocal 4.0&sol;.12-,N,10/09/2020
33793,20,V2304,78,2,"SPHEROCYLINDER, TRIFOCAL, PLANO TO PLUS OR MINUS 4.00D SPHERE, 2.25-4.00D CYLINDER, PER LENS",Lens sphcy trifocal 4.0&sol;2.25,N,10/09/2020
33793,20,V2305,78,2,"SPHEROCYLINDER, TRIFOCAL, PLANO TO PLUS OR MINUS 4.00D SPHERE, 4.25 TO 6.00 CYLINDER, PER LENS",Lens sphcy trifocal 4.0&sol;4.25,N,10/09/2020
33793,20,V2306,78,2,"SPHEROCYLINDER, TRIFOCAL, PLANO TO PLUS OR MINUS 4.00D SPHERE, OVER 6.00D CYLINDER, PER LENS",Lens sphcyl trifocal 4.00&sol;&gt;6,N,10/09/2020
33793,20,V2307,78,2,"SPHEROCYLINDER, TRIFOCAL, PLUS OR MINUS 4.25 TO PLUS OR MINUS 7.00D SPHERE, .12 TO 2.00D CYLINDER, PER LENS",Lens sphcy trifocal 4.25-7&sol;.,N,10/09/2020
33793,20,V2308,78,2,"SPHEROCYLINDER, TRIFOCAL, PLUS OR MINUS 4.25 TO PLUS OR MINUS 7.00D SPHERE, 2.12 TO 4.00D CYLINDER, PER LENS",Lens sphc trifocal 4.25-7&sol;2.,N,10/09/2020
33793,20,V2309,78,2,"SPHEROCYLINDER, TRIFOCAL, PLUS OR MINUS 4.25 TO PLUS OR MINUS 7.00D SPHERE, 4.25 TO 6.00D CYLINDER, PER LENS",Lens sphc trifocal 4.25-7&sol;4.,N,10/09/2020
33793,20,V2310,78,2,"SPHEROCYLINDER, TRIFOCAL, PLUS OR MINUS 4.25 TO PLUS OR MINUS 7.00D SPHERE, OVER 6.00D CYLINDER, PER LENS",Lens sphc trifocal 4.25-7&sol;&gt;6,N,10/09/2020
33793,20,V2311,78,2,"SPHEROCYLINDER, TRIFOCAL, PLUS OR MINUS 7.25 TO PLUS OR MINUS 12.00D SPHERE, .25 TO 2.25D CYLINDER, PER LENS",Lens sphc trifo 7.25-12&sol;.25-,N,10/09/2020
33793,20,V2312,78,2,"SPHEROCYLINDER, TRIFOCAL, PLUS OR MINUS 7.25 TO PLUS OR MINUS 12.00D SPHERE, 2.25 TO 4.00D CYLINDER, PER LENS",Lens sphc trifo 7.25-12&sol;2.25,N,10/09/2020
33793,20,V2313,78,2,"SPHEROCYLINDER, TRIFOCAL, PLUS OR MINUS 7.25 TO PLUS OR MINUS 12.00D SPHERE, 4.25 TO 6.00D CYLINDER, PER LENS",Lens sphc trifo 7.25-12&sol;4.25,N,10/09/2020
33793,20,V2314,78,2,"SPHEROCYLINDER, TRIFOCAL, SPHERE OVER PLUS OR MINUS 12.00D, PER LENS",Lens sphcyl trifocal over 12,N,10/09/2020
33793,20,V2315,78,2,"LENTICULAR, (MYODISC), PER LENS, TRIFOCAL",Lens lenticular trifocal,N,10/09/2020
33793,20,V2318,78,2,"ANISEIKONIC LENS, TRIFOCAL",Lens aniseikonic trifocal,N,10/09/2020
33793,20,V2319,78,2,TRIFOCAL SEG WIDTH OVER 28 MM,Lens trifocal seg width &gt; 28,N,10/09/2020
33793,20,V2320,78,2,TRIFOCAL ADD OVER 3.25D,Lens trifocal add over 3.25d,N,10/09/2020
33793,20,V2321,78,2,"LENTICULAR LENS, PER LENS, TRIFOCAL","Lenticular lens, trifocal",N,10/09/2020
33793,20,V2399,78,2,SPECIALTY TRIFOCAL (BY REPORT),Lens trifocal speciality,N,10/09/2020
33793,20,V2410,78,2,"VARIABLE ASPHERICITY LENS, SINGLE VISION, FULL FIELD, GLASS OR PLASTIC, PER LENS",Lens variab asphericity sing,N,10/09/2020
33793,20,V2430,78,2,"VARIABLE ASPHERICITY LENS, BIFOCAL, FULL FIELD, GLASS OR PLASTIC, PER LENS",Lens variable asphericity bi,N,10/09/2020
33793,20,V2499,78,2,"VARIABLE SPHERICITY LENS, OTHER TYPE",Variable asphericity lens,N,10/09/2020
33793,20,V2500,78,3,"CONTACT LENS, PMMA, SPHERICAL, PER LENS",Contact lens pmma spherical,N,10/09/2020
33793,20,V2501,78,3,"CONTACT LENS, PMMA, TORIC OR PRISM BALLAST, PER LENS",Cntct lens pmma-toric&sol;prism,N,10/09/2020
33793,20,V2502,78,3,"CONTACT LENS, PMMA, BIFOCAL, PER LENS",Contact lens pmma bifocal,N,10/09/2020
33793,20,V2503,78,3,"CONTACT LENS, PMMA, COLOR VISION DEFICIENCY, PER LENS",Cntct lens pmma color vision,N,10/09/2020
33793,20,V2510,78,3,"CONTACT LENS, GAS PERMEABLE, SPHERICAL, PER LENS",Cntct gas permeable sphericl,N,10/09/2020
33793,20,V2511,78,3,"CONTACT LENS, GAS PERMEABLE, TORIC, PRISM BALLAST, PER LENS",Cntct toric prism ballast,N,10/09/2020
33793,20,V2512,78,3,"CONTACT LENS, GAS PERMEABLE, BIFOCAL, PER LENS",Cntct lens gas permbl bifocl,N,10/09/2020
33793,20,V2513,78,3,"CONTACT LENS, GAS PERMEABLE, EXTENDED WEAR, PER LENS",Contact lens extended wear,N,10/09/2020
33793,20,V2520,78,3,"CONTACT LENS, HYDROPHILIC, SPHERICAL, PER LENS",Contact lens hydrophilic,N,10/09/2020
33793,20,V2521,78,3,"CONTACT LENS, HYDROPHILIC, TORIC, OR PRISM BALLAST, PER LENS",Cntct lens hydrophilic toric,N,10/09/2020
33793,20,V2522,78,3,"CONTACT LENS, HYDROPHILIC, BIFOCAL, PER LENS",Cntct lens hydrophil bifocl,N,10/09/2020
33793,20,V2523,78,3,"CONTACT LENS, HYDROPHILIC, EXTENDED WEAR, PER LENS",Cntct lens hydrophil extend,N,10/09/2020
33793,20,V2524,78,3,"CONTACT LENS, HYDROPHILIC, SPHERICAL, PHOTOCHROMIC ADDITIVE, PER LENS",Cntct lens hydrophil photoch,N,10/09/2020
33793,20,V2530,78,3,"CONTACT LENS, SCLERAL, GAS IMPERMEABLE, PER LENS (FOR CONTACT LENS MODIFICATION, SEE 92325)",Contact lens gas impermeable,N,10/09/2020
33793,20,V2531,78,3,"CONTACT LENS, SCLERAL, GAS PERMEABLE, PER LENS (FOR CONTACT LENS MODIFICATION, SEE 92325)",Contact lens gas permeable,N,10/09/2020
33793,20,V2599,78,3,"CONTACT LENS, OTHER TYPE",Contact lens&sol;es other type,N,10/09/2020
33793,20,V2600,78,4,HAND HELD LOW VISION AIDS AND OTHER NONSPECTACLE MOUNTED AIDS,Hand held low vision aids,N,10/09/2020
33793,20,V2610,78,4,SINGLE LENS SPECTACLE MOUNTED LOW VISION AIDS,Single lens spectacle mount,N,10/09/2020
33793,20,V2615,78,4,"TELESCOPIC AND OTHER COMPOUND LENS SYSTEM, INCLUDING DISTANCE VISION TELESCOPIC, NEAR VISION TELESCOPES AND COMPOUND MICROSCOPIC LENS SYSTEM",Telescop&sol;othr compound lens,N,10/09/2020
33793,20,V2700,78,5,"BALANCE LENS, PER LENS",Balance lens,N,10/09/2020
33793,20,V2702,78,5,DELUXE LENS FEATURE,Deluxe lens feature,N,10/09/2020
33793,20,V2710,78,5,"SLAB OFF PRISM, GLASS OR PLASTIC, PER LENS",Glass&sol;plastic slab off prism,N,10/09/2020
33793,20,V2715,78,5,"PRISM, PER LENS",Prism lens&sol;es,N,10/09/2020
33793,20,V2718,78,5,"PRESS-ON LENS, FRESNELL PRISM, PER LENS",Fresnell prism press-on lens,N,10/09/2020
33793,20,V2730,78,5,"SPECIAL BASE CURVE, GLASS OR PLASTIC, PER LENS",Special base curve,N,10/09/2020
33793,20,V2744,78,5,"TINT, PHOTOCHROMATIC, PER LENS",Tint photochromatic lens&sol;es,N,10/09/2020
33793,20,V2745,78,5,"ADDITION TO LENS; TINT, ANY COLOR, SOLID, GRADIENT OR EQUAL, EXCLUDES PHOTOCHROMATIC, ANY LENS MATERIAL, PER LENS","Tint, any color&sol;solid&sol;grad",N,10/09/2020
33793,20,V2750,78,5,"ANTI-REFLECTIVE COATING, PER LENS",Anti-reflective coating,N,10/09/2020
33793,20,V2755,78,5,"U-V LENS, PER LENS",Uv lens&sol;es,N,10/09/2020
33793,20,V2756,78,5,EYE GLASS CASE,Eye glass case,N,10/09/2020
33793,20,V2760,78,5,"SCRATCH RESISTANT COATING, PER LENS",Scratch resistant coating,N,10/09/2020
33793,20,V2761,78,5,"MIRROR COATING, ANY TYPE, SOLID, GRADIENT OR EQUAL, ANY LENS MATERIAL, PER LENS",Mirror coating,N,10/09/2020
33793,20,V2762,78,5,"POLARIZATION, ANY LENS MATERIAL, PER LENS","Polarization, any lens",N,10/09/2020
33793,20,V2770,78,5,"OCCLUDER LENS, PER LENS",Occluder lens&sol;es,N,10/09/2020
33793,20,V2780,78,5,"OVERSIZE LENS, PER LENS",Oversize lens&sol;es,N,10/09/2020
33793,20,V2781,78,5,"PROGRESSIVE LENS, PER LENS",Progressive lens per lens,N,10/09/2020
33793,20,V2782,78,5,"LENS, INDEX 1.54 TO 1.65 PLASTIC OR 1.60 TO 1.79 GLASS, EXCLUDES POLYCARBONATE, PER LENS","Lens, 1.54-1.65 p&sol;1.60-1.79g",N,10/09/2020
33793,20,V2783,78,5,"LENS, INDEX GREATER THAN OR EQUAL TO 1.66 PLASTIC OR GREATER THAN OR EQUAL TO 1.80 GLASS, EXCLUDES POLYCARBONATE, PER LENS","Lens, &gt;= 1.66 p&sol;&gt;=1.80 g",N,10/09/2020
33793,20,V2784,78,5,"LENS, POLYCARBONATE OR EQUAL, ANY INDEX, PER LENS",Lens polycarb or equal,N,10/09/2020
33793,20,V2786,78,5,"SPECIALTY OCCUPATIONAL MULTIFOCAL LENS, PER LENS",Occupational multifocal lens,N,10/09/2020
33793,20,V2797,78,5,"VISION SUPPLY, ACCESSORY AND&sol;OR SERVICE COMPONENT OF ANOTHER HCPCS VISION CODE",Vis item&sol;svc in other code,N,10/09/2020
33793,20,V2799,78,5,"VISION ITEM OR SERVICE, MISCELLANEOUS",Misc vision item or service,N,10/09/2020
33369,26,A5500,75,1,"FOR DIABETICS ONLY, FITTING (INCLUDING FOLLOW-UP), CUSTOM PREPARATION AND SUPPLY OF OFF-THE-SHELF DEPTH-INLAY SHOE MANUFACTURED TO ACCOMMODATE MULTI-DENSITY INSERT(S), PER SHOE",Diab shoe for density insert,N,02/28/2020
33369,26,A5501,75,1,"FOR DIABETICS ONLY, FITTING (INCLUDING FOLLOW-UP), CUSTOM PREPARATION AND SUPPLY OF SHOE MOLDED FROM CAST(S) OF PATIENT&#39;S FOOT (CUSTOM MOLDED SHOE), PER SHOE",Diabetic custom molded shoe,N,02/28/2020
33369,26,A5503,75,1,"FOR DIABETICS ONLY, MODIFICATION (INCLUDING FITTING) OF OFF-THE-SHELF DEPTH-INLAY SHOE OR CUSTOM-MOLDED SHOE WITH ROLLER OR RIGID ROCKER BOTTOM, PER SHOE",Diabetic shoe w&sol;roller&sol;rockr,N,02/28/2020
33369,26,A5504,75,1,"FOR DIABETICS ONLY, MODIFICATION (INCLUDING FITTING) OF OFF-THE-SHELF DEPTH-INLAY SHOE OR CUSTOM-MOLDED SHOE WITH WEDGE(S), PER SHOE",Diabetic shoe with wedge,N,02/28/2020
33369,26,A5505,75,1,"FOR DIABETICS ONLY, MODIFICATION (INCLUDING FITTING) OF OFF-THE-SHELF DEPTH-INLAY SHOE OR CUSTOM-MOLDED SHOE WITH METATARSAL BAR, PER SHOE",Diab shoe w&sol;metatarsal bar,N,02/28/2020
33369,26,A5506,75,1,"FOR DIABETICS ONLY, MODIFICATION (INCLUDING FITTING) OF OFF-THE-SHELF DEPTH-INLAY SHOE OR CUSTOM-MOLDED SHOE WITH OFF-SET HEEL(S), PER SHOE",Diabetic shoe w&sol;off set heel,N,02/28/2020
33369,26,A5507,75,1,"FOR DIABETICS ONLY, NOT OTHERWISE SPECIFIED MODIFICATION (INCLUDING FITTING) OF OFF-THE-SHELF DEPTH-INLAY SHOE OR CUSTOM-MOLDED SHOE, PER SHOE",Modification diabetic shoe,N,02/28/2020
33369,26,A5508,75,1,"FOR DIABETICS ONLY, DELUXE FEATURE OF OFF-THE-SHELF DEPTH-INLAY SHOE OR CUSTOM-MOLDED SHOE, PER SHOE",Diabetic deluxe shoe,N,02/28/2020
33369,26,A5510,75,1,"FOR DIABETICS ONLY, DIRECT FORMED, COMPRESSION MOLDED TO PATIENT&#39;S FOOT WITHOUT EXTERNAL HEAT SOURCE, MULTIPLE-DENSITY INSERT(S) PREFABRICATED, PER SHOE",Compression form shoe insert,N,02/28/2020
33369,26,A5512,75,1,"FOR DIABETICS ONLY, MULTIPLE DENSITY INSERT, DIRECT FORMED, MOLDED TO FOOT AFTER EXTERNAL HEAT SOURCE OF 230 DEGREES FAHRENHEIT OR HIGHER, TOTAL CONTACT WITH PATIENT&#39;S FOOT, INCLUDING ARCH, BASE LAYER MINIMUM OF 1&sol;4 INCH MATERIAL OF SHORE A 35 DUROMETER OR 3&sol;16 INCH MATERIAL OF SHORE A 40 DUROMETER (OR HIGHER), PREFABRICATED, EACH",Multi den insert direct form,N,02/28/2020
33369,26,A5513,75,1,"FOR DIABETICS ONLY, MULTIPLE DENSITY INSERT, CUSTOM MOLDED FROM MODEL OF PATIENT&#39;S FOOT, TOTAL CONTACT WITH PATIENT&#39;S FOOT, INCLUDING ARCH, BASE LAYER MINIMUM OF 3&sol;16 INCH MATERIAL OF SHORE A 35 DUROMETER (OR HIGHER), INCLUDES ARCH FILLER AND OTHER SHAPING MATERIAL, CUSTOM FABRICATED, EACH",Multi den insert custom mold,N,02/28/2020
33369,26,A5514,75,1,"FOR DIABETICS ONLY, MULTIPLE DENSITY INSERT, MADE BY DIRECT CARVING WITH CAM TECHNOLOGY FROM A RECTIFIED CAD MODEL CREATED FROM A DIGITIZED SCAN OF THE PATIENT, TOTAL CONTACT WITH PATIENT&#39;S FOOT, INCLUDING ARCH, BASE LAYER MINIMUM OF 3&sol;16 INCH MATERIAL OF SHORE A 35 DUROMETER (OR HIGHER), INCLUDES ARCH FILLER AND OTHER SHAPING MATERIAL, CUSTOM FABRICATED, EACH",Mult den insert dir carv&sol;cam,N,02/28/2020
33790,20,A4467,75,1,"BELT, STRAP, SLEEVE, GARMENT, OR COVERING, ANY TYPE",Belt strap sleev grmnt cover,N,02/28/2020
33790,20,A9270,75,1,NON-COVERED ITEM OR SERVICE,Non-covered item or service,N,02/28/2020
33790,20,L0450,75,1,"TLSO, FLEXIBLE, PROVIDES TRUNK SUPPORT, UPPER THORACIC REGION, PRODUCES INTRACAVITARY PRESSURE TO REDUCE LOAD ON THE INTERVERTEBRAL DISKS WITH RIGID STAYS OR PANEL(S), INCLUDES SHOULDER STRAPS AND CLOSURES, PREFABRICATED, OFF-THE-SHELF",Tlso flex trunk&sol;thor pre ots,N,02/28/2020
33790,20,L0452,75,1,"TLSO, FLEXIBLE, PROVIDES TRUNK SUPPORT, UPPER THORACIC REGION, PRODUCES INTRACAVITARY PRESSURE TO REDUCE LOAD ON THE INTERVERTEBRAL DISKS WITH RIGID STAYS OR PANEL(S), INCLUDES SHOULDER STRAPS AND CLOSURES, CUSTOM FABRICATED",Tlso flex custom fab thoraci,N,02/28/2020
33790,20,L0454,75,1,"TLSO FLEXIBLE, PROVIDES TRUNK SUPPORT, EXTENDS FROM SACROCOCCYGEAL JUNCTION TO ABOVE T-9 VERTEBRA, RESTRICTS GROSS TRUNK MOTION IN THE SAGITTAL PLANE, PRODUCES INTRACAVITARY PRESSURE TO REDUCE LOAD ON THE INTERVERTEBRAL DISKS WITH RIGID STAYS OR PANEL(S), INCLUDES SHOULDER STRAPS AND CLOSURES, PREFABRICATED ITEM THAT HAS BEEN TRIMMED, BENT, MOLDED, ASSEMBLED, OR OTHERWISE CUSTOMIZED TO FIT A SPECIFIC PATIENT BY AN INDIVIDUAL WITH EXPERTISE",Tlso trnk sj-t9 pre cst,N,02/28/2020
33790,20,L0455,75,1,"TLSO, FLEXIBLE, PROVIDES TRUNK SUPPORT, EXTENDS FROM SACROCOCCYGEAL JUNCTION TO ABOVE T-9 VERTEBRA, RESTRICTS GROSS TRUNK MOTION IN THE SAGITTAL PLANE, PRODUCES INTRACAVITARY PRESSURE TO REDUCE LOAD ON THE INTERVERTEBRAL DISKS WITH RIGID STAYS OR PANEL(S), INCLUDES SHOULDER STRAPS AND CLOSURES, PREFABRICATED, OFF-THE-SHELF",Tlso flex trnk sj-t9 pre ots,N,02/28/2020
33790,20,L0456,75,1,"TLSO, FLEXIBLE, PROVIDES TRUNK SUPPORT, THORACIC REGION, RIGID POSTERIOR PANEL AND SOFT ANTERIOR APRON, EXTENDS FROM THE SACROCOCCYGEAL JUNCTION AND TERMINATES JUST INFERIOR TO THE SCAPULAR SPINE, RESTRICTS GROSS TRUNK MOTION IN THE SAGITTAL PLANE, PRODUCES INTRACAVITARY PRESSURE TO REDUCE LOAD ON THE INTERVERTEBRAL DISKS, INCLUDES STRAPS AND CLOSURES, PREFABRICATED ITEM THAT HAS BEEN TRIMMED, BENT, MOLDED, ASSEMBLED, OR OTHERWISE CUSTOMIZED TO FIT A SPECIFIC PATIENT BY AN INDIVIDUAL WITH EXPERTISE",Tlso flex trnk sj-ss pre cst,N,02/28/2020
33790,20,L0457,75,1,"TLSO, FLEXIBLE, PROVIDES TRUNK SUPPORT, THORACIC REGION, RIGID POSTERIOR PANEL AND SOFT ANTERIOR APRON, EXTENDS FROM THE SACROCOCCYGEAL JUNCTION AND TERMINATES JUST INFERIOR TO THE SCAPULAR SPINE, RESTRICTS GROSS TRUNK MOTION IN THE SAGITTAL PLANE, PRODUCES INTRACAVITARY PRESSURE TO REDUCE LOAD ON THE INTERVERTEBRAL DISKS, INCLUDES STRAPS AND CLOSURES, PREFABRICATED, OFF-THE-SHELF",Tlso flex trnk sj-ss pre ots,N,02/28/2020
33790,20,L0458,75,1,"TLSO, TRIPLANAR CONTROL, MODULAR SEGMENTED SPINAL SYSTEM, TWO RIGID PLASTIC SHELLS, POSTERIOR EXTENDS FROM THE SACROCOCCYGEAL JUNCTION AND TERMINATES JUST INFERIOR TO THE SCAPULAR SPINE, ANTERIOR EXTENDS FROM THE SYMPHYSIS PUBIS TO THE XIPHOID, SOFT LINER, RESTRICTS GROSS TRUNK MOTION IN THE SAGITTAL, CORONAL, AND TRANSVERSE PLANES, LATERAL STRENGTH IS PROVIDED BY OVERLAPPING PLASTIC AND STABILIZING CLOSURES, INCLUDES STRAPS AND CLOSURES, PREFABRICATED, INCLUDES FITTING AND ADJUSTMENT",Tlso 2mod symphis-xipho pre,N,02/28/2020
33790,20,L0460,75,1,"TLSO, TRIPLANAR CONTROL, MODULAR SEGMENTED SPINAL SYSTEM, TWO RIGID PLASTIC SHELLS, POSTERIOR EXTENDS FROM THE SACROCOCCYGEAL JUNCTION AND TERMINATES JUST INFERIOR TO THE SCAPULAR SPINE, ANTERIOR EXTENDS FROM THE SYMPHYSIS PUBIS TO THE STERNAL NOTCH, SOFT LINER, RESTRICTS GROSS TRUNK MOTION IN THE SAGITTAL, CORONAL, AND TRANSVERSE PLANES, LATERAL STRENGTH IS PROVIDED BY OVERLAPPING PLASTIC AND STABILIZING CLOSURES, INCLUDES STRAPS AND CLOSURES, PREFABRICATED ITEM THAT HAS BEEN TRIMMED, BENT, MOLDED, ASSEMBLED, OR OTHERWISE CUSTOMIZED TO FIT A SPECIFIC PATIENT BY AN INDIVIDUAL WITH EXPERTISE",Tlso 2 shl symphys-stern cst,N,02/28/2020
33790,20,L0462,75,1,"TLSO, TRIPLANAR CONTROL, MODULAR SEGMENTED SPINAL SYSTEM, THREE RIGID PLASTIC SHELLS, POSTERIOR EXTENDS FROM THE SACROCOCCYGEAL JUNCTION AND TERMINATES JUST INFERIOR TO THE SCAPULAR SPINE, ANTERIOR EXTENDS FROM THE SYMPHYSIS PUBIS TO THE STERNAL NOTCH, SOFT LINER, RESTRICTS GROSS TRUNK MOTION IN THE SAGITTAL, CORONAL, AND TRANSVERSE PLANES, LATERAL STRENGTH IS PROVIDED BY OVERLAPPING PLASTIC AND STABILIZING CLOSURES, INCLUDES STRAPS AND CLOSURES, PREFABRICATED, INCLUDES FITTING AND ADJUSTMENT",Tlso 3mod sacro-scap pre,N,02/28/2020
33790,20,L0464,75,1,"TLSO, TRIPLANAR CONTROL, MODULAR SEGMENTED SPINAL SYSTEM, FOUR RIGID PLASTIC SHELLS, POSTERIOR EXTENDS FROM SACROCOCCYGEAL JUNCTION AND TERMINATES JUST INFERIOR TO SCAPULAR SPINE, ANTERIOR EXTENDS FROM SYMPHYSIS PUBIS TO THE STERNAL NOTCH, SOFT LINER, RESTRICTS GROSS TRUNK MOTION IN SAGITTAL, CORONAL, AND TRANSVERSE PLANES, LATERAL STRENGTH IS PROVIDED BY OVERLAPPING PLASTIC AND STABILIZING CLOSURES, INCLUDES STRAPS AND CLOSURES, PREFABRICATED, INCLUDES FITTING AND ADJUSTMENT",Tlso 4mod sacro-scap pre,N,02/28/2020
33790,20,L0466,75,1,"TLSO, SAGITTAL CONTROL, RIGID POSTERIOR FRAME AND FLEXIBLE SOFT ANTERIOR APRON WITH STRAPS, CLOSURES AND PADDING, RESTRICTS GROSS TRUNK MOTION IN SAGITTAL PLANE, PRODUCES INTRACAVITARY PRESSURE TO REDUCE LOAD ON INTERVERTEBRAL DISKS, PREFABRICATED ITEM THAT HAS BEEN TRIMMED, BENT, MOLDED, ASSEMBLED, OR OTHERWISE CUSTOMIZED TO FIT A SPECIFIC PATIENT BY AN INDIVIDUAL WITH EXPERTISE",Tlso r fram soft ant pre cst,N,02/28/2020
33790,20,L0467,75,1,"TLSO, SAGITTAL CONTROL, RIGID POSTERIOR FRAME AND FLEXIBLE SOFT ANTERIOR APRON WITH STRAPS, CLOSURES AND PADDING, RESTRICTS GROSS TRUNK MOTION IN SAGITTAL PLANE, PRODUCES INTRACAVITARY PRESSURE TO REDUCE LOAD ON INTERVERTEBRAL DISKS, PREFABRICATED, OFF-THE-SHELF",Tlso r fram soft pre ots,N,02/28/2020
33790,20,L0468,75,1,"TLSO, SAGITTAL-CORONAL CONTROL, RIGID POSTERIOR FRAME AND FLEXIBLE SOFT ANTERIOR APRON WITH STRAPS, CLOSURES AND PADDING, EXTENDS FROM SACROCOCCYGEAL JUNCTION OVER SCAPULAE, LATERAL STRENGTH PROVIDED BY PELVIC, THORACIC, AND LATERAL FRAME PIECES, RESTRICTS GROSS TRUNK MOTION IN SAGITTAL, AND CORONAL PLANES, PRODUCES INTRACAVITARY PRESSURE TO REDUCE LOAD ON INTERVERTEBRAL DISKS, PREFABRICATED ITEM THAT HAS BEEN TRIMMED, BENT, MOLDED, ASSEMBLED, OR OTHERWISE CUSTOMIZED TO FIT A SPECIFIC PATIENT BY AN INDIVIDUAL WITH EXPERTISE",Tlso rig fram pelvic pre cst,N,02/28/2020
33790,20,L0469,75,1,"TLSO, SAGITTAL-CORONAL CONTROL, RIGID POSTERIOR FRAME AND FLEXIBLE SOFT ANTERIOR APRON WITH STRAPS, CLOSURES AND PADDING, EXTENDS FROM SACROCOCCYGEAL JUNCTION OVER SCAPULAE, LATERAL STRENGTH PROVIDED BY PELVIC, THORACIC, AND LATERAL FRAME PIECES, RESTRICTS GROSS TRUNK MOTION IN SAGITTAL AND CORONAL PLANES, PRODUCES INTRACAVITARY PRESSURE TO REDUCE LOAD ON INTERVERTEBRAL DISKS, PREFABRICATED, OFF-THE-SHELF",Tlso rig fram pelvic pre ots,N,02/28/2020
33790,20,L0470,75,1,"TLSO, TRIPLANAR CONTROL, RIGID POSTERIOR FRAME AND FLEXIBLE SOFT ANTERIOR APRON WITH STRAPS, CLOSURES AND PADDING, EXTENDS FROM SACROCOCCYGEAL JUNCTION TO SCAPULA, LATERAL STRENGTH PROVIDED BY PELVIC, THORACIC, AND LATERAL FRAME PIECES, ROTATIONAL STRENGTH PROVIDED BY SUBCLAVICULAR EXTENSIONS, RESTRICTS GROSS TRUNK MOTION IN SAGITTAL, CORONAL, AND TRANSVERSE PLANES, PROVIDES INTRACAVITARY PRESSURE TO REDUCE LOAD ON THE INTERVERTEBRAL DISKS, INCLUDES FITTING AND SHAPING THE FRAME, PREFABRICATED, INCLUDES FITTING AND ADJUSTMENT",Tlso rigid frame pre subclav,N,02/28/2020
33790,20,L0472,75,1,"TLSO, TRIPLANAR CONTROL, HYPEREXTENSION, RIGID ANTERIOR AND LATERAL FRAME EXTENDS FROM SYMPHYSIS PUBIS TO STERNAL NOTCH WITH TWO ANTERIOR COMPONENTS (ONE PUBIC AND ONE STERNAL), POSTERIOR AND LATERAL PADS WITH STRAPS AND CLOSURES, LIMITS SPINAL FLEXION, RESTRICTS GROSS TRUNK MOTION IN SAGITTAL, CORONAL, AND TRANSVERSE PLANES, INCLUDES FITTING AND SHAPING THE FRAME, PREFABRICATED, INCLUDES FITTING AND ADJUSTMENT",Tlso rigid frame hyperex pre,N,02/28/2020
33790,20,L0480,75,1,"TLSO, TRIPLANAR CONTROL, ONE PIECE RIGID PLASTIC SHELL WITHOUT INTERFACE LINER, WITH MULTIPLE STRAPS AND CLOSURES, POSTERIOR EXTENDS FROM SACROCOCCYGEAL JUNCTION AND TERMINATES JUST INFERIOR TO SCAPULAR SPINE, ANTERIOR EXTENDS FROM SYMPHYSIS PUBIS TO STERNAL NOTCH, ANTERIOR OR POSTERIOR OPENING, RESTRICTS GROSS TRUNK MOTION IN SAGITTAL, CORONAL, AND TRANSVERSE PLANES, INCLUDES A CARVED PLASTER OR CAD-CAM MODEL, CUSTOM FABRICATED",Tlso rigid plastic custom fa,N,02/28/2020
33790,20,L0482,75,1,"TLSO, TRIPLANAR CONTROL, ONE PIECE RIGID PLASTIC SHELL WITH INTERFACE LINER, MULTIPLE STRAPS AND CLOSURES, POSTERIOR EXTENDS FROM SACROCOCCYGEAL JUNCTION AND TERMINATES JUST INFERIOR TO SCAPULAR SPINE, ANTERIOR EXTENDS FROM SYMPHYSIS PUBIS TO STERNAL NOTCH, ANTERIOR OR POSTERIOR OPENING, RESTRICTS GROSS TRUNK MOTION IN SAGITTAL, CORONAL, AND TRANSVERSE PLANES, INCLUDES A CARVED PLASTER OR CAD-CAM MODEL, CUSTOM FABRICATED",Tlso rigid lined custom fab,N,02/28/2020
33790,20,L0484,75,1,"TLSO, TRIPLANAR CONTROL, TWO PIECE RIGID PLASTIC SHELL WITHOUT INTERFACE LINER, WITH MULTIPLE STRAPS AND CLOSURES, POSTERIOR EXTENDS FROM SACROCOCCYGEAL JUNCTION AND TERMINATES JUST INFERIOR TO SCAPULAR SPINE, ANTERIOR EXTENDS FROM SYMPHYSIS PUBIS TO STERNAL NOTCH, LATERAL STRENGTH IS ENHANCED BY OVERLAPPING PLASTIC, RESTRICTS GROSS TRUNK MOTION IN THE SAGITTAL, CORONAL, AND TRANSVERSE PLANES, INCLUDES A CARVED PLASTER OR CAD-CAM MODEL, CUSTOM FABRICATED",Tlso rigid plastic cust fab,N,02/28/2020
33790,20,L0486,75,1,"TLSO, TRIPLANAR CONTROL, TWO PIECE RIGID PLASTIC SHELL WITH INTERFACE LINER, MULTIPLE STRAPS AND CLOSURES, POSTERIOR EXTENDS FROM SACROCOCCYGEAL JUNCTION AND TERMINATES JUST INFERIOR TO SCAPULAR SPINE, ANTERIOR EXTENDS FROM SYMPHYSIS PUBIS TO STERNAL NOTCH, LATERAL STRENGTH IS ENHANCED BY OVERLAPPING PLASTIC, RESTRICTS GROSS TRUNK MOTION IN THE SAGITTAL, CORONAL, AND TRANSVERSE PLANES, INCLUDES A CARVED PLASTER OR CAD-CAM MODEL, CUSTOM FABRICATED",Tlso rigidlined cust fab two,N,02/28/2020
33790,20,L0488,75,1,"TLSO, TRIPLANAR CONTROL, ONE PIECE RIGID PLASTIC SHELL WITH INTERFACE LINER, MULTIPLE STRAPS AND CLOSURES, POSTERIOR EXTENDS FROM SACROCOCCYGEAL JUNCTION AND TERMINATES JUST INFERIOR TO SCAPULAR SPINE, ANTERIOR EXTENDS FROM SYMPHYSIS PUBIS TO STERNAL NOTCH, ANTERIOR OR POSTERIOR OPENING, RESTRICTS GROSS TRUNK MOTION IN SAGITTAL, CORONAL, AND TRANSVERSE PLANES, PREFABRICATED, INCLUDES FITTING AND ADJUSTMENT",Tlso rigid lined pre one pie,N,02/28/2020
33790,20,L0490,75,1,"TLSO, SAGITTAL-CORONAL CONTROL, ONE PIECE RIGID PLASTIC SHELL, WITH OVERLAPPING REINFORCED ANTERIOR, WITH MULTIPLE STRAPS AND CLOSURES, POSTERIOR EXTENDS FROM SACROCOCCYGEAL JUNCTION AND TERMINATES AT OR BEFORE THE T-9 VERTEBRA, ANTERIOR EXTENDS FROM SYMPHYSIS PUBIS TO XIPHOID, ANTERIOR OPENING, RESTRICTS GROSS TRUNK MOTION IN SAGITTAL AND CORONAL PLANES, PREFABRICATED, INCLUDES FITTING AND ADJUSTMENT",Tlso rigid plastic pre one,N,02/28/2020
33790,20,L0491,75,1,"TLSO, SAGITTAL-CORONAL CONTROL, MODULAR SEGMENTED SPINAL SYSTEM, TWO RIGID PLASTIC SHELLS, POSTERIOR EXTENDS FROM THE SACROCOCCYGEAL JUNCTION AND TERMINATES JUST INFERIOR TO THE SCAPULAR SPINE, ANTERIOR EXTENDS FROM THE SYMPHYSIS PUBIS TO THE XIPHOID, SOFT LINER, RESTRICTS GROSS TRUNK MOTION IN THE SAGITTAL AND CORONAL PLANES, LATERAL STRENGTH IS PROVIDED BY OVERLAPPING PLASTIC AND STABILIZING CLOSURES, INCLUDES STRAPS AND CLOSURES, PREFABRICATED, INCLUDES FITTING AND ADJUSTMENT",Tlso 2 piece rigid shell,N,02/28/2020
33790,20,L0492,75,1,"TLSO, SAGITTAL-CORONAL CONTROL, MODULAR SEGMENTED SPINAL SYSTEM, THREE RIGID PLASTIC SHELLS, POSTERIOR EXTENDS FROM THE SACROCOCCYGEAL JUNCTION AND TERMINATES JUST INFERIOR TO THE SCAPULAR SPINE, ANTERIOR EXTENDS FROM THE SYMPHYSIS PUBIS TO THE XIPHOID, SOFT LINER, RESTRICTS GROSS TRUNK MOTION IN THE SAGITTAL AND CORONAL PLANES, LATERAL STRENGTH IS PROVIDED BY OVERLAPPING PLASTIC AND STABILIZING CLOSURES, INCLUDES STRAPS AND CLOSURES, PREFABRICATED, INCLUDES FITTING AND ADJUSTMENT",Tlso 3 piece rigid shell,N,02/28/2020
33790,20,L0621,75,1,"SACROILIAC ORTHOSIS, FLEXIBLE, PROVIDES PELVIC-SACRAL SUPPORT, REDUCES MOTION ABOUT THE SACROILIAC JOINT, INCLUDES STRAPS, CLOSURES, MAY INCLUDE PENDULOUS ABDOMEN DESIGN, PREFABRICATED, OFF-THE-SHELF",Sio flex pelvic&sol;sacr pre ots,N,02/28/2020
33790,20,L0622,75,1,"SACROILIAC ORTHOSIS, FLEXIBLE, PROVIDES PELVIC-SACRAL SUPPORT, REDUCES MOTION ABOUT THE SACROILIAC JOINT, INCLUDES STRAPS, CLOSURES, MAY INCLUDE PENDULOUS ABDOMEN DESIGN, CUSTOM FABRICATED",Sio flex pelvisacral custom,N,02/28/2020
33790,20,L0623,75,1,"SACROILIAC ORTHOSIS, PROVIDES PELVIC-SACRAL SUPPORT, WITH RIGID OR SEMI-RIGID PANELS OVER THE SACRUM AND ABDOMEN, REDUCES MOTION ABOUT THE SACROILIAC JOINT, INCLUDES STRAPS, CLOSURES, MAY INCLUDE PENDULOUS ABDOMEN DESIGN, PREFABRICATED, OFF-THE-SHELF",Sio rig pnl pelv&sol;sac pre ots,N,02/28/2020
33790,20,L0624,75,1,"SACROILIAC ORTHOSIS, PROVIDES PELVIC-SACRAL SUPPORT, WITH RIGID OR SEMI-RIGID PANELS PLACED OVER THE SACRUM AND ABDOMEN, REDUCES MOTION ABOUT THE SACROILIAC JOINT, INCLUDES STRAPS, CLOSURES, MAY INCLUDE PENDULOUS ABDOMEN DESIGN, CUSTOM FABRICATED",Sio panel custom,N,02/28/2020
33790,20,L0625,75,1,"LUMBAR ORTHOSIS, FLEXIBLE, PROVIDES LUMBAR SUPPORT, POSTERIOR EXTENDS FROM L-1 TO BELOW L-5 VERTEBRA, PRODUCES INTRACAVITARY PRESSURE TO REDUCE LOAD ON THE INTERVERTEBRAL DISCS, INCLUDES STRAPS, CLOSURES, MAY INCLUDE PENDULOUS ABDOMEN DESIGN, SHOULDER STRAPS, STAYS, PREFABRICATED, OFF-THE-SHELF",Lo flex l1-below l5 pre ots,N,02/28/2020
33790,20,L0626,75,1,"LUMBAR ORTHOSIS, SAGITTAL CONTROL, WITH RIGID POSTERIOR PANEL(S), POSTERIOR EXTENDS FROM L-1 TO BELOW L-5 VERTEBRA, PRODUCES INTRACAVITARY PRESSURE TO REDUCE LOAD ON THE INTERVERTEBRAL DISCS, INCLUDES STRAPS, CLOSURES, MAY INCLUDE PADDING, STAYS, SHOULDER STRAPS, PENDULOUS ABDOMEN DESIGN, PREFABRICATED ITEM THAT HAS BEEN TRIMMED, BENT, MOLDED, ASSEMBLED, OR OTHERWISE CUSTOMIZED TO FIT A SPECIFIC PATIENT BY AN INDIVIDUAL WITH EXPERTISE",Lo sag rig pnl stays pre cst,N,02/28/2020
33790,20,L0627,75,1,"LUMBAR ORTHOSIS, SAGITTAL CONTROL, WITH RIGID ANTERIOR AND POSTERIOR PANELS, POSTERIOR EXTENDS FROM L-1 TO BELOW L-5 VERTEBRA, PRODUCES INTRACAVITARY PRESSURE TO REDUCE LOAD ON THE INTERVERTEBRAL DISCS, INCLUDES STRAPS, CLOSURES, MAY INCLUDE PADDING, SHOULDER STRAPS, PENDULOUS ABDOMEN DESIGN, PREFABRICATED ITEM THAT HAS BEEN TRIMMED, BENT, MOLDED, ASSEMBLED, OR OTHERWISE CUSTOMIZED TO FIT A SPECIFIC PATIENT BY AN INDIVIDUAL WITH EXPERTISE",Lo sag ri an&sol;pos pnl pre cst,N,02/28/2020
33790,20,L0628,75,1,"LUMBAR-SACRAL ORTHOSIS, FLEXIBLE, PROVIDES LUMBO-SACRAL SUPPORT, POSTERIOR EXTENDS FROM SACROCOCCYGEAL JUNCTION TO T-9 VERTEBRA, PRODUCES INTRACAVITARY PRESSURE TO REDUCE LOAD ON THE INTERVERTEBRAL DISCS, INCLUDES STRAPS, CLOSURES, MAY INCLUDE STAYS, SHOULDER STRAPS, PENDULOUS ABDOMEN DESIGN, PREFABRICATED, OFF-THE-SHELF",Lso flex no ri stays pre ots,N,02/28/2020
33790,20,L0629,75,1,"LUMBAR-SACRAL ORTHOSIS, FLEXIBLE, PROVIDES LUMBO-SACRAL SUPPORT, POSTERIOR EXTENDS FROM SACROCOCCYGEAL JUNCTION TO T-9 VERTEBRA, PRODUCES INTRACAVITARY PRESSURE TO REDUCE LOAD ON THE INTERVERTEBRAL DISCS, INCLUDES STRAPS, CLOSURES, MAY INCLUDE STAYS, SHOULDER STRAPS, PENDULOUS ABDOMEN DESIGN, CUSTOM FABRICATED",Lso flex w&sol;rigid stays cust,N,02/28/2020
33790,20,L0630,75,1,"LUMBAR-SACRAL ORTHOSIS, SAGITTAL CONTROL, WITH RIGID POSTERIOR PANEL(S), POSTERIOR EXTENDS FROM SACROCOCCYGEAL JUNCTION TO T-9 VERTEBRA, PRODUCES INTRACAVITARY PRESSURE TO REDUCE LOAD ON THE INTERVERTEBRAL DISCS, INCLUDES STRAPS, CLOSURES, MAY INCLUDE PADDING, STAYS, SHOULDER STRAPS, PENDULOUS ABDOMEN DESIGN, PREFABRICATED ITEM THAT HAS BEEN TRIMMED, BENT, MOLDED, ASSEMBLED, OR OTHERWISE CUSTOMIZED TO FIT A SPECIFIC PATIENT BY AN INDIVIDUAL WITH EXPERTISE",Lso r post pnl sj-t9 pre cst,N,02/28/2020
33790,20,L0631,75,1,"LUMBAR-SACRAL ORTHOSIS, SAGITTAL CONTROL, WITH RIGID ANTERIOR AND POSTERIOR PANELS, POSTERIOR EXTENDS FROM SACROCOCCYGEAL JUNCTION TO T-9 VERTEBRA, PRODUCES INTRACAVITARY PRESSURE TO REDUCE LOAD ON THE INTERVERTEBRAL DISCS, INCLUDES STRAPS, CLOSURES, MAY INCLUDE PADDING, SHOULDER STRAPS, PENDULOUS ABDOMEN DESIGN, PREFABRICATED ITEM THAT HAS BEEN TRIMMED, BENT, MOLDED, ASSEMBLED, OR OTHERWISE CUSTOMIZED TO FIT A SPECIFIC PATIENT BY AN INDIVIDUAL WITH EXPERTISE",Lso sag r an&sol;pos pnl pre cst,N,02/28/2020
33790,20,L0632,75,1,"LUMBAR-SACRAL ORTHOSIS, SAGITTAL CONTROL, WITH RIGID ANTERIOR AND POSTERIOR PANELS, POSTERIOR EXTENDS FROM SACROCOCCYGEAL JUNCTION TO T-9 VERTEBRA, PRODUCES INTRACAVITARY PRESSURE TO REDUCE LOAD ON THE INTERVERTEBRAL DISCS, INCLUDES STRAPS, CLOSURES, MAY INCLUDE PADDING, SHOULDER STRAPS, PENDULOUS ABDOMEN DESIGN, CUSTOM FABRICATED",Lso sag rigid frame cust,N,02/28/2020
33790,20,L0633,75,1,"LUMBAR-SACRAL ORTHOSIS, SAGITTAL-CORONAL CONTROL, WITH RIGID POSTERIOR FRAME&sol;PANEL(S), POSTERIOR EXTENDS FROM SACROCOCCYGEAL JUNCTION TO T-9 VERTEBRA, LATERAL STRENGTH PROVIDED BY RIGID LATERAL FRAME&sol;PANELS, PRODUCES INTRACAVITARY PRESSURE TO REDUCE LOAD ON INTERVERTEBRAL DISCS, INCLUDES STRAPS, CLOSURES, MAY INCLUDE PADDING, STAYS, SHOULDER STRAPS, PENDULOUS ABDOMEN DESIGN, PREFABRICATED ITEM THAT HAS BEEN TRIMMED, BENT, MOLDED, ASSEMBLED, OR OTHERWISE CUSTOMIZED TO FIT A SPECIFIC PATIENT BY AN INDIVIDUAL WITH EXPERTISE",Lso sc r pos&sol;lat pnl pre cst,N,02/28/2020
33790,20,L0634,75,1,"LUMBAR-SACRAL ORTHOSIS, SAGITTAL-CORONAL CONTROL, WITH RIGID POSTERIOR FRAME&sol;PANEL(S), POSTERIOR EXTENDS FROM SACROCOCCYGEAL JUNCTION TO T-9 VERTEBRA, LATERAL STRENGTH PROVIDED BY RIGID LATERAL FRAME&sol;PANEL(S), PRODUCES INTRACAVITARY PRESSURE TO REDUCE LOAD ON INTERVERTEBRAL DISCS, INCLUDES STRAPS, CLOSURES, MAY INCLUDE PADDING, STAYS, SHOULDER STRAPS, PENDULOUS ABDOMEN DESIGN, CUSTOM FABRICATED",Lso flexion control custom,N,02/28/2020
33790,20,L0635,75,1,"LUMBAR-SACRAL ORTHOSIS, SAGITTAL-CORONAL CONTROL, LUMBAR FLEXION, RIGID POSTERIOR FRAME&sol;PANEL(S), LATERAL ARTICULATING DESIGN TO FLEX THE LUMBAR SPINE, POSTERIOR EXTENDS FROM SACROCOCCYGEAL JUNCTION TO T-9 VERTEBRA, LATERAL STRENGTH PROVIDED BY RIGID LATERAL FRAME&sol;PANEL(S), PRODUCES INTRACAVITARY PRESSURE TO REDUCE LOAD ON INTERVERTEBRAL DISCS, INCLUDES STRAPS, CLOSURES, MAY INCLUDE PADDING, ANTERIOR PANEL, PENDULOUS ABDOMEN DESIGN, PREFABRICATED, INCLUDES FITTING AND ADJUSTMENT",Lso sagit rigid panel prefab,N,02/28/2020
33790,20,L0636,75,1,"LUMBAR SACRAL ORTHOSIS, SAGITTAL-CORONAL CONTROL, LUMBAR FLEXION, RIGID POSTERIOR FRAME&sol;PANELS, LATERAL ARTICULATING DESIGN TO FLEX THE LUMBAR SPINE, POSTERIOR EXTENDS FROM SACROCOCCYGEAL JUNCTION TO T-9 VERTEBRA, LATERAL STRENGTH PROVIDED BY RIGID LATERAL FRAME&sol;PANELS, PRODUCES INTRACAVITARY PRESSURE TO REDUCE LOAD ON INTERVERTEBRAL DISCS, INCLUDES STRAPS, CLOSURES, MAY INCLUDE PADDING, ANTERIOR PANEL, PENDULOUS ABDOMEN DESIGN, CUSTOM FABRICATED",Lso sagittal rigid panel cus,N,02/28/2020
33790,20,L0637,75,1,"LUMBAR-SACRAL ORTHOSIS, SAGITTAL-CORONAL CONTROL, WITH RIGID ANTERIOR AND POSTERIOR FRAME&sol;PANELS, POSTERIOR EXTENDS FROM SACROCOCCYGEAL JUNCTION TO T-9 VERTEBRA, LATERAL STRENGTH PROVIDED BY RIGID LATERAL FRAME&sol;PANELS, PRODUCES INTRACAVITARY PRESSURE TO REDUCE LOAD ON INTERVERTEBRAL DISCS, INCLUDES STRAPS, CLOSURES, MAY INCLUDE PADDING, SHOULDER STRAPS, PENDULOUS ABDOMEN DESIGN, PREFABRICATED ITEM THAT HAS BEEN TRIMMED, BENT, MOLDED, ASSEMBLED, OR OTHERWISE CUSTOMIZED TO FIT A SPECIFIC PATIENT BY AN INDIVIDUAL WITH EXPERTISE",Lso sc r ant&sol;pos pnl pre cst,N,02/28/2020
33790,20,L0638,75,1,"LUMBAR-SACRAL ORTHOSIS, SAGITTAL-CORONAL CONTROL, WITH RIGID ANTERIOR AND POSTERIOR FRAME&sol;PANELS, POSTERIOR EXTENDS FROM SACROCOCCYGEAL JUNCTION TO T-9 VERTEBRA, LATERAL STRENGTH PROVIDED BY RIGID LATERAL FRAME&sol;PANELS, PRODUCES INTRACAVITARY PRESSURE TO REDUCE LOAD ON INTERVERTEBRAL DISCS, INCLUDES STRAPS, CLOSURES, MAY INCLUDE PADDING, SHOULDER STRAPS, PENDULOUS ABDOMEN DESIGN, CUSTOM FABRICATED",Lso sag-coronal panel custom,N,02/28/2020
33790,20,L0639,75,1,"LUMBAR-SACRAL ORTHOSIS, SAGITTAL-CORONAL CONTROL, RIGID SHELL(S)&sol;PANEL(S), POSTERIOR EXTENDS FROM SACROCOCCYGEAL JUNCTION TO T-9 VERTEBRA, ANTERIOR EXTENDS FROM SYMPHYSIS PUBIS TO XYPHOID, PRODUCES INTRACAVITARY PRESSURE TO REDUCE LOAD ON THE INTERVERTEBRAL DISCS, OVERALL STRENGTH IS PROVIDED BY OVERLAPPING RIGID MATERIAL AND STABILIZING CLOSURES, INCLUDES STRAPS, CLOSURES, MAY INCLUDE SOFT INTERFACE, PENDULOUS ABDOMEN DESIGN, PREFABRICATED ITEM THAT HAS BEEN TRIMMED, BENT, MOLDED, ASSEMBLED, OR OTHERWISE CUSTOMIZED TO FIT A SPECIFIC PATIENT BY AN INDIVIDUAL WITH EXPERTISE",Lso s&sol;c shell&sol;panel prefab,N,02/28/2020
33790,20,L0640,75,1,"LUMBAR-SACRAL ORTHOSIS, SAGITTAL-CORONAL CONTROL, RIGID SHELL(S)&sol;PANEL(S), POSTERIOR EXTENDS FROM SACROCOCCYGEAL JUNCTION TO T-9 VERTEBRA, ANTERIOR EXTENDS FROM SYMPHYSIS PUBIS TO XYPHOID, PRODUCES INTRACAVITARY PRESSURE TO REDUCE LOAD ON THE INTERVERTEBRAL DISCS, OVERALL STRENGTH IS PROVIDED BY OVERLAPPING RIGID MATERIAL AND STABILIZING CLOSURES, INCLUDES STRAPS, CLOSURES, MAY INCLUDE SOFT INTERFACE, PENDULOUS ABDOMEN DESIGN, CUSTOM FABRICATED",Lso s&sol;c shell&sol;panel custom,N,02/28/2020
33790,20,L0641,75,1,"LUMBAR ORTHOSIS, SAGITTAL CONTROL, WITH RIGID POSTERIOR PANEL(S), POSTERIOR EXTENDS FROM L-1 TO BELOW L-5 VERTEBRA, PRODUCES INTRACAVITARY PRESSURE TO REDUCE LOAD ON THE INTERVERTEBRAL DISCS, INCLUDES STRAPS, CLOSURES, MAY INCLUDE PADDING, STAYS, SHOULDER STRAPS, PENDULOUS ABDOMEN DESIGN, PREFABRICATED, OFF-THE-SHELF",Lo rig pos pnl l1-l5 pre ots,N,02/28/2020
33790,20,L0642,75,1,"LUMBAR ORTHOSIS, SAGITTAL CONTROL, WITH RIGID ANTERIOR AND POSTERIOR PANELS, POSTERIOR EXTENDS FROM L-1 TO BELOW L-5 VERTEBRA, PRODUCES INTRACAVITARY PRESSURE TO REDUCE LOAD ON THE INTERVERTEBRAL DISCS, INCLUDES STRAPS, CLOSURES, MAY INCLUDE PADDING, SHOULDER STRAPS, PENDULOUS ABDOMEN DESIGN, PREFABRICATED, OFF-THE-SHELF",Lo sag ri an&sol;pos pnl pre ots,N,02/28/2020
33790,20,L0643,75,1,"LUMBAR-SACRAL ORTHOSIS, SAGITTAL CONTROL, WITH RIGID POSTERIOR PANEL(S), POSTERIOR EXTENDS FROM SACROCOCCYGEAL JUNCTION TO T-9 VERTEBRA, PRODUCES INTRACAVITARY PRESSURE TO REDUCE LOAD ON THE INTERVERTEBRAL DISCS, INCLUDES STRAPS, CLOSURES, MAY INCLUDE PADDING, STAYS, SHOULDER STRAPS, PENDULOUS ABDOMEN DESIGN, PREFABRICATED, OFF-THE-SHELF",Lso sag ctr rigi pos pre ots,N,02/28/2020
33790,20,L0648,75,1,"LUMBAR-SACRAL ORTHOSIS, SAGITTAL CONTROL, WITH RIGID ANTERIOR AND POSTERIOR PANELS, POSTERIOR EXTENDS FROM SACROCOCCYGEAL JUNCTION TO T-9 VERTEBRA, PRODUCES INTRACAVITARY PRESSURE TO REDUCE LOAD ON THE INTERVERTEBRAL DISCS, INCLUDES STRAPS, CLOSURES, MAY INCLUDE PADDING, SHOULDER STRAPS, PENDULOUS ABDOMEN DESIGN, PREFABRICATED, OFF-THE-SHELF",Lso sag r an&sol;pos pnl pre ots,N,02/28/2020
33790,20,L0649,75,1,"LUMBAR-SACRAL ORTHOSIS, SAGITTAL-CORONAL CONTROL, WITH RIGID POSTERIOR FRAME&sol;PANEL(S), POSTERIOR EXTENDS FROM SACROCOCCYGEAL JUNCTION TO T-9 VERTEBRA, LATERAL STRENGTH PROVIDED BY RIGID LATERAL FRAME&sol;PANELS, PRODUCES INTRACAVITARY PRESSURE TO REDUCE LOAD ON INTERVERTEBRAL DISCS, INCLUDES STRAPS, CLOSURES, MAY INCLUDE PADDING, STAYS, SHOULDER STRAPS, PENDULOUS ABDOMEN DESIGN, PREFABRICATED, OFF-THE-SHELF",Lso sc r pos&sol;lat pnl pre ots,N,02/28/2020
33790,20,L0650,75,1,"LUMBAR-SACRAL ORTHOSIS, SAGITTAL-CORONAL CONTROL, WITH RIGID ANTERIOR AND POSTERIOR FRAME&sol;PANEL(S), POSTERIOR EXTENDS FROM SACROCOCCYGEAL JUNCTION TO T-9 VERTEBRA, LATERAL STRENGTH PROVIDED BY RIGID LATERAL FRAME&sol;PANEL(S), PRODUCES INTRACAVITARY PRESSURE TO REDUCE LOAD ON INTERVERTEBRAL DISCS, INCLUDES STRAPS, CLOSURES, MAY INCLUDE PADDING, SHOULDER STRAPS, PENDULOUS ABDOMEN DESIGN, PREFABRICATED, OFF-THE-SHELF",Lso sc r ant&sol;pos pnl pre ots,N,02/28/2020
33790,20,L0651,75,1,"LUMBAR-SACRAL ORTHOSIS, SAGITTAL-CORONAL CONTROL, RIGID SHELL(S)&sol;PANEL(S), POSTERIOR EXTENDS FROM SACROCOCCYGEAL JUNCTION TO T-9 VERTEBRA, ANTERIOR EXTENDS FROM SYMPHYSIS PUBIS TO XYPHOID, PRODUCES INTRACAVITARY PRESSURE TO REDUCE LOAD ON THE INTERVERTEBRAL DISCS, OVERALL STRENGTH IS PROVIDED BY OVERLAPPING RIGID MATERIAL AND STABILIZING CLOSURES, INCLUDES STRAPS, CLOSURES, MAY INCLUDE SOFT INTERFACE, PENDULOUS ABDOMEN DESIGN, PREFABRICATED, OFF-THE-SHELF",Lso sag-co shell pnl pre ots,N,02/28/2020
33790,20,L0980,75,1,"PERONEAL STRAPS, PREFABRICATED, OFF-THE-SHELF, PAIR",Peroneal straps pair pre ots,N,02/28/2020
33790,20,L0982,75,1,"STOCKING SUPPORTER GRIPS, PREFABRICATED, OFF-THE-SHELF, SET OF FOUR (4)",Stocking sup grips 4 pre ots,N,02/28/2020
33790,20,L0984,75,1,"PROTECTIVE BODY SOCK, PREFABRICATED, OFF-THE-SHELF, EACH",Protect body sock ea pre ots,N,02/28/2020
33790,20,L4002,75,1,"REPLACEMENT STRAP, ANY ORTHOSIS, INCLUDES ALL COMPONENTS, ANY LENGTH, ANY TYPE","Replace strap, any orthosis",N,02/28/2020
34821,21,E0762,75,1,"TRANSCUTANEOUS ELECTRICAL JOINT STIMULATION DEVICE SYSTEM, INCLUDES ALL ACCESSORIES",Trans elec jt stim dev sys,N,02/21/2020
34821,21,A4465,75,2,NON-ELASTIC BINDER FOR EXTREMITY,Non-elastic extremity binder,N,02/21/2020
34821,21,A4557,75,2,"LEAD WIRES, (E.G., APNEA MONITOR), PER PAIR","Lead wires, pair",N,02/21/2020
34821,21,A4595,75,2,"ELECTRICAL STIMULATOR SUPPLIES, 2 LEAD, PER MONTH, (E.G., TENS, NMES)",Tens suppl 2 lead per month,N,02/21/2020
34821,21,E0731,75,2,FORM FITTING CONDUCTIVE GARMENT FOR DELIVERY OF TENS OR NMES (WITH CONDUCTIVE FIBERS SEPARATED FROM THE PATIENT&#39;S SKIN BY LAYERS OF FABRIC),Conductive garment for tens&sol;,N,02/21/2020
34823,27,A4555,75,1,"ELECTRODE&sol;TRANSDUCER FOR USE WITH ELECTRICAL STIMULATION DEVICE USED FOR CANCER TREATMENT, REPLACEMENT ONLY",Ca tx e-stim electr&sol;transduc,N,02/21/2020
34823,27,E0766,75,1,"ELECTRICAL STIMULATION DEVICE USED FOR CANCER TREATMENT, INCLUDES ALL ACCESSORIES, ANY TYPE",Elec stim cancer treatment,N,02/21/2020
33788,15,E1037,75,1,"TRANSPORT CHAIR, PEDIATRIC SIZE","Transport chair, ped size",N,02/14/2020
33788,15,E1038,75,1,"TRANSPORT CHAIR, ADULT SIZE, PATIENT WEIGHT CAPACITY UP TO AND INCLUDING 300 POUNDS",Transport chair pt wt&lt;=300lb,N,02/14/2020
33788,15,E1039,75,1,"TRANSPORT CHAIR, ADULT SIZE, HEAVY DUTY, PATIENT WEIGHT CAPACITY GREATER THAN 300 POUNDS",Transport chair pt wt &gt;300lb,N,02/14/2020
33788,15,E1161,75,1,"MANUAL ADULT SIZE WHEELCHAIR, INCLUDES TILT IN SPACE",Manual adult wc w tiltinspac,N,02/14/2020
33788,15,E1229,75,1,"WHEELCHAIR, PEDIATRIC SIZE, NOT OTHERWISE SPECIFIED",Pediatric wheelchair nos,N,02/14/2020
33788,15,E1231,75,1,"WHEELCHAIR, PEDIATRIC SIZE, TILT-IN-SPACE, RIGID, ADJUSTABLE, WITH SEATING SYSTEM",Rigid ped w&sol;c tilt-in-space,N,02/14/2020
33788,15,E1232,75,1,"WHEELCHAIR, PEDIATRIC SIZE, TILT-IN-SPACE, FOLDING, ADJUSTABLE, WITH SEATING SYSTEM",Folding ped wc tilt-in-space,N,02/14/2020
33788,15,E1233,75,1,"WHEELCHAIR, PEDIATRIC SIZE, TILT-IN-SPACE, RIGID, ADJUSTABLE, WITHOUT SEATING SYSTEM",Rig ped wc tltnspc w&sol;o seat,N,02/14/2020
33788,15,E1234,75,1,"WHEELCHAIR, PEDIATRIC SIZE, TILT-IN-SPACE, FOLDING, ADJUSTABLE, WITHOUT SEATING SYSTEM",Fld ped wc tltnspc w&sol;o seat,N,02/14/2020
33788,15,E1235,75,1,"WHEELCHAIR, PEDIATRIC SIZE, RIGID, ADJUSTABLE, WITH SEATING SYSTEM",Rigid ped wc adjustable,N,02/14/2020
33788,15,E1236,75,1,"WHEELCHAIR, PEDIATRIC SIZE, FOLDING, ADJUSTABLE, WITH SEATING SYSTEM",Folding ped wc adjustable,N,02/14/2020
33788,15,E1237,75,1,"WHEELCHAIR, PEDIATRIC SIZE, RIGID, ADJUSTABLE, WITHOUT SEATING SYSTEM",Rgd ped wc adjstabl w&sol;o seat,N,02/14/2020
33788,15,E1238,75,1,"WHEELCHAIR, PEDIATRIC SIZE, FOLDING, ADJUSTABLE, WITHOUT SEATING SYSTEM",Fld ped wc adjstabl w&sol;o seat,N,02/14/2020
33788,15,K0001,75,1,STANDARD WHEELCHAIR,Standard wheelchair,N,02/14/2020
33788,15,K0002,75,1,STANDARD HEMI (LOW SEAT) WHEELCHAIR,Stnd hemi (low seat) whlchr,N,02/14/2020
33788,15,K0003,75,1,LIGHTWEIGHT WHEELCHAIR,Lightweight wheelchair,N,02/14/2020
33788,15,K0004,75,1,"HIGH STRENGTH, LIGHTWEIGHT WHEELCHAIR",High strength ltwt whlchr,N,02/14/2020
33788,15,K0005,75,1,ULTRALIGHTWEIGHT WHEELCHAIR,Ultralightweight wheelchair,N,02/14/2020
33788,15,K0006,75,1,HEAVY DUTY WHEELCHAIR,Heavy duty wheelchair,N,02/14/2020
33788,15,K0007,75,1,EXTRA HEAVY DUTY WHEELCHAIR,Extra heavy duty wheelchair,N,02/14/2020
33788,15,K0008,75,1,CUSTOM MANUAL WHEELCHAIR&sol;BASE,Cstm manual wheelchair&sol;base,N,02/14/2020
33788,15,K0009,75,1,OTHER MANUAL WHEELCHAIR&sol;BASE,Other manual wheelchair&sol;base,N,02/14/2020
33791,15,A4636,75,1,"REPLACEMENT, HANDGRIP, CANE, CRUTCH, OR WALKER, EACH",Handgrip for cane etc,N,02/14/2020
33791,15,A4637,75,1,"REPLACEMENT, TIP, CANE, CRUTCH, WALKER, EACH.",Repl tip cane&sol;crutch&sol;walker,N,02/14/2020
33791,15,A9270,75,1,NON-COVERED ITEM OR SERVICE,Non-covered item or service,N,02/14/2020
33791,15,A9900,75,1,"MISCELLANEOUS DME SUPPLY, ACCESSORY, AND&sol;OR SERVICE COMPONENT OF ANOTHER HCPCS CODE",Supply&sol;accessory&sol;service,N,02/14/2020
33791,15,E0130,75,1,"WALKER, RIGID (PICKUP), ADJUSTABLE OR FIXED HEIGHT",Walker rigid adjust&sol;fixed ht,N,02/14/2020
33791,15,E0135,75,1,"WALKER, FOLDING (PICKUP), ADJUSTABLE OR FIXED HEIGHT",Walker folding adjust&sol;fixed,N,02/14/2020
33791,15,E0140,75,1,"WALKER, WITH TRUNK SUPPORT, ADJUSTABLE OR FIXED HEIGHT, ANY TYPE",Walker w trunk support,N,02/14/2020
33791,15,E0141,75,1,"WALKER, RIGID, WHEELED, ADJUSTABLE OR FIXED HEIGHT",Rigid wheeled walker adj&sol;fix,N,02/14/2020
33791,15,E0143,75,1,"WALKER, FOLDING, WHEELED, ADJUSTABLE OR FIXED HEIGHT",Walker folding wheeled w&sol;o s,N,02/14/2020
33791,15,E0144,75,1,"WALKER, ENCLOSED, FOUR SIDED FRAMED, RIGID OR FOLDING, WHEELED WITH POSTERIOR SEAT",Enclosed walker w rear seat,N,02/14/2020
33791,15,E0147,75,1,"WALKER, HEAVY DUTY, MULTIPLE BRAKING SYSTEM, VARIABLE WHEEL RESISTANCE",Walker variable wheel resist,N,02/14/2020
33791,15,E0148,75,1,"WALKER, HEAVY DUTY, WITHOUT WHEELS, RIGID OR FOLDING, ANY TYPE, EACH",Heavyduty walker no wheels,N,02/14/2020
33791,15,E0149,75,1,"WALKER, HEAVY DUTY, WHEELED, RIGID OR FOLDING, ANY TYPE",Heavy duty wheeled walker,N,02/14/2020
33791,15,E0154,75,1,"PLATFORM ATTACHMENT, WALKER, EACH",Walker platform attachment,N,02/14/2020
33791,15,E0155,75,1,"WHEEL ATTACHMENT, RIGID PICK-UP WALKER, PER PAIR","Walker wheel attachment,pair",N,02/14/2020
33791,15,E0156,75,1,"SEAT ATTACHMENT, WALKER",Walker seat attachment,N,02/14/2020
33791,15,E0157,75,1,"CRUTCH ATTACHMENT, WALKER, EACH",Walker crutch attachment,N,02/14/2020
33791,15,E0158,75,1,"LEG EXTENSIONS FOR WALKER, PER SET OF FOUR (4)",Walker leg extenders set of4,N,02/14/2020
33791,15,E0159,75,1,"BRAKE ATTACHMENT FOR WHEELED WALKER, REPLACEMENT, EACH",Brake for wheeled walker,N,02/14/2020
33791,15,E1399,75,1,"DURABLE MEDICAL EQUIPMENT, MISCELLANEOUS",Durable medical equipment mi,N,02/14/2020
33786,16,E0481,75,1,INTRAPULMONARY PERCUSSIVE VENTILATION SYSTEM AND RELATED ACCESSORIES,Intrpulmnry percuss vent sys,N,02/14/2020
33784,21,A9273,75,1,"COLD OR HOT FLUID BOTTLE, ICE CAP OR COLLAR, HEAT AND&sol;OR COLD WRAP, ANY TYPE",Hot&sol;cold botle&sol;cap&sol;col&sol;wrap,N,02/14/2020
33784,21,A9999,75,1,"MISCELLANEOUS DME SUPPLY OR ACCESSORY, NOT OTHERWISE SPECIFIED","Dme supply or accessory, nos",N,02/14/2020
33784,21,E0200,75,1,"HEAT LAMP, WITHOUT STAND (TABLE MODEL), INCLUDES BULB, OR INFRARED ELEMENT",Heat lamp without stand,N,02/14/2020
33784,21,E0205,75,1,"HEAT LAMP, WITH STAND, INCLUDES BULB, OR INFRARED ELEMENT",Heat lamp with stand,N,02/14/2020
33784,21,E0210,75,1,"ELECTRIC HEAT PAD, STANDARD",Electric heat pad standard,N,02/14/2020
33784,21,E0215,75,1,"ELECTRIC HEAT PAD, MOIST",Electric heat pad moist,N,02/14/2020
33784,21,E0217,75,1,WATER CIRCULATING HEAT PAD WITH PUMP,Water circ heat pad w pump,N,02/14/2020
33784,21,E0225,75,1,"HYDROCOLLATOR UNIT, INCLUDES PADS",Hydrocollator unit,N,02/14/2020
33784,21,E0236,75,1,PUMP FOR WATER CIRCULATING PAD,Pump for water circulating p,N,02/14/2020
33784,21,E0239,75,1,"HYDROCOLLATOR UNIT, PORTABLE",Hydrocollator unit portable,N,02/14/2020
33784,21,E0249,75,1,"PAD FOR WATER CIRCULATING HEAT UNIT, FOR REPLACEMENT ONLY",Pad water circulating heat u,N,02/14/2020
33784,21,E1399,75,1,"DURABLE MEDICAL EQUIPMENT, MISCELLANEOUS",Durable medical equipment mi,N,02/14/2020
33799,15,E0621,75,1,"SLING OR SEAT, PATIENT LIFT, CANVAS OR NYLON",Patient lift sling or seat,N,02/14/2020
33799,15,E0625,75,1,"PATIENT LIFT, BATHROOM OR TOILET, NOT OTHERWISE CLASSIFIED",Patient lift bathroom or toi,N,02/14/2020
33799,15,E0630,75,1,"PATIENT LIFT, HYDRAULIC OR MECHANICAL, INCLUDES ANY SEAT, SLING, STRAP(S) OR PAD(S)",Patient lift hydraulic,N,02/14/2020
33799,15,E0635,75,1,"PATIENT LIFT, ELECTRIC WITH SEAT OR SLING",Patient lift electric,N,02/14/2020
33799,15,E0636,75,1,"MULTIPOSITIONAL PATIENT SUPPORT SYSTEM, WITH INTEGRATED LIFT, PATIENT ACCESSIBLE CONTROLS",Pt support &amp; positioning sys,N,02/14/2020
33799,15,E0639,75,1,"PATIENT LIFT, MOVEABLE FROM ROOM TO ROOM WITH DISASSEMBLY AND REASSEMBLY, INCLUDES ALL COMPONENTS&sol;ACCESSORIES",Moveable patient lift system,N,02/14/2020
33799,15,E0640,75,1,"PATIENT LIFT, FIXED SYSTEM, INCLUDES ALL COMPONENTS&sol;ACCESSORIES",Fixed patient lift system,N,02/14/2020
33799,15,E1035,75,1,"MULTI-POSITIONAL PATIENT TRANSFER SYSTEM, WITH INTEGRATED SEAT, OPERATED BY CARE GIVER, PATIENT WEIGHT CAPACITY UP TO AND INCLUDING 300 LBS",Patient transfer system &lt;300,N,02/14/2020
33799,15,E1036,75,1,"MULTI-POSITIONAL PATIENT TRANSFER SYSTEM, EXTRA-WIDE, WITH INTEGRATED SEAT, OPERATED BY CAREGIVER, PATIENT WEIGHT CAPACITY GREATER THAN 300 LBS",Patient transfer system &gt;300,N,02/14/2020
33641,21,A9283,75,1,"FOOT PRESSURE OFF LOADING&sol;SUPPORTIVE DEVICE, ANY TYPE, EACH",Foot press off load supp dev,N,02/14/2020
33641,21,L3000,75,1,"FOOT, INSERT, REMOVABLE, MOLDED TO PATIENT MODEL, &#39;UCB&#39; TYPE, BERKELEY SHELL, EACH",Ft insert ucb berkeley shell,N,02/14/2020
33641,21,L3001,75,1,"FOOT, INSERT, REMOVABLE, MOLDED TO PATIENT MODEL, SPENCO, EACH",Foot insert remov molded spe,N,02/14/2020
33641,21,L3002,75,1,"FOOT, INSERT, REMOVABLE, MOLDED TO PATIENT MODEL, PLASTAZOTE OR EQUAL, EACH",Foot insert plastazote or eq,N,02/14/2020
33641,21,L3003,75,1,"FOOT, INSERT, REMOVABLE, MOLDED TO PATIENT MODEL, SILICONE GEL, EACH",Foot insert silicone gel eac,N,02/14/2020
33641,21,L3010,75,1,"FOOT, INSERT, REMOVABLE, MOLDED TO PATIENT MODEL, LONGITUDINAL ARCH SUPPORT, EACH",Foot longitudinal arch suppo,N,02/14/2020
33641,21,L3020,75,1,"FOOT, INSERT, REMOVABLE, MOLDED TO PATIENT MODEL, LONGITUDINAL&sol; METATARSAL SUPPORT, EACH",Foot longitud&sol;metatarsal sup,N,02/14/2020
33641,21,L3030,75,1,"FOOT, INSERT, REMOVABLE, FORMED TO PATIENT FOOT, EACH",Foot arch support remov prem,N,02/14/2020
33641,21,L3031,75,1,"FOOT, INSERT&sol;PLATE, REMOVABLE, ADDITION TO LOWER EXTREMITY ORTHOSIS, HIGH STRENGTH, LIGHTWEIGHT MATERIAL, ALL HYBRID LAMINATION&sol;PREPREG COMPOSITE, EACH",Foot lamin&sol;prepreg composite,N,02/14/2020
33641,21,L3040,75,1,"FOOT, ARCH SUPPORT, REMOVABLE, PREMOLDED, LONGITUDINAL, EACH",Ft arch suprt premold longit,N,02/14/2020
33641,21,L3050,75,1,"FOOT, ARCH SUPPORT, REMOVABLE, PREMOLDED, METATARSAL, EACH",Foot arch supp premold metat,N,02/14/2020
33641,21,L3060,75,1,"FOOT, ARCH SUPPORT, REMOVABLE, PREMOLDED, LONGITUDINAL&sol; METATARSAL, EACH",Foot arch supp longitud&sol;meta,N,02/14/2020
33641,21,L3070,75,1,"FOOT, ARCH SUPPORT, NON-REMOVABLE ATTACHED TO SHOE, LONGITUDINAL, EACH",Arch suprt att to sho longit,N,02/14/2020
33641,21,L3080,75,1,"FOOT, ARCH SUPPORT, NON-REMOVABLE ATTACHED TO SHOE, METATARSAL, EACH",Arch supp att to shoe metata,N,02/14/2020
33641,21,L3090,75,1,"FOOT, ARCH SUPPORT, NON-REMOVABLE ATTACHED TO SHOE, LONGITUDINAL&sol;METATARSAL, EACH",Arch supp att to shoe long&sol;m,N,02/14/2020
33641,21,L3100,75,1,"HALLUS-VALGUS NIGHT DYNAMIC SPLINT, PREFABRICATED, OFF-THE-SHELF",Hallus-valgus nt dyn pre ots,N,02/14/2020
33641,21,L3140,75,1,"FOOT, ABDUCTION ROTATION BAR, INCLUDING SHOES",Abduction rotation bar shoe,N,02/14/2020
33641,21,L3150,75,1,"FOOT, ABDUCTION ROTATION BAR, WITHOUT SHOES",Abduct rotation bar w&sol;o shoe,N,02/14/2020
33641,21,L3160,75,1,"FOOT, ADJUSTABLE SHOE-STYLED POSITIONING DEVICE",Shoe styled positioning dev,N,02/14/2020
33641,21,L3170,75,1,"FOOT, PLASTIC, SILICONE OR EQUAL, HEEL STABILIZER, PREFABRICATED, OFF-THE-SHELF, EACH",Foot plas heel stabi pre ots,N,02/14/2020
33641,21,L3201,75,1,"ORTHOPEDIC SHOE, OXFORD WITH SUPINATOR OR PRONATOR, INFANT",Oxford w supinat&sol;pronat inf,N,02/14/2020
33641,21,L3202,75,1,"ORTHOPEDIC SHOE, OXFORD WITH SUPINATOR OR PRONATOR, CHILD",Oxford w&sol; supinat&sol;pronator c,N,02/14/2020
33641,21,L3203,75,1,"ORTHOPEDIC SHOE, OXFORD WITH SUPINATOR OR PRONATOR, JUNIOR",Oxford w&sol; supinator&sol;pronator,N,02/14/2020
33641,21,L3204,75,1,"ORTHOPEDIC SHOE, HIGHTOP WITH SUPINATOR OR PRONATOR, INFANT",Hightop w&sol; supp&sol;pronator inf,N,02/14/2020
33641,21,L3206,75,1,"ORTHOPEDIC SHOE, HIGHTOP WITH SUPINATOR OR PRONATOR, CHILD",Hightop w&sol; supp&sol;pronator chi,N,02/14/2020
33641,21,L3207,75,1,"ORTHOPEDIC SHOE, HIGHTOP WITH SUPINATOR OR PRONATOR, JUNIOR",Hightop w&sol; supp&sol;pronator jun,N,02/14/2020
33641,21,L3208,75,1,"SURGICAL BOOT, EACH, INFANT",Surgical boot each infant,N,02/14/2020
33641,21,L3209,75,1,"SURGICAL BOOT, EACH, CHILD",Surgical boot each child,N,02/14/2020
33641,21,L3211,75,1,"SURGICAL BOOT, EACH, JUNIOR",Surgical boot each junior,N,02/14/2020
33641,21,L3212,75,1,"BENESCH BOOT, PAIR, INFANT",Benesch boot pair infant,N,02/14/2020
33641,21,L3213,75,1,"BENESCH BOOT, PAIR, CHILD",Benesch boot pair child,N,02/14/2020
33641,21,L3214,75,1,"BENESCH BOOT, PAIR, JUNIOR",Benesch boot pair junior,N,02/14/2020
33641,21,L3215,75,1,"ORTHOPEDIC FOOTWEAR, LADIES SHOE, OXFORD, EACH",Orthopedic ftwear ladies oxf,N,02/14/2020
33641,21,L3216,75,1,"ORTHOPEDIC FOOTWEAR, LADIES SHOE, DEPTH INLAY, EACH",Orthoped ladies shoes dpth i,N,02/14/2020
33641,21,L3217,75,1,"ORTHOPEDIC FOOTWEAR, LADIES SHOE, HIGHTOP, DEPTH INLAY, EACH",Ladies shoes hightop depth i,N,02/14/2020
33641,21,L3219,75,1,"ORTHOPEDIC FOOTWEAR, MENS SHOE, OXFORD, EACH",Orthopedic mens shoes oxford,N,02/14/2020
33641,21,L3221,75,1,"ORTHOPEDIC FOOTWEAR, MENS SHOE, DEPTH INLAY, EACH",Orthopedic mens shoes dpth i,N,02/14/2020
33641,21,L3222,75,1,"ORTHOPEDIC FOOTWEAR, MENS SHOE, HIGHTOP, DEPTH INLAY, EACH",Mens shoes hightop depth inl,N,02/14/2020
33641,21,L3224,75,1,"ORTHOPEDIC FOOTWEAR, WOMAN&#39;S SHOE, OXFORD, USED AS AN INTEGRAL PART OF A BRACE (ORTHOSIS)",Woman&#39;s shoe oxford brace,N,02/14/2020
33641,21,L3225,75,1,"ORTHOPEDIC FOOTWEAR, MAN&#39;S SHOE, OXFORD, USED AS AN INTEGRAL PART OF A BRACE (ORTHOSIS)",Man&#39;s shoe oxford brace,N,02/14/2020
33641,21,L3230,75,1,"ORTHOPEDIC FOOTWEAR, CUSTOM SHOE, DEPTH INLAY, EACH",Custom shoes depth inlay,N,02/14/2020
33641,21,L3250,75,1,"ORTHOPEDIC FOOTWEAR, CUSTOM MOLDED SHOE, REMOVABLE INNER MOLD, PROSTHETIC SHOE, EACH",Custom mold shoe remov prost,N,02/14/2020
33641,21,L3251,75,1,"FOOT, SHOE MOLDED TO PATIENT MODEL, SILICONE SHOE, EACH",Shoe molded to pt silicone s,N,02/14/2020
33641,21,L3252,75,1,"FOOT, SHOE MOLDED TO PATIENT MODEL, PLASTAZOTE (OR SIMILAR), CUSTOM FABRICATED, EACH",Shoe molded plastazote cust,N,02/14/2020
33641,21,L3253,75,1,"FOOT, MOLDED SHOE PLASTAZOTE (OR SIMILAR) CUSTOM FITTED, EACH",Shoe molded plastazote cust,N,02/14/2020
33641,21,L3254,75,1,NON-STANDARD SIZE OR WIDTH,Orth foot non-stndard size&sol;w,N,02/14/2020
33641,21,L3255,75,1,NON-STANDARD SIZE OR LENGTH,Orth foot non-standard size&sol;,N,02/14/2020
33641,21,L3257,75,1,"ORTHOPEDIC FOOTWEAR, ADDITIONAL CHARGE FOR SPLIT SIZE",Orth foot add charge split s,N,02/14/2020
33641,21,L3260,75,1,"SURGICAL BOOT&sol;SHOE, EACH",Ambulatory surgical boot eac,N,02/14/2020
33641,21,L3265,75,1,"PLASTAZOTE SANDAL, EACH",Plastazote sandal each,N,02/14/2020
33641,21,L3300,75,1,"LIFT, ELEVATION, HEEL, TAPERED TO METATARSALS, PER INCH",Sho lift taper to metatarsal,N,02/14/2020
33641,21,L3310,75,1,"LIFT, ELEVATION, HEEL AND SOLE, NEOPRENE, PER INCH",Shoe lift elev heel&sol;sole neo,N,02/14/2020
33641,21,L3320,75,1,"LIFT, ELEVATION, HEEL AND SOLE, CORK, PER INCH",Shoe lift elev heel&sol;sole cor,N,02/14/2020
33641,21,L3330,75,1,"LIFT, ELEVATION, METAL EXTENSION (SKATE)",Lifts elevation metal extens,N,02/14/2020
33641,21,L3332,75,1,"LIFT, ELEVATION, INSIDE SHOE, TAPERED, UP TO ONE-HALF INCH",Shoe lifts tapered to one-ha,N,02/14/2020
33641,21,L3334,75,1,"LIFT, ELEVATION, HEEL, PER INCH",Shoe lifts elevation heel &sol;i,N,02/14/2020
33641,21,L3340,75,1,"HEEL WEDGE, SACH",Shoe wedge sach,N,02/14/2020
33641,21,L3350,75,1,HEEL WEDGE,Shoe heel wedge,N,02/14/2020
33641,21,L3360,75,1,"SOLE WEDGE, OUTSIDE SOLE",Shoe sole wedge outside sole,N,02/14/2020
33641,21,L3370,75,1,"SOLE WEDGE, BETWEEN SOLE",Shoe sole wedge between sole,N,02/14/2020
33641,21,L3380,75,1,CLUBFOOT WEDGE,Shoe clubfoot wedge,N,02/14/2020
33641,21,L3390,75,1,OUTFLARE WEDGE,Shoe outflare wedge,N,02/14/2020
33641,21,L3400,75,1,"METATARSAL BAR WEDGE, ROCKER",Shoe metatarsal bar wedge ro,N,02/14/2020
33641,21,L3410,75,1,"METATARSAL BAR WEDGE, BETWEEN SOLE",Shoe metatarsal bar between,N,02/14/2020
33641,21,L3420,75,1,"FULL SOLE AND HEEL WEDGE, BETWEEN SOLE",Full sole&sol;heel wedge btween,N,02/14/2020
33641,21,L3430,75,1,"HEEL, COUNTER, PLASTIC REINFORCED",Sho heel count plast reinfor,N,02/14/2020
33641,21,L3440,75,1,"HEEL, COUNTER, LEATHER REINFORCED",Heel leather reinforced,N,02/14/2020
33641,21,L3450,75,1,"HEEL, SACH CUSHION TYPE",Shoe heel sach cushion type,N,02/14/2020
33641,21,L3455,75,1,"HEEL, NEW LEATHER, STANDARD",Shoe heel new leather standa,N,02/14/2020
33641,21,L3460,75,1,"HEEL, NEW RUBBER, STANDARD",Shoe heel new rubber standar,N,02/14/2020
33641,21,L3465,75,1,"HEEL, THOMAS WITH WEDGE",Shoe heel thomas with wedge,N,02/14/2020
33641,21,L3470,75,1,"HEEL, THOMAS EXTENDED TO BALL",Shoe heel thomas extend to b,N,02/14/2020
33641,21,L3480,75,1,"HEEL, PAD AND DEPRESSION FOR SPUR",Shoe heel pad &amp; depress for,N,02/14/2020
33641,21,L3485,75,1,"HEEL, PAD, REMOVABLE FOR SPUR",Shoe heel pad removable for,N,02/14/2020
33641,21,L3500,75,1,"ORTHOPEDIC SHOE ADDITION, INSOLE, LEATHER",Ortho shoe add leather insol,N,02/14/2020
33641,21,L3510,75,1,"ORTHOPEDIC SHOE ADDITION, INSOLE, RUBBER",Orthopedic shoe add rub insl,N,02/14/2020
33641,21,L3520,75,1,"ORTHOPEDIC SHOE ADDITION, INSOLE, FELT COVERED WITH LEATHER",O shoe add felt w leath insl,N,02/14/2020
33641,21,L3530,75,1,"ORTHOPEDIC SHOE ADDITION, SOLE, HALF",Ortho shoe add half sole,N,02/14/2020
33641,21,L3540,75,1,"ORTHOPEDIC SHOE ADDITION, SOLE, FULL",Ortho shoe add full sole,N,02/14/2020
33641,21,L3550,75,1,"ORTHOPEDIC SHOE ADDITION, TOE TAP STANDARD",O shoe add standard toe tap,N,02/14/2020
33641,21,L3560,75,1,"ORTHOPEDIC SHOE ADDITION, TOE TAP, HORSESHOE",O shoe add horseshoe toe tap,N,02/14/2020
33641,21,L3570,75,1,"ORTHOPEDIC SHOE ADDITION, SPECIAL EXTENSION TO INSTEP (LEATHER WITH EYELETS)",O shoe add instep extension,N,02/14/2020
33641,21,L3580,75,1,"ORTHOPEDIC SHOE ADDITION, CONVERT INSTEP TO VELCRO CLOSURE",O shoe add instep velcro clo,N,02/14/2020
33641,21,L3590,75,1,"ORTHOPEDIC SHOE ADDITION, CONVERT FIRM SHOE COUNTER TO SOFT COUNTER",O shoe convert to sof counte,N,02/14/2020
33641,21,L3595,75,1,"ORTHOPEDIC SHOE ADDITION, MARCH BAR",Ortho shoe add march bar,N,02/14/2020
33641,21,L3600,75,1,"TRANSFER OF AN ORTHOSIS FROM ONE SHOE TO ANOTHER, CALIPER PLATE, EXISTING",Trans shoe calip plate exist,N,02/14/2020
33641,21,L3610,75,1,"TRANSFER OF AN ORTHOSIS FROM ONE SHOE TO ANOTHER, CALIPER PLATE, NEW",Trans shoe caliper plate new,N,02/14/2020
33641,21,L3620,75,1,"TRANSFER OF AN ORTHOSIS FROM ONE SHOE TO ANOTHER, SOLID STIRRUP, EXISTING",Trans shoe solid stirrup exi,N,02/14/2020
33641,21,L3630,75,1,"TRANSFER OF AN ORTHOSIS FROM ONE SHOE TO ANOTHER, SOLID STIRRUP, NEW",Trans shoe solid stirrup new,N,02/14/2020
33641,21,L3640,75,1,"TRANSFER OF AN ORTHOSIS FROM ONE SHOE TO ANOTHER, DENNIS BROWNE SPLINT (RIVETON), BOTH SHOES",Shoe dennis browne splint bo,N,02/14/2020
33641,21,L3649,75,1,"ORTHOPEDIC SHOE, MODIFICATION, ADDITION OR TRANSFER, NOT OTHERWISE SPECIFIED",Orthopedic shoe modifica nos,N,02/14/2020
33738,18,A4364,75,1,"ADHESIVE, LIQUID OR EQUAL, ANY TYPE, PER OZ","Adhesive, liquid or equal",N,02/14/2020
33738,18,A4450,75,1,"TAPE, NON-WATERPROOF, PER 18 SQUARE INCHES",Non-waterproof tape,N,02/14/2020
33738,18,A4452,75,1,"TAPE, WATERPROOF, PER 18 SQUARE INCHES",Waterproof tape,N,02/14/2020
33738,18,A4455,75,1,"ADHESIVE REMOVER OR SOLVENT (FOR TAPE, CEMENT OR OTHER ADHESIVE), PER OUNCE",Adhesive remover per ounce,N,02/14/2020
33738,18,A4456,75,1,"ADHESIVE REMOVER, WIPES, ANY TYPE, EACH","Adhesive remover, wipes",N,02/14/2020
33738,18,A5120,75,1,"SKIN BARRIER, WIPES OR SWABS, EACH","Skin barrier, wipe or swab",N,02/14/2020
33738,18,L8040,75,1,"NASAL PROSTHESIS, PROVIDED BY A NON-PHYSICIAN",Nasal prosthesis,N,02/14/2020
33738,18,L8041,75,1,"MIDFACIAL PROSTHESIS, PROVIDED BY A NON-PHYSICIAN",Midfacial prosthesis,N,02/14/2020
33738,18,L8042,75,1,"ORBITAL PROSTHESIS, PROVIDED BY A NON-PHYSICIAN",Orbital prosthesis,N,02/14/2020
33738,18,L8043,75,1,"UPPER FACIAL PROSTHESIS, PROVIDED BY A NON-PHYSICIAN",Upper facial prosthesis,N,02/14/2020
33738,18,L8044,75,1,"HEMI-FACIAL PROSTHESIS, PROVIDED BY A NON-PHYSICIAN",Hemi-facial prosthesis,N,02/14/2020
33738,18,L8045,75,1,"AURICULAR PROSTHESIS, PROVIDED BY A NON-PHYSICIAN",Auricular prosthesis,N,02/14/2020
33738,18,L8046,75,1,"PARTIAL FACIAL PROSTHESIS, PROVIDED BY A NON-PHYSICIAN",Partial facial prosthesis,N,02/14/2020
33738,18,L8047,75,1,"NASAL SEPTAL PROSTHESIS, PROVIDED BY A NON-PHYSICIAN",Nasal septal prosthesis,N,02/14/2020
33738,18,L8048,75,1,"UNSPECIFIED MAXILLOFACIAL PROSTHESIS, BY REPORT, PROVIDED BY A NON-PHYSICIAN",Unspec maxillofacial prosth,N,02/14/2020
33738,18,L8049,75,1,"REPAIR OR MODIFICATION OF MAXILLOFACIAL PROSTHESIS, LABOR COMPONENT, 15 MINUTE INCREMENTS, PROVIDED BY A NON-PHYSICIAN",Repair maxillofacial prosth,N,02/14/2020
33738,18,V2623,75,1,"PROSTHETIC EYE, PLASTIC, CUSTOM",Plastic eye prosth custom,N,02/14/2020
33738,18,V2629,75,1,"PROSTHETIC EYE, OTHER TYPE",Prosthetic eye other type,N,02/14/2020
33737,20,L9900,75,1,"ORTHOTIC AND PROSTHETIC SUPPLY, ACCESSORY, AND&sol;OR SERVICE COMPONENT OF ANOTHER HCPCS &quot;L&quot; CODE",O&amp;p supply&sol;accessory&sol;service,N,02/14/2020
33737,20,V2623,75,1,"PROSTHETIC EYE, PLASTIC, CUSTOM",Plastic eye prosth custom,N,02/14/2020
33737,20,V2624,75,1,POLISHING&sol;RESURFACING OF OCULAR PROSTHESIS,Polishing artifical eye,N,02/14/2020
33737,20,V2625,75,1,ENLARGEMENT OF OCULAR PROSTHESIS,Enlargemnt of eye prosthesis,N,02/14/2020
33737,20,V2626,75,1,REDUCTION OF OCULAR PROSTHESIS,Reduction of eye prosthesis,N,02/14/2020
33737,20,V2627,75,1,SCLERAL COVER SHELL,Scleral cover shell,N,02/14/2020
33737,20,V2628,75,1,FABRICATION AND FITTING OF OCULAR CONFORMER,Fabrication &amp; fitting,N,02/14/2020
33737,20,V2629,75,1,"PROSTHETIC EYE, OTHER TYPE",Prosthetic eye other type,N,02/14/2020
33820,21,E0250,74,1,"HOSPITAL BED, FIXED HEIGHT, WITH ANY TYPE SIDE RAILS, WITH MATTRESS",Hosp bed fixed ht w&sol; mattres,N,02/12/2020
33820,21,E0251,74,1,"HOSPITAL BED, FIXED HEIGHT, WITH ANY TYPE SIDE RAILS, WITHOUT MATTRESS",Hosp bed fixd ht w&sol;o mattres,N,02/12/2020
33820,21,E0290,74,1,"HOSPITAL BED, FIXED HEIGHT, WITHOUT SIDE RAILS, WITH MATTRESS",Hosp bed fx ht w&sol;o rails w&sol;m,N,02/12/2020
33820,21,E0291,74,1,"HOSPITAL BED, FIXED HEIGHT, WITHOUT SIDE RAILS, WITHOUT MATTRESS",Hosp bed fx ht w&sol;o rail w&sol;o,N,02/12/2020
33820,21,E0328,74,1,"HOSPITAL BED, PEDIATRIC, MANUAL, 360 DEGREE SIDE ENCLOSURES, TOP OF HEADBOARD, FOOTBOARD AND SIDE RAILS UP TO 24 INCHES ABOVE THE SPRING, INCLUDES MATTRESS","Ped hospital bed, manual",N,02/12/2020
33820,21,E0255,74,2,"HOSPITAL BED, VARIABLE HEIGHT, HI-LO, WITH ANY TYPE SIDE RAILS, WITH MATTRESS",Hospital bed var ht w&sol; mattr,N,02/12/2020
33820,21,E0256,74,2,"HOSPITAL BED, VARIABLE HEIGHT, HI-LO, WITH ANY TYPE SIDE RAILS, WITHOUT MATTRESS",Hospital bed var ht w&sol;o matt,N,02/12/2020
33820,21,E0292,74,2,"HOSPITAL BED, VARIABLE HEIGHT, HI-LO, WITHOUT SIDE RAILS, WITH MATTRESS",Hosp bed var ht no sr w&sol;matt,N,02/12/2020
33820,21,E0293,74,2,"HOSPITAL BED, VARIABLE HEIGHT, HI-LO, WITHOUT SIDE RAILS, WITHOUT MATTRESS",Hosp bed var ht no sr no mat,N,02/12/2020
33820,21,E0260,74,3,"HOSPITAL BED, SEMI-ELECTRIC (HEAD AND FOOT ADJUSTMENT), WITH ANY TYPE SIDE RAILS, WITH MATTRESS",Hosp bed semi-electr w&sol; matt,N,02/12/2020
33820,21,E0261,74,3,"HOSPITAL BED, SEMI-ELECTRIC (HEAD AND FOOT ADJUSTMENT), WITH ANY TYPE SIDE RAILS, WITHOUT MATTRESS",Hosp bed semi-electr w&sol;o mat,N,02/12/2020
33820,21,E0294,74,3,"HOSPITAL BED, SEMI-ELECTRIC (HEAD AND FOOT ADJUSTMENT), WITHOUT SIDE RAILS, WITH MATTRESS",Hosp bed semi-elect w&sol; mattr,N,02/12/2020
33820,21,E0295,74,3,"HOSPITAL BED, SEMI-ELECTRIC (HEAD AND FOOT ADJUSTMENT), WITHOUT SIDE RAILS, WITHOUT MATTRESS",Hosp bed semi-elect w&sol;o matt,N,02/12/2020
33820,21,E0329,74,3,"HOSPITAL BED, PEDIATRIC, ELECTRIC OR SEMI-ELECTRIC, 360 DEGREE SIDE ENCLOSURES, TOP OF HEADBOARD, FOOTBOARD AND SIDE RAILS UP TO 24 INCHES ABOVE THE SPRING, INCLUDES MATTRESS",Ped hospital bed semi&sol;elect,N,02/12/2020
33820,21,E0265,74,4,"HOSPITAL BED, TOTAL ELECTRIC (HEAD, FOOT AND HEIGHT ADJUSTMENTS), WITH ANY TYPE SIDE RAILS, WITH MATTRESS",Hosp bed total electr w&sol; mat,N,02/12/2020
33820,21,E0266,74,4,"HOSPITAL BED, TOTAL ELECTRIC (HEAD, FOOT AND HEIGHT ADJUSTMENTS), WITH ANY TYPE SIDE RAILS, WITHOUT MATTRESS",Hosp bed total elec w&sol;o matt,N,02/12/2020
33820,21,E0296,74,4,"HOSPITAL BED, TOTAL ELECTRIC (HEAD, FOOT AND HEIGHT ADJUSTMENTS), WITHOUT SIDE RAILS, WITH MATTRESS",Hosp bed total elect w&sol; matt,N,02/12/2020
33820,21,E0297,74,4,"HOSPITAL BED, TOTAL ELECTRIC (HEAD, FOOT AND HEIGHT ADJUSTMENTS), WITHOUT SIDE RAILS, WITHOUT MATTRESS",Hosp bed total elect w&sol;o mat,N,02/12/2020
33820,21,E0301,74,5,"HOSPITAL BED, HEAVY DUTY, EXTRA WIDE, WITH WEIGHT CAPACITY GREATER THAN 350 POUNDS, BUT LESS THAN OR EQUAL TO 600 POUNDS, WITH ANY TYPE SIDE RAILS, WITHOUT MATTRESS","Hd hosp bed, 350-600 lbs",N,02/12/2020
33820,21,E0302,74,5,"HOSPITAL BED, EXTRA HEAVY DUTY, EXTRA WIDE, WITH WEIGHT CAPACITY GREATER THAN 600 POUNDS, WITH ANY TYPE SIDE RAILS, WITHOUT MATTRESS",Ex hd hosp bed &gt; 600 lbs,N,02/12/2020
33820,21,E0303,74,5,"HOSPITAL BED, HEAVY DUTY, EXTRA WIDE, WITH WEIGHT CAPACITY GREATER THAN 350 POUNDS, BUT LESS THAN OR EQUAL TO 600 POUNDS, WITH ANY TYPE SIDE RAILS, WITH MATTRESS",Hosp bed hvy dty xtra wide,N,02/12/2020
33820,21,E0304,74,5,"HOSPITAL BED, EXTRA HEAVY DUTY, EXTRA WIDE, WITH WEIGHT CAPACITY GREATER THAN 600 POUNDS, WITH ANY TYPE SIDE RAILS, WITH MATTRESS",Hosp bed xtra hvy dty x wide,N,02/12/2020
33820,21,E0271,74,6,"MATTRESS, INNERSPRING",Mattress innerspring,N,02/12/2020
33820,21,E0272,74,6,"MATTRESS, FOAM RUBBER",Mattress foam rubber,N,02/12/2020
33820,21,E0273,74,6,BED BOARD,Bed board,N,02/12/2020
33820,21,E0274,74,6,OVER-BED TABLE,Over-bed table,N,02/12/2020
33820,21,E0280,74,6,"BED CRADLE, ANY TYPE",Bed cradle,N,02/12/2020
33820,21,E0305,74,6,"BED SIDE RAILS, HALF LENGTH",Rails bed side half length,N,02/12/2020
33820,21,E0310,74,6,"BED SIDE RAILS, FULL LENGTH",Rails bed side full length,N,02/12/2020
33820,21,E0315,74,6,"BED ACCESSORY: BOARD, TABLE, OR SUPPORT DEVICE, ANY TYPE",Bed accessory brd&sol;tbl&sol;supprt,N,02/12/2020
33820,21,E0316,74,6,"SAFETY ENCLOSURE FRAME&sol;CANOPY FOR USE WITH HOSPITAL BED, ANY TYPE",Bed safety enclosure,N,02/12/2020
33820,21,E0910,74,6,"TRAPEZE BARS, A&sol;K&sol;A PATIENT HELPER, ATTACHED TO BED, WITH GRAB BAR",Trapeze bar attached to bed,N,02/12/2020
33820,21,E0911,74,6,"TRAPEZE BAR, HEAVY DUTY, FOR PATIENT WEIGHT CAPACITY GREATER THAN 250 POUNDS, ATTACHED TO BED, WITH GRAB BAR",Hd trapeze bar attach to bed,N,02/12/2020
33820,21,E0912,74,6,"TRAPEZE BAR, HEAVY DUTY, FOR PATIENT WEIGHT CAPACITY GREATER THAN 250 POUNDS, FREE STANDING, COMPLETE WITH GRAB BAR",Hd trapeze bar free standing,N,02/12/2020
33820,21,E0940,74,6,"TRAPEZE BAR, FREE STANDING, COMPLETE WITH GRAB BAR",Trapeze bar free standing,N,02/12/2020
33820,21,E1399,74,7,"DURABLE MEDICAL EQUIPMENT, MISCELLANEOUS",Durable medical equipment mi,N,02/12/2020
33795,29,A7020,74,1,"INTERFACE FOR COUGH STIMULATING DEVICE, INCLUDES ALL COMPONENTS, REPLACEMENT ONLY","Interface, cough stim device",N,01/30/2020
33795,29,E0482,74,1,"COUGH STIMULATING DEVICE, ALTERNATING POSITIVE AND NEGATIVE AIRWAY PRESSURE",Cough stimulating device,N,01/30/2020
34824,21,L7900,75,1,MALE VACUUM ERECTION SYSTEM,Male vacuum erection system,N,02/13/2020
34824,21,L7902,75,2,"TENSION RING, FOR VACUUM ERECTION DEVICE, ANY TYPE, REPLACEMENT ONLY, EACH","Tension ring, vac erect dev",N,02/13/2020
33736,20,E0163,75,1,"COMMODE CHAIR, MOBILE OR STATIONARY, WITH FIXED ARMS",Commode chair with fixed arm,N,02/13/2020
33736,20,E0165,75,1,"COMMODE CHAIR, MOBILE OR STATIONARY, WITH DETACHABLE ARMS",Commode chair with detacharm,N,02/13/2020
33736,20,E0167,75,1,"PAIL OR PAN FOR USE WITH COMMODE CHAIR, REPLACEMENT ONLY",Commode chair pail or pan,N,02/13/2020
33736,20,E0168,75,1,"COMMODE CHAIR, EXTRA WIDE AND&sol;OR HEAVY DUTY, STATIONARY OR MOBILE, WITH OR WITHOUT ARMS, ANY TYPE, EACH",Heavyduty&sol;wide commode chair,N,02/13/2020
33736,20,E0170,75,1,"COMMODE CHAIR WITH INTEGRATED SEAT LIFT MECHANISM, ELECTRIC, ANY TYPE",Commode chair electric,N,02/13/2020
33736,20,E0171,75,1,"COMMODE CHAIR WITH INTEGRATED SEAT LIFT MECHANISM, NON-ELECTRIC, ANY TYPE",Commode chair non-electric,N,02/13/2020
33736,20,E0172,75,1,"SEAT LIFT MECHANISM PLACED OVER OR ON TOP OF TOILET, ANY TYPE",Seat lift mechanism toilet,N,02/13/2020
33736,20,E0175,75,1,"FOOT REST, FOR USE WITH COMMODE CHAIR, EACH",Commode chair foot rest,N,02/13/2020
33736,20,E0244,75,1,RAISED TOILET SEAT,Toilet seat raised,N,02/13/2020
33735,19,A9270,75,1,NON-COVERED ITEM OR SERVICE,Non-covered item or service,N,02/13/2020
33735,19,A9273,75,1,"COLD OR HOT FLUID BOTTLE, ICE CAP OR COLLAR, HEAT AND&sol;OR COLD WRAP, ANY TYPE",Hot&sol;cold botle&sol;cap&sol;col&sol;wrap,N,02/13/2020
33735,19,E0218,75,1,"FLUID CIRCULATING COLD PAD WITH PUMP, ANY TYPE",Fluid circ cold pad w pump,N,02/13/2020
33733,19,A4635,75,1,"UNDERARM PAD, CRUTCH, REPLACEMENT, EACH",Underarm crutch pad,N,02/13/2020
33733,19,A4636,75,1,"REPLACEMENT, HANDGRIP, CANE, CRUTCH, OR WALKER, EACH",Handgrip for cane etc,N,02/13/2020
33733,19,A4637,75,1,"REPLACEMENT, TIP, CANE, CRUTCH, WALKER, EACH.",Repl tip cane&sol;crutch&sol;walker,N,02/13/2020
33733,19,A9270,75,1,NON-COVERED ITEM OR SERVICE,Non-covered item or service,N,02/13/2020
33733,19,E0100,75,1,"CANE, INCLUDES CANES OF ALL MATERIALS, ADJUSTABLE OR FIXED, WITH TIP",Cane adjust&sol;fixed with tip,N,02/13/2020
33733,19,E0105,75,1,"CANE, QUAD OR THREE PRONG, INCLUDES CANES OF ALL MATERIALS, ADJUSTABLE OR FIXED, WITH TIPS",Cane adjust&sol;fixed quad&sol;3 pro,N,02/13/2020
33733,19,E0110,75,1,"CRUTCHES, FOREARM, INCLUDES CRUTCHES OF VARIOUS MATERIALS, ADJUSTABLE OR FIXED, PAIR, COMPLETE WITH TIPS AND HANDGRIPS",Crutch forearm pair,N,02/13/2020
33733,19,E0111,75,1,"CRUTCH FOREARM, INCLUDES CRUTCHES OF VARIOUS MATERIALS, ADJUSTABLE OR FIXED, EACH, WITH TIP AND HANDGRIPS",Crutch forearm each,N,02/13/2020
33733,19,E0112,75,1,"CRUTCHES UNDERARM, WOOD, ADJUSTABLE OR FIXED, PAIR, WITH PADS, TIPS AND HANDGRIPS",Crutch underarm pair wood,N,02/13/2020
33733,19,E0113,75,1,"CRUTCH UNDERARM, WOOD, ADJUSTABLE OR FIXED, EACH, WITH PAD, TIP AND HANDGRIP",Crutch underarm each wood,N,02/13/2020
33733,19,E0114,75,1,"CRUTCHES UNDERARM, OTHER THAN WOOD, ADJUSTABLE OR FIXED, PAIR, WITH PADS, TIPS AND HANDGRIPS",Crutch underarm pair no wood,N,02/13/2020
33733,19,E0116,75,1,"CRUTCH, UNDERARM, OTHER THAN WOOD, ADJUSTABLE OR FIXED, WITH PAD, TIP, HANDGRIP, WITH OR WITHOUT SHOCK ABSORBER, EACH",Crutch underarm each no wood,N,02/13/2020
33733,19,E0117,75,1,"CRUTCH, UNDERARM, ARTICULATING, SPRING ASSISTED, EACH",Underarm springassist crutch,N,02/13/2020
33733,19,E0118,75,1,"CRUTCH SUBSTITUTE, LOWER LEG PLATFORM, WITH OR WITHOUT WHEELS, EACH",Crutch substitute,N,02/13/2020
33733,19,E0153,75,1,"PLATFORM ATTACHMENT, FOREARM CRUTCH, EACH",Forearm crutch platform atta,N,02/13/2020
33690,20,A9999,75,1,"MISCELLANEOUS DME SUPPLY OR ACCESSORY, NOT OTHERWISE SPECIFIED","Dme supply or accessory, nos",N,02/13/2020
33690,20,E0617,75,1,EXTERNAL DEFIBRILLATOR WITH INTEGRATED ELECTROCARDIOGRAM ANALYSIS,Automatic ext defibrillator,N,02/13/2020
33690,20,K0606,75,1,"AUTOMATIC EXTERNAL DEFIBRILLATOR, WITH INTEGRATED ELECTROCARDIOGRAM ANALYSIS, GARMENT TYPE",Aed garment w elec analysis,N,02/13/2020
33690,20,K0607,75,1,"REPLACEMENT BATTERY FOR AUTOMATED EXTERNAL DEFIBRILLATOR, GARMENT TYPE ONLY, EACH",Repl batt for aed,N,02/13/2020
33690,20,K0608,75,1,"REPLACEMENT GARMENT FOR USE WITH AUTOMATED EXTERNAL DEFIBRILLATOR, EACH",Repl garment for aed,N,02/13/2020
33690,20,K0609,75,1,"REPLACEMENT ELECTRODES FOR USE WITH AUTOMATED EXTERNAL DEFIBRILLATOR, GARMENT TYPE ONLY, EACH",Repl electrode for aed,N,02/13/2020
33825,17,E0221,74,1,INFRARED HEATING PAD SYSTEM,Infrared heating pad system,N,02/07/2020
33825,17,A4639,74,2,"REPLACEMENT PAD FOR INFRARED HEATING PAD SYSTEM, EACH",Infrared ht sys replcmnt pad,N,02/07/2020
33823,26,E0840,74,1,"TRACTION FRAME, ATTACHED TO HEADBOARD, CERVICAL TRACTION",Tract frame attach headboard,N,01/30/2020
33823,26,E0849,74,1,"TRACTION EQUIPMENT, CERVICAL, FREE-STANDING STAND&sol;FRAME, PNEUMATIC, APPLYING TRACTION FORCE TO OTHER THAN MANDIBLE",Cervical pneum trac equip,N,01/30/2020
33823,26,E0850,74,1,"TRACTION STAND, FREE STANDING, CERVICAL TRACTION",Traction stand free standing,N,01/30/2020
33823,26,E0855,74,1,CERVICAL TRACTION EQUIPMENT NOT REQUIRING ADDITIONAL STAND OR FRAME,Cervical traction equipment,N,01/30/2020
33823,26,E0856,74,1,"CERVICAL TRACTION DEVICE, WITH INFLATABLE AIR BLADDER(S)",Cervic collar w air bladders,N,01/30/2020
33823,26,E0860,74,1,"TRACTION EQUIPMENT, OVERDOOR, CERVICAL",Tract equip cervical tract,N,01/30/2020
