contractor_name_type,document_display_id,document_id,document_type,document_version,effective_date,note,retirement_date,title,updated_on,updated_on_sort,url
"Wellpoint Federal
(MAC - Part A, MAC - Part B)",L40330,40330,LCD,6,09/27/2026,Future(Notice Ends 09/26/2026),N/A,Allergy Diagnostic Testing,08/06/2026,20260806151607,https://www.cms.gov/medicare-coverage-database/view/lcd.aspx?lcdid=40330&ver=6
"Palmetto GBA
(MAC - Part A, MAC - Part B)",L40328,40328,LCD,5,09/27/2026,Future(Notice Ends 09/26/2026),N/A,Allergy Diagnostic Testing,08/06/2026,20260806122547,https://www.cms.gov/medicare-coverage-database/view/lcd.aspx?lcdid=40328&ver=5
"Palmetto GBA
(MAC - Part A, MAC - Part B)",L38026,38026,LCD,30,08/13/2026,,N/A,Corneal Hysteresis,08/06/2026,20260806122059,https://www.cms.gov/medicare-coverage-database/view/lcd.aspx?lcdid=38026&ver=30
"WPS Insurance Corporation
(MAC - Part A, MAC - Part B)",L40341,40341,LCD,6,09/27/2026,Future(Notice Ends 09/26/2026),N/A,Allergy Diagnostic Testing,08/06/2026,20260806111538,https://www.cms.gov/medicare-coverage-database/view/lcd.aspx?lcdid=40341&ver=6
"Noridian Healthcare Solutions, LLC
(MAC - Part A, MAC - Part B)",L40324,40324,LCD,6,09/27/2026,Future(Notice Ends 09/26/2026),N/A,Allergy Diagnostic Testing,08/05/2026,20260805150447,https://www.cms.gov/medicare-coverage-database/view/lcd.aspx?lcdid=40324&ver=6
"Noridian Healthcare Solutions, LLC
(MAC - Part A, MAC - Part B)",L40255,40255,LCD,8,08/13/2026,(Notice Ended 06/20/2026),N/A,Temporary Nontherapeutic Ambulatory Cardiac Monitoring Devices,08/05/2026,20260805083222,https://www.cms.gov/medicare-coverage-database/view/lcd.aspx?lcdid=40255&ver=8
"Wellpoint Federal
(MAC - Part A, MAC - Part B)",L37244,37244,LCD,41,04/01/2026,,N/A,Micro-Invasive Glaucoma Surgery (MIGS),08/04/2026,20260804092329,https://www.cms.gov/medicare-coverage-database/view/lcd.aspx?lcdid=37244&ver=41
"Palmetto GBA
(MAC - Part A, MAC - Part B)",L37761,37761,LCD,23,06/02/2024,Retired,07/31/2026,Magnetic Resonance Image Guided High Intensity Focused Ultrasound (MRgFUS) for Essential Tremor,07/31/2026,20260731230005,https://www.cms.gov/medicare-coverage-database/view/lcd.aspx?lcdid=37761&ver=23
"Wellpoint Federal
(MAC - Part A, MAC - Part B)",L37421,37421,LCD,37,04/01/2026,Retired,07/31/2026,Magnetic Resonance Image Guided High Intensity Focused Ultrasound (MRgFUS) for Tremor,07/31/2026,20260731230005,https://www.cms.gov/medicare-coverage-database/view/lcd.aspx?lcdid=37421&ver=37
"CGS Administrators, LLC
(MAC - Part A, MAC - Part B)",L37790,37790,LCD,21,09/04/2025,Retired,07/31/2026,Magnetic Resonance Guided Focused Ultrasound Surgery System (MRgFUS) for the treatment of neurologic conditions,07/31/2026,20260731230004,https://www.cms.gov/medicare-coverage-database/view/lcd.aspx?lcdid=37790&ver=21
"Wellpoint Federal
(MAC - Part B)",L39027,39027,LCD,8,04/01/2026,,N/A,Respiratory Pathogen Panel Testing,07/30/2026,20260730150224,https://www.cms.gov/medicare-coverage-database/view/lcd.aspx?lcdid=39027&ver=8
"CGS Administrators, LLC
(HHH MAC)",L33942,33942,LCD,50,08/06/2026,,N/A,Physical Therapy - Home Health,07/27/2026,20260727121917,https://www.cms.gov/medicare-coverage-database/view/lcd.aspx?lcdid=33942&ver=50
"CGS Administrators, LLC
(HHH MAC)",L34538,34538,LCD,21,08/06/2026,,N/A,Hospice Determining Terminal Status,07/27/2026,20260727121229,https://www.cms.gov/medicare-coverage-database/view/lcd.aspx?lcdid=34538&ver=21
"CGS Administrators, LLC
(MAC - Part A, MAC - Part B)",L33996,33996,LCD,33,08/06/2026,,N/A,Vitamin D Assay Testing,07/27/2026,20260727111025,https://www.cms.gov/medicare-coverage-database/view/lcd.aspx?lcdid=33996&ver=33
"CGS Administrators, LLC
(MAC - Part A, MAC - Part B)",L34061,34061,LCD,26,08/06/2026,,N/A,Scanning Computerized Ophthalmic Diagnostic Imaging (SCODI),07/27/2026,20260727101046,https://www.cms.gov/medicare-coverage-database/view/lcd.aspx?lcdid=34061&ver=26
"CGS Administrators, LLC
(MAC - Part A, MAC - Part B)",L34246,34246,LCD,26,07/30/2026,,N/A,Routine Foot Care and Debridement of Nails,07/24/2026,20260724174131,https://www.cms.gov/medicare-coverage-database/view/lcd.aspx?lcdid=34246&ver=26
"CGS Administrators, LLC
(MAC - Part A, MAC - Part B)",L34200,34200,LCD,30,07/30/2026,,N/A,Removal of Benign Skin Lesions,07/24/2026,20260724171810,https://www.cms.gov/medicare-coverage-database/view/lcd.aspx?lcdid=34200&ver=30
"CGS Administrators, LLC
(MAC - Part A, MAC - Part B)",L34063,34063,LCD,19,07/30/2026,,N/A,RAST Type Tests,07/24/2026,20260724170946,https://www.cms.gov/medicare-coverage-database/view/lcd.aspx?lcdid=34063&ver=19
"CGS Administrators, LLC
(MAC - Part A, MAC - Part B)",L38920,38920,LCD,16,07/30/2026,,N/A,Off-label Use of Rituximab and Rituximab Biosimilars,07/24/2026,20260724170743,https://www.cms.gov/medicare-coverage-database/view/lcd.aspx?lcdid=38920&ver=16
"CGS Administrators, LLC
(MAC - Part A, MAC - Part B)",L35986,35986,LCD,38,07/30/2026,,N/A,Special Histochemical Stains and Immunohistochemical Stains,07/24/2026,20260724170459,https://www.cms.gov/medicare-coverage-database/view/lcd.aspx?lcdid=35986&ver=38
"CGS Administrators, LLC
(MAC - Part A, MAC - Part B)",L37608,37608,LCD,22,07/30/2026,,N/A,MDS FISH,07/24/2026,20260724161933,https://www.cms.gov/medicare-coverage-database/view/lcd.aspx?lcdid=37608&ver=22
"WPS Insurance Corporation
(MAC - Part A, MAC - Part B)",L34659,34659,LCD,32,07/30/2026,,N/A,Endoscopic Treatment of GERD,07/24/2026,20260724084617,https://www.cms.gov/medicare-coverage-database/view/lcd.aspx?lcdid=34659&ver=32
"WPS Insurance Corporation
(MAC - Part A, MAC - Part B)",L38213,38213,LCD,13,07/30/2026,,N/A,Percutaneous Vertebral Augmentation (PVA) for Vertebral Compression Fracture (VCF),07/24/2026,20260724081055,https://www.cms.gov/medicare-coverage-database/view/lcd.aspx?lcdid=38213&ver=13
"WPS Insurance Corporation
(MAC - Part A, MAC - Part B)",L39905,39905,LCD,5,07/30/2026,,N/A,Cataract Surgery,07/24/2026,20260724074352,https://www.cms.gov/medicare-coverage-database/view/lcd.aspx?lcdid=39905&ver=5
"First Coast Service Options, Inc.
(MAC - Part A, MAC - Part B)",L33912,33912,LCD,23,09/06/2026,Future(Notice Ends 09/05/2026),N/A,Trigger Point Injections,07/17/2026,20260717141112,https://www.cms.gov/medicare-coverage-database/view/lcd.aspx?lcdid=33912&ver=23
"Novitas Solutions, Inc.
(MAC - Part A, MAC - Part B)",L35010,35010,LCD,50,09/06/2026,Future(Notice Ends 09/05/2026),N/A,Trigger Point Injections,07/17/2026,20260717140709,https://www.cms.gov/medicare-coverage-database/view/lcd.aspx?lcdid=35010&ver=50
"CGS Administrators, LLC
(MAC - Part A, MAC - Part B)",L38773,38773,LCD,32,07/23/2026,,N/A,Facet Joint Interventions for Pain Management,07/17/2026,20260717100541,https://www.cms.gov/medicare-coverage-database/view/lcd.aspx?lcdid=38773&ver=32
"Wellpoint Federal
(MAC - Part A, MAC - Part B)",L33398,33398,LCD,40,08/09/2026,(Notice Ended 08/08/2026),N/A,Transcranial Magnetic Stimulation,07/16/2026,20260716135429,https://www.cms.gov/medicare-coverage-database/view/lcd.aspx?lcdid=33398&ver=40
"Wellpoint Federal
(MAC - Part A, MAC - Part B)",L40302,40302,LCD,3,07/15/2026,(Notice Ended 07/14/2026),N/A,Thermal Destruction of the Intraosseous Basivertebral Nerve (BVN) for Vertebrogenic Lower Back Pain,07/16/2026,20260716132953,https://www.cms.gov/medicare-coverage-database/view/lcd.aspx?lcdid=40302&ver=3
"Wellpoint Federal
(MAC - Part A, MAC - Part B)",L33591,33591,LCD,19,04/01/2026,,N/A,RAST Type Tests,07/16/2026,20260716132630,https://www.cms.gov/medicare-coverage-database/view/lcd.aspx?lcdid=33591&ver=19
"Wellpoint Federal
(MAC - Part A, MAC - Part B)",L35000,35000,LCD,156,07/15/2026,(Notice Ended 07/14/2026),N/A,Molecular Pathology Procedures,07/16/2026,20260716132103,https://www.cms.gov/medicare-coverage-database/view/lcd.aspx?lcdid=35000&ver=156
"Wellpoint Federal
(MAC - Part A, MAC - Part B)",L37810,37810,LCD,26,05/15/2026,,N/A,Genomic Sequence Analysis Panels in the Treatment of Solid Organ Neoplasms,07/16/2026,20260716131811,https://www.cms.gov/medicare-coverage-database/view/lcd.aspx?lcdid=37810&ver=26
"Wellpoint Federal
(MAC - Part A, MAC - Part B)",L35936,35936,LCD,59,04/09/2026,,N/A,Facet Joint Interventions for Pain Management,07/16/2026,20260716131536,https://www.cms.gov/medicare-coverage-database/view/lcd.aspx?lcdid=35936&ver=59
"Wellpoint Federal
(MAC - Part A, MAC - Part B)",L40334,40334,LCD,3,07/15/2026,(Notice Ended 07/14/2026),N/A,Erythropoiesis Stimulating Agents,07/16/2026,20260716131248,https://www.cms.gov/medicare-coverage-database/view/lcd.aspx?lcdid=40334&ver=3
"Wellpoint Federal
(MAC - Part A, MAC - Part B)",L39036,39036,LCD,24,05/07/2026,,N/A,Epidural Steroid Injections for Pain Management,07/16/2026,20260716130837,https://www.cms.gov/medicare-coverage-database/view/lcd.aspx?lcdid=39036&ver=24
"Wellpoint Federal
(MAC - Part A, MAC - Part B)",L33394,33394,LCD,55,07/13/2026,,N/A,"Drugs and Biologicals, Coverage of, for Label and Off-Label Uses",07/16/2026,20260716130603,https://www.cms.gov/medicare-coverage-database/view/lcd.aspx?lcdid=33394&ver=55
"Wellpoint Federal
(MAC - Part A, MAC - Part B)",L39770,39770,LCD,15,04/09/2026,,N/A,Cervical Fusion,07/16/2026,20260716113155,https://www.cms.gov/medicare-coverage-database/view/lcd.aspx?lcdid=39770&ver=15
"Wellpoint Federal
(MAC - Part A, MAC - Part B)",L39832,39832,LCD,15,02/22/2026,,N/A,Botulinum Toxin Injections,07/15/2026,20260715174953,https://www.cms.gov/medicare-coverage-database/view/lcd.aspx?lcdid=39832&ver=15
"Wellpoint Federal
(MAC - Part A, MAC - Part B)",L33575,33575,LCD,44,04/01/2026,,N/A,"Varicose Veins of the Lower Extremity, Treatment of",07/14/2026,20260714164159,https://www.cms.gov/medicare-coverage-database/view/lcd.aspx?lcdid=33575&ver=44
"Wellpoint Federal
(MAC - Part A, MAC - Part B)",L35028,35028,LCD,11,04/01/2026,,N/A,Venous Angioplasty with or without Stent Placement for the Treatment of Chronic Cerebrospinal Venous Insufficiency,07/14/2026,20260714164159,https://www.cms.gov/medicare-coverage-database/view/lcd.aspx?lcdid=35028&ver=11
"Wellpoint Federal
(MAC - Part A, MAC - Part B)",L36831,36831,LCD,35,04/01/2026,,N/A,Visual Electrophysiology Testing,07/14/2026,20260714164159,https://www.cms.gov/medicare-coverage-database/view/lcd.aspx?lcdid=36831&ver=35
"Wellpoint Federal
(MAC - Part A, MAC - Part B)",L33574,33574,LCD,38,04/01/2026,,N/A,Visual Fields Testing,07/14/2026,20260714164159,https://www.cms.gov/medicare-coverage-database/view/lcd.aspx?lcdid=33574&ver=38
"Wellpoint Federal
(MAC - Part A, MAC - Part B)",L37535,37535,LCD,19,04/01/2026,,N/A,Vitamin D Assay Testing,07/14/2026,20260714164159,https://www.cms.gov/medicare-coverage-database/view/lcd.aspx?lcdid=37535&ver=19
"Wellpoint Federal
(MAC - Part A, MAC - Part B)",L33636,33636,LCD,53,04/01/2026,,N/A,Routine Foot Care and Debridement of Nails,07/14/2026,20260714164158,https://www.cms.gov/medicare-coverage-database/view/lcd.aspx?lcdid=33636&ver=53
"Wellpoint Federal
(MAC - Part A, MAC - Part B)",L39455,39455,LCD,7,04/01/2026,,N/A,Sacroiliac Joint Injections and Procedures,07/14/2026,20260714164158,https://www.cms.gov/medicare-coverage-database/view/lcd.aspx?lcdid=39455&ver=7
"Wellpoint Federal
(MAC - Part A, MAC - Part B)",L34380,34380,LCD,42,04/01/2026,,N/A,Scanning Computerized Ophthalmic Diagnostic Imaging (SCODI),07/14/2026,20260714164158,https://www.cms.gov/medicare-coverage-database/view/lcd.aspx?lcdid=34380&ver=42
"Wellpoint Federal
(MAC - Part A, MAC - Part B)",L35080,35080,LCD,54,04/01/2026,,N/A,Select Minimally Invasive GERD Procedures,07/14/2026,20260714164158,https://www.cms.gov/medicare-coverage-database/view/lcd.aspx?lcdid=35080&ver=54
"Wellpoint Federal
(MAC - Part A, MAC - Part B)",L33580,33580,LCD,41,04/01/2026,,N/A,Speech-Language Pathology,07/14/2026,20260714164158,https://www.cms.gov/medicare-coverage-database/view/lcd.aspx?lcdid=33580&ver=41
"Wellpoint Federal
(MAC - Part A, MAC - Part B)",L35076,35076,LCD,57,04/01/2026,,N/A,Stereotactic Radiation Therapy: Stereotactic Radiosurgery (SRS) and Stereotactic Body Radiation Therapy (SBRT),07/14/2026,20260714164158,https://www.cms.gov/medicare-coverage-database/view/lcd.aspx?lcdid=35076&ver=57
"Wellpoint Federal
(MAC - Part A, MAC - Part B)",L40168,40168,LCD,9,04/01/2026,,N/A,Superficial Radiation Therapy (SRT) for the Treatment of Nonmelanoma Skin Cancers (NMSC),07/14/2026,20260714164158,https://www.cms.gov/medicare-coverage-database/view/lcd.aspx?lcdid=40168&ver=9
"Wellpoint Federal
(MAC - Part A, MAC - Part B)",L38968,38968,LCD,5,04/01/2026,,N/A,Thyroid Nodule Molecular Testing,07/14/2026,20260714164158,https://www.cms.gov/medicare-coverage-database/view/lcd.aspx?lcdid=38968&ver=5
"Wellpoint Federal
(MAC - Part A, MAC - Part B)",L36039,36039,LCD,13,04/01/2026,,N/A,Total Joint Arthroplasty,07/14/2026,20260714164158,https://www.cms.gov/medicare-coverage-database/view/lcd.aspx?lcdid=36039&ver=13
"Wellpoint Federal
(MAC - Part A, MAC - Part B)",L33579,33579,LCD,39,04/01/2026,,N/A,Transesophageal Echocardiography (TEE),07/14/2026,20260714164158,https://www.cms.gov/medicare-coverage-database/view/lcd.aspx?lcdid=33579&ver=39
"Wellpoint Federal
(MAC - Part A, MAC - Part B)",L33578,33578,LCD,18,04/01/2026,,N/A,Transrectal Ultrasound,07/14/2026,20260714164158,https://www.cms.gov/medicare-coverage-database/view/lcd.aspx?lcdid=33578&ver=18
"Wellpoint Federal
(MAC - Part A, MAC - Part B)",L33577,33577,LCD,44,04/01/2026,,N/A,Transthoracic Echocardiography (TTE),07/14/2026,20260714164158,https://www.cms.gov/medicare-coverage-database/view/lcd.aspx?lcdid=33577&ver=44
"Wellpoint Federal
(MAC - Part A, MAC - Part B)",L39662,39662,LCD,6,04/01/2026,,N/A,Trigger Point Injections (TPI),07/14/2026,20260714164158,https://www.cms.gov/medicare-coverage-database/view/lcd.aspx?lcdid=39662&ver=6
"Wellpoint Federal
(MAC - Part A, MAC - Part B)",L39611,39611,LCD,5,04/01/2026,,N/A,Urine Drug Testing,07/14/2026,20260714164158,https://www.cms.gov/medicare-coverage-database/view/lcd.aspx?lcdid=39611&ver=5
"Wellpoint Federal
(MAC - Part A, MAC - Part B)",L33576,33576,LCD,24,04/01/2026,,N/A,Urodynamics,07/14/2026,20260714164158,https://www.cms.gov/medicare-coverage-database/view/lcd.aspx?lcdid=33576&ver=24
"Wellpoint Federal
(MAC - Part A, MAC - Part B)",L33616,33616,LCD,11,04/01/2026,,N/A,Osteopathic Manipulative Treatment,07/14/2026,20260714164157,https://www.cms.gov/medicare-coverage-database/view/lcd.aspx?lcdid=33616&ver=11
"Wellpoint Federal
(MAC - Part A, MAC - Part B)",L33631,33631,LCD,52,04/01/2026,,N/A,Outpatient Physical and Occupational Therapy Services,07/14/2026,20260714164157,https://www.cms.gov/medicare-coverage-database/view/lcd.aspx?lcdid=33631&ver=52
"Wellpoint Federal
(MAC - Part A, MAC - Part B)",L33622,33622,LCD,36,04/01/2026,,N/A,"Pain Management - Injection of tendon sheaths, ligaments, ganglion cysts, carpal and tarsal tunnels",07/14/2026,20260714164157,https://www.cms.gov/medicare-coverage-database/view/lcd.aspx?lcdid=33622&ver=36
"Wellpoint Federal
(MAC - Part A, MAC - Part B)",L33628,33628,LCD,34,04/01/2026,,N/A,Panretinal (Scatter) Laser Photocoagulation,07/14/2026,20260714164157,https://www.cms.gov/medicare-coverage-database/view/lcd.aspx?lcdid=33628&ver=34
"Wellpoint Federal
(MAC - Part A, MAC - Part B)",L33623,33623,LCD,26,04/01/2026,,N/A,Percutaneous Coronary Intervention,07/14/2026,20260714164157,https://www.cms.gov/medicare-coverage-database/view/lcd.aspx?lcdid=33623&ver=26
"Wellpoint Federal
(MAC - Part A, MAC - Part B)",L33569,33569,LCD,32,04/01/2026,,N/A,Percutaneous Vertebral Augmentation (PVA) for Osteoporotic Vertebral Compression Fracture (VCF),07/14/2026,20260714164157,https://www.cms.gov/medicare-coverage-database/view/lcd.aspx?lcdid=33569&ver=32
"Wellpoint Federal
(MAC - Part A, MAC - Part B)",L36850,36850,LCD,25,04/01/2026,,N/A,Peripheral Nerve Blocks,07/14/2026,20260714164157,https://www.cms.gov/medicare-coverage-database/view/lcd.aspx?lcdid=36850&ver=25
"Wellpoint Federal
(MAC - Part A, MAC - Part B)",L39995,39995,LCD,6,04/01/2026,,N/A,Pharmacogenomic Testing,07/14/2026,20260714164157,https://www.cms.gov/medicare-coverage-database/view/lcd.aspx?lcdid=39995&ver=6
"Wellpoint Federal
(MAC - Part A, MAC - Part B)",L38937,38937,LCD,7,04/01/2026,,N/A,Platelet Rich Plasma,07/14/2026,20260714164157,https://www.cms.gov/medicare-coverage-database/view/lcd.aspx?lcdid=38937&ver=7
"Wellpoint Federal
(MAC - Part A, MAC - Part B)",L33396,33396,LCD,11,04/01/2026,,N/A,Posterior Tibial Nerve Stimulation for Voiding Dysfunction,07/14/2026,20260714164157,https://www.cms.gov/medicare-coverage-database/view/lcd.aspx?lcdid=33396&ver=11
"Wellpoint Federal
(MAC - Part A, MAC - Part B)",L35075,35075,LCD,35,04/01/2026,,N/A,Proton Beam Therapy,07/14/2026,20260714164157,https://www.cms.gov/medicare-coverage-database/view/lcd.aspx?lcdid=35075&ver=35
"Wellpoint Federal
(MAC - Part A, MAC - Part B)",L33624,33624,LCD,34,04/01/2026,,N/A,Psychiatric Inpatient Hospitalization,07/14/2026,20260714164157,https://www.cms.gov/medicare-coverage-database/view/lcd.aspx?lcdid=33624&ver=34
"Wellpoint Federal
(MAC - Part A, MAC - Part B)",L33626,33626,LCD,45,04/01/2026,,N/A,Psychiatric Partial Hospitalization Programs,07/14/2026,20260714164157,https://www.cms.gov/medicare-coverage-database/view/lcd.aspx?lcdid=33626&ver=45
"Wellpoint Federal
(MAC - Part A, MAC - Part B)",L33632,33632,LCD,83,04/01/2026,,N/A,Psychiatry and Psychology Services,07/14/2026,20260714164157,https://www.cms.gov/medicare-coverage-database/view/lcd.aspx?lcdid=33632&ver=83
"Wellpoint Federal
(MAC - Part A, MAC - Part B)",L35001,35001,LCD,12,04/01/2026,,N/A,Reduction Mammaplasty,07/14/2026,20260714164157,https://www.cms.gov/medicare-coverage-database/view/lcd.aspx?lcdid=35001&ver=12
"Wellpoint Federal
(MAC - Part A, MAC - Part B)",L39726,39726,LCD,4,04/01/2026,,N/A,KidneyIntelX and KidneyIntelX.dkd Testing,07/14/2026,20260714164156,https://www.cms.gov/medicare-coverage-database/view/lcd.aspx?lcdid=39726&ver=4
"Wellpoint Federal
(MAC - Part A, MAC - Part B)",L33633,33633,LCD,50,04/01/2026,,N/A,Magnetic Resonance Angiography (MRA),07/14/2026,20260714164156,https://www.cms.gov/medicare-coverage-database/view/lcd.aspx?lcdid=33633&ver=50
"Wellpoint Federal
(MAC - Part A, MAC - Part B)",L39189,39189,LCD,8,04/01/2026,,N/A,Mass Spectrometry (MS) Testing in Monoclonal Gammopathy (MG),07/14/2026,20260714164156,https://www.cms.gov/medicare-coverage-database/view/lcd.aspx?lcdid=39189&ver=8
"Wellpoint Federal
(MAC - Part A, MAC - Part B)",L36406,36406,LCD,10,04/01/2026,,N/A,Minimally-invasive Surgical (MIS) Fusion of the Sacroiliac (SI) Joint,07/14/2026,20260714164156,https://www.cms.gov/medicare-coverage-database/view/lcd.aspx?lcdid=36406&ver=10
"Wellpoint Federal
(MAC - Part A, MAC - Part B)",L38371,38371,LCD,13,04/01/2026,,N/A,Multimarker Serum Tests Related to Ovarian Cancer Testing,07/14/2026,20260714164156,https://www.cms.gov/medicare-coverage-database/view/lcd.aspx?lcdid=38371&ver=13
"Wellpoint Federal
(MAC - Part A, MAC - Part B)",L39226,39226,LCD,13,04/01/2026,,N/A,Multiplex Gastrointestinal Pathogen Panel (GPP) Tests for Acute Gastroenteritis (AGE),07/14/2026,20260714164156,https://www.cms.gov/medicare-coverage-database/view/lcd.aspx?lcdid=39226&ver=13
"Wellpoint Federal
(MAC - Part A, MAC - Part B)",L35098,35098,LCD,28,04/01/2026,,N/A,Nerve Conduction Studies and Electromyography,07/14/2026,20260714164156,https://www.cms.gov/medicare-coverage-database/view/lcd.aspx?lcdid=35098&ver=28
"Wellpoint Federal
(MAC - Part A, MAC - Part B)",L39075,39075,LCD,15,04/01/2026,,N/A,Non-Invasive Fractional Flow Reserve (FFR) for Ischemic Heart Disease,07/14/2026,20260714164156,https://www.cms.gov/medicare-coverage-database/view/lcd.aspx?lcdid=39075&ver=15
"Wellpoint Federal
(MAC - Part A, MAC - Part B)",L33627,33627,LCD,90,04/01/2026,,N/A,Non-Invasive Vascular Studies,07/14/2026,20260714164156,https://www.cms.gov/medicare-coverage-database/view/lcd.aspx?lcdid=33627&ver=90
"Wellpoint Federal
(MAC - Part A, MAC - Part B)",L33619,33619,LCD,25,04/01/2026,,N/A,Nonvascular Extremity Ultrasound,07/14/2026,20260714164156,https://www.cms.gov/medicare-coverage-database/view/lcd.aspx?lcdid=33619&ver=25
"Wellpoint Federal
(MAC - Part A, MAC - Part B)",L39314,39314,LCD,12,04/01/2026,,N/A,Off-Label Use of Intravenous Immune Globulin (IVIG),07/14/2026,20260714164156,https://www.cms.gov/medicare-coverage-database/view/lcd.aspx?lcdid=39314&ver=12
"Wellpoint Federal
(MAC - Part A, MAC - Part B)",L39297,39297,LCD,7,04/01/2026,,N/A,Off-label Use of Rituximab and Rituximab Biosimilars,07/14/2026,20260714164156,https://www.cms.gov/medicare-coverage-database/view/lcd.aspx?lcdid=39297&ver=7
"Wellpoint Federal
(MAC - Part A, MAC - Part B)",L33621,33621,LCD,16,04/01/2026,,N/A,Ophthalmic Biometry for Intraocular Lens Power Calculation,07/14/2026,20260714164156,https://www.cms.gov/medicare-coverage-database/view/lcd.aspx?lcdid=33621&ver=16
"Wellpoint Federal
(MAC - Part A, MAC - Part B)",L33567,33567,LCD,28,04/01/2026,,N/A,Ophthalmology: Posterior Segment Imaging (Extended Ophthalmoscopy and Fundus Photography),07/14/2026,20260714164156,https://www.cms.gov/medicare-coverage-database/view/lcd.aspx?lcdid=33567&ver=28
"Wellpoint Federal
(MAC - Part A, MAC - Part B)",L38571,38571,LCD,9,04/01/2026,,N/A,Colon Capsule Endoscopy (CCE),07/14/2026,20260714164155,https://www.cms.gov/medicare-coverage-database/view/lcd.aspx?lcdid=38571&ver=9
"Wellpoint Federal
(MAC - Part A, MAC - Part B)",L38667,38667,LCD,4,04/01/2026,,N/A,Computed Tomography Cerebral Perfusion Analysis (CTP),07/14/2026,20260714164155,https://www.cms.gov/medicare-coverage-database/view/lcd.aspx?lcdid=38667&ver=4
"Wellpoint Federal
(MAC - Part A, MAC - Part B)",L38014,38014,LCD,9,04/01/2026,,N/A,Corneal Hysteresis,07/14/2026,20260714164155,https://www.cms.gov/medicare-coverage-database/view/lcd.aspx?lcdid=38014&ver=9
"Wellpoint Federal
(MAC - Part A, MAC - Part B)",L33630,33630,LCD,28,04/01/2026,,N/A,Corneal Pachymetry,07/14/2026,20260714164155,https://www.cms.gov/medicare-coverage-database/view/lcd.aspx?lcdid=33630&ver=28
"Wellpoint Federal
(MAC - Part A, MAC - Part B)",L33614,33614,LCD,27,04/01/2026,,N/A,Debridement Services,07/14/2026,20260714164155,https://www.cms.gov/medicare-coverage-database/view/lcd.aspx?lcdid=33614&ver=27
"Wellpoint Federal
(MAC - Part A, MAC - Part B)",L33399,33399,LCD,15,04/01/2026,,N/A,EEG – Ambulatory Monitoring,07/14/2026,20260714164155,https://www.cms.gov/medicare-coverage-database/view/lcd.aspx?lcdid=33399&ver=15
"Wellpoint Federal
(MAC - Part A, MAC - Part B)",L38367,38367,LCD,32,04/01/2026,,N/A,Fluid Jet System Treatment for LUTS/BPH,07/14/2026,20260714164155,https://www.cms.gov/medicare-coverage-database/view/lcd.aspx?lcdid=38367&ver=32
"Wellpoint Federal
(MAC - Part A, MAC - Part B)",L37475,37475,LCD,18,04/01/2026,,N/A,Frequency of Hemodialysis,07/14/2026,20260714164155,https://www.cms.gov/medicare-coverage-database/view/lcd.aspx?lcdid=37475&ver=18
"Wellpoint Federal
(MAC - Part A, MAC - Part B)",L37606,37606,LCD,18,04/01/2026,,N/A,Genomic Sequence Analysis Panels in the Treatment of Hematolymphoid Diseases,07/14/2026,20260714164155,https://www.cms.gov/medicare-coverage-database/view/lcd.aspx?lcdid=37606&ver=18
"Wellpoint Federal
(MAC - Part A, MAC - Part B)",L35074,35074,LCD,33,04/01/2026,,N/A,Heavy Metal Testing,07/14/2026,20260714164155,https://www.cms.gov/medicare-coverage-database/view/lcd.aspx?lcdid=35074&ver=33
"Wellpoint Federal
(MAC - Part A, MAC - Part B)",L38387,38387,LCD,8,04/01/2026,,N/A,Hypoglossal Nerve Stimulation for the Treatment of Obstructive Sleep Apnea,07/14/2026,20260714164155,https://www.cms.gov/medicare-coverage-database/view/lcd.aspx?lcdid=38387&ver=8
"Wellpoint Federal
(MAC - Part A, MAC - Part B)",L38623,38623,LCD,21,04/01/2026,,N/A,Implantable Continuous Glucose Monitors (I-CGM),07/14/2026,20260714164155,https://www.cms.gov/medicare-coverage-database/view/lcd.aspx?lcdid=38623&ver=21
"Wellpoint Federal
(MAC - Part A, MAC - Part B)",L33563,33563,LCD,27,04/01/2026,,N/A,"Incision and Drainage (I &amp; D) of Abscess of Skin, Subcutaneous and Accessory Structures",07/14/2026,20260714164155,https://www.cms.gov/medicare-coverage-database/view/lcd.aspx?lcdid=33563&ver=27
"Wellpoint Federal
(MAC - Part A, MAC - Part B)",L40048,40048,LCD,6,04/01/2026,,N/A,Allergen Immunotherapy (AIT) with Subcutaneous Immunotherapy (SCIT),07/14/2026,20260714164154,https://www.cms.gov/medicare-coverage-database/view/lcd.aspx?lcdid=40048&ver=6
"Wellpoint Federal
(MAC - Part A, MAC - Part B)",L39513,39513,LCD,4,04/01/2026,,N/A,Allogeneic Hematopoietic Cell Transplantation for Primary Refractory or Relapsed Hodgkin and Non-Hodgkin Lymphoma with B-cell or T-cell Origin,07/14/2026,20260714164154,https://www.cms.gov/medicare-coverage-database/view/lcd.aspx?lcdid=39513&ver=4
"Wellpoint Federal
(MAC - Part A, MAC - Part B)",L39139,39139,LCD,5,04/01/2026,,N/A,"Amniotic and Placental-Derived Product Injections and/or Applications for Musculoskeletal Indications, Non-Wound",07/14/2026,20260714164154,https://www.cms.gov/medicare-coverage-database/view/lcd.aspx?lcdid=39139&ver=5
"Wellpoint Federal
(MAC - Part A, MAC - Part B)",L39863,39863,LCD,10,04/01/2026,,N/A,Artificial Intelligence Enabled CT Based Quantitative Coronary Topography (AI-QCT)/Coronary Plaque Analysis (AI-CPA),07/14/2026,20260714164154,https://www.cms.gov/medicare-coverage-database/view/lcd.aspx?lcdid=39863&ver=10
"Wellpoint Federal
(MAC - Part A, MAC - Part B)",L36236,36236,LCD,18,04/01/2026,,N/A,Autonomic Function Testing,07/14/2026,20260714164154,https://www.cms.gov/medicare-coverage-database/view/lcd.aspx?lcdid=36236&ver=18
"Wellpoint Federal
(MAC - Part A, MAC - Part B)",L33573,33573,LCD,25,04/01/2026,,N/A,B-type Natriuretic Peptide (BNP) Testing,07/14/2026,20260714164154,https://www.cms.gov/medicare-coverage-database/view/lcd.aspx?lcdid=33573&ver=25
"Wellpoint Federal
(MAC - Part A, MAC - Part B)",L33585,33585,LCD,34,04/01/2026,,N/A,Breast Imaging: Breast Echography (Sonography)/Breast MRI/Ductography,07/14/2026,20260714164154,https://www.cms.gov/medicare-coverage-database/view/lcd.aspx?lcdid=33585&ver=34
"Wellpoint Federal
(MAC - Part A, MAC - Part B)",L33557,33557,LCD,48,04/01/2026,,N/A,Cardiac Catheterization and Coronary Angiography,07/14/2026,20260714164154,https://www.cms.gov/medicare-coverage-database/view/lcd.aspx?lcdid=33557&ver=48
"Wellpoint Federal
(MAC - Part A, MAC - Part B)",L33559,33559,LCD,29,04/01/2026,,N/A,Cardiac Computed Tomography (CCT) and Coronary Computed Tomography Angiography (CCTA),07/14/2026,20260714164154,https://www.cms.gov/medicare-coverage-database/view/lcd.aspx?lcdid=33559&ver=29
"Wellpoint Federal
(MAC - Part A, MAC - Part B)",L33560,33560,LCD,36,04/01/2026,,N/A,Cardiovascular Nuclear Medicine,07/14/2026,20260714164154,https://www.cms.gov/medicare-coverage-database/view/lcd.aspx?lcdid=33560&ver=36
"Wellpoint Federal
(MAC - Part A, MAC - Part B)",L33558,33558,LCD,33,04/01/2026,,N/A,Cataract Extraction,07/14/2026,20260714164154,https://www.cms.gov/medicare-coverage-database/view/lcd.aspx?lcdid=33558&ver=33
"Wellpoint Federal
(HHH MAC)",L33393,33393,LCD,10,04/01/2026,,N/A,Hospice - Determining Terminal Status,07/14/2026,20260714145611,https://www.cms.gov/medicare-coverage-database/view/lcd.aspx?lcdid=33393&ver=10
"Palmetto GBA
(MAC - Part A, MAC - Part B)",L39128,39128,LCD,15,07/16/2026,,N/A,"Amniotic and Placental-Derived Product Injections and/or Applications for Musculoskeletal Indications, Non-Wound",07/10/2026,20260710150155,https://www.cms.gov/medicare-coverage-database/view/lcd.aspx?lcdid=39128&ver=15
"CGS Administrators, LLC
(MAC - Part A, MAC - Part B)",L40140,40140,LCD,6,08/30/2026,Future(Notice Ends 08/29/2026),N/A,MolDX: Molecular Testing for Solid Organ Allograft Rejection,07/10/2026,20260710102728,https://www.cms.gov/medicare-coverage-database/view/lcd.aspx?lcdid=40140&ver=6
"WPS Insurance Corporation
(MAC - Part A, MAC - Part B)",L40249,40249,LCD,5,08/30/2026,Future(Notice Ends 08/29/2026),N/A,MolDX: Molecular Testing for Solid Organ Allograft Rejection,07/10/2026,20260710084352,https://www.cms.gov/medicare-coverage-database/view/lcd.aspx?lcdid=40249&ver=5
"Noridian Healthcare Solutions, LLC
(MAC - Part A, MAC - Part B)",L40062,40062,LCD,6,08/30/2026,Future(Notice Ends 08/29/2026),N/A,MolDX: Molecular Testing for Solid Organ Allograft Rejection,07/09/2026,20260709121653,https://www.cms.gov/medicare-coverage-database/view/lcd.aspx?lcdid=40062&ver=6
"Noridian Healthcare Solutions, LLC
(MAC - Part A, MAC - Part B)",L40060,40060,LCD,6,08/30/2026,Future(Notice Ends 08/29/2026),N/A,MolDX: Molecular Testing for Solid Organ Allograft Rejection,07/09/2026,20260709121556,https://www.cms.gov/medicare-coverage-database/view/lcd.aspx?lcdid=40060&ver=6
"Palmetto GBA
(MAC - Part A, MAC - Part B)",L40058,40058,LCD,7,08/30/2026,Future(Notice Ends 08/29/2026),N/A,MolDX: Molecular Testing for Solid Organ Allograft Rejection,07/08/2026,20260708153202,https://www.cms.gov/medicare-coverage-database/view/lcd.aspx?lcdid=40058&ver=7
"CGS Administrators, LLC
(MAC - Part A, MAC - Part B)",L36485,36485,LCD,23,07/16/2026,,N/A,MolDX: HLA-DQB1*06:02 Testing for Narcolepsy,07/08/2026,20260708103343,https://www.cms.gov/medicare-coverage-database/view/lcd.aspx?lcdid=36485&ver=23
"CGS Administrators, LLC
(MAC - Part A, MAC - Part B)",L39427,39427,LCD,7,07/09/2026,,N/A,MolDX: Molecular Biomarker Testing to Guide Targeted Therapy Selection in Rheumatoid Arthritis,07/02/2026,20260702092950,https://www.cms.gov/medicare-coverage-database/view/lcd.aspx?lcdid=39427&ver=7
"CGS Administrators, LLC
(MAC - Part A, MAC - Part B)",L36113,36113,LCD,25,07/09/2026,,N/A,MolDX: MGMT Promoter Methylation Analysis,07/02/2026,20260702091017,https://www.cms.gov/medicare-coverage-database/view/lcd.aspx?lcdid=36113&ver=25
"CGS Administrators, LLC
(MAC - Part A, MAC - Part B)",L33952,33952,LCD,20,12/04/2025,Retired,06/27/2026,Cardiac Event Detection,06/27/2026,20260627010034,https://www.cms.gov/medicare-coverage-database/view/lcd.aspx?lcdid=33952&ver=20
"Palmetto GBA
(MAC - Part A)",L34573,34573,LCD,31,01/14/2025,Retired,06/27/2026,Cardiac Event Detection,06/27/2026,20260627010034,https://www.cms.gov/medicare-coverage-database/view/lcd.aspx?lcdid=34573&ver=31
"Palmetto GBA
(MAC - Part A, MAC - Part B)",L40187,40187,LCD,3,08/10/2026,(Notice Ended 08/09/2026),N/A,MolDX: Biomarker Testing in Metabolic Dysfunction-Associated Steatotic Liver Disease and Metabolic Dysfunction-Associated Steatohepatitis,06/19/2026,20260619111306,https://www.cms.gov/medicare-coverage-database/view/lcd.aspx?lcdid=40187&ver=3
"CGS Administrators, LLC
(DME MAC)

Noridian Healthcare Solutions, LLC
(DME MAC)",L33610,33610,LCD,70,07/01/2026,,N/A,Intravenous Immune Globulin,06/19/2026,20260619100256,https://www.cms.gov/medicare-coverage-database/view/lcd.aspx?lcdid=33610&ver=70
"CGS Administrators, LLC
(DME MAC)

Noridian Healthcare Solutions, LLC
(DME MAC)",L33794,33794,LCD,171,07/01/2026,,N/A,External Infusion Pumps,06/19/2026,20260619100046,https://www.cms.gov/medicare-coverage-database/view/lcd.aspx?lcdid=33794&ver=171
"Noridian Healthcare Solutions, LLC
(MAC - Part A, MAC - Part B)",L40197,40197,LCD,4,08/10/2026,(Notice Ended 08/09/2026),N/A,MolDX: Biomarker Testing in Metabolic Dysfunction-Associated Steatotic Liver Disease and Metabolic Dysfunction-Associated Steatohepatitis,06/19/2026,20260619091526,https://www.cms.gov/medicare-coverage-database/view/lcd.aspx?lcdid=40197&ver=4
"CGS Administrators, LLC
(MAC - Part A, MAC - Part B)",L39938,39938,LCD,5,06/25/2026,,N/A,MolDX: Genetic Testing for Heritable Thoracic Aortic Disease,06/19/2026,20260619082450,https://www.cms.gov/medicare-coverage-database/view/lcd.aspx?lcdid=39938&ver=5
"CGS Administrators, LLC
(MAC - Part A, MAC - Part B)",L40199,40199,LCD,4,08/10/2026,(Notice Ended 08/09/2026),N/A,MolDX: Biomarker Testing in Metabolic Dysfunction-Associated Steatotic Liver Disease and Metabolic Dysfunction-Associated Steatohepatitis,06/19/2026,20260619081942,https://www.cms.gov/medicare-coverage-database/view/lcd.aspx?lcdid=40199&ver=4
"WPS Insurance Corporation
(MAC - Part A, MAC - Part B)",L38678,38678,LCD,11,06/25/2026,,N/A,MolDX: Phenotypic Biomarker Detection from Circulating Tumor Cells,06/18/2026,20260618113247,https://www.cms.gov/medicare-coverage-database/view/lcd.aspx?lcdid=38678&ver=11
"WPS Insurance Corporation
(MAC - Part A, MAC - Part B)",L40272,40272,LCD,3,08/10/2026,(Notice Ended 08/09/2026),N/A,MolDX: Biomarker Testing in Metabolic Dysfunction-Associated Steatotic Liver Disease and Metabolic Dysfunction-Associated Steatohepatitis,06/18/2026,20260618112039,https://www.cms.gov/medicare-coverage-database/view/lcd.aspx?lcdid=40272&ver=3
"WPS Insurance Corporation
(MAC - Part A, MAC - Part B)",L39711,39711,LCD,5,06/25/2026,,N/A,MolDX: Molecular Biomarkers for Risk Stratification of Indeterminate Pulmonary Nodules Following Bronchoscopy,06/18/2026,20260618084946,https://www.cms.gov/medicare-coverage-database/view/lcd.aspx?lcdid=39711&ver=5
"WPS Insurance Corporation
(MAC - Part A, MAC - Part B)",L38686,38686,LCD,18,06/25/2026,,N/A,Implantable Continuous Glucose Monitors (I-CGM),06/18/2026,20260618084446,https://www.cms.gov/medicare-coverage-database/view/lcd.aspx?lcdid=38686&ver=18
"WPS Insurance Corporation
(MAC - Part A, MAC - Part B)",L39044,39044,LCD,15,06/25/2026,,N/A,MolDX: Molecular Syndromic Panels for Infectious Disease Pathogen Identification Testing,06/18/2026,20260618084136,https://www.cms.gov/medicare-coverage-database/view/lcd.aspx?lcdid=39044&ver=15
"CGS Administrators, LLC
(MAC - Part A, MAC - Part B)",L38582,38582,LCD,11,06/18/2026,,N/A,MolDX: Molecular Testing for Solid Organ Allograft Rejection,06/08/2026,20260608082947,https://www.cms.gov/medicare-coverage-database/view/lcd.aspx?lcdid=38582&ver=11
"CGS Administrators, LLC
(MAC - Part A, MAC - Part B)",L39658,39658,LCD,5,06/18/2026,,N/A,MolDX: Molecular Biomarkers for Risk Stratification of Indeterminate Pulmonary Nodules Following Bronchoscopy,06/08/2026,20260608082733,https://www.cms.gov/medicare-coverage-database/view/lcd.aspx?lcdid=39658&ver=5
"CGS Administrators, LLC
(MAC - Part A, MAC - Part B)",L40000,40000,LCD,4,06/18/2026,,N/A,MolDX: Non-Next Generation Sequencing Tests for the Diagnosis of BCR-ABL Negative Myeloproliferative Neoplasms,06/08/2026,20260608082421,https://www.cms.gov/medicare-coverage-database/view/lcd.aspx?lcdid=40000&ver=4
"Palmetto GBA
(MAC - Part A, MAC - Part B)",L33459,33459,LCD,46,06/11/2026,,N/A,"Computerized Axial Tomography (CT), Thorax",06/03/2026,20260603101838,https://www.cms.gov/medicare-coverage-database/view/lcd.aspx?lcdid=33459&ver=46
"CGS Administrators, LLC
(MAC - Part A, MAC - Part B)",L34353,34353,LCD,35,06/04/2026,,N/A,Outpatient Psychiatry and Psychology Services,05/29/2026,20260529161548,https://www.cms.gov/medicare-coverage-database/view/lcd.aspx?lcdid=34353&ver=35
"CGS Administrators, LLC
(MAC - Part A, MAC - Part B)",L34049,34049,LCD,36,06/04/2026,,N/A,Outpatient Physical and Occupational Therapy Services,05/29/2026,20260529100715,https://www.cms.gov/medicare-coverage-database/view/lcd.aspx?lcdid=34049&ver=36
"CGS Administrators, LLC
(MAC - Part A, MAC - Part B)",L34181,34181,LCD,28,06/04/2026,,N/A,Ophthalmic Biometry for Intraocular Lens Power Calculation,05/29/2026,20260529090829,https://www.cms.gov/medicare-coverage-database/view/lcd.aspx?lcdid=34181&ver=28
"CGS Administrators, LLC
(MAC - Part A, MAC - Part B)",L34399,34399,LCD,30,06/04/2026,,N/A,Ophthalmology: Posterior Segment Imaging (Extended Ophthalmoscopy and Fundus Photography),05/29/2026,20260529090435,https://www.cms.gov/medicare-coverage-database/view/lcd.aspx?lcdid=34399&ver=30
"CGS Administrators, LLC
(MAC - Part A, MAC - Part B)",L34171,34171,LCD,18,05/28/2026,,N/A,Nasal Punctum-Nasolacrimal Duct Dilation and Probing with or without Irrigation,05/22/2026,20260522123007,https://www.cms.gov/medicare-coverage-database/view/lcd.aspx?lcdid=34171&ver=18
"CGS Administrators, LLC
(MAC - Part A, MAC - Part B)",L34175,34175,LCD,32,05/28/2026,,N/A,Ophthalmic Angiography (Fluorescein and Indocyanine Green),05/22/2026,20260522114525,https://www.cms.gov/medicare-coverage-database/view/lcd.aspx?lcdid=34175&ver=32
"CGS Administrators, LLC
(MAC - Part A, MAC - Part B)",L37905,37905,LCD,18,05/28/2026,,N/A,"MolDX: Envisia™, Veracyte™, Idiopathic Pulmonary Fibrosis Diagnostic Test",05/22/2026,20260522113228,https://www.cms.gov/medicare-coverage-database/view/lcd.aspx?lcdid=37905&ver=18
"CGS Administrators, LLC
(MAC - Part A, MAC - Part B)",L39585,39585,LCD,5,05/28/2026,,N/A,MolDX: Molecular Biomarker Testing for Risk Stratification of Cutaneous Squamous Cell Carcinoma,05/22/2026,20260522112141,https://www.cms.gov/medicare-coverage-database/view/lcd.aspx?lcdid=39585&ver=5
"CGS Administrators, LLC
(MAC - Part A, MAC - Part B)",L39650,39650,LCD,7,05/28/2026,,N/A,MolDX: Molecular Testing for Risk Stratification of Thyroid Nodules,05/22/2026,20260522111506,https://www.cms.gov/medicare-coverage-database/view/lcd.aspx?lcdid=39650&ver=7
"WPS Insurance Corporation
(MAC - Part A, MAC - Part B)",L38839,38839,LCD,12,05/28/2026,,N/A,Non-Invasive Fractional Flow Reserve (FFR) for Ischemic Heart Disease,05/21/2026,20260521102447,https://www.cms.gov/medicare-coverage-database/view/lcd.aspx?lcdid=38839&ver=12
"WPS Insurance Corporation
(MAC - Part A, MAC - Part B)",L38211,38211,LCD,17,05/28/2026,,N/A,Corneal Hysteresis,05/21/2026,20260521102224,https://www.cms.gov/medicare-coverage-database/view/lcd.aspx?lcdid=38211&ver=17
"WPS Insurance Corporation
(MAC - Part A, MAC - Part B)",L36000,36000,LCD,21,06/27/2024,,N/A,Percutaneous minimally invasive fusion/stabilization of the sacroiliac joint for the treatment of back pain,05/21/2026,20260521102042,https://www.cms.gov/medicare-coverage-database/view/lcd.aspx?lcdid=36000&ver=21
"WPS Insurance Corporation
(MAC - Part A, MAC - Part B)",L38841,38841,LCD,20,05/28/2026,,N/A,Facet Joint Interventions for Pain Management,05/21/2026,20260521101859,https://www.cms.gov/medicare-coverage-database/view/lcd.aspx?lcdid=38841&ver=20
"WPS Insurance Corporation
(MAC - Part A, MAC - Part B)",L39788,39788,LCD,11,12/26/2024,,N/A,Cervical Fusion,05/21/2026,20260521101647,https://www.cms.gov/medicare-coverage-database/view/lcd.aspx?lcdid=39788&ver=11
"WPS Insurance Corporation
(MAC - Part A, MAC - Part B)",L37210,37210,LCD,21,05/28/2026,,N/A,MolDX: Decision Dx-UM (Uveal Melanoma),05/21/2026,20260521101442,https://www.cms.gov/medicare-coverage-database/view/lcd.aspx?lcdid=37210&ver=21
"WPS Insurance Corporation
(MAC - Part A, MAC - Part B)",L39614,39614,LCD,5,05/28/2026,,N/A,MolDX: Molecular Biomarker Testing for Risk Stratification of Cutaneous Squamous Cell Carcinoma,05/21/2026,20260521101248,https://www.cms.gov/medicare-coverage-database/view/lcd.aspx?lcdid=39614&ver=5
"WPS Insurance Corporation
(MAC - Part A, MAC - Part B)",L39720,39720,LCD,7,05/28/2026,,N/A,MolDX: Molecular Testing for Risk Stratification of Thyroid Nodules,05/21/2026,20260521100936,https://www.cms.gov/medicare-coverage-database/view/lcd.aspx?lcdid=39720&ver=7
"First Coast Service Options, Inc.
(MAC - Part A, MAC - Part B)",L33667,33667,LCD,23,10/01/2019,Retired,05/17/2026,Duplex Scan Of Lower Extremity Arteries,05/17/2026,20260517010114,https://www.cms.gov/medicare-coverage-database/view/lcd.aspx?lcdid=33667&ver=23
"Palmetto GBA
(MAC - Part A, MAC - Part B)",L40205,40205,LCD,8,07/05/2026,(Notice Ended 07/04/2026),N/A,Irreversible Electroporation for Cancer,05/14/2026,20260514102932,https://www.cms.gov/medicare-coverage-database/view/lcd.aspx?lcdid=40205&ver=8
"CGS Administrators, LLC
(MAC - Part A, MAC - Part B)",L38586,38586,LCD,13,05/21/2026,,N/A,MolDX: Prognostic and Predictive Molecular Classifiers for Bladder Cancer,05/11/2026,20260511130150,https://www.cms.gov/medicare-coverage-database/view/lcd.aspx?lcdid=38586&ver=13
"CGS Administrators, LLC
(MAC - Part A, MAC - Part B)",L39506,39506,LCD,6,05/21/2026,,N/A,Cosmetic and Reconstructive Surgery,05/11/2026,20260511125801,https://www.cms.gov/medicare-coverage-database/view/lcd.aspx?lcdid=39506&ver=6
"Palmetto GBA
(MAC - Part A, MAC - Part B)",L38276,38276,LCD,12,05/14/2026,,N/A,Hypoglossal Nerve Stimulation for Obstructive Sleep Apnea,05/08/2026,20260508102408,https://www.cms.gov/medicare-coverage-database/view/lcd.aspx?lcdid=38276&ver=12
"Palmetto GBA
(MAC - Part A, MAC - Part B)",L40257,40257,LCD,7,06/28/2026,(Notice Ended 06/27/2026),N/A,Temporary Nontherapeutic Ambulatory Cardiac Monitoring Devices,05/08/2026,20260508102327,https://www.cms.gov/medicare-coverage-database/view/lcd.aspx?lcdid=40257&ver=7
"CGS Administrators, LLC
(MAC - Part A, MAC - Part B)",L40244,40244,LCD,4,06/28/2026,(Notice Ended 06/27/2026),N/A,Temporary Nontherapeutic Ambulatory Cardiac Monitoring Devices,05/08/2026,20260508091037,https://www.cms.gov/medicare-coverage-database/view/lcd.aspx?lcdid=40244&ver=4
"Noridian Healthcare Solutions, LLC
(MAC - Part A, MAC - Part B)",L39240,39240,LCD,15,04/16/2026,,N/A,Epidural Steroid Injections for Pain Management,05/07/2026,20260507151849,https://www.cms.gov/medicare-coverage-database/view/lcd.aspx?lcdid=39240&ver=15
"Noridian Healthcare Solutions, LLC
(MAC - Part A, MAC - Part B)",L34209,34209,LCD,43,05/14/2026,,N/A,Treatment of Varicose Veins of the Lower Extremities,05/05/2026,20260505155641,https://www.cms.gov/medicare-coverage-database/view/lcd.aspx?lcdid=34209&ver=43
"CGS Administrators, LLC
(DME MAC)

Noridian Healthcare Solutions, LLC
(DME MAC)",L33832,33832,LCD,20,01/01/2024,,N/A,Tracheostomy Care Supplies,05/05/2026,20260505085818,https://www.cms.gov/medicare-coverage-database/view/lcd.aspx?lcdid=33832&ver=20
"CGS Administrators, LLC
(MAC - Part A, MAC - Part B)",L35897,35897,LCD,32,05/07/2026,,N/A,Nerve Conduction Studies and Electromyography,04/29/2026,20260429113200,https://www.cms.gov/medicare-coverage-database/view/lcd.aspx?lcdid=35897&ver=32
"CGS Administrators, LLC
(MAC - Part A, MAC - Part B)",L35249,35249,LCD,20,05/07/2026,,N/A,Nerve Blocks for Peripheral Neuropathy,04/29/2026,20260429104933,https://www.cms.gov/medicare-coverage-database/view/lcd.aspx?lcdid=35249&ver=20
"CGS Administrators, LLC
(MAC - Part A, MAC - Part B)",L34195,34195,LCD,28,05/07/2026,,N/A,Mohs Micrographic Surgery,04/29/2026,20260429104448,https://www.cms.gov/medicare-coverage-database/view/lcd.aspx?lcdid=34195&ver=28
"WPS Insurance Corporation
(MAC - Part A, MAC - Part B)",L39054,39054,LCD,17,04/30/2026,,N/A,Epidural Steroid Injections for Pain Management,04/21/2026,20260421135842,https://www.cms.gov/medicare-coverage-database/view/lcd.aspx?lcdid=39054&ver=17
"WPS Insurance Corporation
(MAC - Part A, MAC - Part B)",L36805,36805,LCD,27,04/30/2026,,N/A,Lab: Special Histochemical Stains and Immunohistochemical Stains,04/21/2026,20260421135112,https://www.cms.gov/medicare-coverage-database/view/lcd.aspx?lcdid=36805&ver=27
"WPS Insurance Corporation
(MAC - Part A, MAC - Part B)",L38178,38178,LCD,11,04/30/2026,,N/A,MolDX: Pigmented Lesion Assay,04/21/2026,20260421134628,https://www.cms.gov/medicare-coverage-database/view/lcd.aspx?lcdid=38178&ver=11
"CGS Administrators, LLC
(MAC - Part A, MAC - Part B)",L40179,40179,LCD,7,03/01/2026,,N/A,Superficial Radiation Therapy (SRT) for the Treatment of Nonmelanoma Skin Cancers (NMSC),04/17/2026,20260417163932,https://www.cms.gov/medicare-coverage-database/view/lcd.aspx?lcdid=40179&ver=7
"Noridian Healthcare Solutions, LLC
(MAC - Part A, MAC - Part B)",L38803,38803,LCD,17,07/17/2025,Retired,04/16/2026,Facet Joint Interventions for Pain Management,04/16/2026,20260416010049,https://www.cms.gov/medicare-coverage-database/view/lcd.aspx?lcdid=38803&ver=17
"CGS Administrators, LLC
(MAC - Part A, MAC - Part B)",L39015,39015,LCD,16,04/16/2026,,N/A,Epidural Steroid Injections for Pain Management,04/10/2026,20260410161915,https://www.cms.gov/medicare-coverage-database/view/lcd.aspx?lcdid=39015&ver=16
"First Coast Service Options, Inc.
(MAC - Part A, MAC - Part B)",L33906,33906,LCD,75,04/09/2026,,N/A,Epidural Steroid Injections for Pain Management,04/10/2026,20260410142703,https://www.cms.gov/medicare-coverage-database/view/lcd.aspx?lcdid=33906&ver=75
"Novitas Solutions, Inc.
(MAC - Part A, MAC - Part B)",L36920,36920,LCD,107,04/09/2026,,N/A,Epidural Steroid Injections for Pain Management,04/10/2026,20260410142624,https://www.cms.gov/medicare-coverage-database/view/lcd.aspx?lcdid=36920&ver=107
"First Coast Service Options, Inc.
(MAC - Part A, MAC - Part B)",L37166,37166,LCD,23,07/23/2020,,N/A,Wound Care,04/10/2026,20260410095426,https://www.cms.gov/medicare-coverage-database/view/lcd.aspx?lcdid=37166&ver=23
"Novitas Solutions, Inc.
(MAC - Part A, MAC - Part B)",L35125,35125,LCD,77,07/23/2020,,N/A,Wound Care,04/10/2026,20260410095101,https://www.cms.gov/medicare-coverage-database/view/lcd.aspx?lcdid=35125&ver=77
"WPS Insurance Corporation
(MAC - Part A, MAC - Part B)",L38684,38684,LCD,10,04/16/2026,,N/A,MolDX: Prognostic and Predictive Molecular Classifiers for Bladder Cancer,04/10/2026,20260410080125,https://www.cms.gov/medicare-coverage-database/view/lcd.aspx?lcdid=38684&ver=10
"Palmetto GBA
(MAC - Part A, MAC - Part B)",L38994,38994,LCD,20,04/16/2026,,N/A,Epidural Steroid Injections for Pain Management,04/08/2026,20260408133426,https://www.cms.gov/medicare-coverage-database/view/lcd.aspx?lcdid=38994&ver=20
"CGS Administrators, LLC
(DME MAC)

Noridian Healthcare Solutions, LLC
(DME MAC)",L36267,36267,LCD,44,04/01/2026,,N/A,Bowel Management Devices,04/08/2026,20260408095945,https://www.cms.gov/medicare-coverage-database/view/lcd.aspx?lcdid=36267&ver=44
"Palmetto GBA
(MAC - Part A, MAC - Part B)",L37873,37873,LCD,18,04/16/2026,,N/A,Topical Oxygen Therapy,04/07/2026,20260407112100,https://www.cms.gov/medicare-coverage-database/view/lcd.aspx?lcdid=37873&ver=18
"Noridian Healthcare Solutions, LLC
(MAC - Part A, MAC - Part B)",L38647,38647,LCD,14,04/16/2026,,N/A,MolDX: Prognostic and Predictive Molecular Classifiers for Bladder Cancer,04/07/2026,20260407105848,https://www.cms.gov/medicare-coverage-database/view/lcd.aspx?lcdid=38647&ver=14
"Palmetto GBA
(MAC - Part A, MAC - Part B)",L38576,38576,LCD,14,04/16/2026,,N/A,MolDX: Prognostic and Predictive Molecular Classifiers for Bladder Cancer,04/07/2026,20260407102145,https://www.cms.gov/medicare-coverage-database/view/lcd.aspx?lcdid=38576&ver=14
"CGS Administrators, LLC
(MAC - Part A, MAC - Part B)",L39038,39038,LCD,14,04/16/2026,,N/A,MolDX: Molecular Syndromic Panels for Infectious Disease Pathogen Identification Testing,04/06/2026,20260406094953,https://www.cms.gov/medicare-coverage-database/view/lcd.aspx?lcdid=39038&ver=14
"CGS Administrators, LLC
(MAC - Part A, MAC - Part B)",L38249,38249,LCD,22,04/16/2026,,N/A,MolDX: Blood Product Molecular Antigen Typing,04/06/2026,20260406094815,https://www.cms.gov/medicare-coverage-database/view/lcd.aspx?lcdid=38249&ver=22
"CGS Administrators, LLC
(MAC - Part A, MAC - Part B)",L38584,38584,LCD,15,04/16/2026,,N/A,MolDX: Phenotypic Biomarker Detection from Circulating Tumor Cells,04/06/2026,20260406094536,https://www.cms.gov/medicare-coverage-database/view/lcd.aspx?lcdid=38584&ver=15
"CGS Administrators, LLC
(MAC - Part A, MAC - Part B)",L37356,37356,LCD,17,04/16/2026,,N/A,MolDX: EndoPredict Breast Cancer Gene Expression Test,04/06/2026,20260406094328,https://www.cms.gov/medicare-coverage-database/view/lcd.aspx?lcdid=37356&ver=17
"CGS Administrators, LLC
(MAC - Part A, MAC - Part B)",L39389,39389,LCD,6,04/16/2026,,N/A,MolDX: Molecular Assays for the Diagnosis of Cutaneous Melanoma,04/06/2026,20260406093550,https://www.cms.gov/medicare-coverage-database/view/lcd.aspx?lcdid=39389&ver=6
"Noridian Healthcare Solutions, LLC
(MAC - Part A, MAC - Part B)",L38801,38801,LCD,23,04/16/2026,,N/A,Facet Joint Interventions for Pain Management,04/06/2026,20260406081324,https://www.cms.gov/medicare-coverage-database/view/lcd.aspx?lcdid=38801&ver=23
"CGS Administrators, LLC
(DME MAC)

Noridian Healthcare Solutions, LLC
(DME MAC)",L33787,33787,LCD,40,04/01/2026,,N/A,Lower Limb Prostheses,04/02/2026,20260402202454,https://www.cms.gov/medicare-coverage-database/view/lcd.aspx?lcdid=33787&ver=40
"CGS Administrators, LLC
(DME MAC)

Noridian Healthcare Solutions, LLC
(DME MAC)",L33686,33686,LCD,43,04/01/2026,,N/A,Ankle-Foot/Knee-Ankle-Foot Orthosis,04/02/2026,20260402202414,https://www.cms.gov/medicare-coverage-database/view/lcd.aspx?lcdid=33686&ver=43
"CGS Administrators, LLC
(DME MAC)

Noridian Healthcare Solutions, LLC
(DME MAC)",L33803,33803,LCD,61,04/01/2026,,N/A,Urological Supplies,04/02/2026,20260402122255,https://www.cms.gov/medicare-coverage-database/view/lcd.aspx?lcdid=33803&ver=61
"Palmetto GBA
(MAC - Part A, MAC - Part B)",L38765,38765,LCD,27,04/09/2026,,N/A,Facet Joint Interventions for Pain Management,04/02/2026,20260402113315,https://www.cms.gov/medicare-coverage-database/view/lcd.aspx?lcdid=38765&ver=27
"CGS Administrators, LLC
(MAC - Part A, MAC - Part B)",L35906,35906,LCD,25,03/26/2026,,N/A,Somatosensory Testing,04/02/2026,20260402111646,https://www.cms.gov/medicare-coverage-database/view/lcd.aspx?lcdid=35906&ver=25
"CGS Administrators, LLC
(MAC - Part A, MAC - Part B)",L34539,34539,LCD,16,03/26/2026,,N/A,Psychological Services Coverage under the Incident to Provision for Physicians and Non-physicians,04/02/2026,20260402105618,https://www.cms.gov/medicare-coverage-database/view/lcd.aspx?lcdid=34539&ver=16
"CGS Administrators, LLC
(MAC - Part A, MAC - Part B)",L34196,34196,LCD,30,03/26/2026,,N/A,Psychiatric Partial Hospitalization Programs,04/02/2026,20260402105033,https://www.cms.gov/medicare-coverage-database/view/lcd.aspx?lcdid=34196&ver=30
"First Coast Service Options, Inc.
(MAC - Part A, MAC - Part B)",L40289,40289,LCD,6,05/17/2026,(Notice Ended 05/16/2026),N/A,Non-invasive Arterial Duplex Ultrasound of the Upper and Lower Extremities,03/27/2026,20260327143651,https://www.cms.gov/medicare-coverage-database/view/lcd.aspx?lcdid=40289&ver=6
"Novitas Solutions, Inc.
(MAC - Part A, MAC - Part B)",L40276,40276,LCD,7,05/17/2026,(Notice Ended 05/16/2026),N/A,Non-invasive Arterial Duplex Ultrasound of the Upper and Lower Extremities,03/27/2026,20260327143350,https://www.cms.gov/medicare-coverage-database/view/lcd.aspx?lcdid=40276&ver=7
"CGS Administrators, LLC
(MAC - Part A, MAC - Part B)",L34183,34183,LCD,20,04/02/2026,,N/A,Psychiatric Inpatient Hospitalization,03/27/2026,20260327121534,https://www.cms.gov/medicare-coverage-database/view/lcd.aspx?lcdid=34183&ver=20
"CGS Administrators, LLC
(MAC - Part A, MAC - Part B)",L34064,34064,LCD,24,04/02/2026,,N/A,Panretinal (Scatter) Laser Photocoagulation,03/27/2026,20260327113631,https://www.cms.gov/medicare-coverage-database/view/lcd.aspx?lcdid=34064&ver=24
"CGS Administrators, LLC
(MAC - Part A, MAC - Part B)",L39383,39383,LCD,13,04/02/2026,,N/A,Sacroiliac Joint Injections and Procedures,03/27/2026,20260327111429,https://www.cms.gov/medicare-coverage-database/view/lcd.aspx?lcdid=39383&ver=13
"CGS Administrators, LLC
(MAC - Part A, MAC - Part B)",L37578,37578,LCD,30,04/02/2026,,N/A,Micro-Invasive Glaucoma Surgery (MIGS),03/27/2026,20260327111156,https://www.cms.gov/medicare-coverage-database/view/lcd.aspx?lcdid=37578&ver=30
"WPS Insurance Corporation
(MAC - Part A, MAC - Part B)",L39909,39909,LCD,6,04/02/2026,,N/A,Botulinum Toxin Injections,03/26/2026,20260326080536,https://www.cms.gov/medicare-coverage-database/view/lcd.aspx?lcdid=39909&ver=6
"CGS Administrators, LLC
(MAC - Part A, MAC - Part B)",L35891,35891,LCD,35,04/02/2026,,N/A,Intravenous Immune Globulin,03/25/2026,20260325134327,https://www.cms.gov/medicare-coverage-database/view/lcd.aspx?lcdid=35891&ver=35
"CGS Administrators, LLC
(MAC - Part A, MAC - Part B)",L34090,34090,LCD,22,04/02/2026,,N/A,Laser Ablation of the Prostate,03/25/2026,20260325133022,https://www.cms.gov/medicare-coverage-database/view/lcd.aspx?lcdid=34090&ver=22
"CGS Administrators, LLC
(MAC - Part A, MAC - Part B)",L36906,36906,LCD,20,04/02/2026,,N/A,GlycoMark® Testing for Glycemic Control,03/25/2026,20260325132502,https://www.cms.gov/medicare-coverage-database/view/lcd.aspx?lcdid=36906&ver=20
"CGS Administrators, LLC
(MAC - Part A, MAC - Part B)",L38378,38378,LCD,26,04/02/2026,,N/A,Fluid Jet System in the Treatment of Benign Prostatic Hyperplasia (BPH),03/25/2026,20260325125453,https://www.cms.gov/medicare-coverage-database/view/lcd.aspx?lcdid=38378&ver=26
"WPS Insurance Corporation
(MAC - Part A, MAC - Part B)",L38528,38528,LCD,9,03/26/2026,,N/A,Hypoglossal Nerve Stimulation for the Treatment of Obstructive Sleep Apnea,03/20/2026,20260320085411,https://www.cms.gov/medicare-coverage-database/view/lcd.aspx?lcdid=38528&ver=9
"WPS Insurance Corporation
(MAC - Part A, MAC - Part B)",L34641,34641,LCD,27,03/26/2026,,N/A,Transcranial Magnetic Stimulation (TMS),03/20/2026,20260320083445,https://www.cms.gov/medicare-coverage-database/view/lcd.aspx?lcdid=34641&ver=27
"WPS Insurance Corporation
(MAC - Part A, MAC - Part B)",L39040,39040,LCD,8,04/18/2024,,N/A,MolDX: Lab-Developed Tests for Inherited Cancer Syndromes in Patients with Cancer,03/20/2026,20260320082732,https://www.cms.gov/medicare-coverage-database/view/lcd.aspx?lcdid=39040&ver=8
"CGS Administrators, LLC
(MAC - Part A, MAC - Part B)",L34085,34085,LCD,18,03/26/2026,,N/A,Post-Void Residual Urine and/or Bladder Capacity by Ultrasound,03/16/2026,20260316140457,https://www.cms.gov/medicare-coverage-database/view/lcd.aspx?lcdid=34085&ver=18
"WPS Insurance Corporation
(MAC - Part A, MAC - Part B)",L40193,40193,LCD,9,03/01/2026,,N/A,Superficial Radiation Therapy (SRT) for the Treatment of Nonmelanoma Skin Cancers (NMSC),03/12/2026,20260312125947,https://www.cms.gov/medicare-coverage-database/view/lcd.aspx?lcdid=40193&ver=9
"Palmetto GBA
(MAC - Part A, MAC - Part B)",L40189,40189,LCD,10,03/01/2026,,N/A,Superficial Radiation Therapy (SRT) for the Treatment of Nonmelanoma Skin Cancers (NMSC),03/11/2026,20260311094907,https://www.cms.gov/medicare-coverage-database/view/lcd.aspx?lcdid=40189&ver=10
"CGS Administrators, LLC
(MAC - Part A, MAC - Part B)",L38303,38303,LCD,13,03/19/2026,,N/A,MolDX: Prostate Cancer Genomic Classifier Assay for Men with Localized Disease,03/10/2026,20260310165634,https://www.cms.gov/medicare-coverage-database/view/lcd.aspx?lcdid=38303&ver=13
"CGS Administrators, LLC
(MAC - Part A, MAC - Part B)",L39940,39940,LCD,10,03/19/2026,,N/A,MolDX: Molecular Testing for Identification and Management of Hereditary Transthyretin Amyloidosis,03/10/2026,20260310165223,https://www.cms.gov/medicare-coverage-database/view/lcd.aspx?lcdid=39940&ver=10
"CGS Administrators, LLC
(MAC - Part A, MAC - Part B)",L38997,38997,LCD,12,03/19/2026,,N/A,MolDX: Molecular Biomarkers to Risk-Stratify Patients at Increased Risk for Prostate Cancer,03/10/2026,20260310164700,https://www.cms.gov/medicare-coverage-database/view/lcd.aspx?lcdid=38997&ver=12
"Noridian Healthcare Solutions, LLC
(MAC - Part A, MAC - Part B)",L40176,40176,LCD,7,03/01/2026,,N/A,Superficial Radiation Therapy (SRT) for the Treatment of Nonmelanoma Skin Cancers (NMSC),03/10/2026,20260310155049,https://www.cms.gov/medicare-coverage-database/view/lcd.aspx?lcdid=40176&ver=7
"CGS Administrators, LLC
(MAC - Part A, MAC - Part B)",L38268,38268,LCD,11,03/05/2026,,N/A,Immune Thrombocytopenia (ITP) Therapy,03/09/2026,20260309132528,https://www.cms.gov/medicare-coverage-database/view/lcd.aspx?lcdid=38268&ver=11
"CGS Administrators, LLC
(MAC - Part A, MAC - Part B)",L39017,39017,LCD,10,03/20/2026,,N/A,MolDX: Lab-Developed Tests for Inherited Cancer Syndromes in Patients with Cancer,03/09/2026,20260309090628,https://www.cms.gov/medicare-coverage-database/view/lcd.aspx?lcdid=39017&ver=10
"CGS Administrators, LLC
(MAC - Part A, MAC - Part B)",L36139,36139,LCD,31,03/19/2026,,N/A,MolDX: Biomarkers in Cardiovascular Risk Assessment,03/09/2026,20260309090247,https://www.cms.gov/medicare-coverage-database/view/lcd.aspx?lcdid=36139&ver=31
"CGS Administrators, LLC
(MAC - Part A, MAC - Part B)",L36425,36425,LCD,21,03/19/2026,,N/A,MolDX: Breast Cancer Assay: Prosigna®,03/09/2026,20260309084624,https://www.cms.gov/medicare-coverage-database/view/lcd.aspx?lcdid=36425&ver=21
"Noridian Healthcare Solutions, LLC
(MAC - Part A, MAC - Part B)",L39644,39644,LCD,12,01/28/2024,Retired,03/05/2026,Intraosseous Basivertebral Nerve Ablation,03/05/2026,20260305010509,https://www.cms.gov/medicare-coverage-database/view/lcd.aspx?lcdid=39644&ver=12
"Noridian Healthcare Solutions, LLC
(MAC - Part A, MAC - Part B)",L39464,39464,LCD,8,03/19/2023,Retired,03/05/2026,Sacroiliac Joint Injections and Procedures,03/05/2026,20260305010507,https://www.cms.gov/medicare-coverage-database/view/lcd.aspx?lcdid=39464&ver=8
"Noridian Healthcare Solutions, LLC
(MAC - Part A, MAC - Part B)",L39398,39398,LCD,6,03/05/2023,Retired,03/05/2026,Allogeneic Hematopoietic Cell Transplantation for Primary Refractory or Relapsed Hodgkin's and Non-Hodgkin's Lymphoma with B-cell or T-cell Origin,03/05/2026,20260305010506,https://www.cms.gov/medicare-coverage-database/view/lcd.aspx?lcdid=39398&ver=6
"Noridian Healthcare Solutions, LLC
(MAC - Part A, MAC - Part B)",L38707,38707,LCD,13,12/14/2025,Retired,03/05/2026,Transurethral Waterjet Ablation of the Prostate,03/05/2026,20260305010505,https://www.cms.gov/medicare-coverage-database/view/lcd.aspx?lcdid=38707&ver=13
"Noridian Healthcare Solutions, LLC
(MAC - Part A, MAC - Part B)",L38615,38615,LCD,14,09/18/2022,Retired,03/05/2026,Non-Invasive Fractional Flow Reserve (FFR) for Ischemic Heart Disease,03/05/2026,20260305010504,https://www.cms.gov/medicare-coverage-database/view/lcd.aspx?lcdid=38615&ver=14
"Noridian Healthcare Solutions, LLC
(MAC - Part A, MAC - Part B)",L38337,38337,LCD,16,10/02/2025,Retired,03/05/2026,MolDX: Pharmacogenomics Testing,03/05/2026,20260305010503,https://www.cms.gov/medicare-coverage-database/view/lcd.aspx?lcdid=38337&ver=16
"Noridian Healthcare Solutions, LLC
(MAC - Part A, MAC - Part B)",L34074,34074,LCD,39,02/01/2020,Retired,03/05/2026,Immune Globulin Intravenous (IVIg),03/05/2026,20260305010502,https://www.cms.gov/medicare-coverage-database/view/lcd.aspx?lcdid=34074&ver=39
"Noridian Healthcare Solutions, LLC
(MAC - Part A, MAC - Part B)",L35457,35457,LCD,64,09/04/2022,Retired,03/05/2026,Nerve Blockade for Treatment of Chronic Pain and Neuropathy,03/05/2026,20260305010502,https://www.cms.gov/medicare-coverage-database/view/lcd.aspx?lcdid=35457&ver=64
"Noridian Healthcare Solutions, LLC
(MAC - Part A, MAC - Part B)",L34038,34038,LCD,32,10/01/2019,Retired,03/05/2026,B-type Natriuretic Peptide (BNP) Testing,03/05/2026,20260305010501,https://www.cms.gov/medicare-coverage-database/view/lcd.aspx?lcdid=34038&ver=32
"CGS Administrators, LLC
(MAC - Part A, MAC - Part B)",L38307,38307,LCD,14,03/05/2026,,N/A,Hypoglossal Nerve Stimulation for the Treatment of Obstructive Sleep Apnea,02/27/2026,20260227141022,https://www.cms.gov/medicare-coverage-database/view/lcd.aspx?lcdid=38307&ver=14
"CGS Administrators, LLC
(MAC - Part A, MAC - Part B)",L37575,37575,LCD,22,03/05/2026,,N/A,Frequency of Hemodialysis,02/27/2026,20260227134915,https://www.cms.gov/medicare-coverage-database/view/lcd.aspx?lcdid=37575&ver=22
"CGS Administrators, LLC
(MAC - Part A, MAC - Part B)",L34037,34037,LCD,22,03/05/2026,,N/A,Flow Cytometry,02/27/2026,20260227125157,https://www.cms.gov/medicare-coverage-database/view/lcd.aspx?lcdid=34037&ver=22
"CGS Administrators, LLC
(MAC - Part A, MAC - Part B)",L36902,36902,LCD,16,03/05/2026,,N/A,Polysomnography and Other Sleep Studies,02/27/2026,20260227121554,https://www.cms.gov/medicare-coverage-database/view/lcd.aspx?lcdid=36902&ver=16
"CGS Administrators, LLC
(MAC - Part A, MAC - Part B)",L34356,34356,LCD,31,03/05/2026,,N/A,Erythropoiesis Stimulating Agents (ESA),02/27/2026,20260227102521,https://www.cms.gov/medicare-coverage-database/view/lcd.aspx?lcdid=34356&ver=31
"CGS Administrators, LLC
(MAC - Part A, MAC - Part B)",L34081,34081,LCD,26,03/05/2026,,N/A,Endoscopy by Capsule,02/27/2026,20260227091822,https://www.cms.gov/medicare-coverage-database/view/lcd.aspx?lcdid=34081&ver=26
"CGS Administrators, LLC
(MAC - Part A, MAC - Part B)",L36029,36029,LCD,44,03/05/2026,,N/A,Urine Drug Testing,02/27/2026,20260227090923,https://www.cms.gov/medicare-coverage-database/view/lcd.aspx?lcdid=36029&ver=44
"CGS Administrators, LLC
(MAC - Part A, MAC - Part B)",L39434,39434,LCD,8,03/05/2026,,N/A,Allogeneic Hematopoietic Cell Transplantation for Primary Refractory or Relapsed Hodgkin's and Non-Hodgkin's Lymphoma with B-cell or T-cell Origin,02/27/2026,20260227090727,https://www.cms.gov/medicare-coverage-database/view/lcd.aspx?lcdid=39434&ver=8
"CGS Administrators, LLC
(MAC - Part A, MAC - Part B)",L33945,33945,LCD,21,01/29/2026,,N/A,Cerumen (Earwax) Removal,02/23/2026,20260223121050,https://www.cms.gov/medicare-coverage-database/view/lcd.aspx?lcdid=33945&ver=21
"Noridian Healthcare Solutions, LLC
(MAC - Part A, MAC - Part B)",L39642,39642,LCD,11,03/05/2026,,N/A,Intraosseous Basivertebral Nerve Ablation,02/23/2026,20260223081928,https://www.cms.gov/medicare-coverage-database/view/lcd.aspx?lcdid=39642&ver=11
"Noridian Healthcare Solutions, LLC
(MAC - Part A, MAC - Part B)",L38335,38335,LCD,16,03/05/2026,,N/A,MolDX: Pharmacogenomics Testing,02/23/2026,20260223081928,https://www.cms.gov/medicare-coverage-database/view/lcd.aspx?lcdid=38335&ver=16
"Noridian Healthcare Solutions, LLC
(MAC - Part A, MAC - Part B)",L35456,35456,LCD,66,03/05/2026,,N/A,Nerve Blockade for Treatment of Chronic Pain and Neuropathy,02/23/2026,20260223081928,https://www.cms.gov/medicare-coverage-database/view/lcd.aspx?lcdid=35456&ver=66
"Noridian Healthcare Solutions, LLC
(MAC - Part A, MAC - Part B)",L38613,38613,LCD,16,03/05/2026,,N/A,Non-Invasive Fractional Flow Reserve (FFR) for Ischemic Heart Disease,02/23/2026,20260223081928,https://www.cms.gov/medicare-coverage-database/view/lcd.aspx?lcdid=38613&ver=16
"Noridian Healthcare Solutions, LLC
(MAC - Part A, MAC - Part B)",L39462,39462,LCD,9,03/05/2026,,N/A,Sacroiliac Joint Injections and Procedures,02/23/2026,20260223081928,https://www.cms.gov/medicare-coverage-database/view/lcd.aspx?lcdid=39462&ver=9
"Noridian Healthcare Solutions, LLC
(MAC - Part A, MAC - Part B)",L38705,38705,LCD,14,03/05/2026,,N/A,Transurethral Waterjet Ablation of the Prostate,02/23/2026,20260223081928,https://www.cms.gov/medicare-coverage-database/view/lcd.aspx?lcdid=38705&ver=14
"Noridian Healthcare Solutions, LLC
(MAC - Part A, MAC - Part B)",L39396,39396,LCD,7,03/05/2026,,N/A,Allogeneic Hematopoietic Cell Transplantation for Primary Refractory or Relapsed Hodgkin's and Non-Hodgkin's Lymphoma with B-cell or T-cell Origin,02/23/2026,20260223081927,https://www.cms.gov/medicare-coverage-database/view/lcd.aspx?lcdid=39396&ver=7
"Noridian Healthcare Solutions, LLC
(MAC - Part A, MAC - Part B)",L35526,35526,LCD,43,03/05/2026,,N/A,B-type Natriuretic Peptide (BNP) Testing,02/23/2026,20260223081927,https://www.cms.gov/medicare-coverage-database/view/lcd.aspx?lcdid=35526&ver=43
"Noridian Healthcare Solutions, LLC
(MAC - Part A, MAC - Part B)",L34314,34314,LCD,53,03/05/2026,,N/A,Immune Globulin Intravenous (IVIg),02/23/2026,20260223081927,https://www.cms.gov/medicare-coverage-database/view/lcd.aspx?lcdid=34314&ver=53
"WPS Insurance Corporation
(MAC - Part A, MAC - Part B)",L34635,34635,LCD,37,08/28/2025,Retired,02/21/2026,Botulinum Toxin Type A & Type B,02/21/2026,20260221010348,https://www.cms.gov/medicare-coverage-database/view/lcd.aspx?lcdid=34635&ver=37
"National Government Services, Inc.
(MAC - Part A, MAC - Part B)",L33646,33646,LCD,40,05/01/2021,Retired,02/21/2026,Botulinum Toxins,02/21/2026,20260221010348,https://www.cms.gov/medicare-coverage-database/view/lcd.aspx?lcdid=33646&ver=40
"CGS Administrators, LLC
(MAC - Part A, MAC - Part B)",L33949,33949,LCD,26,02/06/2025,Retired,02/21/2026,Botulinum Toxins,02/21/2026,20260221010348,https://www.cms.gov/medicare-coverage-database/view/lcd.aspx?lcdid=33949&ver=26
"Palmetto GBA
(MAC - Part B)",L33458,33458,LCD,70,05/27/2021,Retired,02/21/2026,Chemodenervation,02/21/2026,20260221010347,https://www.cms.gov/medicare-coverage-database/view/lcd.aspx?lcdid=33458&ver=70
"CGS Administrators, LLC
(MAC - Part A, MAC - Part B)",L37254,37254,LCD,16,01/29/2026,,N/A,Chiropractic Services,02/20/2026,20260220165338,https://www.cms.gov/medicare-coverage-database/view/lcd.aspx?lcdid=37254&ver=16
"CGS Administrators, LLC
(MAC - Part A, MAC - Part B)",L33960,33960,LCD,27,01/29/2026,,N/A,Cardiovascular Nuclear Medicine,02/20/2026,20260220164724,https://www.cms.gov/medicare-coverage-database/view/lcd.aspx?lcdid=33960&ver=27
"CGS Administrators, LLC
(MAC - Part A, MAC - Part B)",L36975,36975,LCD,24,01/29/2026,,N/A,Bladder/Urothelial Tumor Markers,02/20/2026,20260220164404,https://www.cms.gov/medicare-coverage-database/view/lcd.aspx?lcdid=36975&ver=24
"CGS Administrators, LLC
(MAC - Part A, MAC - Part B)",L34005,34005,LCD,34,01/22/2026,,N/A,Colonoscopy/Sigmoidoscopy/Proctosigmoidoscopy,02/20/2026,20260220145123,https://www.cms.gov/medicare-coverage-database/view/lcd.aspx?lcdid=34005&ver=34
"CGS Administrators, LLC
(MAC - Part A, MAC - Part B)",L34062,34062,LCD,42,01/22/2026,,N/A,Dialysis Access Maintenance,02/20/2026,20260220142654,https://www.cms.gov/medicare-coverage-database/view/lcd.aspx?lcdid=34062&ver=42
"CGS Administrators, LLC
(MAC - Part A, MAC - Part B)",L33999,33999,LCD,21,01/22/2026,,N/A,Corneal Pachymetry,02/20/2026,20260220141355,https://www.cms.gov/medicare-coverage-database/view/lcd.aspx?lcdid=33999&ver=21
"CGS Administrators, LLC
(MAC - Part A, MAC - Part B)",L34008,34008,LCD,23,01/22/2026,,N/A,Computerized Corneal Topography,02/20/2026,20260220135836,https://www.cms.gov/medicare-coverage-database/view/lcd.aspx?lcdid=34008&ver=23
"WPS Insurance Corporation
(MAC - Part A, MAC - Part B)",L37537,37537,LCD,20,02/26/2026,,N/A,Frequency of Hemodialysis,02/20/2026,20260220100208,https://www.cms.gov/medicare-coverage-database/view/lcd.aspx?lcdid=37537&ver=20
"WPS Insurance Corporation
(MAC - Part A, MAC - Part B)",L35490,35490,LCD,85,01/01/2026,,N/A,Category III Codes,02/20/2026,20260220095745,https://www.cms.gov/medicare-coverage-database/view/lcd.aspx?lcdid=35490&ver=85
"Palmetto GBA
(MAC - Part A, MAC - Part B)",L40228,40228,LCD,4,04/12/2026,,N/A,Endovascular Management for Peripheral Arterial Disease of the Upper and Lower Extremities,02/20/2026,20260220095735,https://www.cms.gov/medicare-coverage-database/view/lcd.aspx?lcdid=40228&ver=4
"WPS Insurance Corporation
(MAC - Part A, MAC - Part B)",L38176,38176,LCD,13,02/26/2026,,N/A,MolDX: Next-Generation Sequencing Lab-Developed Tests for Myeloid Malignancies and Suspected Myeloid Malignancies,02/20/2026,20260220095215,https://www.cms.gov/medicare-coverage-database/view/lcd.aspx?lcdid=38176&ver=13
"WPS Insurance Corporation
(MAC - Part A, MAC - Part B)",L37913,37913,LCD,17,05/01/2025,,N/A,MolDX: Breast Cancer Index® (BCI) Gene Expression Test,02/20/2026,20260220094428,https://www.cms.gov/medicare-coverage-database/view/lcd.aspx?lcdid=37913&ver=17
"WPS Insurance Corporation
(MAC - Part A, MAC - Part B)",L36523,36523,LCD,35,02/26/2026,,N/A,MolDX: Biomarkers in Cardiovascular Risk Assessment,02/20/2026,20260220093833,https://www.cms.gov/medicare-coverage-database/view/lcd.aspx?lcdid=36523&ver=35
"WPS Insurance Corporation
(MAC - Part A, MAC - Part B)",L34771,34771,LCD,51,02/26/2026,,N/A,Immune Globulins,02/20/2026,20260220093128,https://www.cms.gov/medicare-coverage-database/view/lcd.aspx?lcdid=34771&ver=51
"WPS Insurance Corporation
(MAC - Part A, MAC - Part B)",L35751,35751,LCD,50,02/26/2026,,N/A,Non-Invasive Peripheral Venous Vascular and Hemodialysis Access Studies,02/20/2026,20260220092635,https://www.cms.gov/medicare-coverage-database/view/lcd.aspx?lcdid=35751&ver=50
"WPS Insurance Corporation
(MAC - Part A, MAC - Part B)",L35753,35753,LCD,40,02/26/2026,,N/A,Non-Invasive Cerebrovascular Studies,02/20/2026,20260220092215,https://www.cms.gov/medicare-coverage-database/view/lcd.aspx?lcdid=35753&ver=40
"CGS Administrators, LLC
(MAC - Part A, MAC - Part B)",L39616,39616,LCD,5,01/22/2026,,N/A,Urinary Biomarkers for Chronic Pain Management,02/19/2026,20260219110227,https://www.cms.gov/medicare-coverage-database/view/lcd.aspx?lcdid=39616&ver=5
"CGS Administrators, LLC
(MAC - Part A, MAC - Part B)",L38288,38288,LCD,11,01/22/2026,,N/A,MolDX: Repeat Germline Testing,02/19/2026,20260219103035,https://www.cms.gov/medicare-coverage-database/view/lcd.aspx?lcdid=38288&ver=11
"CGS Administrators, LLC
(MAC - Part A, MAC - Part B)",L39521,39521,LCD,8,01/22/2026,,N/A,Positron Emission Tomography (PET) Scan for Inflammation and Infection,02/19/2026,20260219100636,https://www.cms.gov/medicare-coverage-database/view/lcd.aspx?lcdid=39521&ver=8
"Palmetto GBA
(MAC - Part B)",L33422,33422,LCD,45,12/03/2024,Retired,02/14/2026,Brain Natriuretic Peptide (BNP) Level,02/14/2026,20260214013031,https://www.cms.gov/medicare-coverage-database/view/lcd.aspx?lcdid=33422&ver=45
"CGS Administrators, LLC
(MAC - Part A, MAC - Part B)",L38065,38065,LCD,12,01/15/2026,,N/A,MolDX: Plasma-Based Genomic Profiling in Solid Tumors,02/13/2026,20260213174956,https://www.cms.gov/medicare-coverage-database/view/lcd.aspx?lcdid=38065&ver=12
"CGS Administrators, LLC
(MAC - Part A, MAC - Part B)",L37352,37352,LCD,25,01/15/2026,,N/A,MolDX: Prometheus IBD sgi Diagnostic® Policy,02/13/2026,20260213144705,https://www.cms.gov/medicare-coverage-database/view/lcd.aspx?lcdid=37352&ver=25
"CGS Administrators, LLC
(MAC - Part A, MAC - Part B)",L39276,39276,LCD,9,02/19/2026,,N/A,"MolDX: Molecular Testing for Detection of Upper Gastrointestinal Metaplasia, Dysplasia, and Neoplasia",02/13/2026,20260213131245,https://www.cms.gov/medicare-coverage-database/view/lcd.aspx?lcdid=39276&ver=9
"CGS Administrators, LLC
(DME MAC)

Noridian Healthcare Solutions, LLC
(DME MAC)",L33370,33370,LCD,58,02/01/2026,,N/A,Nebulizers,02/12/2026,20260212111214,https://www.cms.gov/medicare-coverage-database/view/lcd.aspx?lcdid=33370&ver=58
"CGS Administrators, LLC
(MAC - Part A, MAC - Part B)",L38070,38070,LCD,12,02/19/2026,,N/A,MolDX: Next-Generation Sequencing Lab-Developed Tests for Myeloid Malignancies and Suspected Myeloid Malignancies,02/11/2026,20260211125013,https://www.cms.gov/medicare-coverage-database/view/lcd.aspx?lcdid=38070&ver=12
"CGS Administrators, LLC
(MAC - Part A, MAC - Part B)",L37126,37126,LCD,22,01/22/2026,,N/A,Coenzyme Q10 (CoQ10),02/06/2026,20260206151053,https://www.cms.gov/medicare-coverage-database/view/lcd.aspx?lcdid=37126&ver=22
"Noridian Healthcare Solutions, LLC
(MAC - Part A, MAC - Part B)",L34213,34213,LCD,56,11/06/2025,,N/A,Diagnostic and Therapeutic Colonoscopy,02/06/2026,20260206102426,https://www.cms.gov/medicare-coverage-database/view/lcd.aspx?lcdid=34213&ver=56
"Noridian Healthcare Solutions, LLC
(MAC - Part A, MAC - Part B)",L36256,36256,LCD,54,05/04/2023,Retired,02/05/2026,MolDX: Molecular Diagnostic Tests (MDT),02/05/2026,20260205010309,https://www.cms.gov/medicare-coverage-database/view/lcd.aspx?lcdid=36256&ver=54
"Noridian Healthcare Solutions, LLC
(MAC - Part A, MAC - Part B)",L36339,36339,LCD,26,07/23/2023,Retired,02/05/2026,MolDX: NRAS Genetic Testing,02/05/2026,20260205010309,https://www.cms.gov/medicare-coverage-database/view/lcd.aspx?lcdid=36339&ver=26
"Noridian Healthcare Solutions, LLC
(MAC - Part A, MAC - Part B)",L36947,36947,LCD,21,11/25/2021,Retired,02/05/2026,MolDX: Oncotype DX® Breast Cancer for DCIS (Genomic Health™),02/05/2026,20260205010309,https://www.cms.gov/medicare-coverage-database/view/lcd.aspx?lcdid=36947&ver=21
"Noridian Healthcare Solutions, LLC
(MAC - Part A, MAC - Part B)",L37313,37313,LCD,28,03/13/2025,Retired,02/05/2026,MolDX: Prometheus® IBD sgi Diagnostic® Policy,02/05/2026,20260205010309,https://www.cms.gov/medicare-coverage-database/view/lcd.aspx?lcdid=37313&ver=28
"Noridian Healthcare Solutions, LLC
(MAC - Part A, MAC - Part B)",L38121,38121,LCD,11,06/08/2023,Retired,02/05/2026,MolDX: Next-Generation Sequencing for Solid Tumors,02/05/2026,20260205010308,https://www.cms.gov/medicare-coverage-database/view/lcd.aspx?lcdid=38121&ver=11
"Noridian Healthcare Solutions, LLC
(MAC - Part A, MAC - Part B)",L38125,38125,LCD,11,03/28/2024,Retired,02/05/2026,MolDX: Next-Generation Sequencing Lab-Developed Tests for Myeloid Malignancies and Suspected Myeloid Malignancies,02/05/2026,20260205010308,https://www.cms.gov/medicare-coverage-database/view/lcd.aspx?lcdid=38125&ver=11
"Noridian Healthcare Solutions, LLC
(MAC - Part A, MAC - Part B)",L38153,38153,LCD,8,06/20/2024,Retired,02/05/2026,MolDX: Pigmented Lesion Assay,02/05/2026,20260205010308,https://www.cms.gov/medicare-coverage-database/view/lcd.aspx?lcdid=38153&ver=8
"Noridian Healthcare Solutions, LLC
(MAC - Part A, MAC - Part B)",L38329,38329,LCD,10,07/03/2025,Retired,02/05/2026,MolDX: Predictive Classifiers for Early Stage Non-Small Cell Lung Cancer,02/05/2026,20260205010308,https://www.cms.gov/medicare-coverage-database/view/lcd.aspx?lcdid=38329&ver=10
"Noridian Healthcare Solutions, LLC
(MAC - Part A, MAC - Part B)",L38645,38645,LCD,8,07/03/2025,Retired,02/05/2026,MolDX: Phenotypic Biomarker Detection from Circulating Tumor Cells,02/05/2026,20260205010307,https://www.cms.gov/medicare-coverage-database/view/lcd.aspx?lcdid=38645&ver=8
"Noridian Healthcare Solutions, LLC
(MAC - Part A, MAC - Part B)",L38649,38649,LCD,13,07/03/2025,Retired,02/05/2026,MolDX: Prognostic and Predictive Molecular Classifiers for Bladder Cancer,02/05/2026,20260205010307,https://www.cms.gov/medicare-coverage-database/view/lcd.aspx?lcdid=38649&ver=13
"Noridian Healthcare Solutions, LLC
(MAC - Part A, MAC - Part B)",L38341,38341,LCD,14,07/03/2025,Retired,02/05/2026,MolDX: Prostate Cancer Genomic Classifier Assay for Men with Localized Disease,02/05/2026,20260205010307,https://www.cms.gov/medicare-coverage-database/view/lcd.aspx?lcdid=38341&ver=14
"Noridian Healthcare Solutions, LLC
(MAC - Part A, MAC - Part B)",L38353,38353,LCD,9,04/25/2024,Retired,02/05/2026,MolDX: Repeat Germline Testing,02/05/2026,20260205010307,https://www.cms.gov/medicare-coverage-database/view/lcd.aspx?lcdid=38353&ver=9
"Noridian Healthcare Solutions, LLC
(MAC - Part A, MAC - Part B)",L38974,38974,LCD,9,04/18/2024,Retired,02/05/2026,MolDX: Lab-Developed Tests for Inherited Cancer Syndromes in Patients with Cancer,02/05/2026,20260205010306,https://www.cms.gov/medicare-coverage-database/view/lcd.aspx?lcdid=38974&ver=9
"Noridian Healthcare Solutions, LLC
(MAC - Part A, MAC - Part B)",L38816,38816,LCD,6,01/02/2022,Retired,02/05/2026,MolDX: Minimal Residual Disease Testing for Cancer,02/05/2026,20260205010306,https://www.cms.gov/medicare-coverage-database/view/lcd.aspx?lcdid=38816&ver=6
"Noridian Healthcare Solutions, LLC
(MAC - Part A, MAC - Part B)",L39003,39003,LCD,15,07/03/2025,Retired,02/05/2026,MolDX: Molecular Syndromic Panels for Infectious Disease Pathogen Identification Testing,02/05/2026,20260205010306,https://www.cms.gov/medicare-coverage-database/view/lcd.aspx?lcdid=39003&ver=15
"Noridian Healthcare Solutions, LLC
(MAC - Part A, MAC - Part B)",L39684,39684,LCD,7,03/13/2025,Retired,02/05/2026,MolDX: Molecular Testing for Risk Stratification of Thyroid Nodules,02/05/2026,20260205010305,https://www.cms.gov/medicare-coverage-database/view/lcd.aspx?lcdid=39684&ver=7
"Noridian Healthcare Solutions, LLC
(MAC - Part A, MAC - Part B)",L39232,39232,LCD,6,03/06/2025,Retired,02/05/2026,MolDX: Plasma-Based Genomic Profiling in Solid Tumors,02/05/2026,20260205010305,https://www.cms.gov/medicare-coverage-database/view/lcd.aspx?lcdid=39232&ver=6
"Noridian Healthcare Solutions, LLC
(MAC - Part A, MAC - Part B)",L39927,39927,LCD,11,08/17/2025,Retired,02/05/2026,MolDX: Non-Next Generation Sequencing Tests for the Diagnosis of BCR-ABL Negative Myeloproliferative Neoplasms,02/05/2026,20260205010304,https://www.cms.gov/medicare-coverage-database/view/lcd.aspx?lcdid=39927&ver=11
"Noridian Healthcare Solutions, LLC
(MAC - Part A, MAC - Part B)",L39950,39950,LCD,7,08/17/2025,Retired,02/05/2026,MolDX: Molecular Testing for Identification and Management of Hereditary Transthyretin Amyloidosis,02/05/2026,20260205010302,https://www.cms.gov/medicare-coverage-database/view/lcd.aspx?lcdid=39950&ver=7
"Noridian Healthcare Solutions, LLC
(MAC - Part A, MAC - Part B)",L37299,37299,LCD,30,02/05/2026,,N/A,MolDX: Prometheus® IBD sgi Diagnostic® Policy,01/26/2026,20260126082822,https://www.cms.gov/medicare-coverage-database/view/lcd.aspx?lcdid=37299&ver=30
"Noridian Healthcare Solutions, LLC
(MAC - Part A, MAC - Part B)",L38339,38339,LCD,17,02/05/2026,,N/A,MolDX: Prostate Cancer Genomic Classifier Assay for Men with Localized Disease,01/26/2026,20260126082822,https://www.cms.gov/medicare-coverage-database/view/lcd.aspx?lcdid=38339&ver=17
"Noridian Healthcare Solutions, LLC
(MAC - Part A, MAC - Part B)",L38351,38351,LCD,9,02/05/2026,,N/A,MolDX: Repeat Germline Testing,01/26/2026,20260126082822,https://www.cms.gov/medicare-coverage-database/view/lcd.aspx?lcdid=38351&ver=9
"Noridian Healthcare Solutions, LLC
(MAC - Part A, MAC - Part B)",L39948,39948,LCD,7,02/05/2026,,N/A,MolDX: Molecular Testing for Identification and Management of Hereditary Transthyretin Amyloidosis,01/26/2026,20260126082821,https://www.cms.gov/medicare-coverage-database/view/lcd.aspx?lcdid=39948&ver=7
"Noridian Healthcare Solutions, LLC
(MAC - Part A, MAC - Part B)",L39682,39682,LCD,8,02/05/2026,,N/A,MolDX: Molecular Testing for Risk Stratification of Thyroid Nodules,01/26/2026,20260126082821,https://www.cms.gov/medicare-coverage-database/view/lcd.aspx?lcdid=39682&ver=8
"Noridian Healthcare Solutions, LLC
(MAC - Part A, MAC - Part B)",L38119,38119,LCD,11,02/05/2026,,N/A,MolDX: Next-Generation Sequencing for Solid Tumors,01/26/2026,20260126082821,https://www.cms.gov/medicare-coverage-database/view/lcd.aspx?lcdid=38119&ver=11
"Noridian Healthcare Solutions, LLC
(MAC - Part A, MAC - Part B)",L38123,38123,LCD,12,02/05/2026,,N/A,MolDX: Next-Generation Sequencing Lab-Developed Tests for Myeloid Malignancies and Suspected Myeloid Malignancies,01/26/2026,20260126082821,https://www.cms.gov/medicare-coverage-database/view/lcd.aspx?lcdid=38123&ver=12
"Noridian Healthcare Solutions, LLC
(MAC - Part A, MAC - Part B)",L39923,39923,LCD,14,02/05/2026,,N/A,MolDX: Non-Next Generation Sequencing Tests for the Diagnosis of BCR-ABL Negative Myeloproliferative Neoplasms,01/26/2026,20260126082821,https://www.cms.gov/medicare-coverage-database/view/lcd.aspx?lcdid=39923&ver=14
"Noridian Healthcare Solutions, LLC
(MAC - Part A, MAC - Part B)",L36335,36335,LCD,25,02/05/2026,,N/A,MolDX: NRAS Genetic Testing,01/26/2026,20260126082821,https://www.cms.gov/medicare-coverage-database/view/lcd.aspx?lcdid=36335&ver=25
"Noridian Healthcare Solutions, LLC
(MAC - Part A, MAC - Part B)",L36941,36941,LCD,22,02/05/2026,,N/A,MolDX: Oncotype DX® Breast Cancer for DCIS (Genomic Health™),01/26/2026,20260126082821,https://www.cms.gov/medicare-coverage-database/view/lcd.aspx?lcdid=36941&ver=22
"Noridian Healthcare Solutions, LLC
(MAC - Part A, MAC - Part B)",L38643,38643,LCD,8,02/05/2026,,N/A,MolDX: Phenotypic Biomarker Detection from Circulating Tumor Cells,01/26/2026,20260126082821,https://www.cms.gov/medicare-coverage-database/view/lcd.aspx?lcdid=38643&ver=8
"Noridian Healthcare Solutions, LLC
(MAC - Part A, MAC - Part B)",L38151,38151,LCD,9,02/05/2026,,N/A,MolDX: Pigmented Lesion Assay,01/26/2026,20260126082821,https://www.cms.gov/medicare-coverage-database/view/lcd.aspx?lcdid=38151&ver=9
"Noridian Healthcare Solutions, LLC
(MAC - Part A, MAC - Part B)",L39230,39230,LCD,7,02/05/2026,,N/A,MolDX: Plasma-Based Genomic Profiling in Solid Tumors,01/26/2026,20260126082821,https://www.cms.gov/medicare-coverage-database/view/lcd.aspx?lcdid=39230&ver=7
"Noridian Healthcare Solutions, LLC
(MAC - Part A, MAC - Part B)",L38327,38327,LCD,10,02/05/2026,,N/A,MolDX: Predictive Classifiers for Early Stage Non-Small Cell Lung Cancer,01/26/2026,20260126082821,https://www.cms.gov/medicare-coverage-database/view/lcd.aspx?lcdid=38327&ver=10
"Noridian Healthcare Solutions, LLC
(MAC - Part A, MAC - Part B)",L38972,38972,LCD,9,02/05/2026,,N/A,MolDX: Lab-Developed Tests for Inherited Cancer Syndromes in Patients with Cancer,01/26/2026,20260126082820,https://www.cms.gov/medicare-coverage-database/view/lcd.aspx?lcdid=38972&ver=9
"Noridian Healthcare Solutions, LLC
(MAC - Part A, MAC - Part B)",L38814,38814,LCD,4,02/05/2026,,N/A,MolDX: Minimal Residual Disease Testing for Cancer,01/26/2026,20260126082820,https://www.cms.gov/medicare-coverage-database/view/lcd.aspx?lcdid=38814&ver=4
"Noridian Healthcare Solutions, LLC
(MAC - Part A, MAC - Part B)",L35160,35160,LCD,62,02/05/2026,,N/A,MolDX: Molecular Diagnostic Tests (MDT),01/26/2026,20260126082820,https://www.cms.gov/medicare-coverage-database/view/lcd.aspx?lcdid=35160&ver=62
"Noridian Healthcare Solutions, LLC
(MAC - Part A, MAC - Part B)",L39001,39001,LCD,16,02/05/2026,,N/A,MolDX: Molecular Syndromic Panels for Infectious Disease Pathogen Identification Testing,01/26/2026,20260126082820,https://www.cms.gov/medicare-coverage-database/view/lcd.aspx?lcdid=39001&ver=16
"WPS Insurance Corporation
(MAC - Part A, MAC - Part B)",L39713,39713,LCD,7,01/29/2026,,N/A,Trigger Point Injections,01/22/2026,20260122143748,https://www.cms.gov/medicare-coverage-database/view/lcd.aspx?lcdid=39713&ver=7
"WPS Insurance Corporation
(MAC - Part A, MAC - Part B)",L35761,35761,LCD,40,01/29/2026,,N/A,Non-Invasive Peripheral Arterial Vascular Studies,01/22/2026,20260122142845,https://www.cms.gov/medicare-coverage-database/view/lcd.aspx?lcdid=35761&ver=40
"CGS Administrators, LLC
(MAC - Part A, MAC - Part B)",L40232,40232,LCD,5,03/15/2026,,N/A,Total Joint Arthroplasty,01/22/2026,20260122092754,https://www.cms.gov/medicare-coverage-database/view/lcd.aspx?lcdid=40232&ver=5
"Noridian Healthcare Solutions, LLC
(MAC - Part A, MAC - Part B)",L36159,36159,LCD,22,07/20/2023,Retired,01/22/2026,"MolDX: Genetic Testing for Hypercoagulability / Thrombophilia (Factor V Leiden, Factor II Prothrombin, and MTHFR)",01/22/2026,20260122010413,https://www.cms.gov/medicare-coverage-database/view/lcd.aspx?lcdid=36159&ver=22
"Noridian Healthcare Solutions, LLC
(MAC - Part A, MAC - Part B)",L36192,36192,LCD,25,08/07/2025,Retired,01/22/2026,MolDX: MGMT Promoter Methylation Analysis,01/22/2026,20260122010412,https://www.cms.gov/medicare-coverage-database/view/lcd.aspx?lcdid=36192&ver=25
"Noridian Healthcare Solutions, LLC
(MAC - Part A, MAC - Part B)",L36362,36362,LCD,34,03/21/2024,Retired,01/22/2026,MolDX: Biomarkers in Cardiovascular Risk Assessment,01/22/2026,20260122010411,https://www.cms.gov/medicare-coverage-database/view/lcd.aspx?lcdid=36362&ver=34
"Noridian Healthcare Solutions, LLC
(MAC - Part A, MAC - Part B)",L36386,36386,LCD,24,04/22/2021,Retired,01/22/2026,MolDX: Breast Cancer Assay: Prosigna®,01/22/2026,20260122010410,https://www.cms.gov/medicare-coverage-database/view/lcd.aspx?lcdid=36386&ver=24
"Noridian Healthcare Solutions, LLC
(MAC - Part A, MAC - Part B)",L36544,36544,LCD,21,08/21/2025,Retired,01/22/2026,MolDX: HLA-DQB1*06:02 Testing for Narcolepsy,01/22/2026,20260122010409,https://www.cms.gov/medicare-coverage-database/view/lcd.aspx?lcdid=36544&ver=21
"Noridian Healthcare Solutions, LLC
(MAC - Part A, MAC - Part B)",L37072,37072,LCD,25,06/30/2022,Retired,01/22/2026,MolDX: DecisionDx-UM (Uveal Melanoma),01/22/2026,20260122010408,https://www.cms.gov/medicare-coverage-database/view/lcd.aspx?lcdid=37072&ver=25
"Noridian Healthcare Solutions, LLC
(MAC - Part A, MAC - Part B)",L37311,37311,LCD,21,07/11/2021,Retired,01/22/2026,MolDX: EndoPredict® Breast Cancer Gene Expression Test,01/22/2026,20260122010408,https://www.cms.gov/medicare-coverage-database/view/lcd.aspx?lcdid=37311&ver=21
"Noridian Healthcare Solutions, LLC
(MAC - Part A, MAC - Part B)",L37748,37748,LCD,31,06/26/2025,Retired,01/22/2026,MolDX: Melanoma Risk Stratification Molecular Testing,01/22/2026,20260122010407,https://www.cms.gov/medicare-coverage-database/view/lcd.aspx?lcdid=37748&ver=31
"Noridian Healthcare Solutions, LLC
(MAC - Part A, MAC - Part B)",L37824,37824,LCD,19,07/03/2025,Retired,01/22/2026,MolDX: Breast Cancer Index® (BCI) Gene Expression Test,01/22/2026,20260122010406,https://www.cms.gov/medicare-coverage-database/view/lcd.aspx?lcdid=37824&ver=19
"Noridian Healthcare Solutions, LLC
(MAC - Part A, MAC - Part B)",L37891,37891,LCD,24,06/29/2023,Retired,01/22/2026,"MolDX: Envisia™, Veracyte™, Idiopathic Pulmonary Fibrosis Diagnostic Test",01/22/2026,20260122010405,https://www.cms.gov/medicare-coverage-database/view/lcd.aspx?lcdid=37891&ver=24
"Noridian Healthcare Solutions, LLC
(MAC - Part A, MAC - Part B)",L38333,38333,LCD,20,11/07/2024,Retired,01/22/2026,MolDX: Blood Product Molecular Antigen Typing,01/22/2026,20260122010404,https://www.cms.gov/medicare-coverage-database/view/lcd.aspx?lcdid=38333&ver=20
"Noridian Healthcare Solutions, LLC
(MAC - Part A, MAC - Part B)",L37899,37899,LCD,14,10/14/2021,Retired,01/22/2026,"MolDX: Inivata™, InvisionFirst®, Liquid Biopsy for Patients with Lung Cancer",01/22/2026,20260122010404,https://www.cms.gov/medicare-coverage-database/view/lcd.aspx?lcdid=37899&ver=14
"Noridian Healthcare Solutions, LLC
(MAC - Part A, MAC - Part B)",L39007,39007,LCD,10,07/03/2025,Retired,01/22/2026,MolDX: Molecular Biomarkers to Risk-Stratify Patients at Increased Risk for Prostate Cancer,01/22/2026,20260122010403,https://www.cms.gov/medicare-coverage-database/view/lcd.aspx?lcdid=39007&ver=10
"Noridian Healthcare Solutions, LLC
(MAC - Part A, MAC - Part B)",L39264,39264,LCD,8,03/13/2025,Retired,01/22/2026,"MolDX: Molecular Testing for Detection of Upper Gastrointestinal Metaplasia, Dysplasia, and Neoplasia",01/22/2026,20260122010403,https://www.cms.gov/medicare-coverage-database/view/lcd.aspx?lcdid=39264&ver=8
"Noridian Healthcare Solutions, LLC
(MAC - Part A, MAC - Part B)",L39375,39375,LCD,4,08/06/2023,Retired,01/22/2026,MolDX: Molecular Assays for the Diagnosis of Cutaneous Melanoma,01/22/2026,20260122010402,https://www.cms.gov/medicare-coverage-database/view/lcd.aspx?lcdid=39375&ver=4
"Noridian Healthcare Solutions, LLC
(MAC - Part A, MAC - Part B)",L39469,39469,LCD,9,08/07/2025,Retired,01/22/2026,MolDX: Molecular Biomarker Testing to Guide Targeted Therapy Selection in Rheumatoid Arthritis,01/22/2026,20260122010402,https://www.cms.gov/medicare-coverage-database/view/lcd.aspx?lcdid=39469&ver=9
"Noridian Healthcare Solutions, LLC
(MAC - Part A, MAC - Part B)",L39688,39688,LCD,4,09/22/2024,Retired,01/22/2026,MolDX: Gene Expression Profile Tests for Decision-Making in Castration Resistant and Metastatic Prostate Cancers,01/22/2026,20260122010401,https://www.cms.gov/medicare-coverage-database/view/lcd.aspx?lcdid=39688&ver=4
"Noridian Healthcare Solutions, LLC
(MAC - Part A, MAC - Part B)",L39594,39594,LCD,6,08/18/2024,Retired,01/22/2026,MolDX: Molecular Biomarker Testing for Risk Stratification of Cutaneous Squamous Cell Carcinoma,01/22/2026,20260122010401,https://www.cms.gov/medicare-coverage-database/view/lcd.aspx?lcdid=39594&ver=6
"Noridian Healthcare Solutions, LLC
(MAC - Part A, MAC - Part B)",L39680,39680,LCD,5,09/22/2024,Retired,01/22/2026,MolDX: Molecular Biomarkers for Risk Stratification of Indeterminate Pulmonary Nodules Following Bronchoscopy,01/22/2026,20260122010401,https://www.cms.gov/medicare-coverage-database/view/lcd.aspx?lcdid=39680&ver=5
"Noridian Healthcare Solutions, LLC
(MAC - Part A, MAC - Part B)",L39946,39946,LCD,8,08/17/2025,Retired,01/22/2026,MolDX: Genetic Testing for Heritable Thoracic Aortic Disease,01/22/2026,20260122010359,https://www.cms.gov/medicare-coverage-database/view/lcd.aspx?lcdid=39946&ver=8
"CGS Administrators, LLC
(MAC - Part A, MAC - Part B)",L36690,36690,LCD,38,01/29/2026,,N/A,"Wound Application of Cellular and/or Tissue Based Products (CTPs), Lower Extremities",01/21/2026,20260121082114,https://www.cms.gov/medicare-coverage-database/view/lcd.aspx?lcdid=36690&ver=38
"CGS Administrators, LLC
(MAC - Part A, MAC - Part B)",L39857,39857,LCD,7,02/22/2026,,N/A,Botulinum Toxin Injections,01/21/2026,20260121082014,https://www.cms.gov/medicare-coverage-database/view/lcd.aspx?lcdid=39857&ver=7
"Palmetto GBA
(MAC - Part A, MAC - Part B)",L39836,39836,LCD,8,02/22/2026,,N/A,Botulinum Toxin Injections,01/20/2026,20260120081144,https://www.cms.gov/medicare-coverage-database/view/lcd.aspx?lcdid=39836&ver=8
"Noridian Healthcare Solutions, LLC
(MAC - Part A, MAC - Part B)",L37750,37750,LCD,32,01/22/2026,,N/A,MolDX: Melanoma Risk Stratification Molecular Testing,01/12/2026,20260112083900,https://www.cms.gov/medicare-coverage-database/view/lcd.aspx?lcdid=37750&ver=32
"Noridian Healthcare Solutions, LLC
(MAC - Part A, MAC - Part B)",L36188,36188,LCD,26,01/22/2026,,N/A,MolDX: MGMT Promoter Methylation Analysis,01/12/2026,20260112083900,https://www.cms.gov/medicare-coverage-database/view/lcd.aspx?lcdid=36188&ver=26
"Noridian Healthcare Solutions, LLC
(MAC - Part A, MAC - Part B)",L39373,39373,LCD,6,01/22/2026,,N/A,MolDX: Molecular Assays for the Diagnosis of Cutaneous Melanoma,01/12/2026,20260112083900,https://www.cms.gov/medicare-coverage-database/view/lcd.aspx?lcdid=39373&ver=6
"Noridian Healthcare Solutions, LLC
(MAC - Part A, MAC - Part B)",L39589,39589,LCD,4,01/22/2026,,N/A,MolDX: Molecular Biomarker Testing for Risk Stratification of Cutaneous Squamous Cell Carcinoma,01/12/2026,20260112083900,https://www.cms.gov/medicare-coverage-database/view/lcd.aspx?lcdid=39589&ver=4
"Noridian Healthcare Solutions, LLC
(MAC - Part A, MAC - Part B)",L39467,39467,LCD,9,01/22/2026,,N/A,MolDX: Molecular Biomarker Testing to Guide Targeted Therapy Selection in Rheumatoid Arthritis,01/12/2026,20260112083900,https://www.cms.gov/medicare-coverage-database/view/lcd.aspx?lcdid=39467&ver=9
"Noridian Healthcare Solutions, LLC
(MAC - Part A, MAC - Part B)",L39678,39678,LCD,5,01/22/2026,,N/A,MolDX: Molecular Biomarkers for Risk Stratification of Indeterminate Pulmonary Nodules Following Bronchoscopy,01/12/2026,20260112083900,https://www.cms.gov/medicare-coverage-database/view/lcd.aspx?lcdid=39678&ver=5
"Noridian Healthcare Solutions, LLC
(MAC - Part A, MAC - Part B)",L39005,39005,LCD,9,01/22/2026,,N/A,MolDX: Molecular Biomarkers to Risk-Stratify Patients at Increased Risk for Prostate Cancer,01/12/2026,20260112083900,https://www.cms.gov/medicare-coverage-database/view/lcd.aspx?lcdid=39005&ver=9
"Noridian Healthcare Solutions, LLC
(MAC - Part A, MAC - Part B)",L39262,39262,LCD,8,01/22/2026,,N/A,"MolDX: Molecular Testing for Detection of Upper Gastrointestinal Metaplasia, Dysplasia, and Neoplasia",01/12/2026,20260112083900,https://www.cms.gov/medicare-coverage-database/view/lcd.aspx?lcdid=39262&ver=8
"Noridian Healthcare Solutions, LLC
(MAC - Part A, MAC - Part B)",L38331,38331,LCD,25,01/22/2026,,N/A,MolDX: Blood Product Molecular Antigen Typing,01/12/2026,20260112083859,https://www.cms.gov/medicare-coverage-database/view/lcd.aspx?lcdid=38331&ver=25
"Noridian Healthcare Solutions, LLC
(MAC - Part A, MAC - Part B)",L36380,36380,LCD,27,01/22/2026,,N/A,MolDX: Breast Cancer Assay: Prosigna®,01/12/2026,20260112083859,https://www.cms.gov/medicare-coverage-database/view/lcd.aspx?lcdid=36380&ver=27
"Noridian Healthcare Solutions, LLC
(MAC - Part A, MAC - Part B)",L37822,37822,LCD,19,01/22/2026,,N/A,MolDX: Breast Cancer Index® (BCI) Gene Expression Test,01/12/2026,20260112083859,https://www.cms.gov/medicare-coverage-database/view/lcd.aspx?lcdid=37822&ver=19
"Noridian Healthcare Solutions, LLC
(MAC - Part A, MAC - Part B)",L37070,37070,LCD,26,01/22/2026,,N/A,MolDX: DecisionDx-UM (Uveal Melanoma),01/12/2026,20260112083859,https://www.cms.gov/medicare-coverage-database/view/lcd.aspx?lcdid=37070&ver=26
"Noridian Healthcare Solutions, LLC
(MAC - Part A, MAC - Part B)",L37295,37295,LCD,22,01/22/2026,,N/A,MolDX: EndoPredict® Breast Cancer Gene Expression Test,01/12/2026,20260112083859,https://www.cms.gov/medicare-coverage-database/view/lcd.aspx?lcdid=37295&ver=22
"Noridian Healthcare Solutions, LLC
(MAC - Part A, MAC - Part B)",L37887,37887,LCD,25,01/22/2026,,N/A,"MolDX: Envisia™, Veracyte™, Idiopathic Pulmonary Fibrosis Diagnostic Test",01/12/2026,20260112083859,https://www.cms.gov/medicare-coverage-database/view/lcd.aspx?lcdid=37887&ver=25
"Noridian Healthcare Solutions, LLC
(MAC - Part A, MAC - Part B)",L39686,39686,LCD,4,01/22/2026,,N/A,MolDX: Gene Expression Profile Tests for Decision-Making in Castration Resistant and Metastatic Prostate Cancers,01/12/2026,20260112083859,https://www.cms.gov/medicare-coverage-database/view/lcd.aspx?lcdid=39686&ver=4
"Noridian Healthcare Solutions, LLC
(MAC - Part A, MAC - Part B)",L39944,39944,LCD,7,01/22/2026,,N/A,MolDX: Genetic Testing for Heritable Thoracic Aortic Disease,01/12/2026,20260112083859,https://www.cms.gov/medicare-coverage-database/view/lcd.aspx?lcdid=39944&ver=7
"Noridian Healthcare Solutions, LLC
(MAC - Part A, MAC - Part B)",L36155,36155,LCD,23,01/22/2026,,N/A,"MolDX: Genetic Testing for Hypercoagulability / Thrombophilia (Factor V Leiden, Factor II Prothrombin, and MTHFR)",01/12/2026,20260112083859,https://www.cms.gov/medicare-coverage-database/view/lcd.aspx?lcdid=36155&ver=23
"Noridian Healthcare Solutions, LLC
(MAC - Part A, MAC - Part B)",L36551,36551,LCD,21,01/22/2026,,N/A,MolDX: HLA-DQB1*06:02 Testing for Narcolepsy,01/12/2026,20260112083859,https://www.cms.gov/medicare-coverage-database/view/lcd.aspx?lcdid=36551&ver=21
"Noridian Healthcare Solutions, LLC
(MAC - Part A, MAC - Part B)",L37897,37897,LCD,18,01/22/2026,,N/A,"MolDX: Inivata™, InVisionFirst®, Liquid Biopsy for Patients with Lung Cancer",01/12/2026,20260112083859,https://www.cms.gov/medicare-coverage-database/view/lcd.aspx?lcdid=37897&ver=18
"Noridian Healthcare Solutions, LLC
(MAC - Part A, MAC - Part B)",L36358,36358,LCD,39,01/22/2026,,N/A,MolDX: Biomarkers in Cardiovascular Risk Assessment,01/12/2026,20260112083858,https://www.cms.gov/medicare-coverage-database/view/lcd.aspx?lcdid=36358&ver=39
"CGS Administrators, LLC
(DME MAC)

Noridian Healthcare Solutions, LLC
(DME MAC)",L33827,33827,LCD,55,01/01/2026,,N/A,Oral Antiemetic Drugs (Replacement for Intravenous Antiemetics),12/31/2025,20251231085729,https://www.cms.gov/medicare-coverage-database/view/lcd.aspx?lcdid=33827&ver=55
"CGS Administrators, LLC
(DME MAC)

Noridian Healthcare Solutions, LLC
(DME MAC)",L33826,33826,LCD,22,01/01/2026,,N/A,Oral Anticancer Drugs,12/31/2025,20251231084439,https://www.cms.gov/medicare-coverage-database/view/lcd.aspx?lcdid=33826&ver=22
"CGS Administrators, LLC
(DME MAC)

Noridian Healthcare Solutions, LLC
(DME MAC)",L33824,33824,LCD,56,01/01/2026,,N/A,Immunosuppressive Drugs,12/31/2025,20251231084034,https://www.cms.gov/medicare-coverage-database/view/lcd.aspx?lcdid=33824&ver=56
"Noridian Healthcare Solutions, LLC
(MAC - Part A, MAC - Part B)",L35172,35172,LCD,72,02/22/2026,,N/A,Botulinum Toxin Injections,12/29/2025,20251229124528,https://www.cms.gov/medicare-coverage-database/view/lcd.aspx?lcdid=35172&ver=72
"Noridian Healthcare Solutions, LLC
(MAC - Part A, MAC - Part B)",L35170,35170,LCD,60,02/22/2026,,N/A,Botulinum Toxin Injections,12/29/2025,20251229124410,https://www.cms.gov/medicare-coverage-database/view/lcd.aspx?lcdid=35170&ver=60
"WPS Insurance Corporation
(MAC - Part A, MAC - Part B)",L35755,35755,LCD,35,01/01/2026,,N/A,Non-Invasive Abdominal / Visceral Vascular Studies,12/22/2025,20251222154430,https://www.cms.gov/medicare-coverage-database/view/lcd.aspx?lcdid=35755&ver=35
"WPS Insurance Corporation
(MAC - Part A, MAC - Part B)",L34648,34648,LCD,31,01/01/2026,,N/A,Bisphosphonate Drug Therapy,12/22/2025,20251222152522,https://www.cms.gov/medicare-coverage-database/view/lcd.aspx?lcdid=34648&ver=31
"WPS Insurance Corporation
(MAC - Part A, MAC - Part B)",L34528,34528,LCD,38,01/01/2026,,N/A,"Blepharoplasty, Blepharoptosis and Brow Lift",12/22/2025,20251222145610,https://www.cms.gov/medicare-coverage-database/view/lcd.aspx?lcdid=34528&ver=38
"WPS Insurance Corporation
(MAC - Part A, MAC - Part B)",L37011,37011,LCD,24,01/01/2026,,N/A,ProMark® Risk Score,12/22/2025,20251222140502,https://www.cms.gov/medicare-coverage-database/view/lcd.aspx?lcdid=37011&ver=24
"WPS Insurance Corporation
(MAC - Part A, MAC - Part B)",L34623,34623,LCD,38,01/01/2026,,N/A,Intraoperative Neurophysiological Testing,12/22/2025,20251222133914,https://www.cms.gov/medicare-coverage-database/view/lcd.aspx?lcdid=34623&ver=38
"Palmetto GBA
(MAC - Part A, MAC - Part B)",L39391,39391,LCD,9,01/01/2026,,N/A,Vitamin D Assay Testing,12/22/2025,20251222110531,https://www.cms.gov/medicare-coverage-database/view/lcd.aspx?lcdid=39391&ver=9
"Palmetto GBA
(MAC - Part A, MAC - Part B)",L37602,37602,LCD,18,01/01/2026,,N/A,MDS FISH,12/22/2025,20251222110445,https://www.cms.gov/medicare-coverage-database/view/lcd.aspx?lcdid=37602&ver=18
"Palmetto GBA
(MAC - Part A, MAC - Part B)",L34410,34410,LCD,46,02/15/2026,,N/A,B-type Natriuretic Peptide (BNP) Testing,12/22/2025,20251222110350,https://www.cms.gov/medicare-coverage-database/view/lcd.aspx?lcdid=34410&ver=46
"First Coast Service Options, Inc.
(MAC - Part B)",L33907,33907,LCD,16,09/07/2021,Retired,12/18/2025,Hepatic (Liver) Function Panel,12/18/2025,20251218010640,https://www.cms.gov/medicare-coverage-database/view/lcd.aspx?lcdid=33907&ver=16
"Palmetto GBA
(MAC - Part A, MAC - Part B)",L39553,39553,LCD,24,12/18/2025,,N/A,Radiation Therapies,12/08/2025,20251208103020,https://www.cms.gov/medicare-coverage-database/view/lcd.aspx?lcdid=39553&ver=24
"Palmetto GBA
(MAC - Part A, MAC - Part B)",L38786,38786,LCD,10,12/18/2025,,N/A,Echocardiography for Myocardial Perfusion,12/08/2025,20251208102946,https://www.cms.gov/medicare-coverage-database/view/lcd.aspx?lcdid=38786&ver=10
"Palmetto GBA
(MAC - Part A, MAC - Part B)",L39780,39780,LCD,5,12/18/2025,,N/A,Lower Esophageal Magnetic Sphincter Augmentation,12/08/2025,20251208102915,https://www.cms.gov/medicare-coverage-database/view/lcd.aspx?lcdid=39780&ver=5
"CGS Administrators, LLC
(DME MAC)

Noridian Healthcare Solutions, LLC
(DME MAC)",L33318,33318,LCD,63,01/25/2026,,N/A,Knee Orthoses,12/04/2025,20251204131327,https://www.cms.gov/medicare-coverage-database/view/lcd.aspx?lcdid=33318&ver=63
"CGS Administrators, LLC
(MAC - Part A, MAC - Part B)",L37598,37598,LCD,21,12/04/2025,,N/A,Cystatin C Measurement,11/26/2025,20251126171952,https://www.cms.gov/medicare-coverage-database/view/lcd.aspx?lcdid=37598&ver=21
"CGS Administrators, LLC
(MAC - Part A, MAC - Part B)",L33943,33943,LCD,24,12/04/2025,,N/A,B-type Natriuretic Peptide (BNP) Testing,11/26/2025,20251126171506,https://www.cms.gov/medicare-coverage-database/view/lcd.aspx?lcdid=33943&ver=24
"CGS Administrators, LLC
(MAC - Part A, MAC - Part B)",L33950,33950,LCD,38,12/04/2025,,N/A,Breast Imaging Mammography/Breast Echography (Sonography)/Breast MRI/Ductography,11/26/2025,20251126171140,https://www.cms.gov/medicare-coverage-database/view/lcd.aspx?lcdid=33950&ver=38
"CGS Administrators, LLC
(MAC - Part A, MAC - Part B)",L40224,40224,LCD,3,01/19/2026,,N/A,Automated Detection and Quantification of Brain MRIs,11/24/2025,20251124092847,https://www.cms.gov/medicare-coverage-database/view/lcd.aspx?lcdid=40224&ver=3
"WPS Insurance Corporation
(MAC - Part A, MAC - Part B)",L37921,37921,LCD,18,11/27/2025,,N/A,"MolDX: Inivata™, InVisionFirst®, Liquid Biopsy for Patients with Lung Cancer",11/20/2025,20251120115444,https://www.cms.gov/medicare-coverage-database/view/lcd.aspx?lcdid=37921&ver=18
"CGS Administrators, LLC
(MAC - Part A, MAC - Part B)",L38201,38201,LCD,25,11/20/2025,,N/A,Percutaneous Vertebral Augmentation (PVA) for Vertebral Compression Fracture (VCF),11/14/2025,20251114114001,https://www.cms.gov/medicare-coverage-database/view/lcd.aspx?lcdid=38201&ver=25
"Palmetto GBA
(MAC - Part A, MAC - Part B)",L38737,38737,LCD,19,11/20/2025,,N/A,Percutaneous Vertebral Augmentation (PVA) for Vertebral Compression Fracture (VCF),11/14/2025,20251114094633,https://www.cms.gov/medicare-coverage-database/view/lcd.aspx?lcdid=38737&ver=19
"Noridian Healthcare Solutions, LLC
(MAC - Part A, MAC - Part B)",L34228,34228,LCD,54,11/20/2025,,N/A,Percutaneous Vertebral Augmentation (PVA) for Osteoporotic Vertebral Compression Fracture (VCF),11/13/2025,20251113173218,https://www.cms.gov/medicare-coverage-database/view/lcd.aspx?lcdid=34228&ver=54
"CGS Administrators, LLC
(MAC - Part A, MAC - Part B)",L32553,32553,LCD,21,11/07/2024,Retired,10/25/2025,Allergy Immunotherapy,11/12/2025,20251112134321,https://www.cms.gov/medicare-coverage-database/view/lcd.aspx?lcdid=32553&ver=21
"CGS Administrators, LLC
(MAC - Part A, MAC - Part B)",L38662,38662,LCD,18,10/16/2025,,N/A,Implantable Continuous Glucose Monitors (I-CGM),11/11/2025,20251111163536,https://www.cms.gov/medicare-coverage-database/view/lcd.aspx?lcdid=38662&ver=18
"Noridian Healthcare Solutions, LLC
(MAC - Part A, MAC - Part B)",L40052,40052,LCD,5,10/26/2025,Retired,11/06/2025,Allergen Immunotherapy (AIT) with Subcutaneous Immunotherapy (SCIT),11/06/2025,20251106010145,https://www.cms.gov/medicare-coverage-database/view/lcd.aspx?lcdid=40052&ver=5
"Noridian Healthcare Solutions, LLC
(MAC - Part A, MAC - Part B)",L37549,37549,LCD,22,11/01/2019,Retired,11/06/2025,Chest X-Ray Policy,11/06/2025,20251106010145,https://www.cms.gov/medicare-coverage-database/view/lcd.aspx?lcdid=37549&ver=22
"Noridian Healthcare Solutions, LLC
(MAC - Part A, MAC - Part B)",L36868,36868,LCD,25,10/01/2019,Retired,11/06/2025,Diagnostic and Therapeutic Colonoscopy,11/06/2025,20251106010145,https://www.cms.gov/medicare-coverage-database/view/lcd.aspx?lcdid=36868&ver=25
"Noridian Healthcare Solutions, LLC
(MAC - Part A, MAC - Part B)",L36680,36680,LCD,26,03/04/2021,Retired,11/06/2025,Lab: Bladder/Urothelial Tumor Markers,11/06/2025,20251106010145,https://www.cms.gov/medicare-coverage-database/view/lcd.aspx?lcdid=36680&ver=26
"Noridian Healthcare Solutions, LLC
(MAC - Part A, MAC - Part B)",L36573,36573,LCD,17,12/01/2019,Retired,11/06/2025,Total Hip Arthroplasty,11/06/2025,20251106010145,https://www.cms.gov/medicare-coverage-database/view/lcd.aspx?lcdid=36573&ver=17
"Noridian Healthcare Solutions, LLC
(MAC - Part A, MAC - Part B)",L37283,37283,LCD,23,10/01/2019,Retired,11/06/2025,Electrocardiograms,11/06/2025,20251106010144,https://www.cms.gov/medicare-coverage-database/view/lcd.aspx?lcdid=37283&ver=23
"Noridian Healthcare Solutions, LLC
(MAC - Part A, MAC - Part B)",L36094,36094,LCD,58,04/08/2021,Retired,11/06/2025,Lab: Flow Cytometry,11/06/2025,20251106010144,https://www.cms.gov/medicare-coverage-database/view/lcd.aspx?lcdid=36094&ver=58
"Noridian Healthcare Solutions, LLC
(MAC - Part A, MAC - Part B)",L36577,36577,LCD,17,12/01/2019,Retired,11/06/2025,Total Knee Arthroplasty,11/06/2025,20251106010144,https://www.cms.gov/medicare-coverage-database/view/lcd.aspx?lcdid=36577&ver=17
"Noridian Healthcare Solutions, LLC
(MAC - Part A, MAC - Part B)",L34106,34106,LCD,47,01/10/2021,Retired,11/06/2025,Percutaneous Vertebral Augmentation (PVA) for Osteoporotic Vertebral Compression Fracture (VCF),11/06/2025,20251106010143,https://www.cms.gov/medicare-coverage-database/view/lcd.aspx?lcdid=34106&ver=47
"CGS Administrators, LLC
(MAC - Part A, MAC - Part B)",L38284,38284,LCD,13,11/13/2025,,N/A,MolDX: Predictive Classifiers for Early Stage Non-small Cell Lung Cancer,11/05/2025,20251105073245,https://www.cms.gov/medicare-coverage-database/view/lcd.aspx?lcdid=38284&ver=13
"CGS Administrators, LLC
(MAC - Part A, MAC - Part B)",L36675,36675,LCD,19,11/13/2025,,N/A,ProMark® Risk Score,11/05/2025,20251105072829,https://www.cms.gov/medicare-coverage-database/view/lcd.aspx?lcdid=36675&ver=19
"CGS Administrators, LLC
(MAC - Part A, MAC - Part B)",L38822,38822,LCD,8,11/06/2025,,N/A,MolDX: Minimal Residual Disease Testing for Cancer,10/31/2025,20251031163217,https://www.cms.gov/medicare-coverage-database/view/lcd.aspx?lcdid=38822&ver=8
"CGS Administrators, LLC
(MAC - Part A, MAC - Part B)",L34045,34045,LCD,38,11/06/2025,,N/A,Non-Invasive Vascular Studies,10/31/2025,20251031163042,https://www.cms.gov/medicare-coverage-database/view/lcd.aspx?lcdid=34045&ver=38
"CGS Administrators, LLC
(MAC - Part A, MAC - Part B)",L39284,39284,LCD,12,11/06/2025,,N/A,Prostate Cancer Detection with IsoPSA®,10/31/2025,20251031162853,https://www.cms.gov/medicare-coverage-database/view/lcd.aspx?lcdid=39284&ver=12
"CGS Administrators, LLC
(MAC - Part A, MAC - Part B)",L33959,33959,LCD,36,11/06/2025,,N/A,Cardiac Catheterization and Coronary Angiography,10/31/2025,20251031162733,https://www.cms.gov/medicare-coverage-database/view/lcd.aspx?lcdid=33959&ver=36
"CGS Administrators, LLC
(MAC - Part A, MAC - Part B)",L33944,33944,LCD,27,11/06/2025,,N/A,Blepharoplasty,10/31/2025,20251031162255,https://www.cms.gov/medicare-coverage-database/view/lcd.aspx?lcdid=33944&ver=27
"CGS Administrators, LLC
(MAC - Part A, MAC - Part B)",L33946,33946,LCD,17,11/06/2025,,N/A,Capsule Opacification Following Cataract Surgery: Discission and YAG Laser Capsulotomy,10/31/2025,20251031161746,https://www.cms.gov/medicare-coverage-database/view/lcd.aspx?lcdid=33946&ver=17
"Noridian Healthcare Solutions, LLC
(MAC - Part A, MAC - Part B)",L36575,36575,LCD,21,11/06/2025,,N/A,Total Knee Arthroplasty,10/27/2025,20251027093429,https://www.cms.gov/medicare-coverage-database/view/lcd.aspx?lcdid=36575&ver=21
"Noridian Healthcare Solutions, LLC
(MAC - Part A, MAC - Part B)",L34163,34163,LCD,33,11/06/2025,,N/A,Total Hip Arthroplasty,10/27/2025,20251027093406,https://www.cms.gov/medicare-coverage-database/view/lcd.aspx?lcdid=34163&ver=33
"Noridian Healthcare Solutions, LLC
(MAC - Part A, MAC - Part B)",L36678,36678,LCD,33,11/06/2025,,N/A,Lab: Bladder/Urothelial Tumor Markers,10/27/2025,20251027093343,https://www.cms.gov/medicare-coverage-database/view/lcd.aspx?lcdid=36678&ver=33
"Noridian Healthcare Solutions, LLC
(MAC - Part A, MAC - Part B)",L34315,34315,LCD,41,11/06/2025,,N/A,Electrocardiograms,10/27/2025,20251027093318,https://www.cms.gov/medicare-coverage-database/view/lcd.aspx?lcdid=34315&ver=41
"Noridian Healthcare Solutions, LLC
(MAC - Part A, MAC - Part B)",L34215,34215,LCD,59,11/06/2025,,N/A,Lab: Flow Cytometry,10/27/2025,20251027081434,https://www.cms.gov/medicare-coverage-database/view/lcd.aspx?lcdid=34215&ver=59
"Noridian Healthcare Solutions, LLC
(MAC - Part A, MAC - Part B)",L40050,40050,LCD,6,11/06/2025,,N/A,Allergen Immunotherapy (AIT) with Subcutaneous Immunotherapy (SCIT),10/27/2025,20251027081433,https://www.cms.gov/medicare-coverage-database/view/lcd.aspx?lcdid=40050&ver=6
"Noridian Healthcare Solutions, LLC
(MAC - Part A, MAC - Part B)",L37547,37547,LCD,22,11/06/2025,,N/A,Chest X-Ray Policy,10/27/2025,20251027081433,https://www.cms.gov/medicare-coverage-database/view/lcd.aspx?lcdid=37547&ver=22
"Palmetto GBA
(MAC - Part A, MAC - Part B)",L38549,38549,LCD,17,12/14/2025,,N/A,Transurethral Waterjet Ablation of the Prostate,10/24/2025,20251024093814,https://www.cms.gov/medicare-coverage-database/view/lcd.aspx?lcdid=38549&ver=17
"CGS Administrators, LLC
(DME MAC)

Noridian Healthcare Solutions, LLC
(DME MAC)",L33792,33792,LCD,43,10/01/2025,,N/A,Wheelchair Options/Accessories,10/23/2025,20251023125810,https://www.cms.gov/medicare-coverage-database/view/lcd.aspx?lcdid=33792&ver=43
"CGS Administrators, LLC
(DME MAC)

Noridian Healthcare Solutions, LLC
(DME MAC)",L33789,33789,LCD,38,10/01/2025,,N/A,Power Mobility Devices,10/23/2025,20251023125532,https://www.cms.gov/medicare-coverage-database/view/lcd.aspx?lcdid=33789&ver=38
"CGS Administrators, LLC
(DME MAC)

Noridian Healthcare Solutions, LLC
(DME MAC)",L33739,33739,LCD,23,10/01/2024,,N/A,Speech Generating Devices (SGD),10/23/2025,20251023114154,https://www.cms.gov/medicare-coverage-database/view/lcd.aspx?lcdid=33739&ver=23
"Noridian Healthcare Solutions, LLC
(MAC - Part A, MAC - Part B)",L33979,33979,LCD,36,10/01/2019,Retired,10/23/2025,"Benign Skin Lesion Removal (Excludes Actinic Keratosis, and Mohs)",10/23/2025,20251023010607,https://www.cms.gov/medicare-coverage-database/view/lcd.aspx?lcdid=33979&ver=36
"Noridian Healthcare Solutions, LLC
(MAC - Part A, MAC - Part B)",L35704,35704,LCD,22,12/01/2019,Retired,10/23/2025,Mohs Micrographic Surgery,10/23/2025,20251023010607,https://www.cms.gov/medicare-coverage-database/view/lcd.aspx?lcdid=35704&ver=22
"Noridian Healthcare Solutions, LLC
(MAC - Part A, MAC - Part B)",L35175,35175,LCD,64,10/01/2019,Retired,10/23/2025,MRI and CT Scans of the Head and Neck,10/23/2025,20251023010607,https://www.cms.gov/medicare-coverage-database/view/lcd.aspx?lcdid=35175&ver=64
"Noridian Healthcare Solutions, LLC
(MAC - Part A, MAC - Part B)",L39118,39118,LCD,6,11/12/2023,Retired,10/23/2025,"Amniotic and Placental-Derived Product Injections and/or Applications for Musculoskeletal Indications, Non-Wound",10/23/2025,20251023010606,https://www.cms.gov/medicare-coverage-database/view/lcd.aspx?lcdid=39118&ver=6
"Noridian Healthcare Solutions, LLC
(MAC - Part A, MAC - Part B)",L37062,37062,LCD,25,04/28/2022,Retired,10/23/2025,BDX-XL2,10/23/2025,20251023010606,https://www.cms.gov/medicare-coverage-database/view/lcd.aspx?lcdid=37062&ver=25
"Noridian Healthcare Solutions, LLC
(MAC - Part A, MAC - Part B)",L38659,38659,LCD,18,02/25/2024,Retired,10/23/2025,Implantable Continuous Glucose Monitors (I-CGM),10/23/2025,20251023010606,https://www.cms.gov/medicare-coverage-database/view/lcd.aspx?lcdid=38659&ver=18
"Noridian Healthcare Solutions, LLC
(MAC - Part A, MAC - Part B)",L37281,37281,LCD,23,08/18/2022,Retired,10/23/2025,Lumbar MRI,10/23/2025,20251023010606,https://www.cms.gov/medicare-coverage-database/view/lcd.aspx?lcdid=37281&ver=23
"Noridian Healthcare Solutions, LLC
(MAC - Part A, MAC - Part B)",L37622,37622,LCD,18,06/30/2022,Retired,10/23/2025,MDS FISH,10/23/2025,20251023010606,https://www.cms.gov/medicare-coverage-database/view/lcd.aspx?lcdid=37622&ver=18
"Noridian Healthcare Solutions, LLC
(MAC - Part A, MAC - Part B)",L38301,38301,LCD,26,11/17/2024,Retired,10/23/2025,Micro-Invasive Glaucoma Surgery (MIGS),10/23/2025,20251023010606,https://www.cms.gov/medicare-coverage-database/view/lcd.aspx?lcdid=38301&ver=26
"Noridian Healthcare Solutions, LLC
(MAC - Part A, MAC - Part B)",L36526,36526,LCD,33,12/01/2019,Retired,10/23/2025,Nerve Conduction Studies and Electromyography,10/23/2025,20251023010606,https://www.cms.gov/medicare-coverage-database/view/lcd.aspx?lcdid=36526&ver=33
"Noridian Healthcare Solutions, LLC
(MAC - Part A, MAC - Part B)",L37360,37360,LCD,22,12/01/2019,Retired,10/23/2025,Peripheral Nerve Stimulation,10/23/2025,20251023010606,https://www.cms.gov/medicare-coverage-database/view/lcd.aspx?lcdid=37360&ver=22
"Noridian Healthcare Solutions, LLC
(MAC - Part A, MAC - Part B)",L36706,36706,LCD,23,12/30/2021,Retired,10/23/2025,ProMark® Risk Score,10/23/2025,20251023010606,https://www.cms.gov/medicare-coverage-database/view/lcd.aspx?lcdid=36706&ver=23
"Noridian Healthcare Solutions, LLC
(MAC - Part A, MAC - Part B)",L36859,36859,LCD,27,04/01/2024,Retired,10/23/2025,Trigger Point Injections (TPI),10/23/2025,20251023010606,https://www.cms.gov/medicare-coverage-database/view/lcd.aspx?lcdid=36859&ver=27
"Noridian Healthcare Solutions, LLC
(MAC - Part A, MAC - Part B)",L39812,39812,LCD,14,04/17/2025,Retired,10/23/2025,Minimally Invasive Arthrodesis of the Sacroiliac Joint (SIJ),10/23/2025,20251023010605,https://www.cms.gov/medicare-coverage-database/view/lcd.aspx?lcdid=39812&ver=14
"CGS Administrators, LLC
(DME MAC)

Noridian Healthcare Solutions, LLC
(DME MAC)",L33800,33800,LCD,43,06/09/2025,,N/A,Respiratory Assist Devices,10/22/2025,20251022152649,https://www.cms.gov/medicare-coverage-database/view/lcd.aspx?lcdid=33800&ver=43
"WPS Insurance Corporation
(MAC - Part A, MAC - Part B)",L35498,35498,LCD,30,10/30/2025,,N/A,Removal of Benign Skin Lesions,10/21/2025,20251021155457,https://www.cms.gov/medicare-coverage-database/view/lcd.aspx?lcdid=35498&ver=30
"WPS Insurance Corporation
(MAC - Part A, MAC - Part B)",L34616,34616,LCD,44,10/30/2025,,N/A,Psychiatry and Psychology Services,10/21/2025,20251021153759,https://www.cms.gov/medicare-coverage-database/view/lcd.aspx?lcdid=34616&ver=44
"WPS Insurance Corporation
(MAC - Part A, MAC - Part B)",L34596,34596,LCD,52,10/30/2025,,N/A,Immunizations,10/21/2025,20251021151441,https://www.cms.gov/medicare-coverage-database/view/lcd.aspx?lcdid=34596&ver=52
"WPS Insurance Corporation
(MAC - Part A, MAC - Part B)",L35998,35998,LCD,36,10/30/2025,,N/A,Non-Coronary Vascular Stents,10/21/2025,20251021134535,https://www.cms.gov/medicare-coverage-database/view/lcd.aspx?lcdid=35998&ver=36
"WPS Insurance Corporation
(MAC - Part A, MAC - Part B)",L37199,37199,LCD,16,10/30/2025,,N/A,MolDX: Oncotype DX® Breast Cancer for DCIS (Genomic Health™),10/21/2025,20251021131650,https://www.cms.gov/medicare-coverage-database/view/lcd.aspx?lcdid=37199&ver=16
"WPS Insurance Corporation
(MAC - Part A, MAC - Part B)",L38835,38835,LCD,8,10/30/2025,,N/A,MolDX: Minimal Residual Disease Testing for Cancer,10/21/2025,20251021115007,https://www.cms.gov/medicare-coverage-database/view/lcd.aspx?lcdid=38835&ver=8
"WPS Insurance Corporation
(MAC - Part A, MAC - Part B)",L35121,35121,LCD,35,10/30/2025,,N/A,Coronary Computed Tomography Angiography (CCTA),10/21/2025,20251021110908,https://www.cms.gov/medicare-coverage-database/view/lcd.aspx?lcdid=35121&ver=35
"WPS Insurance Corporation
(MAC - Part A, MAC - Part B)",L34761,34761,LCD,34,10/30/2025,,N/A,Percutaneous Coronary Interventions,10/21/2025,20251021105624,https://www.cms.gov/medicare-coverage-database/view/lcd.aspx?lcdid=34761&ver=34
"WPS Insurance Corporation
(MAC - Part A, MAC - Part B)",L35124,35124,LCD,25,10/30/2025,,N/A,Autonomic Function Testing,10/21/2025,20251021102931,https://www.cms.gov/medicare-coverage-database/view/lcd.aspx?lcdid=35124&ver=25
"WPS Insurance Corporation
(MAC - Part A, MAC - Part B)",L38682,38682,LCD,13,12/14/2025,,N/A,Transurethral Waterjet Ablation of the Prostate,10/21/2025,20251021090616,https://www.cms.gov/medicare-coverage-database/view/lcd.aspx?lcdid=38682&ver=13
"Palmetto GBA
(MAC - Part A, MAC - Part B)",L33445,33445,LCD,79,10/23/2025,,N/A,Removal of Benign and Malignant Skin Lesions,10/17/2025,20251017093143,https://www.cms.gov/medicare-coverage-database/view/lcd.aspx?lcdid=33445&ver=79
"Palmetto GBA
(MAC - Part A, MAC - Part B)",L37379,37379,LCD,42,10/23/2025,,N/A,Echocardiography,10/17/2025,20251017093101,https://www.cms.gov/medicare-coverage-database/view/lcd.aspx?lcdid=37379&ver=42
"CGS Administrators, LLC
(MAC - Part A, MAC - Part B)",L37832,37832,LCD,23,10/23/2025,,N/A,MolDX: Breast Cancer Index® (BCI) Gene Expression Test,10/16/2025,20251016140604,https://www.cms.gov/medicare-coverage-database/view/lcd.aspx?lcdid=37832&ver=23
"CGS Administrators, LLC
(MAC - Part A, MAC - Part B)",L38394,38394,LCD,13,10/23/2025,,N/A,MolDX: Pharmacogenomics Testing,10/16/2025,20251016140354,https://www.cms.gov/medicare-coverage-database/view/lcd.aspx?lcdid=38394&ver=13
"Noridian Healthcare Solutions, LLC
(MAC - Part A, MAC - Part B)",L38310,38310,LCD,11,10/16/2025,,N/A,Hypoglossal Nerve Stimulation for the Treatment of Obstructive Sleep Apnea,10/16/2025,20251016101745,https://www.cms.gov/medicare-coverage-database/view/lcd.aspx?lcdid=38310&ver=11
"Noridian Healthcare Solutions, LLC
(MAC - Part A, MAC - Part B)",L39883,39883,LCD,9,02/14/2025,Retired,10/16/2025,Artificial Intelligence Enabled CT Based Quantitative Coronary Topography (AI-QCT )/Coronary Plaque Analysis (AI-CPA),10/16/2025,20251016010121,https://www.cms.gov/medicare-coverage-database/view/lcd.aspx?lcdid=39883&ver=9
"Noridian Healthcare Solutions, LLC
(MAC - Part A, MAC - Part B)",L38312,38312,LCD,5,03/15/2020,Retired,10/16/2025,Hypoglossal Nerve Stimulation for the Treatment of Obstructive Sleep Apnea,10/16/2025,20251016010121,https://www.cms.gov/medicare-coverage-database/view/lcd.aspx?lcdid=38312&ver=5
"Noridian Healthcare Solutions, LLC
(MAC - Part A, MAC - Part B)",L37630,37630,LCD,21,02/25/2020,Retired,10/16/2025,In Vitro Chemosensitivity & Chemoresistance Assays,10/16/2025,20251016010121,https://www.cms.gov/medicare-coverage-database/view/lcd.aspx?lcdid=37630&ver=21
"Noridian Healthcare Solutions, LLC
(MAC - Part A, MAC - Part B)",L36889,36889,LCD,25,10/01/2019,Retired,10/16/2025,"Cardiovascular Stress Testing, Including Exercise and/or Pharmacological Stress and Stress Echocardiography",10/16/2025,20251016010120,https://www.cms.gov/medicare-coverage-database/view/lcd.aspx?lcdid=36889&ver=25
"Noridian Healthcare Solutions, LLC
(MAC - Part A, MAC - Part B)",L37504,37504,LCD,17,10/01/2019,Retired,10/16/2025,Frequency of Hemodialysis,10/16/2025,20251016010120,https://www.cms.gov/medicare-coverage-database/view/lcd.aspx?lcdid=37504&ver=17
"Noridian Healthcare Solutions, LLC
(MAC - Part A, MAC - Part B)",L36866,36866,LCD,18,03/04/2021,Retired,10/16/2025,GlycoMark® Testing for Glycemic Control,10/16/2025,20251016010120,https://www.cms.gov/medicare-coverage-database/view/lcd.aspx?lcdid=36866&ver=18
"Noridian Healthcare Solutions, LLC
(MAC - Part A, MAC - Part B)",L37068,37068,LCD,23,02/25/2021,Retired,10/16/2025,Lab: Coenzyme Q10 (CoQ10),10/16/2025,20251016010120,https://www.cms.gov/medicare-coverage-database/view/lcd.aspx?lcdid=37068&ver=23
"Noridian Healthcare Solutions, LLC
(MAC - Part A, MAC - Part B)",L36857,36857,LCD,17,11/01/2019,Retired,10/16/2025,Measurement of Salivary Hormones,10/16/2025,20251016010120,https://www.cms.gov/medicare-coverage-database/view/lcd.aspx?lcdid=36857&ver=17
"Noridian Healthcare Solutions, LLC
(MAC - Part A, MAC - Part B)",L37020,37020,LCD,26,02/14/2025,Retired,10/16/2025,Plastic Surgery,10/16/2025,20251016010120,https://www.cms.gov/medicare-coverage-database/view/lcd.aspx?lcdid=37020&ver=26
"Noridian Healthcare Solutions, LLC
(MAC - Part A, MAC - Part B)",L37293,37293,LCD,28,11/05/2023,Retired,10/16/2025,Respiratory Care,10/16/2025,20251016010120,https://www.cms.gov/medicare-coverage-database/view/lcd.aspx?lcdid=37293&ver=28
"Noridian Healthcare Solutions, LLC
(MAC - Part A, MAC - Part B)",L36286,36286,LCD,22,10/01/2019,Retired,10/16/2025,"Blepharoplasty, Eyelid Surgery, and Brow Lift",10/16/2025,20251016010119,https://www.cms.gov/medicare-coverage-database/view/lcd.aspx?lcdid=36286&ver=22
"Noridian Healthcare Solutions, LLC
(MAC - Part A, MAC - Part B)",L36700,36700,LCD,16,10/01/2019,Retired,10/16/2025,Serum Magnesium,10/16/2025,20251016010119,https://www.cms.gov/medicare-coverage-database/view/lcd.aspx?lcdid=36700&ver=16
"Noridian Healthcare Solutions, LLC
(MAC - Part A, MAC - Part B)",L36204,36204,LCD,23,12/01/2019,Retired,10/16/2025,Spinal Cord Stimulators for Chronic Pain,10/16/2025,20251016010119,https://www.cms.gov/medicare-coverage-database/view/lcd.aspx?lcdid=36204&ver=23
"Noridian Healthcare Solutions, LLC
(MAC - Part A, MAC - Part B)",L36569,36569,LCD,19,11/01/2019,Retired,10/16/2025,Treatment of Males with Low Testosterone,10/16/2025,20251016010119,https://www.cms.gov/medicare-coverage-database/view/lcd.aspx?lcdid=36569&ver=19
"Noridian Healthcare Solutions, LLC
(MAC - Part A, MAC - Part B)",L34010,34010,LCD,38,12/01/2019,Retired,10/16/2025,Treatment of Varicose Veins of the Lower Extremities,10/16/2025,20251016010119,https://www.cms.gov/medicare-coverage-database/view/lcd.aspx?lcdid=34010&ver=38
"Noridian Healthcare Solutions, LLC
(MAC - Part A, MAC - Part B)",L34211,34211,LCD,40,10/23/2025,,N/A,Trigger Point Injections (TPI),10/14/2025,20251014101052,https://www.cms.gov/medicare-coverage-database/view/lcd.aspx?lcdid=34211&ver=40
"Noridian Healthcare Solutions, LLC
(MAC - Part A, MAC - Part B)",L34328,34328,LCD,44,10/23/2025,,N/A,Peripheral Nerve Stimulation,10/14/2025,20251014101028,https://www.cms.gov/medicare-coverage-database/view/lcd.aspx?lcdid=34328&ver=44
"Noridian Healthcare Solutions, LLC
(MAC - Part A, MAC - Part B)",L36524,36524,LCD,43,10/23/2025,,N/A,Nerve Conduction Studies and Electromyography,10/14/2025,20251014101005,https://www.cms.gov/medicare-coverage-database/view/lcd.aspx?lcdid=36524&ver=43
"Noridian Healthcare Solutions, LLC
(MAC - Part A, MAC - Part B)",L37373,37373,LCD,41,10/23/2025,,N/A,MRI and CT Scans of the Head and Neck,10/14/2025,20251014100939,https://www.cms.gov/medicare-coverage-database/view/lcd.aspx?lcdid=37373&ver=41
"Noridian Healthcare Solutions, LLC
(MAC - Part A, MAC - Part B)",L34220,34220,LCD,40,10/23/2025,,N/A,Lumbar MRI,10/14/2025,20251014100912,https://www.cms.gov/medicare-coverage-database/view/lcd.aspx?lcdid=34220&ver=40
"Noridian Healthcare Solutions, LLC
(MAC - Part A, MAC - Part B)",L34233,34233,LCD,36,10/23/2025,,N/A,"Benign Skin Lesion Removal (Excludes Actinic Keratosis, and Mohs)",10/14/2025,20251014100845,https://www.cms.gov/medicare-coverage-database/view/lcd.aspx?lcdid=34233&ver=36
"Noridian Healthcare Solutions, LLC
(MAC - Part A, MAC - Part B)",L37054,37054,LCD,22,10/23/2025,,N/A,BDX-XL2,10/14/2025,20251014091356,https://www.cms.gov/medicare-coverage-database/view/lcd.aspx?lcdid=37054&ver=22
"Noridian Healthcare Solutions, LLC
(MAC - Part A, MAC - Part B)",L38657,38657,LCD,21,10/23/2025,,N/A,Implantable Continuous Glucose Monitors (I-CGM),10/14/2025,20251014091356,https://www.cms.gov/medicare-coverage-database/view/lcd.aspx?lcdid=38657&ver=21
"Noridian Healthcare Solutions, LLC
(MAC - Part A, MAC - Part B)",L37620,37620,LCD,16,10/23/2025,,N/A,MDS FISH,10/14/2025,20251014091356,https://www.cms.gov/medicare-coverage-database/view/lcd.aspx?lcdid=37620&ver=16
"Noridian Healthcare Solutions, LLC
(MAC - Part A, MAC - Part B)",L38299,38299,LCD,26,10/23/2025,,N/A,Micro-Invasive Glaucoma Surgery (MIGS),10/14/2025,20251014091356,https://www.cms.gov/medicare-coverage-database/view/lcd.aspx?lcdid=38299&ver=26
"Noridian Healthcare Solutions, LLC
(MAC - Part A, MAC - Part B)",L39810,39810,LCD,13,10/23/2025,,N/A,Minimally Invasive Arthrodesis of the Sacroiliac Joint (SIJ),10/14/2025,20251014091356,https://www.cms.gov/medicare-coverage-database/view/lcd.aspx?lcdid=39810&ver=13
"Noridian Healthcare Solutions, LLC
(MAC - Part A, MAC - Part B)",L35702,35702,LCD,32,10/23/2025,,N/A,Mohs Micrographic Surgery,10/14/2025,20251014091356,https://www.cms.gov/medicare-coverage-database/view/lcd.aspx?lcdid=35702&ver=32
"Noridian Healthcare Solutions, LLC
(MAC - Part A, MAC - Part B)",L36704,36704,LCD,23,10/23/2025,,N/A,ProMark® Risk Score,10/14/2025,20251014091356,https://www.cms.gov/medicare-coverage-database/view/lcd.aspx?lcdid=36704&ver=23
"Noridian Healthcare Solutions, LLC
(MAC - Part A, MAC - Part B)",L39116,39116,LCD,6,10/23/2025,,N/A,"Amniotic and Placental-Derived Product Injections and/or Applications for Musculoskeletal Indications, Non-Wound",10/14/2025,20251014091355,https://www.cms.gov/medicare-coverage-database/view/lcd.aspx?lcdid=39116&ver=6
"Noridian Healthcare Solutions, LLC
(MAC - Part A, MAC - Part B)",L36538,36538,LCD,22,10/16/2025,,N/A,Treatment of Males with Low Testosterone,10/08/2025,20251008075653,https://www.cms.gov/medicare-coverage-database/view/lcd.aspx?lcdid=36538&ver=22
"Noridian Healthcare Solutions, LLC
(MAC - Part A, MAC - Part B)",L35136,35136,LCD,37,10/16/2025,,N/A,Spinal Cord Stimulators for Chronic Pain,10/08/2025,20251008075621,https://www.cms.gov/medicare-coverage-database/view/lcd.aspx?lcdid=35136&ver=37
"Noridian Healthcare Solutions, LLC
(MAC - Part A, MAC - Part B)",L36702,36702,LCD,20,10/16/2025,,N/A,Serum Magnesium,10/08/2025,20251008075552,https://www.cms.gov/medicare-coverage-database/view/lcd.aspx?lcdid=36702&ver=20
"Noridian Healthcare Solutions, LLC
(MAC - Part A, MAC - Part B)",L36846,36846,LCD,21,10/16/2025,,N/A,Measurement of Salivary Hormones,10/08/2025,20251008075518,https://www.cms.gov/medicare-coverage-database/view/lcd.aspx?lcdid=36846&ver=21
"Noridian Healthcare Solutions, LLC
(MAC - Part A, MAC - Part B)",L37066,37066,LCD,31,10/16/2025,,N/A,Lab: Coenzyme Q10 (CoQ10),10/08/2025,20251008075444,https://www.cms.gov/medicare-coverage-database/view/lcd.aspx?lcdid=37066&ver=31
"Noridian Healthcare Solutions, LLC
(MAC - Part A, MAC - Part B)",L37628,37628,LCD,24,10/16/2025,,N/A,In Vitro Chemosensitivity & Chemoresistance Assays,10/08/2025,20251008075418,https://www.cms.gov/medicare-coverage-database/view/lcd.aspx?lcdid=37628&ver=24
"Noridian Healthcare Solutions, LLC
(MAC - Part A, MAC - Part B)",L36864,36864,LCD,21,10/16/2025,,N/A,GlycoMark® Testing for Glycemic Control,10/08/2025,20251008075355,https://www.cms.gov/medicare-coverage-database/view/lcd.aspx?lcdid=36864&ver=21
"Noridian Healthcare Solutions, LLC
(MAC - Part A, MAC - Part B)",L37502,37502,LCD,21,10/16/2025,,N/A,Frequency of Hemodialysis,10/08/2025,20251008075334,https://www.cms.gov/medicare-coverage-database/view/lcd.aspx?lcdid=37502&ver=21
"Noridian Healthcare Solutions, LLC
(MAC - Part A, MAC - Part B)",L34324,34324,LCD,38,10/16/2025,,N/A,"Cardiovascular Stress Testing, Including Exercise and/or Pharmacological Stress and Stress Echocardiography",10/08/2025,20251008075303,https://www.cms.gov/medicare-coverage-database/view/lcd.aspx?lcdid=34324&ver=38
"Noridian Healthcare Solutions, LLC
(MAC - Part A, MAC - Part B)",L34194,34194,LCD,27,10/16/2025,,N/A,"Blepharoplasty, Eyelid Surgery, and Brow Lift",10/08/2025,20251008075237,https://www.cms.gov/medicare-coverage-database/view/lcd.aspx?lcdid=34194&ver=27
"Noridian Healthcare Solutions, LLC
(MAC - Part A, MAC - Part B)",L39881,39881,LCD,9,10/16/2025,,N/A,Artificial Intelligence Enabled CT Based Quantitative Coronary Topography (AI-QCT )/Coronary Plaque Analysis (AI-CPA),10/07/2025,20251007093917,https://www.cms.gov/medicare-coverage-database/view/lcd.aspx?lcdid=39881&ver=9
"Noridian Healthcare Solutions, LLC
(MAC - Part A, MAC - Part B)",L35163,35163,LCD,29,10/16/2025,,N/A,Plastic Surgery,10/07/2025,20251007093917,https://www.cms.gov/medicare-coverage-database/view/lcd.aspx?lcdid=35163&ver=29
"Noridian Healthcare Solutions, LLC
(MAC - Part A, MAC - Part B)",L34149,34149,LCD,52,10/16/2025,,N/A,Respiratory Care,10/07/2025,20251007093917,https://www.cms.gov/medicare-coverage-database/view/lcd.aspx?lcdid=34149&ver=52
"CGS Administrators, LLC
(MAC - Part A, MAC - Part B)",L34082,34082,LCD,30,10/09/2025,,N/A,"Varicose Veins of the Lower Extremity, Treatment of",10/03/2025,20251003182718,https://www.cms.gov/medicare-coverage-database/view/lcd.aspx?lcdid=34082&ver=30
"CGS Administrators, LLC
(MAC - Part A, MAC - Part B)",L33947,33947,LCD,25,10/09/2025,,N/A,Cardiac Computed Tomography (CCT) and Coronary Computed Tomography Angiography (CCTA),09/30/2025,20250930190806,https://www.cms.gov/medicare-coverage-database/view/lcd.aspx?lcdid=33947&ver=25
"CGS Administrators, LLC
(MAC - Part A, MAC - Part B)",L36658,36658,LCD,22,10/02/2025,,N/A,Proton Beam Therapy,09/26/2025,20250926175255,https://www.cms.gov/medicare-coverage-database/view/lcd.aspx?lcdid=36658&ver=22
"CGS Administrators, LLC
(MAC - Part A, MAC - Part B)",L34032,34032,LCD,34,10/02/2025,,N/A,Debridement Services,09/26/2025,20250926175228,https://www.cms.gov/medicare-coverage-database/view/lcd.aspx?lcdid=34032&ver=34
"CGS Administrators, LLC
(MAC - Part A, MAC - Part B)",L34394,34394,LCD,27,10/02/2025,,N/A,Visual Fields Testing,09/26/2025,20250926174004,https://www.cms.gov/medicare-coverage-database/view/lcd.aspx?lcdid=34394&ver=27
"CGS Administrators, LLC
(MAC - Part A, MAC - Part B)",L34056,34056,LCD,27,10/02/2025,,N/A,Urodynamics,09/26/2025,20250926173532,https://www.cms.gov/medicare-coverage-database/view/lcd.aspx?lcdid=34056&ver=27
"CGS Administrators, LLC
(MAC - Part A, MAC - Part B)",L34338,34338,LCD,34,10/02/2025,,N/A,Transthoracic Echocardiography (TTE),09/26/2025,20250926173246,https://www.cms.gov/medicare-coverage-database/view/lcd.aspx?lcdid=34338&ver=34
"CGS Administrators, LLC
(MAC - Part A, MAC - Part B)",L34541,34541,LCD,21,10/02/2025,,N/A,Transtelephonic Spirometry,09/26/2025,20250926172932,https://www.cms.gov/medicare-coverage-database/view/lcd.aspx?lcdid=34541&ver=21
"CGS Administrators, LLC
(MAC - Part A, MAC - Part B)",L36951,36951,LCD,20,09/04/2025,,N/A,MolDX: Oncotype DX® Breast Cancer for DCIS (Genomic Health™),09/26/2025,20250926165147,https://www.cms.gov/medicare-coverage-database/view/lcd.aspx?lcdid=36951&ver=20
"WPS Insurance Corporation
(MAC - Part A, MAC - Part B)",L38435,38435,LCD,15,10/02/2025,,N/A,MolDX: Pharmacogenomics Testing,09/26/2025,20250926160930,https://www.cms.gov/medicare-coverage-database/view/lcd.aspx?lcdid=38435&ver=15
"Palmetto GBA
(MAC - Part A, MAC - Part B)",L38294,38294,LCD,24,10/02/2025,,N/A,MolDX: Pharmacogenomics Testing,09/24/2025,20250924144347,https://www.cms.gov/medicare-coverage-database/view/lcd.aspx?lcdid=38294&ver=24
"CGS Administrators, LLC
(DME MAC)

Noridian Healthcare Solutions, LLC
(DME MAC)",L33312,33312,LCD,40,10/01/2025,,N/A,Wheelchair Seating,09/23/2025,20250923155507,https://www.cms.gov/medicare-coverage-database/view/lcd.aspx?lcdid=33312&ver=40
"First Coast Service Options, Inc.
(MAC - Part A, MAC - Part B)",L33274,33274,LCD,43,11/09/2025,,N/A,Botulinum Toxins,09/19/2025,20250919090810,https://www.cms.gov/medicare-coverage-database/view/lcd.aspx?lcdid=33274&ver=43
"Novitas Solutions, Inc.
(MAC - Part A, MAC - Part B)",L38809,38809,LCD,30,11/09/2025,,N/A,Botulinum Toxins,09/19/2025,20250919090143,https://www.cms.gov/medicare-coverage-database/view/lcd.aspx?lcdid=38809&ver=30
"WPS Insurance Corporation
(MAC - Part A, MAC - Part B)",L37001,37001,LCD,21,09/25/2025,,N/A,MolDX: MGMT Promoter Methylation Analysis,09/15/2025,20250915155351,https://www.cms.gov/medicare-coverage-database/view/lcd.aspx?lcdid=37001&ver=21
"WPS Insurance Corporation
(MAC - Part A, MAC - Part B)",L35486,35486,LCD,22,09/25/2025,,N/A,Pelvic Floor Dysfunction: Anorectal Manometry and EMG,09/15/2025,20250915154536,https://www.cms.gov/medicare-coverage-database/view/lcd.aspx?lcdid=35486&ver=22
"WPS Insurance Corporation
(MAC - Part A, MAC - Part B)",L39624,39624,LCD,5,09/25/2025,,N/A,"Amniotic and Placental Derived Product Injections and/or Applications for Musculoskeletal Indications, Non-Wound",09/15/2025,20250915150429,https://www.cms.gov/medicare-coverage-database/view/lcd.aspx?lcdid=39624&ver=5
"Palmetto GBA
(MAC - Part B)",L33431,33431,LCD,59,09/18/2025,,N/A,HbA1c,09/12/2025,20250912103146,https://www.cms.gov/medicare-coverage-database/view/lcd.aspx?lcdid=33431&ver=59
"Noridian Healthcare Solutions, LLC
(MAC - Part A, MAC - Part B)",L39762,39762,LCD,9,01/30/2025,Retired,09/11/2025,Cervical Fusion,09/11/2025,20250911010007,https://www.cms.gov/medicare-coverage-database/view/lcd.aspx?lcdid=39762&ver=9
"Noridian Healthcare Solutions, LLC
(MAC - Part A, MAC - Part B)",L39242,39242,LCD,8,06/19/2022,Retired,09/11/2025,Epidural Steroid Injections for Pain Management,09/11/2025,20250911010007,https://www.cms.gov/medicare-coverage-database/view/lcd.aspx?lcdid=39242&ver=8
"Noridian Healthcare Solutions, LLC
(MAC - Part A, MAC - Part B)",L39962,39962,LCD,4,04/13/2025,Retired,09/11/2025,Intervertebral Disc Repair,09/11/2025,20250911010007,https://www.cms.gov/medicare-coverage-database/view/lcd.aspx?lcdid=39962&ver=4
"Noridian Healthcare Solutions, LLC
(MAC - Part A, MAC - Part B)",L39060,39060,LCD,16,02/14/2025,Retired,09/11/2025,Platelet Rich Plasma Injections for Non-Wound Injections,09/11/2025,20250911010007,https://www.cms.gov/medicare-coverage-database/view/lcd.aspx?lcdid=39060&ver=16
"Noridian Healthcare Solutions, LLC
(MAC - Part A, MAC - Part B)",L37027,37027,LCD,20,07/30/2023,Retired,09/11/2025,Cataract Surgery in Adults,09/11/2025,20250911010006,https://www.cms.gov/medicare-coverage-database/view/lcd.aspx?lcdid=37027&ver=20
"Noridian Healthcare Solutions, LLC
(MAC - Part A, MAC - Part B)",L38826,38826,LCD,8,12/19/2021,Retired,09/11/2025,Colon Capsule Endoscopy (CCE),09/11/2025,20250911010006,https://www.cms.gov/medicare-coverage-database/view/lcd.aspx?lcdid=38826&ver=8
"Noridian Healthcare Solutions, LLC
(MAC - Part A, MAC - Part B)",L38700,38700,LCD,5,12/13/2020,Retired,09/11/2025,Computed Tomography Cerebral Perfusion Analysis (CTP),09/11/2025,20250911010006,https://www.cms.gov/medicare-coverage-database/view/lcd.aspx?lcdid=38700&ver=5
"Noridian Healthcare Solutions, LLC
(MAC - Part A, MAC - Part B)",L34076,34076,LCD,24,10/01/2019,Retired,09/11/2025,"Injections - Tendon, Ligament, Ganglion Cyst, Tunnel Syndromes and Morton's Neuroma",09/11/2025,20250911010006,https://www.cms.gov/medicare-coverage-database/view/lcd.aspx?lcdid=34076&ver=24
"Noridian Healthcare Solutions, LLC
(MAC - Part A, MAC - Part B)",L37618,37618,LCD,16,02/14/2025,Retired,09/11/2025,Lab: Cystatin C Measurement,09/11/2025,20250911010006,https://www.cms.gov/medicare-coverage-database/view/lcd.aspx?lcdid=37618&ver=16
"Noridian Healthcare Solutions, LLC
(MAC - Part A, MAC - Part B)",L37738,37738,LCD,23,07/30/2023,Retired,09/11/2025,Magnetic-Resonance-Guided Focused Ultrasound Surgery (MRgFUS) for Essential Tremor and Tremor Dominant Parkinson's Disease,09/11/2025,20250911010006,https://www.cms.gov/medicare-coverage-database/view/lcd.aspx?lcdid=37738&ver=23
"Noridian Healthcare Solutions, LLC
(MAC - Part A, MAC - Part B)",L34040,34040,LCD,34,07/20/2025,Retired,09/11/2025,Polysomnography and Other Sleep Studies,09/11/2025,20250911010006,https://www.cms.gov/medicare-coverage-database/view/lcd.aspx?lcdid=34040&ver=34
"Noridian Healthcare Solutions, LLC
(MAC - Part A, MAC - Part B)",L38904,38904,LCD,11,11/28/2021,Retired,09/11/2025,Wound and Ulcer Care,09/11/2025,20250911010006,https://www.cms.gov/medicare-coverage-database/view/lcd.aspx?lcdid=38904&ver=11
"Noridian Healthcare Solutions, LLC
(MAC - Part A, MAC - Part B)",L36353,36353,LCD,38,11/02/2025,,N/A,Lab: Special Histochemical Stains and Immunohistochemical Stains,09/09/2025,20250909124546,https://www.cms.gov/medicare-coverage-database/view/lcd.aspx?lcdid=36353&ver=38
"Noridian Healthcare Solutions, LLC
(MAC - Part A, MAC - Part B)",L36351,36351,LCD,42,11/02/2025,,N/A,Lab: Special Histochemical Stains and Immunohistochemical Stains,09/09/2025,20250909124328,https://www.cms.gov/medicare-coverage-database/view/lcd.aspx?lcdid=36351&ver=42
"Palmetto GBA
(MAC - Part A, MAC - Part B)",L40046,40046,LCD,3,10/26/2025,,N/A,Allergen Immunotherapy (AIT) with Subcutaneous Immunotherapy (SCIT),09/05/2025,20250905101556,https://www.cms.gov/medicare-coverage-database/view/lcd.aspx?lcdid=40046&ver=3
"WPS Insurance Corporation
(MAC - Part A, MAC - Part B)",L36408,36408,LCD,34,10/26/2025,,N/A,Allergen Immunotherapy (AIT) with Subcutaneous Immunotherapy (SCIT),09/03/2025,20250903154822,https://www.cms.gov/medicare-coverage-database/view/lcd.aspx?lcdid=36408&ver=34
"CGS Administrators, LLC
(MAC - Part A, MAC - Part B)",L40056,40056,LCD,3,10/26/2025,,N/A,Allergen Immunotherapy (AIT) with Subcutaneous Immunotherapy (SCIT),09/03/2025,20250903065740,https://www.cms.gov/medicare-coverage-database/view/lcd.aspx?lcdid=40056&ver=3
"Noridian Healthcare Solutions, LLC
(MAC - Part A, MAC - Part B)",L39058,39058,LCD,17,09/11/2025,,N/A,Platelet Rich Plasma Injections for Non-Wound Injections,09/02/2025,20250902095533,https://www.cms.gov/medicare-coverage-database/view/lcd.aspx?lcdid=39058&ver=17
"Noridian Healthcare Solutions, LLC
(MAC - Part A, MAC - Part B)",L36861,36861,LCD,25,09/11/2025,,N/A,Polysomnography and Other Sleep Studies,09/02/2025,20250902095533,https://www.cms.gov/medicare-coverage-database/view/lcd.aspx?lcdid=36861&ver=25
"Noridian Healthcare Solutions, LLC
(MAC - Part A, MAC - Part B)",L38902,38902,LCD,12,09/11/2025,,N/A,Wound and Ulcer Care,09/02/2025,20250902095533,https://www.cms.gov/medicare-coverage-database/view/lcd.aspx?lcdid=38902&ver=12
"Noridian Healthcare Solutions, LLC
(MAC - Part A, MAC - Part B)",L38824,38824,LCD,10,09/11/2025,,N/A,Colon Capsule Endoscopy (CCE),09/02/2025,20250902095532,https://www.cms.gov/medicare-coverage-database/view/lcd.aspx?lcdid=38824&ver=10
"Noridian Healthcare Solutions, LLC
(MAC - Part A, MAC - Part B)",L38709,38709,LCD,5,09/11/2025,,N/A,Computed Tomography Cerebral Perfusion Analysis (CTP),09/02/2025,20250902095532,https://www.cms.gov/medicare-coverage-database/view/lcd.aspx?lcdid=38709&ver=5
"Noridian Healthcare Solutions, LLC
(MAC - Part A, MAC - Part B)",L34218,34218,LCD,26,09/11/2025,,N/A,"Injections - Tendon, Ligament, Ganglion Cyst, Tunnel Syndromes and Morton's Neuroma",09/02/2025,20250902095532,https://www.cms.gov/medicare-coverage-database/view/lcd.aspx?lcdid=34218&ver=26
"Noridian Healthcare Solutions, LLC
(MAC - Part A, MAC - Part B)",L39960,39960,LCD,4,09/11/2025,,N/A,Intervertebral Disc Repair,09/02/2025,20250902095532,https://www.cms.gov/medicare-coverage-database/view/lcd.aspx?lcdid=39960&ver=4
"Noridian Healthcare Solutions, LLC
(MAC - Part A, MAC - Part B)",L37616,37616,LCD,16,09/11/2025,,N/A,Lab: Cystatin C Measurement,09/02/2025,20250902095532,https://www.cms.gov/medicare-coverage-database/view/lcd.aspx?lcdid=37616&ver=16
"Noridian Healthcare Solutions, LLC
(MAC - Part A, MAC - Part B)",L37729,37729,LCD,25,09/11/2025,,N/A,Magnetic-Resonance-Guided Focused Ultrasound Surgery (MRgFUS) for Essential Tremor and Tremor Dominant Parkinson's Disease,09/02/2025,20250902095532,https://www.cms.gov/medicare-coverage-database/view/lcd.aspx?lcdid=37729&ver=25
"Noridian Healthcare Solutions, LLC
(MAC - Part A, MAC - Part B)",L34203,34203,LCD,26,09/11/2025,,N/A,Cataract Surgery in Adults,09/02/2025,20250902095531,https://www.cms.gov/medicare-coverage-database/view/lcd.aspx?lcdid=34203&ver=26
"Noridian Healthcare Solutions, LLC
(MAC - Part A, MAC - Part B)",L39758,39758,LCD,14,09/11/2025,,N/A,Cervical Fusion,09/02/2025,20250902095531,https://www.cms.gov/medicare-coverage-database/view/lcd.aspx?lcdid=39758&ver=14
"CGS Administrators, LLC
(MAC - Part A, MAC - Part B)",L34337,34337,LCD,23,09/04/2025,,N/A,Transesophageal Echocardiography (TEE),08/29/2025,20250829131205,https://www.cms.gov/medicare-coverage-database/view/lcd.aspx?lcdid=34337&ver=23
"CGS Administrators, LLC
(MAC - Part A, MAC - Part B)",L34087,34087,LCD,20,09/04/2025,,N/A,"Surveillance of Implantable or Wearable Cardioverter Defibrillators (ICDs): Office, Hospital, Web, or Non-Web Based",08/29/2025,20250829125701,https://www.cms.gov/medicare-coverage-database/view/lcd.aspx?lcdid=34087&ver=20
"CGS Administrators, LLC
(MAC - Part A, MAC - Part B)",L34084,34084,LCD,23,09/04/2025,,N/A,Transcatheter Infusion Therapy,08/29/2025,20250829125226,https://www.cms.gov/medicare-coverage-database/view/lcd.aspx?lcdid=34084&ver=23
"CGS Administrators, LLC
(MAC - Part A, MAC - Part B)",L34540,34540,LCD,15,09/04/2025,,N/A,Stretta Procedure,08/29/2025,20250829123537,https://www.cms.gov/medicare-coverage-database/view/lcd.aspx?lcdid=34540&ver=15
"CGS Administrators, LLC
(MAC - Part A, MAC - Part B)",L38771,38771,LCD,18,09/04/2025,,N/A,Non-Invasive Fractional Flow Reserve (FFR) for Ischemic Heart Disease,08/29/2025,20250829122129,https://www.cms.gov/medicare-coverage-database/view/lcd.aspx?lcdid=38771&ver=18
"WPS Insurance Corporation
(MAC - Part A, MAC - Part B)",L34624,34624,LCD,42,08/28/2025,,N/A,Somatosensory Testing,08/20/2025,20250820153721,https://www.cms.gov/medicare-coverage-database/view/lcd.aspx?lcdid=34624&ver=42
"WPS Insurance Corporation
(MAC - Part A, MAC - Part B)",L34536,34536,LCD,36,08/28/2025,,N/A,Treatment of Varicose Veins of the Lower Extremities,08/20/2025,20250820152321,https://www.cms.gov/medicare-coverage-database/view/lcd.aspx?lcdid=34536&ver=36
"WPS Insurance Corporation
(MAC - Part A, MAC - Part B)",L34636,34636,LCD,38,08/28/2025,,N/A,Electrocardiographic (EKG or ECG) Monitoring (Holter or Real-Time Monitoring),08/20/2025,20250820150713,https://www.cms.gov/medicare-coverage-database/view/lcd.aspx?lcdid=34636&ver=38
"WPS Insurance Corporation
(MAC - Part A, MAC - Part B)",L34658,34658,LCD,36,08/28/2025,,N/A,Vitamin D Assay Testing,08/20/2025,20250820134224,https://www.cms.gov/medicare-coverage-database/view/lcd.aspx?lcdid=34658&ver=36
"WPS Insurance Corporation
(MAC - Part A, MAC - Part B)",L37015,37015,LCD,27,08/28/2025,,N/A,Visual Electrophysiology Testing,08/20/2025,20250820132022,https://www.cms.gov/medicare-coverage-database/view/lcd.aspx?lcdid=37015&ver=27
"WPS Insurance Corporation
(MAC - Part A, MAC - Part B)",L34645,34645,LCD,51,08/28/2025,,N/A,Urine Drug Testing,08/20/2025,20250820124317,https://www.cms.gov/medicare-coverage-database/view/lcd.aspx?lcdid=34645&ver=51
"WPS Insurance Corporation
(MAC - Part A, MAC - Part B)",L36815,36815,LCD,26,07/06/2023,Retired,08/16/2025,MolDX: Genetic Testing for BCR-ABL Negative Myeloproliferative Disease,08/18/2025,20250818150020,https://www.cms.gov/medicare-coverage-database/view/lcd.aspx?lcdid=36815&ver=26
"Palmetto GBA
(MAC - Part A, MAC - Part B)",L36044,36044,LCD,59,07/06/2023,Retired,08/17/2025,MolDX: Genetic Testing for BCR-ABL Negative Myeloproliferative Disease,08/17/2025,20250817010002,https://www.cms.gov/medicare-coverage-database/view/lcd.aspx?lcdid=36044&ver=59
"CGS Administrators, LLC
(MAC - Part A, MAC - Part B)",L36117,36117,LCD,36,05/15/2025,Retired,08/17/2025,MolDX: Genetic Testing for BCR-ABL Negative Myeloproliferative Disease,08/17/2025,20250817010002,https://www.cms.gov/medicare-coverage-database/view/lcd.aspx?lcdid=36117&ver=36
"Noridian Healthcare Solutions, LLC
(MAC - Part A, MAC - Part B)",L36180,36180,LCD,37,07/06/2023,Retired,08/17/2025,MolDX: Genetic Testing for BCR-ABL Negative Myeloproliferative Disease,08/17/2025,20250817010002,https://www.cms.gov/medicare-coverage-database/view/lcd.aspx?lcdid=36180&ver=37
"Noridian Healthcare Solutions, LLC
(MAC - Part A, MAC - Part B)",L36186,36186,LCD,37,07/16/2023,Retired,08/17/2025,MolDX: Genetic Testing for BCR-ABL Negative Myeloproliferative Disease,08/17/2025,20250817010001,https://www.cms.gov/medicare-coverage-database/view/lcd.aspx?lcdid=36186&ver=37
"CGS Administrators, LLC
(MAC - Part A, MAC - Part B)",L35442,35442,LCD,26,08/21/2025,,N/A,MolDX: NRAS Genetic Testing,08/15/2025,20250815123732,https://www.cms.gov/medicare-coverage-database/view/lcd.aspx?lcdid=35442&ver=26
"CGS Administrators, LLC
(MAC - Part A, MAC - Part B)",L38067,38067,LCD,13,08/21/2025,,N/A,MolDX: Next-Generation Sequencing for Solid Tumors,08/15/2025,20250815122507,https://www.cms.gov/medicare-coverage-database/view/lcd.aspx?lcdid=38067&ver=13
"CGS Administrators, LLC
(MAC - Part A, MAC - Part B)",L36021,36021,LCD,49,08/21/2025,,N/A,MolDX: Molecular Diagnostic Tests (MDT),08/15/2025,20250815115822,https://www.cms.gov/medicare-coverage-database/view/lcd.aspx?lcdid=36021&ver=49
"Noridian Healthcare Solutions, LLC
(MAC - Part A, MAC - Part B)",L37088,37088,LCD,22,08/20/2023,Retired,08/14/2025,Transcranial Magnetic Stimulation (TMS),08/14/2025,20250814010002,https://www.cms.gov/medicare-coverage-database/view/lcd.aspx?lcdid=37088&ver=22
"Noridian Healthcare Solutions, LLC
(MAC - Part A, MAC - Part B)",L36707,36707,LCD,40,04/17/2025,Retired,08/14/2025,Urine Drug Testing,08/14/2025,20250814010001,https://www.cms.gov/medicare-coverage-database/view/lcd.aspx?lcdid=36707&ver=40
"Noridian Healthcare Solutions, LLC
(MAC - Part A, MAC - Part B)",L34051,34051,LCD,43,12/01/2019,Retired,08/14/2025,Vitamin D Assay Testing,08/14/2025,20250814010001,https://www.cms.gov/medicare-coverage-database/view/lcd.aspx?lcdid=34051&ver=43
"Noridian Healthcare Solutions, LLC
(MAC - Part A, MAC - Part B)",L37086,37086,LCD,27,08/14/2025,,N/A,Transcranial Magnetic Stimulation (TMS),08/06/2025,20250806133001,https://www.cms.gov/medicare-coverage-database/view/lcd.aspx?lcdid=37086&ver=27
"Noridian Healthcare Solutions, LLC
(MAC - Part A, MAC - Part B)",L36668,36668,LCD,45,08/14/2025,,N/A,Urine Drug Testing,08/06/2025,20250806133001,https://www.cms.gov/medicare-coverage-database/view/lcd.aspx?lcdid=36668&ver=45
"Noridian Healthcare Solutions, LLC
(MAC - Part A, MAC - Part B)",L36692,36692,LCD,27,08/14/2025,,N/A,Vitamin D Assay Testing,08/06/2025,20250806133001,https://www.cms.gov/medicare-coverage-database/view/lcd.aspx?lcdid=36692&ver=27
"WPS Insurance Corporation
(MAC - Part A, MAC - Part B)",L39481,39481,LCD,8,07/31/2025,,N/A,MolDX: Molecular Biomarker Testing to Guide Targeted Therapy Selection in Rheumatoid Arthritis,08/01/2025,20250801075942,https://www.cms.gov/medicare-coverage-database/view/lcd.aspx?lcdid=39481&ver=8
"CGS Administrators, LLC
(MAC - Part A, MAC - Part B)",L38694,38694,LCD,12,08/07/2025,,N/A,Computed Tomography Cerebral Perfusion Analysis (CTP),07/31/2025,20250731120740,https://www.cms.gov/medicare-coverage-database/view/lcd.aspx?lcdid=38694&ver=12
"CGS Administrators, LLC
(MAC - Part A, MAC - Part B)",L34046,34046,LCD,29,08/07/2025,,N/A,Speech-Language Pathology,07/29/2025,20250729105020,https://www.cms.gov/medicare-coverage-database/view/lcd.aspx?lcdid=34046&ver=29
"Palmetto GBA
(HHH MAC)",L34562,34562,LCD,45,08/07/2025,,N/A,Home Health Skilled Nursing Care-Teaching and Training: Alzheimer's Disease and Behavioral Disturbances,07/28/2025,20250728101206,https://www.cms.gov/medicare-coverage-database/view/lcd.aspx?lcdid=34562&ver=45
"WPS Insurance Corporation
(MAC - Part A, MAC - Part B)",L36797,36797,LCD,22,07/31/2025,,N/A,MolDX: NRAS Genetic Testing,07/21/2025,20250721150623,https://www.cms.gov/medicare-coverage-database/view/lcd.aspx?lcdid=36797&ver=22
"WPS Insurance Corporation
(MAC - Part A, MAC - Part B)",L36400,36400,LCD,20,07/31/2025,,N/A,"MolDX: Genetic Testing for Hypercoagulability/Thrombophilia (Factor V Leiden, Factor II Prothrombin, and MTHFR)",07/21/2025,20250721132220,https://www.cms.gov/medicare-coverage-database/view/lcd.aspx?lcdid=36400&ver=20
"First Coast Service Options, Inc.
(MAC - Part A, MAC - Part B)",L39071,39071,LCD,16,12/12/2021,,N/A,Platelet Rich Plasma,07/03/2025,20250703114057,https://www.cms.gov/medicare-coverage-database/view/lcd.aspx?lcdid=39071&ver=16
"Novitas Solutions, Inc.
(MAC - Part A, MAC - Part B)",L39068,39068,LCD,21,12/12/2021,,N/A,Platelet Rich Plasma,07/03/2025,20250703114018,https://www.cms.gov/medicare-coverage-database/view/lcd.aspx?lcdid=39068&ver=21
"Noridian Healthcare Solutions, LLC
(MAC - Part A, MAC - Part B)",L38671,38671,LCD,6,07/10/2025,,N/A,MolDX: Molecular Testing for Solid Organ Allograft Rejection,07/03/2025,20250703091125,https://www.cms.gov/medicare-coverage-database/view/lcd.aspx?lcdid=38671&ver=6
"Noridian Healthcare Solutions, LLC
(MAC - Part A, MAC - Part B)",L38629,38629,LCD,5,07/10/2025,,N/A,MolDX: Molecular Testing for Solid Organ Allograft Rejection,07/03/2025,20250703091046,https://www.cms.gov/medicare-coverage-database/view/lcd.aspx?lcdid=38629&ver=5
"Palmetto GBA
(MAC - Part A, MAC - Part B)",L34576,34576,LCD,72,07/10/2025,,N/A,Laparoscopic Sleeve Gastrectomy for Severe Obesity,07/03/2025,20250703090635,https://www.cms.gov/medicare-coverage-database/view/lcd.aspx?lcdid=34576&ver=72
"Palmetto GBA
(MAC - Part A)",L34551,34551,LCD,36,07/10/2025,,N/A,One Day Stays for Chest Pain,07/03/2025,20250703090606,https://www.cms.gov/medicare-coverage-database/view/lcd.aspx?lcdid=34551&ver=36
"Palmetto GBA
(MAC - Part A, MAC - Part B)",L38568,38568,LCD,10,07/10/2025,,N/A,MolDX: Molecular Testing for Solid Organ Allograft Rejection,06/30/2025,20250630121713,https://www.cms.gov/medicare-coverage-database/view/lcd.aspx?lcdid=38568&ver=10
"WPS Insurance Corporation
(MAC - Part A, MAC - Part B)",L40022,40022,LCD,3,08/17/2025,,N/A,MolDX: Non-Next Generation Sequencing Tests for the Diagnosis of BCR-ABL Negative Myeloproliferative Neoplasms,06/27/2025,20250627155037,https://www.cms.gov/medicare-coverage-database/view/lcd.aspx?lcdid=40022&ver=3
"Palmetto GBA
(MAC - Part A, MAC - Part B)",L39919,39919,LCD,5,08/17/2025,,N/A,MolDX: Non-Next Generation Sequencing Tests for the Diagnosis of BCR-ABL Negative Myeloproliferative Neoplasms,06/27/2025,20250627113208,https://www.cms.gov/medicare-coverage-database/view/lcd.aspx?lcdid=39919&ver=5
"WPS Insurance Corporation
(MAC - Part A, MAC - Part B)",L39989,39989,LCD,4,08/17/2025,,N/A,MolDX: Genetic Testing for Heritable Thoracic Aortic Disease,06/25/2025,20250625155016,https://www.cms.gov/medicare-coverage-database/view/lcd.aspx?lcdid=39989&ver=4
"WPS Insurance Corporation
(MAC - Part A, MAC - Part B)",L39987,39987,LCD,4,08/17/2025,,N/A,MolDX: Molecular Testing for Identification and Management of Hereditary Transthyretin Amyloidosis,06/25/2025,20250625152452,https://www.cms.gov/medicare-coverage-database/view/lcd.aspx?lcdid=39987&ver=4
"Palmetto GBA
(MAC - Part A, MAC - Part B)",L39933,39933,LCD,5,08/17/2025,,N/A,MolDX: Genetic Testing for Heritable Thoracic Aortic Disease,06/25/2025,20250625104755,https://www.cms.gov/medicare-coverage-database/view/lcd.aspx?lcdid=39933&ver=5
"Palmetto GBA
(MAC - Part A, MAC - Part B)",L39935,39935,LCD,8,08/17/2025,,N/A,MolDX: Molecular Testing for Identification and Management of Hereditary Transthyretin Amyloidosis,06/25/2025,20250625104728,https://www.cms.gov/medicare-coverage-database/view/lcd.aspx?lcdid=39935&ver=8
"Palmetto GBA
(MAC - Part A, MAC - Part B)",L38985,38985,LCD,17,07/03/2025,,N/A,MolDX: Molecular Biomarkers to Risk-Stratify Patients at Increased Risk for Prostate Cancer,06/25/2025,20250625104705,https://www.cms.gov/medicare-coverage-database/view/lcd.aspx?lcdid=38985&ver=17
"Palmetto GBA
(MAC - Part A, MAC - Part B)",L38988,38988,LCD,18,07/03/2025,,N/A,MolDX: Molecular Syndromic Panels for Infectious Disease Pathogen Identification Testing,06/25/2025,20250625104636,https://www.cms.gov/medicare-coverage-database/view/lcd.aspx?lcdid=38988&ver=18
"Palmetto GBA
(MAC - Part A, MAC - Part B)",L38566,38566,LCD,11,07/03/2025,,N/A,MolDX: Phenotypic Biomarker Detection in Circulating Tumor Cells,06/24/2025,20250624122027,https://www.cms.gov/medicare-coverage-database/view/lcd.aspx?lcdid=38566&ver=11
"Palmetto GBA
(MAC - Part A, MAC - Part B)",L38292,38292,LCD,17,07/03/2025,,N/A,MolDX: Prostate Cancer Genomic Classifier Assay for Men with Localized Disease,06/23/2025,20250623123653,https://www.cms.gov/medicare-coverage-database/view/lcd.aspx?lcdid=38292&ver=17
"Palmetto GBA
(MAC - Part A, MAC - Part B)",L38238,38238,LCD,13,07/03/2025,,N/A,MolDX: Predictive Classifiers for Early Stage Non-Small Cell Lung Cancer,06/23/2025,20250623123620,https://www.cms.gov/medicare-coverage-database/view/lcd.aspx?lcdid=38238&ver=13
"Palmetto GBA
(MAC - Part A, MAC - Part B)",L37794,37794,LCD,23,07/03/2025,,N/A,MolDX: Breast Cancer Index® (BCI) Gene Expression Test,06/23/2025,20250623123545,https://www.cms.gov/medicare-coverage-database/view/lcd.aspx?lcdid=37794&ver=23
"CGS Administrators, LLC
(MAC - Part A, MAC - Part B)",L38016,38016,LCD,21,06/26/2025,,N/A,MolDX: Melanoma Risk Stratification Molecular Testing,06/20/2025,20250620181101,https://www.cms.gov/medicare-coverage-database/view/lcd.aspx?lcdid=38016&ver=21
"Palmetto GBA
(MAC - Part A, MAC - Part B)",L37725,37725,LCD,44,06/26/2025,,N/A,MolDX: Melanoma Risk Stratification Molecular Testing,06/20/2025,20250620103221,https://www.cms.gov/medicare-coverage-database/view/lcd.aspx?lcdid=37725&ver=44
"Palmetto GBA
(MAC - Part A, MAC - Part B)",L33423,33423,LCD,58,06/26/2025,,N/A,Cardiac Computed Tomography & Angiography (CCTA),06/20/2025,20250620094345,https://www.cms.gov/medicare-coverage-database/view/lcd.aspx?lcdid=33423&ver=58
"WPS Insurance Corporation
(MAC - Part A, MAC - Part B)",L34760,34760,LCD,27,06/26/2025,,N/A,Scanning Computerized Ophthalmic Diagnostic Imaging (SCODI),06/17/2025,20250617125250,https://www.cms.gov/medicare-coverage-database/view/lcd.aspx?lcdid=34760&ver=27
"WPS Insurance Corporation
(MAC - Part A, MAC - Part B)",L36839,36839,LCD,23,06/26/2025,,N/A,Polysomnography and Other Sleep Studies,06/17/2025,20250617095813,https://www.cms.gov/medicare-coverage-database/view/lcd.aspx?lcdid=36839&ver=23
"WPS Insurance Corporation
(MAC - Part A, MAC - Part B)",L39042,39042,LCD,7,07/03/2025,,N/A,MolDX: Molecular Biomarkers to Risk-Stratify Patients at Increased Risk for Prostate Cancer,06/17/2025,20250617094236,https://www.cms.gov/medicare-coverage-database/view/lcd.aspx?lcdid=39042&ver=7
"WPS Insurance Corporation
(MAC - Part A, MAC - Part B)",L34526,34526,LCD,24,06/26/2025,,N/A,Surgical Treatment of Obstructive Sleep Apnea (OSA),06/16/2025,20250616155340,https://www.cms.gov/medicare-coverage-database/view/lcd.aspx?lcdid=34526&ver=24
"WPS Insurance Corporation
(MAC - Part A, MAC - Part B)",L38680,38680,LCD,7,07/10/2025,,N/A,MolDx: Molecular Testing for Solid Organ Allograft Rejection,06/16/2025,20250616151938,https://www.cms.gov/medicare-coverage-database/view/lcd.aspx?lcdid=38680&ver=7
"WPS Insurance Corporation
(MAC - Part A, MAC - Part B)",L38443,38443,LCD,11,07/03/2025,,N/A,MolDX: Predictive Classifiers for Early Stage Non-Small Cell Lung Cancer,06/16/2025,20250616145211,https://www.cms.gov/medicare-coverage-database/view/lcd.aspx?lcdid=38443&ver=11
"WPS Insurance Corporation
(MAC - Part A, MAC - Part B)",L38018,38018,LCD,18,06/26/2025,,N/A,MolDX: Melanoma Risk Stratification Molecular Testing,06/16/2025,20250616144335,https://www.cms.gov/medicare-coverage-database/view/lcd.aspx?lcdid=38018&ver=18
"WPS Insurance Corporation
(MAC - Part A, MAC - Part B)",L38433,38433,LCD,9,07/03/2025,,N/A,MolDX: Prostate Cancer Genomic Classifier Assay for Men with Localized Disease,06/16/2025,20250616142830,https://www.cms.gov/medicare-coverage-database/view/lcd.aspx?lcdid=38433&ver=9
"Palmetto GBA
(MAC - Part A, MAC - Part B)",L39797,39797,LCD,13,04/17/2025,,N/A,Minimally Invasive Arthrodesis of the Sacroiliac Joint (SIJ),06/12/2025,20250612122110,https://www.cms.gov/medicare-coverage-database/view/lcd.aspx?lcdid=39797&ver=13
"Palmetto GBA
(MAC - Part A, MAC - Part B)",L38278,38278,LCD,35,08/03/2025,,N/A,Non-Invasive Fractional Flow Reserve (FFR) for Ischemic Heart Disease,06/11/2025,20250611095358,https://www.cms.gov/medicare-coverage-database/view/lcd.aspx?lcdid=38278&ver=35
"CGS Administrators, LLC
(MAC - Part A, MAC - Part B)",L37903,37903,LCD,18,06/19/2025,,N/A,"MolDX: Inivata™, InVisionFirst®, Liquid Biopsy for Patients with Lung Cancer",06/11/2025,20250611080230,https://www.cms.gov/medicare-coverage-database/view/lcd.aspx?lcdid=37903&ver=18
"CGS Administrators, LLC
(MAC - Part A, MAC - Part B)",L35984,35984,LCD,22,06/19/2025,,N/A,"MolDX: Genetic Testing for Hypercoagulability / Thrombophilia (Factor V Leiden, Factor II Prothrombin, and MTHFR)",06/11/2025,20250611075932,https://www.cms.gov/medicare-coverage-database/view/lcd.aspx?lcdid=35984&ver=22
"Palmetto GBA
(MAC - Part A, MAC - Part B)",L34434,34434,LCD,68,06/05/2025,,N/A,Upper Gastrointestinal Endoscopy and Visualization,05/29/2025,20250529090654,https://www.cms.gov/medicare-coverage-database/view/lcd.aspx?lcdid=34434&ver=68
"WPS Insurance Corporation
(MAC - Part A, MAC - Part B)",L34633,34633,LCD,54,05/29/2025,,N/A,Erythropoiesis Stimulating Agents (ESAs),05/20/2025,20250520154815,https://www.cms.gov/medicare-coverage-database/view/lcd.aspx?lcdid=34633&ver=54
"WPS Insurance Corporation
(MAC - Part A, MAC - Part B)",L34594,34594,LCD,42,05/29/2025,,N/A,Nerve Conduction Studies and Electromyography,05/20/2025,20250520133000,https://www.cms.gov/medicare-coverage-database/view/lcd.aspx?lcdid=34594&ver=42
"WPS Insurance Corporation
(MAC - Part A, MAC - Part B)",L34615,34615,LCD,42,05/29/2025,,N/A,Visual Fields,05/20/2025,20250520123752,https://www.cms.gov/medicare-coverage-database/view/lcd.aspx?lcdid=34615&ver=42
"WPS Insurance Corporation
(MAC - Part A, MAC - Part B)",L36807,36807,LCD,45,05/29/2025,,N/A,MolDX: Molecular Diagnostic Tests (MDT),05/20/2025,20250520114707,https://www.cms.gov/medicare-coverage-database/view/lcd.aspx?lcdid=36807&ver=45
"WPS Insurance Corporation
(MAC - Part A, MAC - Part B)",L38837,38837,LCD,7,05/29/2025,,N/A,Colon Capsule Endoscopy (CCE),05/20/2025,20250520113043,https://www.cms.gov/medicare-coverage-database/view/lcd.aspx?lcdid=38837&ver=7
"CGS Administrators, LLC
(MAC - Part A, MAC - Part B)",L38111,38111,LCD,10,05/22/2025,,N/A,MolDX: Pigmented Lesion Assay,05/13/2025,20250513151013,https://www.cms.gov/medicare-coverage-database/view/lcd.aspx?lcdid=38111&ver=10
"CGS Administrators, LLC
(MAC - Part A, MAC - Part B)",L37130,37130,LCD,21,05/22/2025,,N/A,MolDX: DecisionDx-UM (Uveal Melanoma),05/13/2025,20250513114725,https://www.cms.gov/medicare-coverage-database/view/lcd.aspx?lcdid=37130&ver=21
"CGS Administrators, LLC
(MAC - Part A, MAC - Part B)",L39802,39802,LCD,8,05/15/2025,,N/A,Minimally Invasive Arthrodesis of the Sacroiliac Joint (SIJ),05/09/2025,20250509105941,https://www.cms.gov/medicare-coverage-database/view/lcd.aspx?lcdid=39802&ver=8
"CGS Administrators, LLC
(MAC - Part A, MAC - Part B)",L34393,34393,LCD,24,05/01/2025,,N/A,Ocular Photography - External,04/25/2025,20250425163553,https://www.cms.gov/medicare-coverage-database/view/lcd.aspx?lcdid=34393&ver=24
"First Coast Service Options, Inc.
(MAC - Part A, MAC - Part B)",L39367,39367,LCD,41,04/24/2025,,N/A,Genetic Testing in Oncology: Specific Tests,04/25/2025,20250425075725,https://www.cms.gov/medicare-coverage-database/view/lcd.aspx?lcdid=39367&ver=41
"Novitas Solutions, Inc.
(MAC - Part A, MAC - Part B)",L39365,39365,LCD,149,04/24/2025,,N/A,Genetic Testing in Oncology: Specific Tests,04/25/2025,20250425075606,https://www.cms.gov/medicare-coverage-database/view/lcd.aspx?lcdid=39365&ver=149
"WPS Insurance Corporation
(MAC - Part A, MAC - Part B)",L37663,37663,LCD,20,05/01/2025,,N/A,MolDX: EndoPredict® Breast Cancer Gene Expression Test,04/22/2025,20250422130653,https://www.cms.gov/medicare-coverage-database/view/lcd.aspx?lcdid=37663&ver=20
"WPS Insurance Corporation
(MAC - Part A, MAC - Part B)",L36811,36811,LCD,16,05/01/2025,,N/A,MolDX: Breast Cancer Assay: Prosigna®,04/22/2025,20250422124615,https://www.cms.gov/medicare-coverage-database/view/lcd.aspx?lcdid=36811&ver=16
"WPS Insurance Corporation
(MAC - Part A, MAC - Part B)",L39479,39479,LCD,5,05/01/2025,,N/A,MolDX: Molecular Assays for the Diagnosis of Cutaneous Melanoma,04/22/2025,20250422121828,https://www.cms.gov/medicare-coverage-database/view/lcd.aspx?lcdid=39479&ver=5
"WPS Insurance Corporation
(MAC - Part A, MAC - Part B)",L39529,39529,LCD,5,05/01/2025,,N/A,Intraarticular Knee Injections of Hyaluronan,04/22/2025,20250422114642,https://www.cms.gov/medicare-coverage-database/view/lcd.aspx?lcdid=39529&ver=5
"Novitas Solutions, Inc.
(MAC - Part A, MAC - Part B)",L35396,35396,LCD,220,04/24/2025,,N/A,Biomarkers for Oncology,04/17/2025,20250417152925,https://www.cms.gov/medicare-coverage-database/view/lcd.aspx?lcdid=35396&ver=220
"Palmetto GBA
(HHH MAC)",L35132,35132,LCD,54,04/17/2025,,N/A,Home Health Plans of Care: Monitoring Glucose Control in the Medicare Home Health Population with Type II Diabetes Mellitus,04/09/2025,20250409111957,https://www.cms.gov/medicare-coverage-database/view/lcd.aspx?lcdid=35132&ver=54
"Palmetto GBA
(MAC - Part A)",L34570,34570,LCD,52,04/17/2025,,N/A,Psychiatric Inpatient Hospitalization,04/09/2025,20250409111910,https://www.cms.gov/medicare-coverage-database/view/lcd.aspx?lcdid=34570&ver=52
"CGS Administrators, LLC
(DME MAC)

Noridian Healthcare Solutions, LLC
(DME MAC)",L33317,33317,LCD,34,04/01/2025,,N/A,External Breast Prostheses,03/27/2025,20250327085040,https://www.cms.gov/medicare-coverage-database/view/lcd.aspx?lcdid=33317&ver=34
"WPS Insurance Corporation
(MAC - Part A, MAC - Part B)",L37228,37228,LCD,24,03/27/2025,,N/A,Wound Care,03/18/2025,20250318081344,https://www.cms.gov/medicare-coverage-database/view/lcd.aspx?lcdid=37228&ver=24
"First Coast Service Options, Inc.
(MAC - Part A, MAC - Part B)",L38726,38726,LCD,17,04/06/2025,,N/A,Transurethral Waterjet Ablation of the Prostate,03/14/2025,20250314094957,https://www.cms.gov/medicare-coverage-database/view/lcd.aspx?lcdid=38726&ver=17
"Novitas Solutions, Inc.
(MAC - Part A, MAC - Part B)",L38712,38712,LCD,18,04/06/2025,,N/A,Transurethral Waterjet Ablation of the Prostate,03/14/2025,20250314094909,https://www.cms.gov/medicare-coverage-database/view/lcd.aspx?lcdid=38712&ver=18
"First Coast Service Options, Inc.
(MAC - Part A, MAC - Part B)",L37561,37561,LCD,20,11/28/2019,,N/A,Cystatin C Measurement,03/14/2025,20250314094739,https://www.cms.gov/medicare-coverage-database/view/lcd.aspx?lcdid=37561&ver=20
"Novitas Solutions, Inc.
(MAC - Part A, MAC - Part B)",L36715,36715,LCD,58,12/10/2020,,N/A,BRCA1 and BRCA2 Genetic Testing,03/14/2025,20250314094640,https://www.cms.gov/medicare-coverage-database/view/lcd.aspx?lcdid=36715&ver=58
"First Coast Service Options, Inc.
(MAC - Part A, MAC - Part B)",L36499,36499,LCD,28,12/10/2020,,N/A,BRCA1 and BRCA2 Genetic Testing,03/14/2025,20250314094514,https://www.cms.gov/medicare-coverage-database/view/lcd.aspx?lcdid=36499&ver=28
"First Coast Service Options, Inc.
(MAC - Part A, MAC - Part B)",L38396,38396,LCD,25,04/25/2021,,N/A,Cardiology Non-emergent Outpatient Stress Testing,03/14/2025,20250314073405,https://www.cms.gov/medicare-coverage-database/view/lcd.aspx?lcdid=38396&ver=25
"Novitas Solutions, Inc.
(MAC - Part A, MAC - Part B)",L35083,35083,LCD,108,04/25/2021,,N/A,Cardiology Non-emergent Outpatient Stress Testing,03/14/2025,20250314073332,https://www.cms.gov/medicare-coverage-database/view/lcd.aspx?lcdid=35083&ver=108
"First Coast Service Options, Inc.
(MAC - Part A, MAC - Part B)",L33833,33833,LCD,26,01/30/2022,,N/A,Surgical Treatment of Nails,03/14/2025,20250314073241,https://www.cms.gov/medicare-coverage-database/view/lcd.aspx?lcdid=33833&ver=26
"Novitas Solutions, Inc.
(MAC - Part A, MAC - Part B)",L34887,34887,LCD,53,01/30/2022,,N/A,Surgical Treatment of Nails,03/14/2025,20250314073204,https://www.cms.gov/medicare-coverage-database/view/lcd.aspx?lcdid=34887&ver=53
"Palmetto GBA
(MAC - Part A, MAC - Part B)",L36593,36593,LCD,37,03/20/2025,,N/A,Polysomnography,03/10/2025,20250310100013,https://www.cms.gov/medicare-coverage-database/view/lcd.aspx?lcdid=36593&ver=37
"First Coast Service Options, Inc.
(MAC - Part A, MAC - Part B)",L39799,39799,LCD,16,08/11/2024,,N/A,Cervical Fusion,03/07/2025,20250307132123,https://www.cms.gov/medicare-coverage-database/view/lcd.aspx?lcdid=39799&ver=16
"Novitas Solutions, Inc.
(MAC - Part A, MAC - Part B)",L39793,39793,LCD,47,08/11/2024,,N/A,Cervical Fusion,03/07/2025,20250307132014,https://www.cms.gov/medicare-coverage-database/view/lcd.aspx?lcdid=39793&ver=47
"Palmetto GBA
(MAC - Part A, MAC - Part B)",L35922,35922,LCD,44,03/13/2025,,N/A,Lab: Special Histochemical Stains and Immunohistochemical Stains,03/04/2025,20250304124950,https://www.cms.gov/medicare-coverage-database/view/lcd.aspx?lcdid=35922&ver=44
"Palmetto GBA
(MAC - Part A, MAC - Part B)",L37581,37581,LCD,24,03/13/2025,,N/A,Lab: Cystatin C Measurement,03/04/2025,20250304124912,https://www.cms.gov/medicare-coverage-database/view/lcd.aspx?lcdid=37581&ver=24
"Palmetto GBA
(MAC - Part A, MAC - Part B)",L39851,39851,LCD,15,03/13/2025,,N/A,Artificial Intelligence Enabled CT Based Quantitative Coronary Topography (AI-QCT)/Coronary Plaque Analysis (AI-CPA),03/04/2025,20250304124759,https://www.cms.gov/medicare-coverage-database/view/lcd.aspx?lcdid=39851&ver=15
"Palmetto GBA
(MAC - Part A, MAC - Part B)",L37260,37260,LCD,27,03/13/2025,,N/A,MolDX: Prometheus® IBD sgi Diagnostic® Policy,03/04/2025,20250304110424,https://www.cms.gov/medicare-coverage-database/view/lcd.aspx?lcdid=37260&ver=27
"Palmetto GBA
(MAC - Part A, MAC - Part B)",L39256,39256,LCD,7,03/13/2025,,N/A,"MolDX: Molecular Testing for Detection of Upper Gastrointestinal Metaplasia, Dysplasia, and Neoplasia",03/04/2025,20250304110050,https://www.cms.gov/medicare-coverage-database/view/lcd.aspx?lcdid=39256&ver=7
"Palmetto GBA
(MAC - Part A, MAC - Part B)",L39646,39646,LCD,7,03/13/2025,,N/A,MolDX: Molecular Testing for Risk Stratification of Thyroid Nodules,03/04/2025,20250304105809,https://www.cms.gov/medicare-coverage-database/view/lcd.aspx?lcdid=39646&ver=7
"Palmetto GBA
(MAC - Part A, MAC - Part B)",L39237,39237,LCD,10,03/13/2025,,N/A,Erythropoiesis Stimulating Agents,03/03/2025,20250303155212,https://www.cms.gov/medicare-coverage-database/view/lcd.aspx?lcdid=39237&ver=10
"Palmetto GBA
(MAC - Part A, MAC - Part B)",L39258,39258,LCD,12,03/13/2025,,N/A,Surgical Treatment of Nails,03/03/2025,20250303155100,https://www.cms.gov/medicare-coverage-database/view/lcd.aspx?lcdid=39258&ver=12
"Palmetto GBA
(MAC - Part A, MAC - Part B)",L38745,38745,LCD,17,03/13/2025,,N/A,Platelet Rich Plasma,03/03/2025,20250303155029,https://www.cms.gov/medicare-coverage-database/view/lcd.aspx?lcdid=38745&ver=17
"Palmetto GBA
(MAC - Part A, MAC - Part B)",L38043,38043,LCD,14,03/06/2025,,N/A,MolDX: Plasma-Based Genomic Profiling in Solid Tumors,02/26/2025,20250226124111,https://www.cms.gov/medicare-coverage-database/view/lcd.aspx?lcdid=38043&ver=14
"WPS Insurance Corporation
(MAC - Part A, MAC - Part B)",L39913,39913,LCD,7,02/28/2025,,N/A,Artificial Intelligence Enabled CT Based Quantitative Coronary Topography (AI-QCT)/Coronary Plaque Analysis (AI-CPA),02/20/2025,20250220122659,https://www.cms.gov/medicare-coverage-database/view/lcd.aspx?lcdid=39913&ver=7
"WPS Insurance Corporation
(MAC - Part A, MAC - Part B)",L37539,37539,LCD,17,02/28/2025,,N/A,MolDX: Prometheus® IBD sgi Diagnostic® Policy,02/20/2025,20250220103558,https://www.cms.gov/medicare-coverage-database/view/lcd.aspx?lcdid=37539&ver=17
"WPS Insurance Corporation
(MAC - Part A, MAC - Part B)",L39356,39356,LCD,5,02/28/2025,,N/A,"MolDX: Molecular Testing for Detection of Upper Gastrointestinal Metaplasia, Dysplasia, and Neoplasia",02/20/2025,20250220101159,https://www.cms.gov/medicare-coverage-database/view/lcd.aspx?lcdid=39356&ver=5
"WPS Insurance Corporation
(MAC - Part A, MAC - Part B)",L39911,39911,LCD,7,02/28/2025,,N/A,Total Joint Arthroplasty,02/20/2025,20250220094032,https://www.cms.gov/medicare-coverage-database/view/lcd.aspx?lcdid=39911&ver=7
"WPS Insurance Corporation
(MAC - Part A, MAC - Part B)",L38168,38168,LCD,11,03/06/2025,,N/A,MolDX: Plasma-Based Genomic Profiling in Solid Tumors,02/18/2025,20250218151910,https://www.cms.gov/medicare-coverage-database/view/lcd.aspx?lcdid=38168&ver=11
"CGS Administrators, LLC
(MAC - Part A, MAC - Part B)",L39958,39958,LCD,4,04/13/2025,,N/A,Intervertebral Disc Repair,02/18/2025,20250218121513,https://www.cms.gov/medicare-coverage-database/view/lcd.aspx?lcdid=39958&ver=4
"Palmetto GBA
(MAC - Part A, MAC - Part B)",L39942,39942,LCD,5,04/13/2025,,N/A,Intervertebral Disc Repair,02/18/2025,20250218094936,https://www.cms.gov/medicare-coverage-database/view/lcd.aspx?lcdid=39942&ver=5
"CGS Administrators, LLC
(MAC - Part A, MAC - Part B)",L39023,39023,LCD,23,02/14/2025,,N/A,Platelet Rich Plasma Injections for Non-Wound Injections,02/14/2025,20250214111220,https://www.cms.gov/medicare-coverage-database/view/lcd.aspx?lcdid=39023&ver=23
"CGS Administrators, LLC
(MAC - Part A, MAC - Part B)",L39840,39840,LCD,14,02/14/2025,,N/A,Artificial Intelligence Enabled CT Based Quantitative Coronary Topography (AI-QCT)/Coronary Plaque Analysis (AI-CPA),02/14/2025,20250214110338,https://www.cms.gov/medicare-coverage-database/view/lcd.aspx?lcdid=39840&ver=14
"Palmetto GBA
(MAC - Part A, MAC - Part B)",L34425,34425,LCD,43,03/27/2025,,N/A,Magnetic Resonance Imaging of the Head and Neck,02/11/2025,20250211160348,https://www.cms.gov/medicare-coverage-database/view/lcd.aspx?lcdid=34425&ver=43
"Palmetto GBA
(MAC - Part A, MAC - Part B)",L35724,35724,LCD,80,02/20/2025,,N/A,Urine Drug Testing,02/11/2025,20250211153319,https://www.cms.gov/medicare-coverage-database/view/lcd.aspx?lcdid=35724&ver=80
"CGS Administrators, LLC
(MAC - Part A, MAC - Part B)",L39741,39741,LCD,8,02/06/2025,,N/A,Cervical Fusion,01/29/2025,20250129111757,https://www.cms.gov/medicare-coverage-database/view/lcd.aspx?lcdid=39741&ver=8
"Palmetto GBA
(MAC - Part A, MAC - Part B)",L39956,39956,LCD,5,03/27/2025,,N/A,Total Shoulder Arthroplasty,01/24/2025,20250124150823,https://www.cms.gov/medicare-coverage-database/view/lcd.aspx?lcdid=39956&ver=5
"Palmetto GBA
(MAC - Part A, MAC - Part B)",L39773,39773,LCD,7,01/16/2025,,N/A,Cervical Fusion,01/10/2025,20250110080857,https://www.cms.gov/medicare-coverage-database/view/lcd.aspx?lcdid=39773&ver=7
"Palmetto GBA
(MAC - Part B)",L34869,34869,LCD,42,01/16/2025,,N/A,Repetitive Transcranial Magnetic Stimulation (rTMS) in Adults,01/07/2025,20250107080827,https://www.cms.gov/medicare-coverage-database/view/lcd.aspx?lcdid=34869&ver=42
"Palmetto GBA
(MAC - Part B)",L33444,33444,LCD,42,01/02/2025,,N/A,Pulmonary Stress Testing,12/23/2024,20241223091407,https://www.cms.gov/medicare-coverage-database/view/lcd.aspx?lcdid=33444&ver=42
"WPS Insurance Corporation
(MAC - Part A, MAC - Part B)",L39477,39477,LCD,7,12/26/2024,,N/A,Allogeneic Hematopoietic Cell Transplantation for Primary Refractory or Relapsed Hodgkin's and Non-Hodgkin's Lymphoma with B-cell or T-cell Origin,12/18/2024,20241218082800,https://www.cms.gov/medicare-coverage-database/view/lcd.aspx?lcdid=39477&ver=7
"WPS Insurance Corporation
(MAC - Part A, MAC - Part B)",L39475,39475,LCD,7,12/26/2024,,N/A,Sacroiliac Joint Injections and Procedures,12/18/2024,20241218081937,https://www.cms.gov/medicare-coverage-database/view/lcd.aspx?lcdid=39475&ver=7
"Palmetto GBA
(MAC - Part B)",L37387,37387,LCD,25,12/19/2024,,N/A,Chiropractic Services,12/13/2024,20241213103356,https://www.cms.gov/medicare-coverage-database/view/lcd.aspx?lcdid=37387&ver=25
"Palmetto GBA
(MAC - Part A, MAC - Part B)",L39270,39270,LCD,8,12/19/2024,,N/A,Allogeneic Hematopoietic Cell Transplantation for Primary Refractory or Relapsed Hodgkin's and Non-Hodgkin's Lymphoma with B-cell or T-cell Origin,12/13/2024,20241213103303,https://www.cms.gov/medicare-coverage-database/view/lcd.aspx?lcdid=39270&ver=8
"Palmetto GBA
(MAC - Part A, MAC - Part B)",L38551,38551,LCD,14,12/19/2024,,N/A,Transanal Endoscopic Surgery (TES),12/13/2024,20241213103220,https://www.cms.gov/medicare-coverage-database/view/lcd.aspx?lcdid=38551&ver=14
"Palmetto GBA
(MAC - Part A, MAC - Part B)",L34454,34454,LCD,67,12/19/2024,,N/A,Colonoscopy/Sigmoidoscopy/Proctosigmoidoscopy,12/13/2024,20241213103140,https://www.cms.gov/medicare-coverage-database/view/lcd.aspx?lcdid=34454&ver=67
"Palmetto GBA
(MAC - Part A)",L34552,34552,LCD,40,12/19/2024,,N/A,Outpatient Observation Bed/Room Services,12/13/2024,20241213103052,https://www.cms.gov/medicare-coverage-database/view/lcd.aspx?lcdid=34552&ver=40
"Palmetto GBA
(MAC - Part A, MAC - Part B)",L34424,34424,LCD,47,03/27/2025,,N/A,Magnetic Resonance Angiography,12/06/2024,20241206091033,https://www.cms.gov/medicare-coverage-database/view/lcd.aspx?lcdid=34424&ver=47
"Palmetto GBA
(MAC - Part A, MAC - Part B)",L35026,35026,LCD,75,11/28/2024,,N/A,Rituximab,11/22/2024,20241122112752,https://www.cms.gov/medicare-coverage-database/view/lcd.aspx?lcdid=35026&ver=75
"Palmetto GBA
(MAC - Part A, MAC - Part B)",L39402,39402,LCD,14,11/28/2024,,N/A,Sacroiliac Joint Injections and Procedures,11/20/2024,20241120075853,https://www.cms.gov/medicare-coverage-database/view/lcd.aspx?lcdid=39402&ver=14
"Palmetto GBA
(MAC - Part A, MAC - Part B)",L34413,34413,LCD,53,11/21/2024,,N/A,Cataract Surgery,11/14/2024,20241114074141,https://www.cms.gov/medicare-coverage-database/view/lcd.aspx?lcdid=34413&ver=53
"Palmetto GBA
(HHH MAC)",L34559,34559,LCD,43,11/21/2024,,N/A,Hospice - Renal Care,11/13/2024,20241113092241,https://www.cms.gov/medicare-coverage-database/view/lcd.aspx?lcdid=34559&ver=43
"Palmetto GBA
(MAC - Part A, MAC - Part B)",L35048,35048,LCD,82,11/14/2024,,N/A,Nerve Conduction Studies and Electromyography,11/08/2024,20241108094913,https://www.cms.gov/medicare-coverage-database/view/lcd.aspx?lcdid=35048&ver=82
"Palmetto GBA
(HHH MAC)",L34547,34547,LCD,40,11/14/2024,,N/A,Hospice - Neurological Conditions,11/06/2024,20241106142438,https://www.cms.gov/medicare-coverage-database/view/lcd.aspx?lcdid=34547&ver=40
"Palmetto GBA
(MAC - Part A, MAC - Part B)",L38240,38240,LCD,26,11/07/2024,,N/A,MolDX: Blood Product Molecular Antigen Typing,10/31/2024,20241031114309,https://www.cms.gov/medicare-coverage-database/view/lcd.aspx?lcdid=38240&ver=26
"WPS Insurance Corporation
(MAC - Part A, MAC - Part B)",L34646,34646,LCD,26,10/31/2024,,N/A,Psychological and Neuropsychological Testing,10/21/2024,20241021150817,https://www.cms.gov/medicare-coverage-database/view/lcd.aspx?lcdid=34646&ver=26
"WPS Insurance Corporation
(MAC - Part A, MAC - Part B)",L35494,35494,LCD,28,10/31/2024,,N/A,Mohs Micrographic Surgery,10/21/2024,20241021135758,https://www.cms.gov/medicare-coverage-database/view/lcd.aspx?lcdid=35494&ver=28
"WPS Insurance Corporation
(MAC - Part A, MAC - Part B)",L38441,38441,LCD,15,11/07/2024,,N/A,MolDX: Blood Product Molecular Antigen Typing,10/21/2024,20241021134145,https://www.cms.gov/medicare-coverage-database/view/lcd.aspx?lcdid=38441&ver=15
"Palmetto GBA
(MAC - Part A, MAC - Part B)",L37638,37638,LCD,31,01/01/2024,,N/A,Health and Behavior Assessment/Intervention,10/15/2024,20241015081212,https://www.cms.gov/medicare-coverage-database/view/lcd.aspx?lcdid=37638&ver=31
"Palmetto GBA
(MAC - Part A, MAC - Part B)",L37176,37176,LCD,57,10/17/2024,,N/A,White Cell Colony Stimulating Factors,10/11/2024,20241011113816,https://www.cms.gov/medicare-coverage-database/view/lcd.aspx?lcdid=37176&ver=57
"First Coast Service Options, Inc.
(MAC - Part A, MAC - Part B)",L39877,39877,LCD,4,12/01/2024,,N/A,"Amniotic and Placental-Derived Product Injections and/or Applications for Musculoskeletal Indications, Non-Wound",10/11/2024,20241011095710,https://www.cms.gov/medicare-coverage-database/view/lcd.aspx?lcdid=39877&ver=4
"Novitas Solutions, Inc.
(MAC - Part A, MAC - Part B)",L39879,39879,LCD,10,12/01/2024,,N/A,"Amniotic and Placental-Derived Product Injections and/or Applications for Musculoskeletal Indications, Non-Wound",10/11/2024,20241011095639,https://www.cms.gov/medicare-coverage-database/view/lcd.aspx?lcdid=39879&ver=10
"CGS Administrators, LLC
(DME MAC)

Noridian Healthcare Solutions, LLC
(DME MAC)",L33822,33822,LCD,70,10/01/2024,,N/A,Glucose Monitors,10/09/2024,20241009135834,https://www.cms.gov/medicare-coverage-database/view/lcd.aspx?lcdid=33822&ver=70
"Palmetto GBA
(MAC - Part A, MAC - Part B)",L39387,39387,LCD,8,10/10/2024,,N/A,Luteinizing Hormone-Releasing Hormone (LHRH) Analogs,10/04/2024,20241004101148,https://www.cms.gov/medicare-coverage-database/view/lcd.aspx?lcdid=39387&ver=8
"Palmetto GBA
(MAC - Part A, MAC - Part B)",L37642,37642,LCD,18,10/03/2024,,N/A,Nerve Blocks and Electrostimulation for Peripheral Neuropathy,09/27/2024,20240927081516,https://www.cms.gov/medicare-coverage-database/view/lcd.aspx?lcdid=37642&ver=18
"WPS Insurance Corporation
(MAC - Part A, MAC - Part B)",L39907,39907,LCD,3,11/17/2024,,N/A,Micro-Invasive Glaucoma Surgery (MIGS),09/26/2024,20240926081357,https://www.cms.gov/medicare-coverage-database/view/lcd.aspx?lcdid=39907&ver=3
"Palmetto GBA
(MAC - Part A, MAC - Part B)",L37531,37531,LCD,20,11/17/2024,,N/A,Micro-Invasive Glaucoma Surgery (MIGS),09/24/2024,20240924104126,https://www.cms.gov/medicare-coverage-database/view/lcd.aspx?lcdid=37531&ver=20
"WPS Insurance Corporation
(MAC - Part A, MAC - Part B)",L36402,36402,LCD,35,09/26/2024,,N/A,Allergy Testing,09/17/2024,20240917080432,https://www.cms.gov/medicare-coverage-database/view/lcd.aspx?lcdid=36402&ver=35
"Palmetto GBA
(MAC - Part B)",L33447,33447,LCD,48,09/19/2024,,N/A,Special Electroencephalography,09/10/2024,20240910094708,https://www.cms.gov/medicare-coverage-database/view/lcd.aspx?lcdid=33447&ver=48
"Palmetto GBA
(MAC - Part A, MAC - Part B)",L38775,38775,LCD,10,09/12/2024,,N/A,Extracorporeal Shock Wave Therapy (ESWT),09/06/2024,20240906094349,https://www.cms.gov/medicare-coverage-database/view/lcd.aspx?lcdid=38775&ver=10
"Palmetto GBA
(MAC - Part A, MAC - Part B)",L38747,38747,LCD,9,09/12/2024,,N/A,Peroral Endoscopic Myotomy (POEM),09/06/2024,20240906094230,https://www.cms.gov/medicare-coverage-database/view/lcd.aspx?lcdid=38747&ver=9
"Palmetto GBA
(MAC - Part A, MAC - Part B)",L39400,39400,LCD,8,09/12/2024,,N/A,Magnesium,09/06/2024,20240906094147,https://www.cms.gov/medicare-coverage-database/view/lcd.aspx?lcdid=39400&ver=8
"Palmetto GBA
(MAC - Part A, MAC - Part B)",L37848,37848,LCD,18,09/12/2024,,N/A,Lumbar Spinal Fusion,09/06/2024,20240906094051,https://www.cms.gov/medicare-coverage-database/view/lcd.aspx?lcdid=37848&ver=18
"Palmetto GBA
(MAC - Part A, MAC - Part B)",L34433,34433,LCD,43,09/12/2024,,N/A,Somatosensory Testing,09/06/2024,20240906093601,https://www.cms.gov/medicare-coverage-database/view/lcd.aspx?lcdid=34433&ver=43
"Palmetto GBA
(MAC - Part A, MAC - Part B)",L37826,37826,LCD,28,09/12/2024,,N/A,Lumbar Artificial Disc Replacement,09/06/2024,20240906093505,https://www.cms.gov/medicare-coverage-database/view/lcd.aspx?lcdid=37826&ver=28
"Palmetto GBA
(MAC - Part A, MAC - Part B)",L39853,39853,LCD,3,10/20/2024,,N/A,Outpatient Psychotherapy,08/29/2024,20240829155210,https://www.cms.gov/medicare-coverage-database/view/lcd.aspx?lcdid=39853&ver=3
"Palmetto GBA
(MAC - Part A, MAC - Part B)",L39849,39849,LCD,3,10/20/2024,,N/A,Opioid Treatment Programs,08/29/2024,20240829155136,https://www.cms.gov/medicare-coverage-database/view/lcd.aspx?lcdid=39849&ver=3
"Palmetto GBA
(MAC - Part A, MAC - Part B)",L35025,35025,LCD,98,05/04/2023,,N/A,MolDX: Molecular Diagnostic Tests (MDT),08/26/2024,20240826153813,https://www.cms.gov/medicare-coverage-database/view/lcd.aspx?lcdid=35025&ver=98
"WPS Insurance Corporation
(MAC - Part A, MAC - Part B)",L39051,39051,LCD,10,10/13/2024,,N/A,Cosmetic and Reconstructive Surgery,08/22/2024,20240822090358,https://www.cms.gov/medicare-coverage-database/view/lcd.aspx?lcdid=39051&ver=10
"WPS Insurance Corporation
(MAC - Part A, MAC - Part B)",L34614,34614,LCD,43,08/29/2024,,N/A,Colonoscopy and Sigmoidoscopy-Diagnostic,08/21/2024,20240821134601,https://www.cms.gov/medicare-coverage-database/view/lcd.aspx?lcdid=34614&ver=43
"Palmetto GBA
(MAC - Part A, MAC - Part B)",L39424,39424,LCD,6,08/22/2024,,N/A,MolDX: Molecular Biomarker Testing to Guide Targeted Therapy Selection in Rheumatoid Arthritis,08/13/2024,20240813150336,https://www.cms.gov/medicare-coverage-database/view/lcd.aspx?lcdid=39424&ver=6
"First Coast Service Options, Inc.
(MAC - Part A, MAC - Part B)",L33930,33930,LCD,49,08/11/2024,,N/A,Facet Joint Interventions for Pain Management,08/02/2024,20240802143408,https://www.cms.gov/medicare-coverage-database/view/lcd.aspx?lcdid=33930&ver=49
"Novitas Solutions, Inc.
(MAC - Part A, MAC - Part B)",L34892,34892,LCD,123,08/11/2024,,N/A,Facet Joint Interventions for Pain Management,08/02/2024,20240802143304,https://www.cms.gov/medicare-coverage-database/view/lcd.aspx?lcdid=34892&ver=123
"Palmetto GBA
(MAC - Part A, MAC - Part B)",L39654,39654,LCD,3,09/22/2024,,N/A,MolDX: Molecular Biomarkers for Risk Stratification of Indeterminate Pulmonary Nodules Following Bronchoscopy,08/02/2024,20240802134409,https://www.cms.gov/medicare-coverage-database/view/lcd.aspx?lcdid=39654&ver=3
"CGS Administrators, LLC
(MAC - Part A, MAC - Part B)",L39648,39648,LCD,4,09/22/2024,,N/A,MolDX: Gene Expression Profile Tests for Decision-Making in Castration Resistant and Metastatic Prostate Cancers,08/01/2024,20240801100533,https://www.cms.gov/medicare-coverage-database/view/lcd.aspx?lcdid=39648&ver=4
"Palmetto GBA
(MAC - Part A, MAC - Part B)",L39636,39636,LCD,4,09/22/2024,,N/A,MolDX: Gene Expression Profile Tests for Decision-Making in Castration Resistant and Metastatic Prostate Cancers,08/01/2024,20240801095534,https://www.cms.gov/medicare-coverage-database/view/lcd.aspx?lcdid=39636&ver=4
"Palmetto GBA
(MAC - Part A, MAC - Part B)",L35677,35677,LCD,88,08/08/2024,,N/A,Infliximab,08/01/2024,20240801074738,https://www.cms.gov/medicare-coverage-database/view/lcd.aspx?lcdid=35677&ver=88
"WPS Insurance Corporation
(MAC - Part A, MAC - Part B)",L39709,39709,LCD,3,09/22/2024,,N/A,MolDX: Gene Expression Profile Tests for Decision-Making in Castration Resistant and Metastatic Prostate Cancers,07/24/2024,20240724102449,https://www.cms.gov/medicare-coverage-database/view/lcd.aspx?lcdid=39709&ver=3
"Palmetto GBA
(HHH MAC)",L34544,34544,LCD,47,08/01/2024,,N/A,Hospice - Liver Disease,07/23/2024,20240723114704,https://www.cms.gov/medicare-coverage-database/view/lcd.aspx?lcdid=34544&ver=47
"Palmetto GBA
(MAC - Part A, MAC - Part B)",L38743,38743,LCD,15,07/25/2024,,N/A,Implantable Continuous Glucose Monitors (I-CGM),07/19/2024,20240719090939,https://www.cms.gov/medicare-coverage-database/view/lcd.aspx?lcdid=38743&ver=15
"Palmetto GBA
(MAC - Part A, MAC - Part B)",L39268,39268,LCD,7,07/25/2024,,N/A,Bone Mass Measurement,07/16/2024,20240716104128,https://www.cms.gov/medicare-coverage-database/view/lcd.aspx?lcdid=39268&ver=7
"Palmetto GBA
(MAC - Part B)",L33438,33438,LCD,47,07/18/2024,,N/A,Octreotide Acetate for Injectable Suspension (Sandostatin® LAR Depot),07/12/2024,20240712090921,https://www.cms.gov/medicare-coverage-database/view/lcd.aspx?lcdid=33438&ver=47
"Palmetto GBA
(MAC - Part A, MAC - Part B)",L34553,34553,LCD,47,09/01/2024,,N/A,Stretta Procedure,07/08/2024,20240708093800,https://www.cms.gov/medicare-coverage-database/view/lcd.aspx?lcdid=34553&ver=47
"Palmetto GBA
(MAC - Part A, MAC - Part B)",L34554,34554,LCD,34,07/11/2024,,N/A,In Vitro Chemosensitivity & Chemoresistance Assays,07/02/2024,20240702155429,https://www.cms.gov/medicare-coverage-database/view/lcd.aspx?lcdid=34554&ver=34
"Palmetto GBA
(MAC - Part A, MAC - Part B)",L39583,39583,LCD,3,08/18/2024,,N/A,MolDX: Molecular Biomarker Testing for Risk Stratification of Cutaneous Squamous Cell Carcinoma,06/28/2024,20240628133417,https://www.cms.gov/medicare-coverage-database/view/lcd.aspx?lcdid=39583&ver=3
"First Coast Service Options, Inc.
(MAC - Part A, MAC - Part B)",L38664,38664,LCD,26,08/11/2024,,N/A,Implantable Continuous Glucose Monitors (I-CGM),06/21/2024,20240621114252,https://www.cms.gov/medicare-coverage-database/view/lcd.aspx?lcdid=38664&ver=26
"Novitas Solutions, Inc.
(MAC - Part A, MAC - Part B)",L38617,38617,LCD,31,08/11/2024,,N/A,Implantable Continuous Glucose Monitors (I-CGM),06/21/2024,20240621114100,https://www.cms.gov/medicare-coverage-database/view/lcd.aspx?lcdid=38617&ver=31
"Palmetto GBA
(MAC - Part A, MAC - Part B)",L38051,38051,LCD,17,06/20/2024,,N/A,MolDX: Pigmented Lesion Assay,06/14/2024,20240614095807,https://www.cms.gov/medicare-coverage-database/view/lcd.aspx?lcdid=38051&ver=17
"CGS Administrators, LLC
(MAC - Part A, MAC - Part B)",L36469,36469,LCD,24,06/06/2024,,N/A,Transcranial Magnetic Stimulation (TMS),05/30/2024,20240530124019,https://www.cms.gov/medicare-coverage-database/view/lcd.aspx?lcdid=36469&ver=24
"Palmetto GBA
(HHH MAC)",L34564,34564,LCD,83,05/23/2024,,N/A,Home Health Physical Therapy,05/17/2024,20240517092657,https://www.cms.gov/medicare-coverage-database/view/lcd.aspx?lcdid=34564&ver=83
"Palmetto GBA
(MAC - Part A, MAC - Part B)",L38274,38274,LCD,10,04/25/2024,,N/A,MolDX: Repeat Germline Testing,04/18/2024,20240418151619,https://www.cms.gov/medicare-coverage-database/view/lcd.aspx?lcdid=38274&ver=10
"Palmetto GBA
(MAC - Part A, MAC - Part B)",L37022,37022,LCD,30,04/25/2024,,N/A,Lab: Coenzyme Q10 (CoQ10),04/16/2024,20240416123541,https://www.cms.gov/medicare-coverage-database/view/lcd.aspx?lcdid=37022&ver=30
"WPS Insurance Corporation
(MAC - Part A, MAC - Part B)",L38429,38429,LCD,9,04/25/2024,,N/A,MolDX: Repeat Germline Testing,04/16/2024,20240416095550,https://www.cms.gov/medicare-coverage-database/view/lcd.aspx?lcdid=38429&ver=9
"Palmetto GBA
(MAC - Part A, MAC - Part B)",L38966,38966,LCD,5,04/18/2024,,N/A,MolDX: Lab-Developed Tests for Inherited Cancer Syndromes in Patients with Cancer,04/12/2024,20240412171152,https://www.cms.gov/medicare-coverage-database/view/lcd.aspx?lcdid=38966&ver=5
"Palmetto GBA
(MAC - Part A, MAC - Part B)",L38769,38769,LCD,14,06/02/2024,,N/A,Computed Tomography Cerebral Perfusion Analysis (CTP),04/12/2024,20240412094542,https://www.cms.gov/medicare-coverage-database/view/lcd.aspx?lcdid=38769&ver=14
"Palmetto GBA
(MAC - Part A, MAC - Part B)",L38970,38970,LCD,8,11/01/2023,,N/A,Advance Care Planning,04/04/2024,20240404083455,https://www.cms.gov/medicare-coverage-database/view/lcd.aspx?lcdid=38970&ver=8
"Palmetto GBA
(MAC - Part A, MAC - Part B)",L34580,34580,LCD,57,04/04/2024,,N/A,Intravenous Immunoglobulin (IVIG),03/28/2024,20240328112835,https://www.cms.gov/medicare-coverage-database/view/lcd.aspx?lcdid=34580&ver=57
"Palmetto GBA
(MAC - Part A, MAC - Part B)",L38047,38047,LCD,13,03/28/2024,,N/A,MolDX: Next-Generation Sequencing Lab-Developed Tests for Myeloid Malignancies and Suspected Myeloid Malignancies,03/22/2024,20240322111924,https://www.cms.gov/medicare-coverage-database/view/lcd.aspx?lcdid=38047&ver=13
"Palmetto GBA
(MAC - Part A, MAC - Part B)",L36129,36129,LCD,54,03/21/2024,,N/A,MolDX: Biomarkers in Cardiovascular Risk Assessment,03/14/2024,20240314123033,https://www.cms.gov/medicare-coverage-database/view/lcd.aspx?lcdid=36129&ver=54
"Palmetto GBA
(HHH MAC)",L34548,34548,LCD,43,03/21/2024,,N/A,Hospice Cardiopulmonary Conditions,03/11/2024,20240311094115,https://www.cms.gov/medicare-coverage-database/view/lcd.aspx?lcdid=34548&ver=43
"CGS Administrators, LLC
(MAC - Part A, MAC - Part B)",L39656,39656,LCD,9,04/01/2024,,N/A,Trigger Point Injections (TPI),03/05/2024,20240305184301,https://www.cms.gov/medicare-coverage-database/view/lcd.aspx?lcdid=39656&ver=9
"Palmetto GBA
(MAC - Part B)",L33461,33461,LCD,64,03/07/2024,,N/A,Implantable Infusion Pump,03/01/2024,20240301095500,https://www.cms.gov/medicare-coverage-database/view/lcd.aspx?lcdid=33461&ver=64
"Palmetto GBA
(HHH MAC)",L34567,34567,LCD,43,02/29/2024,,N/A,Hospice Alzheimer's Disease & Related Disorders,02/23/2024,20240223084302,https://www.cms.gov/medicare-coverage-database/view/lcd.aspx?lcdid=34567&ver=43
"Novitas Solutions, Inc.
(MAC - Part A, MAC - Part B)",L35101,35101,LCD,128,01/01/2024,,N/A,Psychiatric Codes,02/22/2024,20240222125841,https://www.cms.gov/medicare-coverage-database/view/lcd.aspx?lcdid=35101&ver=128
"CGS Administrators, LLC
(DME MAC)

Noridian Healthcare Solutions, LLC
(DME MAC)",L39591,39591,LCD,11,04/07/2024,,N/A,External Upper Limb Tremor Stimulator Therapy,02/16/2024,20240216133945,https://www.cms.gov/medicare-coverage-database/view/lcd.aspx?lcdid=39591&ver=11
"First Coast Service Options, Inc.
(MAC - Part A, MAC - Part B)",L37800,37800,LCD,19,03/31/2024,,N/A,Allergen Immunotherapy,02/09/2024,20240209085921,https://www.cms.gov/medicare-coverage-database/view/lcd.aspx?lcdid=37800&ver=19
"Novitas Solutions, Inc.
(MAC - Part A, MAC - Part B)",L36240,36240,LCD,57,03/31/2024,,N/A,Allergen Immunotherapy,02/09/2024,20240209085748,https://www.cms.gov/medicare-coverage-database/view/lcd.aspx?lcdid=36240&ver=57
"CGS Administrators, LLC
(DME MAC)

Noridian Healthcare Solutions, LLC
(DME MAC)",L33831,33831,LCD,48,01/01/2024,,N/A,Surgical Dressings,02/08/2024,20240208090311,https://www.cms.gov/medicare-coverage-database/view/lcd.aspx?lcdid=33831&ver=48
"Palmetto GBA
(MAC - Part A, MAC - Part B)",L39671,39671,LCD,5,03/31/2024,,N/A,Trigger Point Injections (TPI),02/07/2024,20240207092030,https://www.cms.gov/medicare-coverage-database/view/lcd.aspx?lcdid=39671&ver=5
"Palmetto GBA
(MAC - Part A, MAC - Part B)",L34419,34419,LCD,43,03/10/2024,,N/A,"Homocysteine Level, Serum",01/19/2024,20240119102705,https://www.cms.gov/medicare-coverage-database/view/lcd.aspx?lcdid=34419&ver=43
"Palmetto GBA
(MAC - Part A, MAC - Part B)",L37774,37774,LCD,15,01/18/2024,,N/A,Supervised Exercise Therapy for the Treatment of Peripheral Arterial Disease with Symptomatic Lower Extremity Intermittent Claudication,01/12/2024,20240112100916,https://www.cms.gov/medicare-coverage-database/view/lcd.aspx?lcdid=37774&ver=15
"Palmetto GBA
(HHH MAC)",L34558,34558,LCD,40,01/04/2024,,N/A,Hospice The Adult Failure To Thrive Syndrome,12/29/2023,20231229125904,https://www.cms.gov/medicare-coverage-database/view/lcd.aspx?lcdid=34558&ver=40
"CGS Administrators, LLC
(MAC - Part A, MAC - Part B)",L33954,33954,LCD,26,01/04/2024,,N/A,Cataract Extraction,12/29/2023,20231229123707,https://www.cms.gov/medicare-coverage-database/view/lcd.aspx?lcdid=33954&ver=26
"CGS Administrators, LLC
(MAC - Part A, MAC - Part B)",L36460,36460,LCD,25,01/04/2024,,N/A,Bone Mass Measurement,12/29/2023,20231229123429,https://www.cms.gov/medicare-coverage-database/view/lcd.aspx?lcdid=36460&ver=25
"First Coast Service Options, Inc.
(MAC - Part A, MAC - Part B)",L33693,33693,LCD,28,01/28/2024,,N/A,Peripheral Venous Ultrasound,12/08/2023,20231208090706,https://www.cms.gov/medicare-coverage-database/view/lcd.aspx?lcdid=33693&ver=28
"Novitas Solutions, Inc.
(MAC - Part A, MAC - Part B)",L35451,35451,LCD,53,01/28/2024,,N/A,Peripheral Venous Ultrasound,12/08/2023,20231208090544,https://www.cms.gov/medicare-coverage-database/view/lcd.aspx?lcdid=35451&ver=53
"CGS Administrators, LLC
(DME MAC)

Noridian Healthcare Solutions, LLC
(DME MAC)",L33828,33828,LCD,27,01/01/2024,,N/A,Ostomy Supplies,12/07/2023,20231207112533,https://www.cms.gov/medicare-coverage-database/view/lcd.aspx?lcdid=33828&ver=27
"CGS Administrators, LLC
(DME MAC)

Noridian Healthcare Solutions, LLC
(DME MAC)",L33802,33802,LCD,35,01/01/2024,,N/A,Transcutaneous Electrical Nerve Stimulators (TENS),12/07/2023,20231207110536,https://www.cms.gov/medicare-coverage-database/view/lcd.aspx?lcdid=33802&ver=35
"CGS Administrators, LLC
(DME MAC)

Noridian Healthcare Solutions, LLC
(DME MAC)",L33612,33612,LCD,26,01/01/2024,,N/A,Suction Pumps,12/07/2023,20231207110512,https://www.cms.gov/medicare-coverage-database/view/lcd.aspx?lcdid=33612&ver=26
"CGS Administrators, LLC
(DME MAC)

Noridian Healthcare Solutions, LLC
(DME MAC)",L38953,38953,LCD,16,01/01/2024,,N/A,Parenteral Nutrition,12/07/2023,20231207110415,https://www.cms.gov/medicare-coverage-database/view/lcd.aspx?lcdid=38953&ver=16
"CGS Administrators, LLC
(DME MAC)

Noridian Healthcare Solutions, LLC
(DME MAC)",L33796,33796,LCD,24,01/01/2024,,N/A,Osteogenesis Stimulators,12/07/2023,20231207110252,https://www.cms.gov/medicare-coverage-database/view/lcd.aspx?lcdid=33796&ver=24
"CGS Administrators, LLC
(DME MAC)

Noridian Healthcare Solutions, LLC
(DME MAC)",L33821,33821,LCD,28,01/01/2024,,N/A,Negative Pressure Wound Therapy Pumps,12/07/2023,20231207110125,https://www.cms.gov/medicare-coverage-database/view/lcd.aspx?lcdid=33821&ver=28
"CGS Administrators, LLC
(DME MAC)

Noridian Healthcare Solutions, LLC
(DME MAC)",L33718,33718,LCD,52,01/01/2024,,N/A,Positive Airway Pressure (PAP) Devices for the Treatment of Obstructive Sleep Apnea,12/07/2023,20231207103956,https://www.cms.gov/medicare-coverage-database/view/lcd.aspx?lcdid=33718&ver=52
"CGS Administrators, LLC
(DME MAC)

Noridian Healthcare Solutions, LLC
(DME MAC)",L38955,38955,LCD,24,01/01/2024,,N/A,Enteral Nutrition,12/07/2023,20231207100912,https://www.cms.gov/medicare-coverage-database/view/lcd.aspx?lcdid=38955&ver=24
"Palmetto GBA
(HHH MAC)",L34565,34565,LCD,40,11/30/2023,,N/A,Home Health-Surface Electrical Stimulation in the Treatment of Dysphagia,11/21/2023,20231121095850,https://www.cms.gov/medicare-coverage-database/view/lcd.aspx?lcdid=34565&ver=40
"WPS Insurance Corporation
(MAC - Part A, MAC - Part B)",L37205,37205,LCD,15,11/30/2023,,N/A,Chemotherapy Drugs and their Adjuncts,11/20/2023,20231120082422,https://www.cms.gov/medicare-coverage-database/view/lcd.aspx?lcdid=37205&ver=15
"WPS Insurance Corporation
(MAC - Part A, MAC - Part B)",L35222,35222,LCD,25,11/30/2023,,N/A,Nerve Blocks for Peripheral Neuropathy,11/20/2023,20231120081747,https://www.cms.gov/medicare-coverage-database/view/lcd.aspx?lcdid=35222&ver=25
"Palmetto GBA
(MAC - Part B)",L33436,33436,LCD,38,11/16/2023,,N/A,Mohs Micrographic Surgery (MMS),11/10/2023,20231110083312,https://www.cms.gov/medicare-coverage-database/view/lcd.aspx?lcdid=33436&ver=38
"Palmetto GBA
(MAC - Part A, MAC - Part B)",L39121,39121,LCD,9,11/16/2023,,N/A,Treatment of Varicose Veins of the Lower Extremities,11/06/2023,20231106093250,https://www.cms.gov/medicare-coverage-database/view/lcd.aspx?lcdid=39121&ver=9
"Palmetto GBA
(HHH MAC)",L34561,34561,LCD,69,11/09/2023,,N/A,Home Health - Psychiatric Care,11/03/2023,20231103120226,https://www.cms.gov/medicare-coverage-database/view/lcd.aspx?lcdid=34561&ver=69
"First Coast Service Options, Inc.
(MAC - Part B)",L38227,38227,LCD,19,10/26/2023,,N/A,Gastrointestinal Pathogen (GIP) Panels Utilizing Multiplex Nucleic Acid Amplification Techniques (NAATs),10/20/2023,20231020113520,https://www.cms.gov/medicare-coverage-database/view/lcd.aspx?lcdid=38227&ver=19
"Novitas Solutions, Inc.
(MAC - Part B)",L38229,38229,LCD,27,10/26/2023,,N/A,Gastrointestinal Pathogen (GIP) Panels Utilizing Multiplex Nucleic Acid Amplification Techniques (NAATs),10/20/2023,20231020113440,https://www.cms.gov/medicare-coverage-database/view/lcd.aspx?lcdid=38229&ver=27
"First Coast Service Options, Inc.
(MAC - Part A, MAC - Part B)",L34859,34859,LCD,34,12/10/2023,,N/A,Nerve Conduction Studies and Electromyography,10/20/2023,20231020102310,https://www.cms.gov/medicare-coverage-database/view/lcd.aspx?lcdid=34859&ver=34
"Novitas Solutions, Inc.
(MAC - Part A, MAC - Part B)",L35081,35081,LCD,85,12/10/2023,,N/A,Nerve Conduction Studies and Electromyography,10/20/2023,20231020102230,https://www.cms.gov/medicare-coverage-database/view/lcd.aspx?lcdid=35081&ver=85
"CGS Administrators, LLC
(MAC - Part A, MAC - Part B)",L39575,39575,LCD,4,12/10/2023,,N/A,"Amniotic and Placental Derived Product Injections and/or Applications for Musculoskeletal Indications, Non-Wound",10/16/2023,20231016093001,https://www.cms.gov/medicare-coverage-database/view/lcd.aspx?lcdid=39575&ver=4
"Palmetto GBA
(MAC - Part A, MAC - Part B)",L39573,39573,LCD,3,11/12/2023,,N/A,Scalp Cooling for the Prevention of Chemotherapy-Induced Alopecia,09/18/2023,20230918100206,https://www.cms.gov/medicare-coverage-database/view/lcd.aspx?lcdid=39573&ver=3
"Palmetto GBA
(MAC - Part A, MAC - Part B)",L39543,39543,LCD,5,11/05/2023,,N/A,Sacral Nerve Stimulation for the Treatment of Urinary and Fecal Incontinence,09/12/2023,20230912110635,https://www.cms.gov/medicare-coverage-database/view/lcd.aspx?lcdid=39543&ver=5
"WPS Insurance Corporation
(MAC - Part A, MAC - Part B)",L37003,37003,LCD,14,08/24/2023,,N/A,MolDX: HLA-DQB1*06:02 Testing for Narcolepsy,08/23/2023,20230823105458,https://www.cms.gov/medicare-coverage-database/view/lcd.aspx?lcdid=37003&ver=14
"Palmetto GBA
(MAC - Part A, MAC - Part B)",L36464,36464,LCD,27,08/24/2023,,N/A,MolDX: HLA-DQB1*06:02 Testing for Narcolepsy,08/16/2023,20230816143706,https://www.cms.gov/medicare-coverage-database/view/lcd.aspx?lcdid=36464&ver=27
"Palmetto GBA
(MAC - Part A, MAC - Part B)",L34417,34417,LCD,57,08/17/2023,,N/A,CT of the Head,08/07/2023,20230807103520,https://www.cms.gov/medicare-coverage-database/view/lcd.aspx?lcdid=34417&ver=57
"Palmetto GBA
(MAC - Part A)",L34578,34578,LCD,30,08/17/2023,,N/A,Surface Electrical Stimulation in the Treatment of Dysphagia,08/07/2023,20230807103447,https://www.cms.gov/medicare-coverage-database/view/lcd.aspx?lcdid=34578&ver=30
"Palmetto GBA
(MAC - Part A, MAC - Part B)",L34513,34513,LCD,41,08/10/2023,,N/A,Lab: Flow Cytometry,08/01/2023,20230801093010,https://www.cms.gov/medicare-coverage-database/view/lcd.aspx?lcdid=34513&ver=41
"Palmetto GBA
(MAC - Part A, MAC - Part B)",L36761,36761,LCD,20,07/27/2023,,N/A,GlycoMark® Testing for Glycemic Control,07/21/2023,20230721105435,https://www.cms.gov/medicare-coverage-database/view/lcd.aspx?lcdid=36761&ver=20
"Palmetto GBA
(MAC - Part A, MAC - Part B)",L35073,35073,LCD,51,07/27/2023,,N/A,MolDX: NRAS Genetic Testing,07/20/2023,20230720104440,https://www.cms.gov/medicare-coverage-database/view/lcd.aspx?lcdid=35073&ver=51
"Palmetto GBA
(MAC - Part A, MAC - Part B)",L36089,36089,LCD,30,07/20/2023,,N/A,"MolDX: Genetic Testing for Hypercoagulability/Thrombophilia (Factor V Leiden, Factor II Prothrombin, and MTHFR)",07/14/2023,20230714133929,https://www.cms.gov/medicare-coverage-database/view/lcd.aspx?lcdid=36089&ver=30
"WPS Insurance Corporation
(MAC - Part A, MAC - Part B)",L37919,37919,LCD,12,06/29/2023,,N/A,"MolDX: Envisia™, Veracyte™, Idiopathic Pulmonary Fibrosis Diagnostic Test",06/22/2023,20230622080403,https://www.cms.gov/medicare-coverage-database/view/lcd.aspx?lcdid=37919&ver=12
"WPS Insurance Corporation
(MAC - Part A, MAC - Part B)",L38158,38158,LCD,9,06/08/2023,,N/A,MolDX: Next-Generation Sequencing for Solid Tumors,06/22/2023,20230622075604,https://www.cms.gov/medicare-coverage-database/view/lcd.aspx?lcdid=38158&ver=9
"Palmetto GBA
(MAC - Part A, MAC - Part B)",L37857,37857,LCD,20,06/29/2023,,N/A,"MolDX: Envisia™, Veracyte™, Idiopathic Pulmonary Fibrosis Diagnostic Test",06/19/2023,20230619110338,https://www.cms.gov/medicare-coverage-database/view/lcd.aspx?lcdid=37857&ver=20
"Palmetto GBA
(MAC - Part A, MAC - Part B)",L39345,39345,LCD,3,08/06/2023,,N/A,MolDX: Molecular Assays for the Diagnosis of Cutaneous Melanoma,06/16/2023,20230616155447,https://www.cms.gov/medicare-coverage-database/view/lcd.aspx?lcdid=39345&ver=3
"Palmetto GBA
(MAC - Part A, MAC - Part B)",L34575,34575,LCD,43,06/15/2023,,N/A,Frequency of Hemodialysis,06/05/2023,20230605100928,https://www.cms.gov/medicare-coverage-database/view/lcd.aspx?lcdid=34575&ver=43
"Palmetto GBA
(MAC - Part A, MAC - Part B)",L33456,33456,LCD,71,06/15/2023,,N/A,Total Joint Arthroplasty,06/05/2023,20230605100841,https://www.cms.gov/medicare-coverage-database/view/lcd.aspx?lcdid=33456&ver=71
"Palmetto GBA
(MAC - Part A, MAC - Part B)",L38045,38045,LCD,17,06/08/2023,,N/A,MolDX: Next-Generation Sequencing for Solid Tumors,06/02/2023,20230602153334,https://www.cms.gov/medicare-coverage-database/view/lcd.aspx?lcdid=38045&ver=17
"WPS Insurance Corporation
(MAC - Part A, MAC - Part B)",L37772,37772,LCD,14,06/01/2023,,N/A,MDS FISH,05/23/2023,20230523103546,https://www.cms.gov/medicare-coverage-database/view/lcd.aspx?lcdid=37772&ver=14
"CGS Administrators, LLC
(DME MAC)

Noridian Healthcare Solutions, LLC
(DME MAC)",L33801,33801,LCD,26,07/02/2023,,N/A,Seat Lift Mechanisms,05/11/2023,20230511122916,https://www.cms.gov/medicare-coverage-database/view/lcd.aspx?lcdid=33801&ver=26
"Palmetto GBA
(MAC - Part A)",L34428,34428,LCD,93,05/18/2023,,N/A,Outpatient Physical Therapy,05/08/2023,20230508100503,https://www.cms.gov/medicare-coverage-database/view/lcd.aspx?lcdid=34428&ver=93
"Palmetto GBA
(MAC - Part A, MAC - Part B)",L33467,33467,LCD,49,05/11/2023,,N/A,Ophthalmology: Extended Ophthalmoscopy and Fundus Photography,05/01/2023,20230501100449,https://www.cms.gov/medicare-coverage-database/view/lcd.aspx?lcdid=33467&ver=49
"Palmetto GBA
(HHH MAC)",L34563,34563,LCD,51,05/11/2023,,N/A,Home Health Speech-Language Pathology,05/01/2023,20230501100309,https://www.cms.gov/medicare-coverage-database/view/lcd.aspx?lcdid=34563&ver=51
"First Coast Service Options, Inc.
(MAC - Part A, MAC - Part B)",L39492,39492,LCD,7,06/11/2023,,N/A,Ambulatory Electrocardiograph (AECG) Monitoring,04/21/2023,20230421112030,https://www.cms.gov/medicare-coverage-database/view/lcd.aspx?lcdid=39492&ver=7
"Novitas Solutions, Inc.
(MAC - Part A, MAC - Part B)",L39490,39490,LCD,7,06/11/2023,,N/A,Ambulatory Electrocardiograph (AECG) Monitoring,04/21/2023,20230421111815,https://www.cms.gov/medicare-coverage-database/view/lcd.aspx?lcdid=39490&ver=7
"Palmetto GBA
(MAC - Part A, MAC - Part B)",L38033,38033,LCD,13,04/27/2023,,N/A,Cervical Disc Replacement,04/17/2023,20230417105333,https://www.cms.gov/medicare-coverage-database/view/lcd.aspx?lcdid=38033&ver=13
"CGS Administrators, LLC
(DME MAC)

Noridian Healthcare Solutions, LLC
(DME MAC)",L33797,33797,LCD,50,04/01/2023,,N/A,Oxygen and Oxygen Equipment,04/14/2023,20230414104507,https://www.cms.gov/medicare-coverage-database/view/lcd.aspx?lcdid=33797&ver=50
"Palmetto GBA
(MAC - Part A, MAC - Part B)",L37863,37863,LCD,25,04/20/2023,,N/A,Voretigene Neparvovec-rzyl (Luxturna®),04/10/2023,20230410101623,https://www.cms.gov/medicare-coverage-database/view/lcd.aspx?lcdid=37863&ver=25
"Palmetto GBA
(MAC - Part A)",L34427,34427,LCD,100,04/13/2023,,N/A,Outpatient Occupational Therapy,04/03/2023,20230403104101,https://www.cms.gov/medicare-coverage-database/view/lcd.aspx?lcdid=34427&ver=100
"WPS Insurance Corporation
(MAC - Part A, MAC - Part B)",L37216,37216,LCD,23,03/30/2023,,N/A,BDX-XL2,03/22/2023,20230322101111,https://www.cms.gov/medicare-coverage-database/view/lcd.aspx?lcdid=37216&ver=23
"Palmetto GBA
(MAC - Part A, MAC - Part B)",L33457,33457,LCD,61,03/23/2023,,N/A,Cardiac Radionuclide Imaging,03/14/2023,20230314093927,https://www.cms.gov/medicare-coverage-database/view/lcd.aspx?lcdid=33457&ver=61
"Palmetto GBA
(MAC - Part A, MAC - Part B)",L39420,39420,LCD,4,03/05/2023,,N/A,Thermal Destruction of the Intraosseous Basivertebral Nerve (BVN) for Vertebrogenic Lower Back Pain,01/13/2023,20230113105608,https://www.cms.gov/medicare-coverage-database/view/lcd.aspx?lcdid=39420&ver=4
"CGS Administrators, LLC
(MAC - Part A, MAC - Part B)",L38992,38992,LCD,14,01/12/2023,,N/A,Electroretinography (ERG),01/04/2023,20230104121920,https://www.cms.gov/medicare-coverage-database/view/lcd.aspx?lcdid=38992&ver=14
"Palmetto GBA
(MAC - Part A, MAC - Part B)",L39385,39385,LCD,6,02/12/2023,,N/A,Near-Infrared Spectroscopy in Wound and Flap Management,12/19/2022,20221219145047,https://www.cms.gov/medicare-coverage-database/view/lcd.aspx?lcdid=39385&ver=6
"First Coast Service Options, Inc.
(MAC - Part A, MAC - Part B)",L34007,34007,LCD,48,02/05/2023,,N/A,Immune Globulin,12/16/2022,20221216084709,https://www.cms.gov/medicare-coverage-database/view/lcd.aspx?lcdid=34007&ver=48
"Novitas Solutions, Inc.
(MAC - Part A, MAC - Part B)",L35093,35093,LCD,114,02/05/2023,,N/A,Immune Globulin,12/16/2022,20221216084537,https://www.cms.gov/medicare-coverage-database/view/lcd.aspx?lcdid=35093&ver=114
"Palmetto GBA
(MAC - Part A)",L34429,34429,LCD,63,12/08/2022,,N/A,Outpatient Speech Language Pathology,12/02/2022,20221202113622,https://www.cms.gov/medicare-coverage-database/view/lcd.aspx?lcdid=34429&ver=63
"CGS Administrators, LLC
(DME MAC)

Noridian Healthcare Solutions, LLC
(DME MAC)",L33785,33785,LCD,40,10/01/2022,,N/A,High Frequency Chest Wall Oscillation Devices,11/11/2022,20221111110924,https://www.cms.gov/medicare-coverage-database/view/lcd.aspx?lcdid=33785&ver=40
"First Coast Service Options, Inc.
(MAC - Part A, MAC - Part B)",L34522,34522,LCD,29,12/11/2022,,N/A,Transcranial Magnetic Stimulation (TMS) in the Treatment of Adults with Major Depressive Disorder,10/21/2022,20221021104847,https://www.cms.gov/medicare-coverage-database/view/lcd.aspx?lcdid=34522&ver=29
"Novitas Solutions, Inc.
(MAC - Part A, MAC - Part B)",L34998,34998,LCD,33,12/11/2022,,N/A,Transcranial Magnetic Stimulation (TMS) in the Treatment of Adults with Major Depressive Disorder,10/21/2022,20221021103959,https://www.cms.gov/medicare-coverage-database/view/lcd.aspx?lcdid=34998&ver=33
"Novitas Solutions, Inc.
(MAC - Part A, MAC - Part B)",L35010,35010,LCD,40,09/01/2022,,N/A,Trigger Point Injections,08/26/2022,20220826114338,https://www.cms.gov/medicare-coverage-database/view/lcd.aspx?lcdid=35010&ver=40
"Palmetto GBA
(MAC - Part A, MAC - Part B)",L34415,34415,LCD,58,08/28/2022,,N/A,CT of the Abdomen and Pelvis,07/07/2022,20220707155619,https://www.cms.gov/medicare-coverage-database/view/lcd.aspx?lcdid=34415&ver=58
"Palmetto GBA
(MAC - Part A, MAC - Part B)",L39266,39266,LCD,3,08/28/2022,,N/A,Cognitive Assessment and Care Plan Service,07/05/2022,20220705103916,https://www.cms.gov/medicare-coverage-database/view/lcd.aspx?lcdid=39266&ver=3
"Palmetto GBA
(MAC - Part A, MAC - Part B)",L39260,39260,LCD,5,08/21/2022,,N/A,Hyaluronic Acid Injections for Knee Osteoarthritis,07/01/2022,20220701134132,https://www.cms.gov/medicare-coverage-database/view/lcd.aspx?lcdid=39260&ver=5
"Palmetto GBA
(MAC - Part A, MAC - Part B)",L37033,37033,LCD,30,06/30/2022,,N/A,MolDX: DecisionDx-UM (Uveal Melanoma),06/20/2022,20220620173519,https://www.cms.gov/medicare-coverage-database/view/lcd.aspx?lcdid=37033&ver=30
"Palmetto GBA
(MAC - Part A, MAC - Part B)",L37641,37641,LCD,16,06/23/2022,,N/A,Continuous Peripheral Nerve Blocks (CPNB),06/16/2022,20220616162139,https://www.cms.gov/medicare-coverage-database/view/lcd.aspx?lcdid=37641&ver=16
"Palmetto GBA
(HHH MAC)",L34560,34560,LCD,76,06/09/2022,,N/A,Home Health Occupational Therapy,06/03/2022,20220603190509,https://www.cms.gov/medicare-coverage-database/view/lcd.aspx?lcdid=34560&ver=76
"Palmetto GBA
(MAC - Part A, MAC - Part B)",L34512,34512,LCD,48,06/09/2022,,N/A,Corneal Pachymetry,06/01/2022,20220601104813,https://www.cms.gov/medicare-coverage-database/view/lcd.aspx?lcdid=34512&ver=48
"Palmetto GBA
(MAC - Part A, MAC - Part B)",L38792,38792,LCD,6,05/26/2022,,N/A,Dexamethasone Intracanalicular Ophthalmic Insert (Dextenza®),05/16/2022,20220516113957,https://www.cms.gov/medicare-coverage-database/view/lcd.aspx?lcdid=38792&ver=6
"First Coast Service Options, Inc.
(MAC - Part A, MAC - Part B)",L38914,38914,LCD,20,07/11/2021,,N/A,Cosmetic and Reconstructive Surgery,05/13/2022,20220513072309,https://www.cms.gov/medicare-coverage-database/view/lcd.aspx?lcdid=38914&ver=20
"Novitas Solutions, Inc.
(MAC - Part A, MAC - Part B)",L35090,35090,LCD,95,07/11/2021,,N/A,Cosmetic and Reconstructive Surgery,05/13/2022,20220513072201,https://www.cms.gov/medicare-coverage-database/view/lcd.aspx?lcdid=35090&ver=95
"Palmetto GBA
(MAC - Part A, MAC - Part B)",L39086,39086,LCD,10,05/05/2022,,N/A,Treatment of Males with Low Testosterone,04/25/2022,20220425105812,https://www.cms.gov/medicare-coverage-database/view/lcd.aspx?lcdid=39086&ver=10
"Palmetto GBA
(MAC - Part A, MAC - Part B)",L37031,37031,LCD,35,04/28/2022,,N/A,BDX-XL2,04/21/2022,20220421142814,https://www.cms.gov/medicare-coverage-database/view/lcd.aspx?lcdid=37031&ver=35
"Palmetto GBA
(MAC - Part A, MAC - Part B)",L37644,37644,LCD,22,03/10/2022,,N/A,YAG Capsulotomy,03/03/2022,20220303094112,https://www.cms.gov/medicare-coverage-database/view/lcd.aspx?lcdid=37644&ver=22
"First Coast Service Options, Inc.
(MAC - Part A, MAC - Part B)",L33751,33751,LCD,43,11/28/2019,,N/A,Scanning Computerized Ophthalmic Diagnostic Imaging (SCODI),01/28/2022,20220128144329,https://www.cms.gov/medicare-coverage-database/view/lcd.aspx?lcdid=33751&ver=43
"First Coast Service Options, Inc.
(MAC - Part A, MAC - Part B)",L39084,39084,LCD,5,01/30/2022,,N/A,Genetic Testing for Cardiovascular Disease,12/23/2021,20211223074347,https://www.cms.gov/medicare-coverage-database/view/lcd.aspx?lcdid=39084&ver=5
"Novitas Solutions, Inc.
(MAC - Part A, MAC - Part B)",L39082,39082,LCD,6,01/30/2022,,N/A,Genetic Testing for Cardiovascular Disease,12/23/2021,20211223074109,https://www.cms.gov/medicare-coverage-database/view/lcd.aspx?lcdid=39082&ver=6
"Palmetto GBA
(MAC - Part A, MAC - Part B)",L36665,36665,LCD,19,12/30/2021,,N/A,ProMark® Risk Score,12/22/2021,20211222150814,https://www.cms.gov/medicare-coverage-database/view/lcd.aspx?lcdid=36665&ver=19
"CGS Administrators, LLC
(MAC - Part A, MAC - Part B)",L38777,38777,LCD,7,01/30/2022,,N/A,Colon Capsule Endoscopy (CCE),12/10/2021,20211210185548,https://www.cms.gov/medicare-coverage-database/view/lcd.aspx?lcdid=38777&ver=7
"Novitas Solutions, Inc.
(MAC - Part A, MAC - Part B)",L35038,35038,LCD,76,10/31/2019,,N/A,Scanning Computerized Ophthalmic Diagnostic Imaging,12/10/2021,20211210130553,https://www.cms.gov/medicare-coverage-database/view/lcd.aspx?lcdid=35038&ver=76
"First Coast Service Options, Inc.
(MAC - Part A, MAC - Part B)",L34519,34519,LCD,33,12/12/2021,,N/A,Molecular Pathology Procedures,12/03/2021,20211203083917,https://www.cms.gov/medicare-coverage-database/view/lcd.aspx?lcdid=34519&ver=33
"Novitas Solutions, Inc.
(MAC - Part A, MAC - Part B)",L35062,35062,LCD,122,12/12/2021,,N/A,Biomarkers Overview,12/03/2021,20211203082839,https://www.cms.gov/medicare-coverage-database/view/lcd.aspx?lcdid=35062&ver=122
"Palmetto GBA
(MAC - Part A, MAC - Part B)",L36912,36912,LCD,30,11/25/2021,,N/A,MolDX: Oncotype DX® Breast Cancer for DCIS (Genomic Health™),12/01/2021,20211201161630,https://www.cms.gov/medicare-coverage-database/view/lcd.aspx?lcdid=36912&ver=30
"First Coast Service Options, Inc.
(MAC - Part A, MAC - Part B)",L34018,34018,LCD,18,09/07/2021,,N/A,Parathormone (Parathyroid Hormone),11/05/2021,20211105093746,https://www.cms.gov/medicare-coverage-database/view/lcd.aspx?lcdid=34018&ver=18
"Palmetto GBA
(MAC - Part A, MAC - Part B)",L38779,38779,LCD,4,12/26/2021,,N/A,MolDX: Minimal Residual Disease Testing for Cancer,11/04/2021,20211104184957,https://www.cms.gov/medicare-coverage-database/view/lcd.aspx?lcdid=38779&ver=4
"Palmetto GBA
(MAC - Part A, MAC - Part B)",L36427,36427,LCD,38,10/28/2021,,N/A,Wireless Capsule Endoscopy,10/22/2021,20211022115335,https://www.cms.gov/medicare-coverage-database/view/lcd.aspx?lcdid=36427&ver=38
"First Coast Service Options, Inc.
(MAC - Part A, MAC - Part B)",L39073,39073,LCD,4,12/12/2021,,N/A,Pharmacogenomics Testing,10/22/2021,20211022092022,https://www.cms.gov/medicare-coverage-database/view/lcd.aspx?lcdid=39073&ver=4
"Novitas Solutions, Inc.
(MAC - Part A, MAC - Part B)",L39063,39063,LCD,11,12/12/2021,,N/A,Pharmacogenomics Testing,10/22/2021,20211022091944,https://www.cms.gov/medicare-coverage-database/view/lcd.aspx?lcdid=39063&ver=11
"Palmetto GBA
(MAC - Part A, MAC - Part B)",L39080,39080,LCD,4,12/12/2021,,N/A,Cardiac Resynchronization Therapy (CRT),10/19/2021,20211019091837,https://www.cms.gov/medicare-coverage-database/view/lcd.aspx?lcdid=39080&ver=4
"Palmetto GBA
(MAC - Part A, MAC - Part B)",L35974,35974,LCD,28,10/14/2021,,N/A,MolDX: MGMT Promoter Methylation Analysis,10/07/2021,20211007171052,https://www.cms.gov/medicare-coverage-database/view/lcd.aspx?lcdid=35974&ver=28
"Palmetto GBA
(MAC - Part A, MAC - Part B)",L37870,37870,LCD,19,10/14/2021,,N/A,"MolDX: Inivata™, InVisionFirst®, Liquid Biopsy for Patients with Lung Cancer",10/06/2021,20211006091445,https://www.cms.gov/medicare-coverage-database/view/lcd.aspx?lcdid=37870&ver=19
"Palmetto GBA
(MAC - Part B)",L33455,33455,LCD,31,09/09/2021,,N/A,Wireless Gastrointestinal Motility Monitoring Systems,09/03/2021,20210903085254,https://www.cms.gov/medicare-coverage-database/view/lcd.aspx?lcdid=33455&ver=31
"Palmetto GBA
(MAC - Part B)",L34537,34537,LCD,45,09/09/2021,,N/A,Vestibular Function Testing,09/03/2021,20210903085217,https://www.cms.gov/medicare-coverage-database/view/lcd.aspx?lcdid=34537&ver=45
"Novitas Solutions, Inc.
(MAC - Part A, MAC - Part B)",L35091,35091,LCD,103,07/11/2021,,N/A,Cataract Extraction (including Complex Cataract Surgery),09/03/2021,20210903081656,https://www.cms.gov/medicare-coverage-database/view/lcd.aspx?lcdid=35091&ver=103
"First Coast Service Options, Inc.
(MAC - Part A, MAC - Part B)",L38926,38926,LCD,23,07/11/2021,,N/A,Cataract Extraction (including Complex Cataract Surgery),09/03/2021,20210903081012,https://www.cms.gov/medicare-coverage-database/view/lcd.aspx?lcdid=38926&ver=23
"Palmetto GBA
(MAC - Part A, MAC - Part B)",L34431,34431,LCD,60,08/12/2021,,N/A,Scanning Computerized Ophthalmic Diagnostic Imaging (SCODI),08/02/2021,20210802150220,https://www.cms.gov/medicare-coverage-database/view/lcd.aspx?lcdid=34431&ver=60
"Palmetto GBA
(MAC - Part A, MAC - Part B)",L37779,37779,LCD,16,07/29/2021,,N/A,Intraoperative Radiation Therapy,07/23/2021,20210723095638,https://www.cms.gov/medicare-coverage-database/view/lcd.aspx?lcdid=37779&ver=16
"Palmetto GBA
(MAC - Part A, MAC - Part B)",L33428,33428,LCD,53,07/29/2021,,N/A,Cosmetic and Reconstructive Surgery,07/23/2021,20210723095557,https://www.cms.gov/medicare-coverage-database/view/lcd.aspx?lcdid=33428&ver=53
"Palmetto GBA
(MAC - Part A)",L34430,34430,LCD,46,07/22/2021,,N/A,Respiratory Therapy (Respiratory Care),07/16/2021,20210716085956,https://www.cms.gov/medicare-coverage-database/view/lcd.aspx?lcdid=34430&ver=46
"Palmetto GBA
(MAC - Part A, MAC - Part B)",L34426,34426,LCD,55,07/15/2021,,N/A,Ophthalmic Angiography (Fluorescein and Indocyanine Green),07/06/2021,20210706103239,https://www.cms.gov/medicare-coverage-database/view/lcd.aspx?lcdid=34426&ver=55
"First Coast Service Options, Inc.
(MAC - Part A)",L33975,33975,LCD,25,01/01/2021,,N/A,Psychiatric Inpatient Hospitalization,07/02/2021,20210702093855,https://www.cms.gov/medicare-coverage-database/view/lcd.aspx?lcdid=33975&ver=25
"CGS Administrators, LLC
(DME MAC)

Noridian Healthcare Solutions, LLC
(DME MAC)",L33611,33611,LCD,25,08/08/2021,,N/A,Oral Appliances for Obstructive Sleep Apnea,06/18/2021,20210618114824,https://www.cms.gov/medicare-coverage-database/view/lcd.aspx?lcdid=33611&ver=25
"Palmetto GBA
(MAC - Part B)",L33446,33446,LCD,47,06/24/2021,,N/A,Respiratory Therapy and Oximetry Services,06/18/2021,20210618105802,https://www.cms.gov/medicare-coverage-database/view/lcd.aspx?lcdid=33446&ver=47
"First Coast Service Options, Inc.
(MAC - Part A, MAC - Part B)",L33261,33261,LCD,40,07/11/2021,,N/A,Allergy Testing,05/21/2021,20210521102214,https://www.cms.gov/medicare-coverage-database/view/lcd.aspx?lcdid=33261&ver=40
"Novitas Solutions, Inc.
(MAC - Part A, MAC - Part B)",L36241,36241,LCD,98,07/11/2021,,N/A,Allergy Testing,05/21/2021,20210521102128,https://www.cms.gov/medicare-coverage-database/view/lcd.aspx?lcdid=36241&ver=98
"Novitas Solutions, Inc.
(MAC - Part A, MAC - Part B)",L35130,35130,LCD,66,07/11/2021,,N/A,Percutaneous Vertebral Augmentation (PVA) for Vertebral Compression Fracture (VCF),05/21/2021,20210521085305,https://www.cms.gov/medicare-coverage-database/view/lcd.aspx?lcdid=35130&ver=66
"First Coast Service Options, Inc.
(MAC - Part A, MAC - Part B)",L34976,34976,LCD,34,07/11/2021,,N/A,Percutaneous Vertebral Augmentation (PVA) for Vertebral Compression Fracture (VCF),05/21/2021,20210521085215,https://www.cms.gov/medicare-coverage-database/view/lcd.aspx?lcdid=34976&ver=34
"Novitas Solutions, Inc.
(MAC - Part B)",L38916,38916,LCD,8,07/11/2021,,N/A,Respiratory Pathogen Panel Testing,05/21/2021,20210521083120,https://www.cms.gov/medicare-coverage-database/view/lcd.aspx?lcdid=38916&ver=8
"First Coast Service Options, Inc.
(MAC - Part B)",L38918,38918,LCD,8,07/11/2021,,N/A,Respiratory Pathogen Panel Testing,05/21/2021,20210521083046,https://www.cms.gov/medicare-coverage-database/view/lcd.aspx?lcdid=38918&ver=8
"Palmetto GBA
(MAC - Part A, MAC - Part B)",L34411,34411,LCD,46,05/20/2021,,N/A,"Blepharoplasty, Eyelid Surgery, and Brow Lift",05/14/2021,20210514080817,https://www.cms.gov/medicare-coverage-database/view/lcd.aspx?lcdid=34411&ver=46
"Palmetto GBA
(MAC - Part A, MAC - Part B)",L37264,37264,LCD,21,07/04/2021,,N/A,MolDX: EndoPredict Breast Cancer Gene Expression Test,05/13/2021,20210513172112,https://www.cms.gov/medicare-coverage-database/view/lcd.aspx?lcdid=37264&ver=21
"Novitas Solutions, Inc.
(MAC - Part A, MAC - Part B)",L35022,35022,LCD,67,05/13/2021,,N/A,Bariatric Surgical Management of Morbid Obesity,05/07/2021,20210507080912,https://www.cms.gov/medicare-coverage-database/view/lcd.aspx?lcdid=35022&ver=67
"Palmetto GBA
(MAC - Part A, MAC - Part B)",L37632,37632,LCD,26,05/13/2021,,N/A,Spinal Cord Stimulators for Chronic Pain,05/04/2021,20210504094038,https://www.cms.gov/medicare-coverage-database/view/lcd.aspx?lcdid=37632&ver=26
"Palmetto GBA
(MAC - Part A, MAC - Part B)",L36125,36125,LCD,40,04/22/2021,,N/A,MolDX: Breast Cancer Assay: Prosigna®,04/15/2021,20210415164538,https://www.cms.gov/medicare-coverage-database/view/lcd.aspx?lcdid=36125&ver=40
"Palmetto GBA
(MAC - Part B)",L33417,33417,LCD,40,04/15/2021,,N/A,Allergy Skin Testing,04/05/2021,20210405154121,https://www.cms.gov/medicare-coverage-database/view/lcd.aspx?lcdid=33417&ver=40
"CGS Administrators, LLC
(DME MAC)

Noridian Healthcare Solutions, LLC
(DME MAC)",L33642,33642,LCD,26,05/01/2021,,N/A,Pressure Reducing Support Surfaces - Group 2,03/12/2021,20210312092715,https://www.cms.gov/medicare-coverage-database/view/lcd.aspx?lcdid=33642&ver=26
"CGS Administrators, LLC
(DME MAC)

Noridian Healthcare Solutions, LLC
(DME MAC)",L33830,33830,LCD,22,05/01/2021,,N/A,Pressure Reducing Support Surfaces - Group 1,03/12/2021,20210312092636,https://www.cms.gov/medicare-coverage-database/view/lcd.aspx?lcdid=33830&ver=22
"CGS Administrators, LLC
(DME MAC)

Noridian Healthcare Solutions, LLC
(DME MAC)",L33692,33692,LCD,21,05/01/2021,,N/A,Pressure Reducing Support Surfaces - Group 3,03/11/2021,20210311124207,https://www.cms.gov/medicare-coverage-database/view/lcd.aspx?lcdid=33692&ver=21
"Palmetto GBA
(MAC - Part A, MAC - Part B)",L33420,33420,LCD,41,03/04/2021,,N/A,Lab: Bladder/Urothelial Tumor Markers,02/25/2021,20210225094639,https://www.cms.gov/medicare-coverage-database/view/lcd.aspx?lcdid=33420&ver=41
"First Coast Service Options, Inc.
(MAC - Part B)",L33967,33967,LCD,25,01/01/2021,,N/A,Vitamin B12 Injections,02/19/2021,20210219102600,https://www.cms.gov/medicare-coverage-database/view/lcd.aspx?lcdid=33967&ver=25
"Novitas Solutions, Inc.
(MAC - Part A, MAC - Part B)",L35050,35050,LCD,55,01/01/2021,,N/A,Outpatient Sleep Studies,02/19/2021,20210219102318,https://www.cms.gov/medicare-coverage-database/view/lcd.aspx?lcdid=35050&ver=55
"Palmetto GBA
(MAC - Part A, MAC - Part B)",L38755,38755,LCD,6,04/12/2021,,N/A,Colon Capsule Endoscopy (CCE),02/17/2021,20210217101954,https://www.cms.gov/medicare-coverage-database/view/lcd.aspx?lcdid=38755&ver=6
"First Coast Service Options, Inc.
(MAC - Part A, MAC - Part B)",L38805,38805,LCD,7,03/28/2021,,N/A,Colon Capsule Endoscopy (CCE),02/05/2021,20210205100401,https://www.cms.gov/medicare-coverage-database/view/lcd.aspx?lcdid=38805&ver=7
"Novitas Solutions, Inc.
(MAC - Part A, MAC - Part B)",L38807,38807,LCD,7,03/28/2021,,N/A,Colon Capsule Endoscopy (CCE),02/05/2021,20210205100231,https://www.cms.gov/medicare-coverage-database/view/lcd.aspx?lcdid=38807&ver=7
"First Coast Service Options, Inc.
(MAC - Part A, MAC - Part B)",L33671,33671,LCD,48,03/21/2021,,N/A,Diagnostic Colonoscopy,01/29/2021,20210129140407,https://www.cms.gov/medicare-coverage-database/view/lcd.aspx?lcdid=33671&ver=48
"Novitas Solutions, Inc.
(MAC - Part A, MAC - Part B)",L38812,38812,LCD,7,03/21/2021,,N/A,Diagnostic Colonoscopy,01/29/2021,20210129140320,https://www.cms.gov/medicare-coverage-database/view/lcd.aspx?lcdid=38812&ver=7
"First Coast Service Options, Inc.
(MAC - Part A, MAC - Part B)",L34028,34028,LCD,16,03/21/2021,,N/A,"Blepharoplasty, Blepharoptosis Repair and Surgical Procedures of the Brow",01/29/2021,20210129110240,https://www.cms.gov/medicare-coverage-database/view/lcd.aspx?lcdid=34028&ver=16
"Novitas Solutions, Inc.
(MAC - Part A, MAC - Part B)",L35004,35004,LCD,23,03/21/2021,,N/A,"Blepharoplasty, Blepharoptosis Repair and Surgical Procedures of the Brow",01/29/2021,20210129110159,https://www.cms.gov/medicare-coverage-database/view/lcd.aspx?lcdid=35004&ver=23
"First Coast Service Options, Inc.
(MAC - Part A, MAC - Part B)",L33609,33609,LCD,14,01/07/2021,,N/A,Autonomic Function Tests,12/31/2020,20201231105433,https://www.cms.gov/medicare-coverage-database/view/lcd.aspx?lcdid=33609&ver=14
"First Coast Service Options, Inc.
(MAC - Part A, MAC - Part B)",L38231,38231,LCD,19,12/27/2020,,N/A,Endovenous Stenting,11/13/2020,20201113140812,https://www.cms.gov/medicare-coverage-database/view/lcd.aspx?lcdid=38231&ver=19
"Novitas Solutions, Inc.
(MAC - Part A, MAC - Part B)",L37893,37893,LCD,30,12/27/2020,,N/A,Endovenous Stenting,11/06/2020,20201106075416,https://www.cms.gov/medicare-coverage-database/view/lcd.aspx?lcdid=37893&ver=30
"First Coast Service Options, Inc.
(MAC - Part A, MAC - Part B)",L38720,38720,LCD,6,12/27/2020,,N/A,Treatment of Chronic Venous Insufficiency of the Lower Extremities,11/06/2020,20201106070458,https://www.cms.gov/medicare-coverage-database/view/lcd.aspx?lcdid=38720&ver=6
"Novitas Solutions, Inc.
(MAC - Part A, MAC - Part B)",L34924,34924,LCD,79,12/27/2020,,N/A,Treatment of Chronic Venous Insufficiency of the Lower Extremities,11/06/2020,20201106070223,https://www.cms.gov/medicare-coverage-database/view/lcd.aspx?lcdid=34924&ver=79
"First Coast Service Options, Inc.
(MAC - Part A, MAC - Part B)",L33771,33771,LCD,42,10/29/2020,,N/A,"Vitamin D; 25 hydroxy, includes fraction(s), if performed",10/23/2020,20201023074842,https://www.cms.gov/medicare-coverage-database/view/lcd.aspx?lcdid=33771&ver=42
"CGS Administrators, LLC
(DME MAC)

Noridian Healthcare Solutions, LLC
(DME MAC)",L33793,33793,LCD,20,10/01/2020,,N/A,Refractive Lenses,10/09/2020,20201009103909,https://www.cms.gov/medicare-coverage-database/view/lcd.aspx?lcdid=33793&ver=20
"Novitas Solutions, Inc.
(MAC - Part A, MAC - Part B)",L34833,34833,LCD,94,08/13/2020,,N/A,Cardiac Rhythm Device Evaluation,08/07/2020,20200807081643,https://www.cms.gov/medicare-coverage-database/view/lcd.aspx?lcdid=34833&ver=94
"Novitas Solutions, Inc.
(MAC - Part A, MAC - Part B)",L35070,35070,LCD,76,08/13/2020,,N/A,Speech - Language Pathology (SLP) Services: Communication Disorders,08/06/2020,20200806123338,https://www.cms.gov/medicare-coverage-database/view/lcd.aspx?lcdid=35070&ver=76
"Palmetto GBA
(MAC - Part A)",L37633,37633,LCD,26,08/06/2020,,N/A,Partial Hospitalization Programs,08/03/2020,20200803142341,https://www.cms.gov/medicare-coverage-database/view/lcd.aspx?lcdid=37633&ver=26
"First Coast Service Options, Inc.
(MAC - Part A, MAC - Part B)",L34520,34520,LCD,32,07/01/2020,,N/A,Psychological and Neuropsychological Tests,06/19/2020,20200619190603,https://www.cms.gov/medicare-coverage-database/view/lcd.aspx?lcdid=34520&ver=32
"First Coast Service Options, Inc.
(MAC - Part A, MAC - Part B)",L34372,34372,LCD,22,07/01/2020,,N/A,Magnetic Resonance Angiography (MRA),06/19/2020,20200619190318,https://www.cms.gov/medicare-coverage-database/view/lcd.aspx?lcdid=34372&ver=22
"First Coast Service Options, Inc.
(MAC - Part A, MAC - Part B)",L33405,33405,LCD,25,07/01/2020,,N/A,Polysomnography and Sleep Testing,06/19/2020,20200619185732,https://www.cms.gov/medicare-coverage-database/view/lcd.aspx?lcdid=33405&ver=25
"First Coast Service Options, Inc.
(MAC - Part A, MAC - Part B)",L33252,33252,LCD,29,07/01/2020,,N/A,Psychiatric Diagnostic Evaluation and Psychotherapy Services,06/19/2020,20200619185207,https://www.cms.gov/medicare-coverage-database/view/lcd.aspx?lcdid=33252&ver=29
"Novitas Solutions, Inc.
(MAC - Part A, MAC - Part B)",L34914,34914,LCD,68,07/01/2020,,N/A,Assays for Vitamins and Metabolic Function,06/19/2020,20200619095654,https://www.cms.gov/medicare-coverage-database/view/lcd.aspx?lcdid=34914&ver=68
"Novitas Solutions, Inc.
(MAC - Part A, MAC - Part B)",L34865,34865,LCD,72,07/01/2020,,N/A,Magnetic Resonance Angiography (MRA),06/19/2020,20200619065649,https://www.cms.gov/medicare-coverage-database/view/lcd.aspx?lcdid=34865&ver=72
"First Coast Service Options, Inc.
(MAC - Part A, MAC - Part B)",L38506,38506,LCD,3,07/12/2020,,N/A,Magnetic-Resonance-Guided Focused Ultrasound Surgery (MRgFUS) for Essential Tremor,05/22/2020,20200522090846,https://www.cms.gov/medicare-coverage-database/view/lcd.aspx?lcdid=38506&ver=3
"Novitas Solutions, Inc.
(MAC - Part A, MAC - Part B)",L38495,38495,LCD,7,07/12/2020,,N/A,Magnetic-Resonance-Guided Focused Ultrasound Surgery (MRgFUS) for Essential Tremor,05/21/2020,20200521134124,https://www.cms.gov/medicare-coverage-database/view/lcd.aspx?lcdid=38495&ver=7
"CGS Administrators, LLC
(DME MAC)

Noridian Healthcare Solutions, LLC
(DME MAC)",L33369,33369,LCD,26,01/01/2020,,N/A,Therapeutic Shoes for Persons with Diabetes,02/28/2020,20200228150320,https://www.cms.gov/medicare-coverage-database/view/lcd.aspx?lcdid=33369&ver=26
"CGS Administrators, LLC
(DME MAC)

Noridian Healthcare Solutions, LLC
(DME MAC)",L33790,33790,LCD,20,01/01/2020,,N/A,Spinal Orthoses: TLSO and LSO,02/28/2020,20200228143739,https://www.cms.gov/medicare-coverage-database/view/lcd.aspx?lcdid=33790&ver=20
"CGS Administrators, LLC
(DME MAC)

Noridian Healthcare Solutions, LLC
(DME MAC)",L34821,34821,LCD,21,01/01/2020,,N/A,Transcutaneous Electrical Joint Stimulation Devices (TEJSD),02/21/2020,20200221141945,https://www.cms.gov/medicare-coverage-database/view/lcd.aspx?lcdid=34821&ver=21
"CGS Administrators, LLC
(DME MAC)

Noridian Healthcare Solutions, LLC
(DME MAC)",L34823,34823,LCD,27,01/01/2020,,N/A,Tumor Treatment Field Therapy (TTFT),02/21/2020,20200221093748,https://www.cms.gov/medicare-coverage-database/view/lcd.aspx?lcdid=34823&ver=27
"CGS Administrators, LLC
(DME MAC)

Noridian Healthcare Solutions, LLC
(DME MAC)",L33788,33788,LCD,15,01/01/2020,,N/A,Manual Wheelchair Bases,02/14/2020,20200214144757,https://www.cms.gov/medicare-coverage-database/view/lcd.aspx?lcdid=33788&ver=15
"CGS Administrators, LLC
(DME MAC)

Noridian Healthcare Solutions, LLC
(DME MAC)",L33791,33791,LCD,15,01/01/2020,,N/A,Walkers,02/14/2020,20200214143603,https://www.cms.gov/medicare-coverage-database/view/lcd.aspx?lcdid=33791&ver=15
"CGS Administrators, LLC
(DME MAC)

Noridian Healthcare Solutions, LLC
(DME MAC)",L33786,33786,LCD,16,01/01/2020,,N/A,Intrapulmonary Percussive Ventilation System,02/14/2020,20200214122633,https://www.cms.gov/medicare-coverage-database/view/lcd.aspx?lcdid=33786&ver=16
"CGS Administrators, LLC
(DME MAC)

Noridian Healthcare Solutions, LLC
(DME MAC)",L33784,33784,LCD,21,01/01/2020,,N/A,Heating Pads and Heat Lamps,02/14/2020,20200214122442,https://www.cms.gov/medicare-coverage-database/view/lcd.aspx?lcdid=33784&ver=21
"CGS Administrators, LLC
(DME MAC)

Noridian Healthcare Solutions, LLC
(DME MAC)",L33799,33799,LCD,15,01/01/2020,,N/A,Patient Lifts,02/14/2020,20200214120049,https://www.cms.gov/medicare-coverage-database/view/lcd.aspx?lcdid=33799&ver=15
"CGS Administrators, LLC
(DME MAC)

Noridian Healthcare Solutions, LLC
(DME MAC)",L33641,33641,LCD,21,01/01/2020,,N/A,Orthopedic Footwear,02/14/2020,20200214105628,https://www.cms.gov/medicare-coverage-database/view/lcd.aspx?lcdid=33641&ver=21
"CGS Administrators, LLC
(DME MAC)

Noridian Healthcare Solutions, LLC
(DME MAC)",L33738,33738,LCD,18,01/01/2020,,N/A,Facial Prostheses,02/14/2020,20200214102012,https://www.cms.gov/medicare-coverage-database/view/lcd.aspx?lcdid=33738&ver=18
"CGS Administrators, LLC
(DME MAC)

Noridian Healthcare Solutions, LLC
(DME MAC)",L33737,33737,LCD,20,01/01/2020,,N/A,Eye Prostheses,02/14/2020,20200214100648,https://www.cms.gov/medicare-coverage-database/view/lcd.aspx?lcdid=33737&ver=20
"CGS Administrators, LLC
(DME MAC)

Noridian Healthcare Solutions, LLC
(DME MAC)",L33820,33820,LCD,21,01/01/2020,,N/A,Hospital Beds And Accessories,02/13/2020,20200213132906,https://www.cms.gov/medicare-coverage-database/view/lcd.aspx?lcdid=33820&ver=21
"CGS Administrators, LLC
(DME MAC)

Noridian Healthcare Solutions, LLC
(DME MAC)",L33795,33795,LCD,29,01/01/2020,,N/A,Mechanical In-exsufflation Devices,02/13/2020,20200213132906,https://www.cms.gov/medicare-coverage-database/view/lcd.aspx?lcdid=33795&ver=29
"CGS Administrators, LLC
(DME MAC)

Noridian Healthcare Solutions, LLC
(DME MAC)",L34824,34824,LCD,21,01/01/2020,,N/A,Vacuum Erection Devices (VED),02/13/2020,20200213102743,https://www.cms.gov/medicare-coverage-database/view/lcd.aspx?lcdid=34824&ver=21
"CGS Administrators, LLC
(DME MAC)

Noridian Healthcare Solutions, LLC
(DME MAC)",L33736,33736,LCD,20,01/01/2020,,N/A,Commodes,02/13/2020,20200213102353,https://www.cms.gov/medicare-coverage-database/view/lcd.aspx?lcdid=33736&ver=20
"CGS Administrators, LLC
(DME MAC)

Noridian Healthcare Solutions, LLC
(DME MAC)",L33735,33735,LCD,19,01/01/2020,,N/A,Cold Therapy,02/13/2020,20200213100716,https://www.cms.gov/medicare-coverage-database/view/lcd.aspx?lcdid=33735&ver=19
"CGS Administrators, LLC
(DME MAC)

Noridian Healthcare Solutions, LLC
(DME MAC)",L33733,33733,LCD,19,01/01/2020,,N/A,Canes and Crutches,02/13/2020,20200213100355,https://www.cms.gov/medicare-coverage-database/view/lcd.aspx?lcdid=33733&ver=19
"CGS Administrators, LLC
(DME MAC)

Noridian Healthcare Solutions, LLC
(DME MAC)",L33690,33690,LCD,20,01/01/2020,,N/A,Automatic External Defibrillators,02/13/2020,20200213100035,https://www.cms.gov/medicare-coverage-database/view/lcd.aspx?lcdid=33690&ver=20
"CGS Administrators, LLC
(DME MAC)

Noridian Healthcare Solutions, LLC
(DME MAC)",L33825,33825,LCD,17,01/01/2020,,N/A,Infrared Heating Pad Systems,02/13/2020,20200213093915,https://www.cms.gov/medicare-coverage-database/view/lcd.aspx?lcdid=33825&ver=17
"CGS Administrators, LLC
(DME MAC)

Noridian Healthcare Solutions, LLC
(DME MAC)",L33823,33823,LCD,26,01/01/2020,,N/A,Cervical Traction Devices,02/13/2020,20200213093914,https://www.cms.gov/medicare-coverage-database/view/lcd.aspx?lcdid=33823&ver=26
"First Coast Service Options, Inc.
(MAC - Part A, MAC - Part B)",L38398,38398,LCD,6,03/15/2020,,N/A,Hypoglossal Nerve Stimulation for the Treatment of Obstructive Sleep Apnea,01/24/2020,20200124191634,https://www.cms.gov/medicare-coverage-database/view/lcd.aspx?lcdid=38398&ver=6
"Novitas Solutions, Inc.
(MAC - Part A, MAC - Part B)",L38385,38385,LCD,40,03/15/2020,,N/A,Hypoglossal Nerve Stimulation for the Treatment of Obstructive Sleep Apnea,01/24/2020,20200124094944,https://www.cms.gov/medicare-coverage-database/view/lcd.aspx?lcdid=38385&ver=40
"First Coast Service Options, Inc.
(MAC - Part A, MAC - Part B)",L33774,33774,LCD,15,07/11/2019,,N/A,Wireless Capsule Endoscopy,12/06/2019,20191206091822,https://www.cms.gov/medicare-coverage-database/view/lcd.aspx?lcdid=33774&ver=15
"Palmetto GBA
(MAC - Part A, MAC - Part B)",L37643,37643,LCD,24,12/05/2019,,N/A,Routine Foot Care,11/27/2019,20191127153340,https://www.cms.gov/medicare-coverage-database/view/lcd.aspx?lcdid=37643&ver=24
"First Coast Service Options, Inc.
(MAC - Part B)",L33933,33933,LCD,30,01/08/2019,,N/A,Peripheral Nerve Blocks,11/22/2019,20191122193536,https://www.cms.gov/medicare-coverage-database/view/lcd.aspx?lcdid=33933&ver=30
"First Coast Service Options, Inc.
(MAC - Part B)",L33922,33922,LCD,12,11/28/2019,,N/A,Nail Debridement,11/22/2019,20191122190807,https://www.cms.gov/medicare-coverage-database/view/lcd.aspx?lcdid=33922&ver=12
"First Coast Service Options, Inc.
(MAC - Part B)",L33818,33818,LCD,15,01/08/2019,,N/A,Excision of Malignant Skin Lesions,11/22/2019,20191122185943,https://www.cms.gov/medicare-coverage-database/view/lcd.aspx?lcdid=33818&ver=15
"First Coast Service Options, Inc.
(MAC - Part B)",L33813,33813,LCD,15,01/08/2019,,N/A,Destruction of Malignant Skin Lesions,11/22/2019,20191122185146,https://www.cms.gov/medicare-coverage-database/view/lcd.aspx?lcdid=33813&ver=15
"First Coast Service Options, Inc.
(MAC - Part A, MAC - Part B)",L33689,33689,LCD,17,01/08/2019,,N/A,Mohs Micrographic Surgery (MMS),11/21/2019,20191121191953,https://www.cms.gov/medicare-coverage-database/view/lcd.aspx?lcdid=33689&ver=17
"First Coast Service Options, Inc.
(MAC - Part A, MAC - Part B)",L33618,33618,LCD,23,01/08/2019,,N/A,Major Joint Replacement (Hip and Knee),11/21/2019,20191121191659,https://www.cms.gov/medicare-coverage-database/view/lcd.aspx?lcdid=33618&ver=23
"First Coast Service Options, Inc.
(MAC - Part A, MAC - Part B)",L36377,36377,LCD,7,01/08/2019,,N/A,Application of Skin Substitute Grafts for Treatment of DFU and VLU of Lower Extremities,11/21/2019,20191121185830,https://www.cms.gov/medicare-coverage-database/view/lcd.aspx?lcdid=36377&ver=7
"First Coast Service Options, Inc.
(MAC - Part A, MAC - Part B)",L37398,37398,LCD,21,11/28/2019,,N/A,Electroretinography (ERG),11/21/2019,20191121185532,https://www.cms.gov/medicare-coverage-database/view/lcd.aspx?lcdid=37398&ver=21
"First Coast Service Options, Inc.
(MAC - Part A, MAC - Part B)",L33695,33695,LCD,26,01/08/2019,,N/A,Non-invasive Extracranial Arterial Studies,11/21/2019,20191121185412,https://www.cms.gov/medicare-coverage-database/view/lcd.aspx?lcdid=33695&ver=26
"First Coast Service Options, Inc.
(MAC - Part A, MAC - Part B)",L34021,34021,LCD,18,01/08/2019,,N/A,"Sedimentation Rate, Erythrocyte",11/21/2019,20191121184749,https://www.cms.gov/medicare-coverage-database/view/lcd.aspx?lcdid=34021&ver=18
"First Coast Service Options, Inc.
(MAC - Part A, MAC - Part B)",L34521,34521,LCD,7,01/08/2019,,N/A,Special EEG Tests,11/21/2019,20191121184254,https://www.cms.gov/medicare-coverage-database/view/lcd.aspx?lcdid=34521&ver=7
"First Coast Service Options, Inc.
(MAC - Part A, MAC - Part B)",L33267,33267,LCD,17,01/08/2019,,N/A,B-Type Natriuretic Peptide (BNP),11/21/2019,20191121183059,https://www.cms.gov/medicare-coverage-database/view/lcd.aspx?lcdid=33267&ver=17
"First Coast Service Options, Inc.
(MAC - Part A, MAC - Part B)",L33766,33766,LCD,25,01/08/2019,,N/A,Visual Field Examination,11/21/2019,20191121182939,https://www.cms.gov/medicare-coverage-database/view/lcd.aspx?lcdid=33766&ver=25
"First Coast Service Options, Inc.
(MAC - Part A, MAC - Part B)",L33674,33674,LCD,10,01/08/2019,,N/A,Duplex Scanning,11/21/2019,20191121182634,https://www.cms.gov/medicare-coverage-database/view/lcd.aspx?lcdid=33674&ver=10
"First Coast Service Options, Inc.
(MAC - Part A, MAC - Part B)",L37798,37798,LCD,13,01/06/2020,,N/A,4Kscore Test Algorithm,11/15/2019,20191115170926,https://www.cms.gov/medicare-coverage-database/view/lcd.aspx?lcdid=37798&ver=13
"Novitas Solutions, Inc.
(MAC - Part A, MAC - Part B)",L35035,35035,LCD,74,11/21/2019,,N/A,"Thoracic Aortography and Carotid, Vertebral, and Subclavian Angiography",11/15/2019,20191115115426,https://www.cms.gov/medicare-coverage-database/view/lcd.aspx?lcdid=35035&ver=74
"Novitas Solutions, Inc.
(MAC - Part A, MAC - Part B)",L37371,37371,LCD,42,11/21/2019,,N/A,Electroretinography (ERG),11/15/2019,20191115112137,https://www.cms.gov/medicare-coverage-database/view/lcd.aspx?lcdid=37371&ver=42
"Novitas Solutions, Inc.
(MAC - Part A, MAC - Part B)",L35089,35089,LCD,30,11/21/2019,,N/A,Wireless Capsule Endoscopy,11/15/2019,20191115112057,https://www.cms.gov/medicare-coverage-database/view/lcd.aspx?lcdid=35089&ver=30
"Palmetto GBA
(MAC - Part B)",L33449,33449,LCD,36,11/14/2019,,N/A,Swallowing Studies for Dysphagia,11/09/2019,20191109105538,https://www.cms.gov/medicare-coverage-database/view/lcd.aspx?lcdid=33449&ver=36
"Novitas Solutions, Inc.
(MAC - Part A, MAC - Part B)",L38223,38223,LCD,19,12/30/2019,,N/A,Micro-Invasive Glaucoma Surgery (MIGS),11/08/2019,20191108141808,https://www.cms.gov/medicare-coverage-database/view/lcd.aspx?lcdid=38223&ver=19
"Novitas Solutions, Inc.
(MAC - Part A, MAC - Part B)",L35391,35391,LCD,17,11/14/2019,,N/A,Multiple Imaging in Oncology,11/08/2019,20191108123328,https://www.cms.gov/medicare-coverage-database/view/lcd.aspx?lcdid=35391&ver=17
"First Coast Service Options, Inc.
(MAC - Part A, MAC - Part B)",L38233,38233,LCD,6,12/30/2019,,N/A,Micro-Invasive Glaucoma Surgery (MIGS),11/08/2019,20191108122840,https://www.cms.gov/medicare-coverage-database/view/lcd.aspx?lcdid=38233&ver=6
"Novitas Solutions, Inc.
(MAC - Part A, MAC - Part B)",L34961,34961,LCD,48,11/14/2019,,N/A,Mohs Micrographic Surgery (MMS),11/08/2019,20191108122818,https://www.cms.gov/medicare-coverage-database/view/lcd.aspx?lcdid=34961&ver=48
"Novitas Solutions, Inc.
(MAC - Part A, MAC - Part B)",L36007,36007,LCD,65,11/14/2019,,N/A,Lower Extremity Major Joint Replacement (Hip and Knee),11/08/2019,20191108122618,https://www.cms.gov/medicare-coverage-database/view/lcd.aspx?lcdid=36007&ver=65
"Novitas Solutions, Inc.
(MAC - Part A, MAC - Part B)",L35003,35003,LCD,61,11/14/2019,,N/A,Intraoperative Neurophysiological Testing,11/08/2019,20191108115528,https://www.cms.gov/medicare-coverage-database/view/lcd.aspx?lcdid=35003&ver=61
"Novitas Solutions, Inc.
(MAC - Part A, MAC - Part B)",L37792,37792,LCD,16,12/30/2019,,N/A,4Kscore Test Algorithm,11/08/2019,20191108113419,https://www.cms.gov/medicare-coverage-database/view/lcd.aspx?lcdid=37792&ver=16
"Novitas Solutions, Inc.
(MAC - Part A, MAC - Part B)",L35395,35395,LCD,48,11/14/2019,,N/A,Autonomic Function Tests,11/08/2019,20191108112650,https://www.cms.gov/medicare-coverage-database/view/lcd.aspx?lcdid=35395&ver=48
"Novitas Solutions, Inc.
(MAC - Part A, MAC - Part B)",L35099,35099,LCD,60,11/07/2019,,N/A,Frequency of Laboratory Tests,11/01/2019,20191101134440,https://www.cms.gov/medicare-coverage-database/view/lcd.aspx?lcdid=35099&ver=60
"Novitas Solutions, Inc.
(MAC - Part A, MAC - Part B)",L35092,35092,LCD,78,11/07/2019,,N/A,Diagnostic Abdominal Aortography and Renal Angiography,11/01/2019,20191101134355,https://www.cms.gov/medicare-coverage-database/view/lcd.aspx?lcdid=35092&ver=78
"Palmetto GBA
(MAC - Part A, MAC - Part B)",L34577,34577,LCD,64,11/07/2019,,N/A,Retroperitoneal Ultrasound,10/29/2019,20191029093808,https://www.cms.gov/medicare-coverage-database/view/lcd.aspx?lcdid=34577&ver=64
"First Coast Service Options, Inc.
(MAC - Part B)",L33977,33977,LCD,18,10/29/2019,,N/A,Transcranial Doppler Studies,10/25/2019,20191025123528,https://www.cms.gov/medicare-coverage-database/view/lcd.aspx?lcdid=33977&ver=18
"First Coast Service Options, Inc.
(MAC - Part B)",L33937,33937,LCD,18,12/16/2019,,N/A,Proton Beam Radiotherapy,10/25/2019,20191025121341,https://www.cms.gov/medicare-coverage-database/view/lcd.aspx?lcdid=33937&ver=18
"First Coast Service Options, Inc.
(MAC - Part B)",L33958,33958,LCD,14,01/08/2019,,N/A,Somatosensory Testing,10/16/2019,20191016164548,https://www.cms.gov/medicare-coverage-database/view/lcd.aspx?lcdid=33958&ver=14
"Novitas Solutions, Inc.
(MAC - Part A, MAC - Part B)",L35350,35350,LCD,60,10/17/2019,,N/A,Upper Gastrointestinal Endoscopy (Diagnostic and Therapeutic),10/11/2019,20191011144932,https://www.cms.gov/medicare-coverage-database/view/lcd.aspx?lcdid=35350&ver=60
"Novitas Solutions, Inc.
(MAC - Part A, MAC - Part B)",L35397,35397,LCD,64,10/17/2019,,N/A,Non-Invasive Cerebrovascular Arterial Studies,10/11/2019,20191011144855,https://www.cms.gov/medicare-coverage-database/view/lcd.aspx?lcdid=35397&ver=64
"Novitas Solutions, Inc.
(MAC - Part A, MAC - Part B)",L35007,35007,LCD,81,10/17/2019,,N/A,Vestibular and Audiologic Function Studies,10/11/2019,20191011142257,https://www.cms.gov/medicare-coverage-database/view/lcd.aspx?lcdid=35007&ver=81
"Novitas Solutions, Inc.
(MAC - Part A, MAC - Part B)",L34975,34975,LCD,67,10/17/2019,,N/A,Neurophysiology Evoked Potentials (NEPs),10/11/2019,20191011141902,https://www.cms.gov/medicare-coverage-database/view/lcd.aspx?lcdid=34975&ver=67
"Novitas Solutions, Inc.
(MAC - Part A, MAC - Part B)",L35006,35006,LCD,119,10/17/2019,,N/A,Controlled Substance Monitoring and Drugs of Abuse Testing,10/11/2019,20191011141752,https://www.cms.gov/medicare-coverage-database/view/lcd.aspx?lcdid=35006&ver=119
"Novitas Solutions, Inc.
(MAC - Part A, MAC - Part B)",L35049,35049,LCD,58,10/17/2019,,N/A,Monitored Anesthesia Care,10/11/2019,20191011125646,https://www.cms.gov/medicare-coverage-database/view/lcd.aspx?lcdid=35049&ver=58
"Novitas Solutions, Inc.
(MAC - Part A, MAC - Part B)",L35016,35016,LCD,36,10/17/2019,,N/A,Transesophageal Echocardiography (TEE),10/11/2019,20191011125523,https://www.cms.gov/medicare-coverage-database/view/lcd.aspx?lcdid=35016&ver=36
"Novitas Solutions, Inc.
(MAC - Part A, MAC - Part B)",L35434,35434,LCD,30,10/17/2019,,N/A,Oximetry Services,10/11/2019,20191011125444,https://www.cms.gov/medicare-coverage-database/view/lcd.aspx?lcdid=35434&ver=30
"Novitas Solutions, Inc.
(MAC - Part A, MAC - Part B)",L35138,35138,LCD,43,10/17/2019,,N/A,Routine Foot Care,10/11/2019,20191011125343,https://www.cms.gov/medicare-coverage-database/view/lcd.aspx?lcdid=35138&ver=43
"First Coast Service Options, Inc.
(MAC - Part A, MAC - Part B)",L34912,34912,LCD,20,10/01/2019,,N/A,Genetic Testing for Lynch Syndrome,10/04/2019,20191004120654,https://www.cms.gov/medicare-coverage-database/view/lcd.aspx?lcdid=34912&ver=20
"First Coast Service Options, Inc.
(MAC - Part B)",L33966,33966,LCD,18,10/01/2019,,N/A,Vestibular Function Tests,10/02/2019,20191002163427,https://www.cms.gov/medicare-coverage-database/view/lcd.aspx?lcdid=33966&ver=18
"First Coast Service Options, Inc.
(MAC - Part B)",L33941,33941,LCD,23,10/01/2019,,N/A,Routine Foot Care,10/02/2019,20191002163230,https://www.cms.gov/medicare-coverage-database/view/lcd.aspx?lcdid=33941&ver=23
"First Coast Service Options, Inc.
(MAC - Part B)",L33923,33923,LCD,14,10/01/2019,,N/A,Noninvasive Ear or Pulse Oximetry For Oxygen Saturation,10/02/2019,20191002163106,https://www.cms.gov/medicare-coverage-database/view/lcd.aspx?lcdid=33923&ver=14
"First Coast Service Options, Inc.
(MAC - Part B)",L33912,33912,LCD,16,10/01/2019,,N/A,Injection of Trigger Points,10/02/2019,20191002162848,https://www.cms.gov/medicare-coverage-database/view/lcd.aspx?lcdid=33912&ver=16
"First Coast Service Options, Inc.
(MAC - Part A, MAC - Part B)",L33756,33756,LCD,23,10/01/2019,,N/A,Transesophageal Echocardiogram,10/02/2019,20191002161541,https://www.cms.gov/medicare-coverage-database/view/lcd.aspx?lcdid=33756&ver=23
"First Coast Service Options, Inc.
(MAC - Part A, MAC - Part B)",L33411,33411,LCD,29,10/01/2019,,N/A,Surgical Management of Morbid Obesity,10/02/2019,20191002160124,https://www.cms.gov/medicare-coverage-database/view/lcd.aspx?lcdid=33411&ver=29
"First Coast Service Options, Inc.
(MAC - Part A, MAC - Part B)",L33583,33583,LCD,21,10/01/2019,,N/A,Diagnostic and Therapeutic Esophagogastroduodenoscopy,10/02/2019,20191002152151,https://www.cms.gov/medicare-coverage-database/view/lcd.aspx?lcdid=33583&ver=21
"First Coast Service Options, Inc.
(MAC - Part A, MAC - Part B)",L36393,36393,LCD,37,10/01/2019,,N/A,Controlled Substance Monitoring and Drugs of Abuse Testing,10/02/2019,20191002151822,https://www.cms.gov/medicare-coverage-database/view/lcd.aspx?lcdid=36393&ver=37
"First Coast Service Options, Inc.
(MAC - Part A, MAC - Part B)",L36767,36767,LCD,27,10/01/2019,,N/A,Aortography and peripheral angiography,10/02/2019,20191002150823,https://www.cms.gov/medicare-coverage-database/view/lcd.aspx?lcdid=36767&ver=27
"First Coast Service Options, Inc.
(MAC - Part A, MAC - Part B)",L37564,37564,LCD,12,07/01/2019,,N/A,Frequency of Hemodialysis,09/27/2019,20190927154851,https://www.cms.gov/medicare-coverage-database/view/lcd.aspx?lcdid=37564&ver=12
"Novitas Solutions, Inc.
(MAC - Part A, MAC - Part B)",L34938,34938,LCD,68,09/26/2019,,N/A,Removal of Benign Skin Lesions,09/20/2019,20190920140231,https://www.cms.gov/medicare-coverage-database/view/lcd.aspx?lcdid=34938&ver=68
"Novitas Solutions, Inc.
(MAC - Part A, MAC - Part B)",L35041,35041,LCD,113,09/26/2019,,N/A,Application of Bioengineered Skin Substitutes to Lower Extremity Chronic Non-Healing Wounds,09/20/2019,20190920140150,https://www.cms.gov/medicare-coverage-database/view/lcd.aspx?lcdid=35041&ver=113
"Novitas Solutions, Inc.
(MAC - Part A, MAC - Part B)",L35014,35014,LCD,39,09/26/2019,,N/A,Frequency of Hemodialysis,09/19/2019,20190919084816,https://www.cms.gov/medicare-coverage-database/view/lcd.aspx?lcdid=35014&ver=39
"Noridian Healthcare Solutions, LLC
(MAC - Part B)",L34313,34313,LCD,18,10/01/2019,,N/A,Allergy Testing,09/18/2019,20190918162830,https://www.cms.gov/medicare-coverage-database/view/lcd.aspx?lcdid=34313&ver=18
"First Coast Service Options, Inc.
(MAC - Part A, MAC - Part B)",L34027,34027,LCD,14,01/08/2019,,N/A,"Ultrasound, Soft Tissues of Head and Neck",09/18/2019,20190918091903,https://www.cms.gov/medicare-coverage-database/view/lcd.aspx?lcdid=34027&ver=14
"Novitas Solutions, Inc.
(MAC - Part A, MAC - Part B)",L35013,35013,LCD,36,09/12/2019,,N/A,Debridement of Mycotic Nails,09/06/2019,20190906142515,https://www.cms.gov/medicare-coverage-database/view/lcd.aspx?lcdid=35013&ver=36
