last_updated,lcd_id,lcd_version,r_article_id,r_article_version,r_contractor_id,r_lcd_id,r_lcd_version,related_num,url
08/06/2026,40330,6,60377,5,507,,,1,/data/article?articleid=60377&ver=5
08/06/2026,40330,6,60523,3,507,,,2,/data/article?articleid=60523&ver=3
08/06/2026,40328,5,60375,5,391,,,1,/data/article?articleid=60375&ver=5
08/06/2026,40328,5,60513,3,391,,,2,/data/article?articleid=60513&ver=3
08/06/2026,40328,5,,,391,40327,4,3,/data/lcd?lcdid=40327&ver=4
08/28/2019,38026,30,56968,2,391,,,1,/data/article?articleid=56968&ver=2
08/28/2019,38026,30,,,391,38025,5,2,https://localcoverage.cms.gov/mcd_archive/view/lcd.aspx?lcdInfo=38025:4
08/06/2026,40341,6,60391,4,143,,,1,/data/article?articleid=60391&ver=4
08/06/2026,40341,6,60524,3,143,,,2,/data/article?articleid=60524&ver=3
08/06/2026,40341,6,,,143,40340,3,3,/data/lcd?lcdid=40340&ver=3
08/05/2026,40324,6,60361,7,364,,,1,/data/article?articleid=60361&ver=7
08/05/2026,40324,6,60510,4,364,,,2,/data/article?articleid=60510&ver=4
04/29/2026,40255,8,60279,4,360,,,1,/data/article?articleid=60279&ver=4
04/29/2026,40255,8,60428,3,360,,,2,/data/article?articleid=60428&ver=3
04/29/2026,40255,8,,,360,40254,6,3,/data/lcd?lcdid=40254&ver=6
09/23/2024,37244,41,56588,33,297,,,1,/data/article?articleid=56588&ver=33
09/23/2024,37244,41,59912,3,297,,,2,/data/article?articleid=59912&ver=3
09/23/2024,37244,41,,,297,33558,33,3,/data/lcd?lcdid=33558&ver=33
04/10/2024,37761,23,56690,18,391,,,1,/data/article?articleid=56690&ver=18
04/10/2024,37761,23,59702,4,391,,,2,/data/article?articleid=59702&ver=4
04/10/2024,37761,23,,,391,39732,5,3,https://localcoverage.cms.gov/mcd_archive/view/lcd.aspx?lcdInfo=39732:4
01/08/2026,37421,37,57435,27,297,,,1,/data/article?articleid=57435&ver=27
01/08/2026,37421,37,60386,2,297,,,2,/data/article?articleid=60386&ver=2
01/15/2021,37790,21,58323,13,228,,,1,/data/article?articleid=58323&ver=13
01/15/2021,37790,21,58563,3,228,,,2,/data/article?articleid=58563&ver=3
01/15/2021,37790,21,,,228,38756,8,3,https://localcoverage.cms.gov/mcd_archive/view/lcd.aspx?lcdInfo=38756:7
10/08/2021,39027,8,58741,18,299,,,1,/data/article?articleid=58741&ver=18
10/08/2021,39027,8,58890,8,299,,,2,/data/article?articleid=58890&ver=8
09/20/2019,33942,50,57311,35,236,,,1,/data/article?articleid=57311&ver=35
07/16/2020,33996,33,56798,29,228,,,1,/data/article?articleid=56798&ver=29
07/16/2020,33996,33,58270,2,228,,,2,/data/article?articleid=58270&ver=2
07/16/2020,33996,33,,,228,38491,4,3,https://localcoverage.cms.gov/mcd_archive/view/lcd.aspx?lcdInfo=38491:3
07/05/2019,34061,26,56692,19,228,,,1,/data/article?articleid=56692&ver=19
09/23/2019,34246,26,57193,31,228,,,2,/data/article?articleid=57193&ver=31
09/16/2019,34200,30,57044,22,228,,,1,/data/article?articleid=57044&ver=22
09/06/2019,34063,19,57043,24,238,,,1,/data/article?articleid=57043&ver=24
06/17/2021,38920,16,58582,20,228,,,1,/data/article?articleid=58582&ver=20
06/17/2021,38920,16,58727,3,228,,,2,/data/article?articleid=58727&ver=3
06/17/2021,38920,16,,,228,38919,7,3,https://localcoverage.cms.gov/mcd_archive/view/lcd.aspx?lcdInfo=38919:6
04/16/2025,35986,38,59295,6,228,,,2,/data/article?articleid=59295&ver=6
04/16/2025,35986,38,59791,4,228,,,3,/data/article?articleid=59791&ver=4
04/16/2025,35986,38,,,228,39504,7,4,https://localcoverage.cms.gov/mcd_archive/view/lcd.aspx?lcdInfo=39504:6
05/12/2025,35986,38,59292,6,228,,,5,https://localcoverage.cms.gov/mcd_archive/view/article.aspx?articleInfo=59292:5
03/15/2019,37608,22,56354,3,239,,,1,/data/article?articleid=56354&ver=3
08/14/2019,37608,22,56926,17,228,,,2,/data/article?articleid=56926&ver=17
02/19/2019,37608,22,,,228,37607,4,3,https://localcoverage.cms.gov/mcd_archive/view/lcd.aspx?lcdInfo=37607:3
12/16/2020,34659,32,58466,4,143,,,1,https://localcoverage.cms.gov/mcd_archive/view/article.aspx?articleInfo=58466:3
12/16/2020,34659,32,,,143,38833,4,2,https://localcoverage.cms.gov/mcd_archive/view/lcd.aspx?lcdInfo=38833:3
12/22/2020,34659,32,56395,18,143,,,3,/data/article?articleid=56395&ver=18
12/22/2020,34659,32,58568,2,143,,,4,/data/article?articleid=58568&ver=2
10/22/2019,38213,13,57631,2,143,,,1,/data/article?articleid=57631&ver=2
10/22/2019,38213,13,57630,11,143,,,2,/data/article?articleid=57630&ver=11
10/22/2019,38213,13,,,143,38212,3,3,https://localcoverage.cms.gov/mcd_archive/view/lcd.aspx?lcdInfo=38212:2
08/22/2024,39905,5,59805,20,143,,,1,/data/article?articleid=59805&ver=20
08/22/2024,39905,5,59904,2,143,,,2,/data/article?articleid=59904&ver=2
08/14/2024,39905,5,,,143,39904,3,3,https://localcoverage.cms.gov/mcd_archive/view/lcd.aspx?lcdInfo=39904:2
09/18/2024,39905,5,,,143,39907,3,4,/data/lcd?lcdid=39907&ver=3
07/17/2026,33912,23,57114,21,368,,,1,/data/article?articleid=57114&ver=21
07/17/2026,33912,23,60437,4,368,,,2,/data/article?articleid=60437&ver=4
07/17/2026,33912,23,,,368,40314,11,3,/data/lcd?lcdid=40314&ver=11
07/17/2026,35010,50,57751,28,331,,,1,/data/article?articleid=57751&ver=28
07/17/2026,35010,50,60436,4,331,,,2,/data/article?articleid=60436&ver=4
07/17/2026,35010,50,,,331,40310,20,3,/data/lcd?lcdid=40310&ver=20
05/16/2024,38773,32,58364,39,238,,,1,/data/article?articleid=58364&ver=39
05/16/2024,38773,32,59737,3,238,,,2,/data/article?articleid=59737&ver=3
06/18/2026,33398,40,57528,5,297,,,1,/data/article?articleid=57528&ver=5
06/18/2026,33398,40,60452,5,297,,,2,/data/article?articleid=60452&ver=5
05/21/2026,40302,3,60324,3,297,,,1,/data/article?articleid=60324&ver=3
05/21/2026,40302,3,60430,4,297,,,2,/data/article?articleid=60430&ver=4
11/01/2019,33591,19,56844,26,297,,,1,/data/article?articleid=56844&ver=26
05/21/2026,35000,156,56199,130,297,,,1,/data/article?articleid=56199&ver=130
05/21/2026,35000,156,60451,8,297,,,2,/data/article?articleid=60451&ver=8
08/09/2019,37810,26,56867,45,297,,,1,/data/article?articleid=56867&ver=45
02/02/2022,37810,26,58984,4,297,,,2,/data/article?articleid=58984&ver=4
06/03/2024,35936,59,57826,37,297,,,1,/data/article?articleid=57826&ver=37
06/03/2024,35936,59,59773,3,297,,,2,/data/article?articleid=59773&ver=3
05/21/2026,40334,3,60381,3,297,,,1,/data/article?articleid=60381&ver=3
05/21/2026,40334,3,60417,5,297,,,2,/data/article?articleid=60417&ver=5
10/15/2021,39036,24,58745,21,297,,,1,/data/article?articleid=58745&ver=21
10/15/2021,39036,24,58912,7,297,,,2,/data/article?articleid=58912&ver=7
05/22/2025,33394,55,52370,135,297,,,1,/data/article?articleid=52370&ver=135
05/22/2025,33394,55,59983,4,297,,,2,/data/article?articleid=59983&ver=4
05/22/2025,33394,55,52399,75,297,,,3,/data/article?articleid=52399&ver=75
05/22/2025,33394,55,52855,31,297,,,4,/data/article?articleid=52855&ver=31
05/22/2025,33394,55,54548,36,297,,,5,/data/article?articleid=54548&ver=36
05/22/2025,33394,55,52420,64,297,,,6,/data/article?articleid=52420&ver=64
05/22/2025,33394,55,52421,23,297,,,7,/data/article?articleid=52421&ver=23
05/22/2025,33394,55,52423,84,297,,,8,/data/article?articleid=52423&ver=84
05/22/2025,33394,55,52453,49,297,,,9,/data/article?articleid=52453&ver=49
05/22/2025,33394,55,52448,24,297,,,10,/data/article?articleid=52448&ver=24
05/22/2025,33394,55,52450,83,297,,,11,/data/article?articleid=52450&ver=83
06/26/2025,33394,55,52451,89,297,,,12,/data/article?articleid=52451&ver=89
06/03/2024,39770,15,59632,23,297,,,1,/data/article?articleid=59632&ver=23
06/03/2024,39770,15,59772,3,297,,,2,/data/article?articleid=59772&ver=3
12/31/2025,39832,15,59707,25,297,,,1,/data/article?articleid=59707&ver=25
12/31/2025,39832,15,59986,13,297,,,2,/data/article?articleid=59986&ver=13
11/10/2017,33575,44,55704,7,269,,,1,/data/article?articleid=55704&ver=7
12/22/2017,33575,44,52870,38,269,,,2,/data/article?articleid=52870&ver=38
11/08/2019,35028,11,56845,12,297,,,1,/data/article?articleid=56845&ver=12
03/17/2017,36831,35,55475,3,297,,,1,/data/article?articleid=55475&ver=3
10/11/2019,36831,35,57060,12,297,,,2,/data/article?articleid=57060&ver=12
07/25/2019,33574,38,56551,34,297,,,1,/data/article?articleid=56551&ver=34
02/02/2018,37535,19,55852,6,297,,,1,/data/article?articleid=55852&ver=6
11/08/2019,37535,19,57736,18,297,,,2,/data/article?articleid=57736&ver=18
12/19/2019,33636,53,57759,36,297,,,2,/data/article?articleid=57759&ver=36
01/27/2023,39455,7,59233,19,297,,,1,/data/article?articleid=59233&ver=19
01/27/2023,39455,7,59319,5,297,,,2,/data/article?articleid=59319&ver=5
07/25/2019,34380,42,56537,41,297,,,1,/data/article?articleid=56537&ver=41
02/19/2021,35080,54,58614,3,297,,,1,/data/article?articleid=58614&ver=3
02/19/2021,35080,54,56863,15,297,,,2,/data/article?articleid=56863&ver=15
04/02/2014,33580,41,52866,35,297,,,1,/data/article?articleid=52866&ver=35
02/07/2020,35076,57,56874,29,297,,,1,/data/article?articleid=56874&ver=29
02/07/2020,35076,57,57921,7,297,,,2,/data/article?articleid=57921&ver=7
01/08/2026,40168,9,60176,18,297,,,1,/data/article?articleid=60176&ver=18
01/08/2026,40168,9,60356,4,297,,,2,/data/article?articleid=60356&ver=4
10/06/2021,38968,5,58656,9,297,,,1,/data/article?articleid=58656&ver=9
10/06/2021,38968,5,58853,3,297,,,2,/data/article?articleid=58853&ver=3
10/08/2015,36039,13,54693,3,297,,,1,https://localcoverage.cms.gov/mcd_archive/view/article.aspx?articleInfo=54693:2
10/04/2019,36039,13,57428,10,297,,,2,/data/article?articleid=57428&ver=10
10/03/2024,33579,39,52868,46,297,,,1,/data/article?articleid=52868&ver=46
10/03/2024,33579,39,59913,4,297,,,2,/data/article?articleid=59913&ver=4
10/04/2019,33578,18,57427,11,297,,,2,/data/article?articleid=57427&ver=11
07/25/2019,33577,44,56781,39,297,,,1,/data/article?articleid=56781&ver=39
02/05/2024,39662,6,59487,15,297,,,1,/data/article?articleid=59487&ver=15
02/05/2024,39662,6,59656,3,297,,,2,/data/article?articleid=59656&ver=3
11/03/2023,39611,5,59581,4,297,,,2,/data/article?articleid=59581&ver=4
11/03/2023,39611,5,59416,14,297,,,3,/data/article?articleid=59416&ver=14
10/17/2019,33576,24,57455,24,297,,,1,/data/article?articleid=57455&ver=24
09/08/2016,33616,11,55318,4,297,,,1,/data/article?articleid=55318&ver=4
11/14/2019,33616,11,56954,6,297,,,2,/data/article?articleid=56954&ver=6
12/19/2019,33631,52,56566,46,297,,,1,/data/article?articleid=56566&ver=46
02/05/2024,33622,36,59655,2,297,,,2,/data/article?articleid=59655&ver=2
02/05/2024,33622,36,52863,59,297,,,3,/data/article?articleid=52863&ver=59
07/25/2019,33628,34,56550,12,297,,,1,/data/article?articleid=56550&ver=12
11/01/2019,33623,26,56823,22,297,,,1,/data/article?articleid=56823&ver=22
10/08/2020,33569,32,58445,3,297,,,1,/data/article?articleid=58445&ver=3
10/08/2020,33569,32,56178,21,297,,,2,/data/article?articleid=56178&ver=21
03/07/2017,36850,25,55421,9,269,,,1,/data/article?articleid=55421&ver=9
11/15/2019,36850,25,57452,46,297,,,2,/data/article?articleid=57452&ver=46
05/21/2025,39995,6,59915,27,297,,,1,/data/article?articleid=59915&ver=27
05/21/2025,39995,6,59982,4,297,,,2,/data/article?articleid=59982&ver=4
06/04/2021,38937,7,58609,7,297,,,1,/data/article?articleid=58609&ver=7
06/04/2021,38937,7,58819,2,297,,,2,/data/article?articleid=58819&ver=2
10/18/2019,33396,11,57453,5,297,,,1,/data/article?articleid=57453&ver=5
06/29/2016,35075,35,55124,2,297,,,1,/data/article?articleid=55124&ver=2
11/01/2019,35075,35,56827,17,297,,,2,/data/article?articleid=56827&ver=17
04/02/2014,33624,34,52823,3,297,,,1,https://localcoverage.cms.gov/mcd_archive/view/article.aspx?articleInfo=52823:2
11/08/2019,33624,34,56865,29,297,,,2,/data/article?articleid=56865&ver=29
04/02/2014,33626,45,52824,5,297,,,1,https://localcoverage.cms.gov/mcd_archive/view/article.aspx?articleInfo=52824:2
02/07/2020,33626,45,56850,33,297,,,2,/data/article?articleid=56850&ver=33
07/19/2017,33632,83,52825,12,297,,,1,/data/article?articleid=52825&ver=12
11/21/2019,33632,83,56937,43,297,,,2,/data/article?articleid=56937&ver=43
11/01/2019,35001,12,56837,18,297,,,2,/data/article?articleid=56837&ver=18
06/03/2024,39726,4,59595,4,297,,,1,/data/article?articleid=59595&ver=4
06/03/2024,39726,4,59758,3,297,,,2,/data/article?articleid=59758&ver=3
07/25/2019,33633,50,56747,29,297,,,1,/data/article?articleid=56747&ver=29
06/06/2022,39189,8,58921,11,297,,,1,/data/article?articleid=58921&ver=11
10/21/2024,39189,8,59900,2,297,,,2,/data/article?articleid=59900&ver=2
02/05/2016,36406,10,54860,3,297,,,1,https://localcoverage.cms.gov/mcd_archive/view/article.aspx?articleInfo=54860:2
10/04/2019,36406,10,57431,14,297,,,2,/data/article?articleid=57431&ver=14
05/07/2020,38371,13,57020,6,297,,,1,/data/article?articleid=57020&ver=6
05/07/2020,38371,13,58112,6,297,,,2,/data/article?articleid=58112&ver=6
06/06/2022,39226,13,58963,11,297,,,1,/data/article?articleid=58963&ver=11
06/06/2022,39226,13,59088,6,297,,,2,/data/article?articleid=59088&ver=6
11/13/2019,35098,28,57668,45,297,,,1,/data/article?articleid=57668&ver=45
02/02/2023,39075,15,58814,12,297,,,1,/data/article?articleid=58814&ver=12
02/02/2023,39075,15,59327,5,297,,,2,/data/article?articleid=59327&ver=5
05/23/2024,39075,15,,,297,39862,7,3,https://localcoverage.cms.gov/mcd_archive/view/lcd.aspx?lcdInfo=39862:5
07/26/2019,33627,90,56758,62,297,,,2,/data/article?articleid=56758&ver=62
07/26/2019,33619,25,56787,24,297,,,1,/data/article?articleid=56787&ver=24
07/16/2025,39314,12,59105,36,297,,,1,/data/article?articleid=59105&ver=36
07/16/2025,39314,12,60252,3,297,,,2,/data/article?articleid=60252&ver=3
07/16/2025,39297,7,59101,28,297,,,1,/data/article?articleid=59101&ver=28
07/16/2025,39297,7,60253,3,297,,,2,/data/article?articleid=60253&ver=3
07/25/2019,33621,16,56549,13,297,,,1,/data/article?articleid=56549&ver=13
07/25/2019,33567,28,56726,43,297,,,1,/data/article?articleid=56726&ver=43
02/18/2021,38571,9,58294,8,297,,,2,/data/article?articleid=58294&ver=8
12/17/2021,38571,9,58959,2,297,,,3,/data/article?articleid=58959&ver=2
09/02/2020,38667,4,58152,13,297,,,1,/data/article?articleid=58152&ver=13
09/02/2020,38667,4,58327,2,297,,,2,/data/article?articleid=58327&ver=2
06/05/2019,38014,9,56248,12,297,,,1,/data/article?articleid=56248&ver=12
06/05/2019,38014,9,56529,4,297,,,2,/data/article?articleid=56529&ver=4
07/25/2019,33630,28,56548,20,297,,,1,/data/article?articleid=56548&ver=20
02/05/2016,33614,27,54858,3,297,,,1,https://localcoverage.cms.gov/mcd_archive/view/article.aspx?articleInfo=54858:2
07/26/2019,33614,27,56617,26,297,,,2,/data/article?articleid=56617&ver=26
09/06/2019,33399,15,57030,11,297,,,1,/data/article?articleid=57030&ver=11
07/16/2025,38367,32,56797,18,297,,,1,/data/article?articleid=56797&ver=18
07/16/2025,38367,32,60254,3,297,,,2,/data/article?articleid=60254&ver=3
12/28/2018,37475,18,55672,26,297,,,2,/data/article?articleid=55672&ver=26
12/28/2018,37475,18,56252,2,297,,,3,/data/article?articleid=56252&ver=2
05/21/2025,37606,18,56793,35,297,,,1,/data/article?articleid=56793&ver=35
05/21/2025,37606,18,59984,3,297,,,2,/data/article?articleid=59984&ver=3
02/19/2021,35074,33,58628,5,297,,,1,/data/article?articleid=58628&ver=5
02/19/2021,35074,33,56767,29,297,,,2,/data/article?articleid=56767&ver=29
02/07/2020,38387,8,57967,2,297,,,1,/data/article?articleid=57967&ver=2
02/07/2020,38387,8,57092,25,297,,,2,/data/article?articleid=57092&ver=25
01/26/2024,38623,21,58116,29,297,,,1,/data/article?articleid=58116&ver=29
01/26/2024,38623,21,59659,3,297,,,2,/data/article?articleid=59659&ver=3
07/26/2019,33563,27,56766,25,297,,,1,/data/article?articleid=56766&ver=25
09/04/2025,40048,6,59973,7,297,,,1,/data/article?articleid=59973&ver=7
09/04/2025,40048,6,60257,3,297,,,2,/data/article?articleid=60257&ver=3
06/07/2023,39513,4,59311,10,297,,,1,/data/article?articleid=59311&ver=10
06/07/2023,39513,4,59451,3,297,,,2,/data/article?articleid=59451&ver=3
10/31/2023,39139,5,58893,19,297,,,1,/data/article?articleid=58893&ver=19
10/31/2023,39139,5,59578,3,297,,,2,/data/article?articleid=59578&ver=3
04/16/2024,39139,5,,,297,39827,5,3,https://localcoverage.cms.gov/mcd_archive/view/lcd.aspx?lcdInfo=39827:3
10/03/2024,39863,10,59733,10,297,,,1,/data/article?articleid=59733&ver=10
10/03/2024,39863,10,59929,4,297,,,2,/data/article?articleid=59929&ver=4
06/16/2015,36236,18,54403,2,269,,,1,/data/article?articleid=54403&ver=2
09/06/2019,36236,18,57024,16,297,,,2,/data/article?articleid=57024&ver=16
11/01/2019,33573,25,56826,12,297,,,1,/data/article?articleid=56826&ver=12
04/02/2014,33585,34,52849,36,297,,,1,/data/article?articleid=52849&ver=36
04/02/2014,33557,48,52850,56,297,,,1,/data/article?articleid=52850&ver=56
02/02/2022,33559,29,56737,31,297,,,1,/data/article?articleid=56737&ver=31
02/02/2022,33559,29,58889,5,297,,,2,/data/article?articleid=58889&ver=5
05/23/2024,33559,29,,,297,39862,7,3,https://localcoverage.cms.gov/mcd_archive/view/lcd.aspx?lcdInfo=39862:5
07/25/2019,33560,36,56743,26,297,,,1,/data/article?articleid=56743&ver=26
09/09/2016,33558,33,55257,6,297,,,1,/data/article?articleid=55257&ver=6
07/25/2019,33558,33,56544,28,297,,,2,/data/article?articleid=56544&ver=28
09/23/2024,33558,33,,,297,37244,41,3,/data/lcd?lcdid=37244&ver=41
04/02/2014,33393,10,52830,9,308,,,1,/data/article?articleid=52830&ver=9
03/08/2023,39128,15,58883,6,391,,,1,/data/article?articleid=58883&ver=6
03/08/2023,39128,15,59277,4,391,,,2,/data/article?articleid=59277&ver=4
03/08/2023,39128,15,,,391,39127,23,3,https://localcoverage.cms.gov/mcd_archive/view/lcd.aspx?lcdInfo=39127:22
07/08/2026,40140,6,60161,4,228,,,1,/data/article?articleid=60161&ver=4
07/08/2026,40140,6,60439,4,228,,,2,/data/article?articleid=60439&ver=4
07/10/2026,40249,5,60274,4,143,,,1,/data/article?articleid=60274&ver=4
07/10/2026,40249,5,60463,5,143,,,2,/data/article?articleid=60463&ver=5
07/01/2026,40249,5,,,143,40248,2,3,/data/lcd?lcdid=40248&ver=2
07/08/2026,40062,6,60155,6,358,,,1,/data/article?articleid=60155&ver=6
07/08/2026,40062,6,60447,3,356,,,2,/data/article?articleid=60447&ver=3
07/08/2026,40060,6,60152,8,365,,,1,/data/article?articleid=60152&ver=8
07/08/2026,40060,6,60446,3,364,,,2,/data/article?articleid=60446&ver=3
07/08/2026,40058,7,60146,6,391,,,1,/data/article?articleid=60146&ver=6
07/08/2026,40058,7,60438,5,391,,,2,/data/article?articleid=60438&ver=5
01/13/2017,36485,23,55435,2,228,,,1,/data/article?articleid=55435&ver=2
01/13/2017,36485,23,,,228,36952,4,2,https://localcoverage.cms.gov/mcd_archive/view/lcd.aspx?lcdInfo=36952:3
08/08/2019,36485,23,56881,10,228,,,3,/data/article?articleid=56881&ver=10
08/25/2023,39427,7,59529,10,238,,,1,/data/article?articleid=59529&ver=10
08/25/2023,39427,7,59519,3,238,,,2,/data/article?articleid=59519&ver=3
08/14/2015,36113,25,54607,2,228,,,1,/data/article?articleid=54607&ver=2
08/29/2019,36113,25,56983,12,238,,,2,/data/article?articleid=56983&ver=12
08/14/2015,36113,25,,,228,36112,4,3,https://localcoverage.cms.gov/mcd_archive/view/lcd.aspx?lcdInfo=36112:3
03/25/2019,33952,20,56452,22,228,,,1,/data/article?articleid=56452&ver=22
05/28/2019,34573,31,56606,22,391,,,1,/data/article?articleid=56606&ver=22
06/19/2026,40187,3,60205,4,391,,,1,/data/article?articleid=60205&ver=4
06/19/2026,40187,3,60449,2,391,,,2,/data/article?articleid=60449&ver=2
03/11/2017,33610,70,55426,132,389,,,1,/data/article?articleid=55426&ver=132
04/04/2014,33610,70,52509,73,137,,,2,/data/article?articleid=52509&ver=73
11/20/2025,33794,171,52507,156,389,,,1,/data/article?articleid=52507&ver=156
12/04/2025,33794,171,60373,4,389,,,2,/data/article?articleid=60373&ver=4
12/04/2025,33794,171,55426,132,389,,,3,/data/article?articleid=55426&ver=132
05/19/2026,40197,4,60216,4,360,,,1,/data/article?articleid=60216&ver=4
06/19/2026,40197,4,60217,4,364,,,2,/data/article?articleid=60217&ver=4
06/19/2026,40197,4,60450,2,364,,,3,/data/article?articleid=60450&ver=2
05/19/2026,40197,4,,,360,40196,4,4,/data/lcd?lcdid=40196&ver=4
06/24/2025,39938,5,59860,5,228,,,1,/data/article?articleid=59860&ver=5
06/24/2025,39938,5,60199,4,228,,,2,/data/article?articleid=60199&ver=4
06/19/2026,40199,4,60215,4,228,,,1,/data/article?articleid=60215&ver=4
06/19/2026,40199,4,60458,4,228,,,2,/data/article?articleid=60458&ver=4
06/19/2026,40199,4,,,228,40198,5,3,/data/lcd?lcdid=40198&ver=5
06/03/2021,38678,11,58205,13,143,,,1,/data/article?articleid=58205&ver=13
06/03/2021,38678,11,58792,2,143,,,2,/data/article?articleid=58792&ver=2
05/18/2021,38678,11,,,143,38677,3,3,https://localcoverage.cms.gov/mcd_archive/view/lcd.aspx?lcdInfo=38677:2
06/18/2026,40272,3,60306,3,143,,,1,/data/article?articleid=60306&ver=3
06/18/2026,40272,3,60459,3,143,,,2,/data/article?articleid=60459&ver=3
06/18/2026,40272,3,,,143,40271,3,3,/data/lcd?lcdid=40271&ver=3
07/24/2024,39711,5,59876,2,143,,,1,/data/article?articleid=59876&ver=2
07/24/2024,39711,5,59551,5,143,,,2,/data/article?articleid=59551&ver=5
03/20/2024,38686,18,58213,16,143,,,1,/data/article?articleid=58213&ver=16
03/20/2024,38686,18,59703,2,143,,,2,/data/article?articleid=59703&ver=2
03/13/2024,38686,18,,,143,39718,4,3,https://localcoverage.cms.gov/mcd_archive/view/lcd.aspx?lcdInfo=39718:3
02/23/2022,39044,15,58761,70,143,,,2,/data/article?articleid=58761&ver=70
02/23/2022,39044,15,59020,2,143,,,3,/data/article?articleid=59020&ver=2
02/08/2022,39044,15,,,143,39043,3,4,https://localcoverage.cms.gov/mcd_archive/view/lcd.aspx?lcdInfo=39043:2
04/16/2021,38582,11,58061,28,228,,,1,/data/article?articleid=58061&ver=28
04/16/2021,38582,11,58687,3,228,,,2,/data/article?articleid=58687&ver=3
04/16/2021,38582,11,,,228,38581,4,3,https://localcoverage.cms.gov/mcd_archive/view/lcd.aspx?lcdInfo=38581:3
08/23/2024,39658,5,59482,4,228,,,1,/data/article?articleid=59482&ver=4
08/23/2024,39658,5,59858,4,228,,,2,/data/article?articleid=59858&ver=4
08/28/2025,40000,4,54686,22,228,,,1,/data/article?articleid=54686&ver=22
06/26/2025,40000,4,59919,5,228,,,2,/data/article?articleid=59919&ver=5
06/26/2025,40000,4,60248,2,228,,,3,/data/article?articleid=60248&ver=2
06/26/2025,40000,4,,,228,39999,4,4,https://localcoverage.cms.gov/mcd_archive/view/lcd.aspx?lcdInfo=39999:3
05/14/2019,33459,46,56580,30,391,,,1,/data/article?articleid=56580&ver=30
09/20/2019,34353,35,57065,32,228,,,1,/data/article?articleid=57065&ver=32
09/13/2019,34049,36,57067,34,228,,,3,/data/article?articleid=57067&ver=34
09/18/2019,34181,28,57070,16,238,,,2,/data/article?articleid=57070&ver=16
09/18/2019,34399,30,57071,36,228,,,2,/data/article?articleid=57071&ver=36
01/08/2020,34171,18,57284,14,228,,,2,/data/article?articleid=57284&ver=14
09/13/2019,34175,32,57069,25,228,,,2,/data/article?articleid=57069&ver=25
02/26/2019,37905,18,,,228,37904,4,1,https://localcoverage.cms.gov/mcd_archive/view/lcd.aspx?lcdInfo=37904:3
03/29/2019,37905,18,56366,3,228,,,2,/data/article?articleid=56366&ver=3
08/29/2019,37905,18,56985,15,228,,,3,/data/article?articleid=56985&ver=15
06/28/2024,39585,5,59822,3,238,,,1,/data/article?articleid=59822&ver=3
06/28/2024,39585,5,59382,4,238,,,2,/data/article?articleid=59382&ver=4
08/23/2024,39650,7,59735,3,228,,,1,/data/article?articleid=59735&ver=3
08/23/2024,39650,7,59474,4,228,,,2,/data/article?articleid=59474&ver=4
06/22/2022,38839,12,56902,50,143,,,1,/data/article?articleid=56902&ver=50
06/22/2022,38839,12,58473,11,143,,,2,/data/article?articleid=58473&ver=11
06/23/2022,38839,12,59161,2,143,,,3,/data/article?articleid=59161&ver=2
06/22/2022,38839,12,,,143,35490,85,4,/data/lcd?lcdid=35490&ver=85
06/22/2022,38839,12,,,143,39243,4,5,https://localcoverage.cms.gov/mcd_archive/view/lcd.aspx?lcdInfo=39243:3
05/21/2024,38839,12,,,143,39912,4,6,https://localcoverage.cms.gov/mcd_archive/view/lcd.aspx?lcdInfo=39912:2
08/21/2019,38211,17,56910,9,143,,,1,/data/article?articleid=56910&ver=9
08/21/2019,38211,17,56917,2,143,,,2,/data/article?articleid=56917&ver=2
08/21/2019,38211,17,,,143,38210,3,3,https://localcoverage.cms.gov/mcd_archive/view/lcd.aspx?lcdInfo=38210:2
10/12/2015,36000,21,,,143,35999,3,1,https://localcoverage.cms.gov/mcd_archive/view/lcd.aspx?lcdInfo=35999:2
10/12/2015,36000,21,54694,2,143,,,2,/data/article?articleid=54694&ver=2
10/30/2019,36000,21,57596,19,143,,,3,/data/article?articleid=57596&ver=19
05/13/2024,38841,20,58477,22,143,,,1,/data/article?articleid=58477&ver=22
05/13/2024,38841,20,,,143,39795,4,2,https://localcoverage.cms.gov/mcd_archive/view/lcd.aspx?lcdInfo=39795:3
05/21/2024,38841,20,59799,2,143,,,3,/data/article?articleid=59799&ver=2
05/13/2024,39788,11,,,143,39787,3,1,https://localcoverage.cms.gov/mcd_archive/view/lcd.aspx?lcdInfo=39787:2
05/13/2024,39788,11,,,143,39054,17,2,/data/lcd?lcdid=39054&ver=17
05/21/2024,39788,11,59664,17,143,,,3,/data/article?articleid=59664&ver=17
05/21/2024,39788,11,59800,2,143,,,4,/data/article?articleid=59800&ver=2
07/13/2017,37210,21,,,143,37209,3,1,https://localcoverage.cms.gov/mcd_archive/view/lcd.aspx?lcdInfo=37209:2
07/19/2017,37210,21,55643,2,143,,,2,/data/article?articleid=55643&ver=2
12/17/2019,37210,21,57566,13,143,,,3,/data/article?articleid=57566&ver=13
06/18/2024,39614,5,,,143,39613,3,1,https://localcoverage.cms.gov/mcd_archive/view/lcd.aspx?lcdInfo=39613:2
06/25/2024,39614,5,59429,4,143,,,2,/data/article?articleid=59429&ver=4
06/25/2024,39614,5,59844,2,143,,,3,/data/article?articleid=59844&ver=2
06/05/2024,39720,7,59560,4,143,,,1,/data/article?articleid=59560&ver=4
06/05/2024,39720,7,59825,2,143,,,2,/data/article?articleid=59825&ver=2
10/02/2019,33667,23,57064,15,368,,,1,/data/article?articleid=57064&ver=15
05/14/2026,40205,8,60222,4,391,,,1,/data/article?articleid=60222&ver=4
05/14/2026,40205,8,60359,9,391,,,2,/data/article?articleid=60359&ver=9
05/14/2026,40205,8,,,391,40204,9,3,/data/lcd?lcdid=40204&ver=9
06/27/2023,38586,13,58065,19,238,,,1,/data/article?articleid=58065&ver=19
06/27/2023,38586,13,59437,4,238,,,2,/data/article?articleid=59437&ver=4
04/06/2023,39506,6,59299,12,228,,,1,/data/article?articleid=59299&ver=12
04/06/2023,39506,6,59356,3,228,,,2,/data/article?articleid=59356&ver=3
04/06/2023,39506,6,,,228,39505,4,3,https://localcoverage.cms.gov/mcd_archive/view/lcd.aspx?lcdInfo=39505:3
05/01/2020,38276,12,58075,24,391,,,1,/data/article?articleid=58075&ver=24
05/01/2020,38276,12,58070,2,391,,,2,/data/article?articleid=58070&ver=2
05/01/2020,38276,12,,,391,38275,4,3,https://localcoverage.cms.gov/mcd_archive/view/lcd.aspx?lcdInfo=38275:3
05/08/2026,40257,7,60286,6,391,,,1,/data/article?articleid=60286&ver=6
05/08/2026,40257,7,60431,5,391,,,2,/data/article?articleid=60431&ver=5
05/08/2026,40257,7,,,391,40256,6,3,/data/lcd?lcdid=40256&ver=6
05/08/2026,40244,4,60292,4,228,,,1,/data/article?articleid=60292&ver=4
05/08/2026,40244,4,60440,3,228,,,2,/data/article?articleid=60440&ver=3
05/08/2026,40244,4,,,228,40243,17,3,/data/lcd?lcdid=40243&ver=17
04/29/2022,39240,15,58992,7,364,,,1,https://localcoverage.cms.gov/mcd_archive/view/article.aspx?articleInfo=58992:6
04/29/2022,39240,15,58993,16,364,,,2,/data/article?articleid=58993&ver=16
04/29/2022,39240,15,59079,3,364,,,3,/data/article?articleid=59079&ver=3
01/14/2024,39240,15,,,364,39767,7,4,https://localcoverage.cms.gov/mcd_archive/view/lcd.aspx?lcdInfo=39767:6
09/16/2025,39240,15,59115,3,357,,,5,/data/article?articleid=59115&ver=3
01/15/2016,34209,43,54713,4,364,,,1,/data/article?articleid=54713&ver=4
07/12/2016,34209,43,53084,28,364,,,2,/data/article?articleid=53084&ver=28
11/08/2019,34209,43,57706,14,364,,,3,/data/article?articleid=57706&ver=14
10/16/2025,34209,43,54715,4,359,,,4,/data/article?articleid=54715&ver=4
05/02/2017,33832,20,55426,132,139,,,1,/data/article?articleid=55426&ver=132
04/04/2014,33832,20,52492,22,139,,,2,/data/article?articleid=52492&ver=22
01/13/2017,35897,32,55432,2,228,,,1,/data/article?articleid=55432&ver=2
01/13/2017,35897,32,,,228,36980,5,2,https://localcoverage.cms.gov/mcd_archive/view/lcd.aspx?lcdInfo=36980:4
09/20/2019,35897,32,57307,38,228,,,4,/data/article?articleid=57307&ver=38
11/07/2023,35249,20,56567,7,228,,,1,https://localcoverage.cms.gov/mcd_archive/view/article.aspx?articleInfo=56567:6
10/22/2019,35249,20,57663,14,228,,,2,/data/article?articleid=57663&ver=14
08/01/2019,34195,28,56836,18,228,,,1,/data/article?articleid=56836&ver=18
10/12/2021,39054,17,58777,11,143,,,1,/data/article?articleid=58777&ver=11
10/12/2021,39054,17,58919,2,143,,,2,/data/article?articleid=58919&ver=2
10/05/2021,39054,17,,,143,39053,3,3,https://localcoverage.cms.gov/mcd_archive/view/lcd.aspx?lcdInfo=39053:2
01/23/2024,39054,17,,,143,39787,3,4,https://localcoverage.cms.gov/mcd_archive/view/lcd.aspx?lcdInfo=39787:2
05/13/2024,39054,17,,,143,39788,11,5,/data/lcd?lcdid=39788&ver=11
05/13/2024,36805,27,55136,19,143,,,1,/data/article?articleid=55136&ver=19
05/21/2024,36805,27,57733,12,143,,,2,/data/article?articleid=57733&ver=12
05/21/2024,36805,27,59801,2,143,,,3,/data/article?articleid=59801&ver=2
02/12/2020,38178,11,,,143,38177,3,1,https://localcoverage.cms.gov/mcd_archive/view/lcd.aspx?lcdInfo=38177:2
02/19/2020,38178,11,57983,6,143,,,2,/data/article?articleid=57983&ver=6
02/19/2020,38178,11,57979,2,143,,,3,/data/article?articleid=57979&ver=2
01/08/2026,40179,7,60185,11,228,,,1,/data/article?articleid=60185&ver=11
01/08/2026,40179,7,60357,4,228,,,2,/data/article?articleid=60357&ver=4
01/08/2026,40179,7,,,228,40178,3,3,/data/lcd?lcdid=40178&ver=3
05/17/2024,38803,17,58405,22,357,,,1,/data/article?articleid=58405&ver=22
05/17/2024,38803,17,59795,2,357,,,2,/data/article?articleid=59795&ver=2
05/17/2024,38803,17,,,357,39768,6,3,https://localcoverage.cms.gov/mcd_archive/view/lcd.aspx?lcdInfo=39768:5
10/14/2021,39015,16,58731,16,238,,,1,/data/article?articleid=58731&ver=16
10/14/2021,39015,16,58899,10,238,,,2,/data/article?articleid=58899&ver=10
12/06/2023,39015,16,,,238,39729,10,3,https://localcoverage.cms.gov/mcd_archive/view/lcd.aspx?lcdInfo=39729:8
12/01/2023,39015,16,,,238,39740,6,5,https://localcoverage.cms.gov/mcd_archive/view/lcd.aspx?lcdInfo=39740:2
10/22/2021,33906,75,56651,36,368,,,1,/data/article?articleid=56651&ver=36
10/22/2021,33906,75,58928,7,368,,,2,/data/article?articleid=58928&ver=7
10/22/2021,33906,75,,,368,39069,17,3,https://localcoverage.cms.gov/mcd_archive/view/lcd.aspx?lcdInfo=39069:16
01/12/2024,33906,75,,,368,39782,11,4,https://localcoverage.cms.gov/mcd_archive/view/lcd.aspx?lcdInfo=39782:7
06/12/2024,33906,75,,,368,39799,16,5,/data/lcd?lcdid=39799&ver=16
10/22/2021,36920,107,56681,34,331,,,1,/data/article?articleid=56681&ver=34
10/22/2021,36920,107,58926,8,331,,,2,https://localcoverage.cms.gov/mcd_archive/view/article.aspx?articleInfo=58926:7
10/22/2021,36920,107,,,331,39061,28,3,https://localcoverage.cms.gov/mcd_archive/view/lcd.aspx?lcdInfo=39061:27
01/09/2024,36920,107,,,331,39778,45,4,https://localcoverage.cms.gov/mcd_archive/view/lcd.aspx?lcdInfo=39778:37
05/13/2024,36920,107,,,331,39793,47,5,/data/lcd?lcdid=39793&ver=47
09/28/2017,37166,23,55757,5,368,,,1,/data/article?articleid=55757&ver=5
11/27/2017,37166,23,55818,26,368,,,2,/data/article?articleid=55818&ver=26
07/22/2020,37166,23,58303,3,368,,,3,https://localcoverage.cms.gov/mcd_archive/view/article.aspx?articleInfo=58303:2
09/15/2017,37166,23,,,368,33413,46,4,https://localcoverage.cms.gov/mcd_archive/view/lcd.aspx?lcdInfo=33413:22
09/14/2017,37166,23,,,368,36377,7,5,/data/lcd?lcdid=36377&ver=7
09/14/2017,37166,23,,,368,36504,26,6,https://localcoverage.cms.gov/mcd_archive/view/lcd.aspx?lcdInfo=36504:15
05/25/2017,35125,77,,,331,35041,113,1,/data/lcd?lcdid=35041&ver=113
05/25/2017,35125,77,,,331,35094,229,2,https://localcoverage.cms.gov/mcd_archive/view/lcd.aspx?lcdInfo=35094:124
05/25/2017,35125,77,,,331,37162,8,3,https://localcoverage.cms.gov/mcd_archive/view/lcd.aspx?lcdInfo=37162:7
09/15/2017,35125,77,55578,9,331,,,4,https://localcoverage.cms.gov/mcd_archive/view/article.aspx?articleInfo=55578:8
04/12/2019,35125,77,53001,45,331,,,5,/data/article?articleid=53001&ver=45
06/14/2023,38684,10,59254,3,143,,,1,/data/article?articleid=59254&ver=3
06/14/2023,38684,10,,,143,39482,4,2,https://localcoverage.cms.gov/mcd_archive/view/lcd.aspx?lcdInfo=39482:3
06/22/2023,38684,10,58211,24,143,,,3,/data/article?articleid=58211&ver=24
06/22/2023,38684,10,59456,2,143,,,4,/data/article?articleid=59456&ver=2
10/13/2021,38994,20,58695,11,391,,,1,/data/article?articleid=58695&ver=11
10/13/2021,38994,20,58905,4,391,,,2,/data/article?articleid=58905&ver=4
10/13/2021,38994,20,,,391,38993,8,3,https://localcoverage.cms.gov/mcd_archive/view/lcd.aspx?lcdInfo=38993:7
12/29/2023,38994,20,,,391,39736,5,4,https://localcoverage.cms.gov/mcd_archive/view/lcd.aspx?lcdInfo=39736:3
09/22/2015,36267,44,54516,48,140,,,1,/data/article?articleid=54516&ver=48
03/09/2017,36267,44,55426,132,140,,,2,/data/article?articleid=55426&ver=132
03/13/2019,37873,18,56392,3,391,,,1,/data/article?articleid=56392&ver=3
03/13/2019,37873,18,,,391,37872,6,2,https://localcoverage.cms.gov/mcd_archive/view/lcd.aspx?lcdInfo=37872:5
03/21/2019,37873,18,56431,6,391,,,3,/data/article?articleid=56431&ver=6
05/15/2023,38647,14,,,364,39370,5,1,https://localcoverage.cms.gov/mcd_archive/view/lcd.aspx?lcdInfo=39370:4
06/15/2023,38647,14,59452,3,364,,,2,/data/article?articleid=59452&ver=3
06/15/2023,38647,14,58181,24,364,,,3,/data/article?articleid=58181&ver=24
02/09/2026,38647,14,59453,3,353,,,4,/data/article?articleid=59453&ver=3
06/16/2023,38576,14,58028,23,391,,,1,/data/article?articleid=58028&ver=23
06/16/2023,38576,14,59102,4,391,,,2,https://localcoverage.cms.gov/mcd_archive/view/article.aspx?articleInfo=59102:3
06/16/2023,38576,14,,,391,39315,5,3,https://localcoverage.cms.gov/mcd_archive/view/lcd.aspx?lcdInfo=39315:4
06/16/2023,38576,14,59408,2,391,,,4,/data/article?articleid=59408&ver=2
02/23/2022,39038,14,59007,4,228,,,1,/data/article?articleid=59007&ver=4
02/23/2022,39038,14,58747,65,228,,,2,/data/article?articleid=58747&ver=65
02/23/2022,39038,14,,,228,39037,5,3,https://localcoverage.cms.gov/mcd_archive/view/lcd.aspx?lcdInfo=39037:4
09/09/2020,38249,22,57155,15,238,,,1,/data/article?articleid=57155&ver=15
09/09/2020,38249,22,58452,3,238,,,2,/data/article?articleid=58452&ver=3
10/23/2020,38249,22,,,228,38248,5,3,https://localcoverage.cms.gov/mcd_archive/view/lcd.aspx?lcdInfo=38248:4
06/01/2021,38584,15,58063,11,228,,,1,/data/article?articleid=58063&ver=11
06/01/2021,38584,15,58743,5,228,,,2,/data/article?articleid=58743&ver=5
06/01/2021,38584,15,,,228,38583,4,3,https://localcoverage.cms.gov/mcd_archive/view/lcd.aspx?lcdInfo=38583:3
05/13/2021,37356,17,58708,3,228,,,1,/data/article?articleid=58708&ver=3
05/13/2021,37356,17,56997,18,228,,,2,/data/article?articleid=56997&ver=18
06/15/2023,39389,6,59163,7,228,,,1,/data/article?articleid=59163&ver=7
06/15/2023,39389,6,59412,4,228,,,2,/data/article?articleid=59412&ver=4
06/15/2023,39389,6,,,228,39388,4,3,https://localcoverage.cms.gov/mcd_archive/view/lcd.aspx?lcdInfo=39388:3
05/17/2024,38801,23,58403,27,364,,,1,/data/article?articleid=58403&ver=27
05/17/2024,38801,23,59793,2,364,,,2,/data/article?articleid=59793&ver=2
05/17/2024,38801,23,,,364,39767,7,3,https://localcoverage.cms.gov/mcd_archive/view/lcd.aspx?lcdInfo=39767:6
04/13/2026,38801,23,59795,2,357,,,4,/data/article?articleid=59795&ver=2
07/12/2024,33787,40,52496,64,388,,,1,/data/article?articleid=52496&ver=64
07/12/2024,33787,40,55426,132,388,,,2,/data/article?articleid=55426&ver=132
07/12/2024,33787,40,59857,3,388,,,3,/data/article?articleid=59857&ver=3
03/08/2017,33686,43,55426,132,388,,,1,/data/article?articleid=55426&ver=132
04/02/2014,33686,43,52457,65,140,,,2,/data/article?articleid=52457&ver=65
11/07/2025,33803,61,52521,55,139,,,1,/data/article?articleid=52521&ver=55
11/07/2025,33803,61,55426,132,139,,,2,/data/article?articleid=55426&ver=132
11/07/2025,33803,61,60353,4,139,,,3,/data/article?articleid=60353&ver=4
05/17/2024,38765,27,58350,24,391,,,1,/data/article?articleid=58350&ver=24
05/17/2024,38765,27,59751,2,391,,,2,/data/article?articleid=59751&ver=2
05/17/2024,38765,27,,,391,39736,5,3,https://localcoverage.cms.gov/mcd_archive/view/lcd.aspx?lcdInfo=39736:4
03/31/2015,35906,25,54139,3,228,,,1,https://localcoverage.cms.gov/mcd_archive/view/article.aspx?articleInfo=54139:1
09/20/2019,35906,25,57041,21,228,,,2,/data/article?articleid=57041&ver=21
09/20/2019,34539,16,57054,12,228,,,2,/data/article?articleid=57054&ver=12
09/20/2019,34196,30,57053,22,228,,,2,/data/article?articleid=57053&ver=22
03/27/2026,40289,6,60318,5,368,,,1,/data/article?articleid=60318&ver=5
03/27/2026,40289,6,60342,5,368,,,2,/data/article?articleid=60342&ver=5
03/27/2026,40289,6,,,368,40288,7,3,/data/lcd?lcdid=40288&ver=7
03/27/2026,40289,6,,,368,33693,28,4,/data/lcd?lcdid=33693&ver=28
03/27/2026,40276,7,60315,4,331,,,1,/data/article?articleid=60315&ver=4
03/27/2026,40276,7,60341,4,331,,,2,/data/article?articleid=60341&ver=4
03/27/2026,40276,7,,,331,40275,8,3,/data/lcd?lcdid=40275&ver=8
03/27/2026,40276,7,,,331,35451,53,4,/data/lcd?lcdid=35451&ver=53
09/20/2019,34183,20,57052,18,228,,,1,/data/article?articleid=57052&ver=18
09/25/2019,34064,24,56594,14,228,,,1,/data/article?articleid=56594&ver=14
01/26/2023,39383,13,59154,13,228,,,1,/data/article?articleid=59154&ver=13
01/26/2023,39383,13,59301,2,228,,,2,/data/article?articleid=59301&ver=2
01/26/2023,39383,13,,,228,39382,11,3,https://localcoverage.cms.gov/mcd_archive/view/lcd.aspx?lcdInfo=39382:10
12/06/2023,39383,13,,,238,39729,10,4,https://localcoverage.cms.gov/mcd_archive/view/lcd.aspx?lcdInfo=39729:8
08/21/2024,37578,30,,,228,33954,26,1,/data/lcd?lcdid=33954&ver=26
08/21/2024,37578,30,,,228,39820,12,2,https://localcoverage.cms.gov/mcd_archive/view/lcd.aspx?lcdInfo=39820:11
09/27/2024,37578,30,56491,25,228,,,4,/data/article?articleid=56491&ver=25
09/27/2024,37578,30,59910,4,228,,,5,/data/article?articleid=59910&ver=4
09/27/2024,37578,30,56453,12,228,,,6,/data/article?articleid=56453&ver=12
01/02/2026,39909,6,59809,10,143,,,1,/data/article?articleid=59809&ver=10
01/02/2026,39909,6,60384,2,143,,,2,/data/article?articleid=60384&ver=2
12/18/2025,39909,6,,,143,39908,2,3,/data/lcd?lcdid=39908&ver=2
03/26/2026,39909,6,,,143,40381,4,4,/data/lcd?lcdid=40381&ver=4
03/31/2015,35891,35,54137,2,228,,,1,/data/article?articleid=54137&ver=2
07/26/2019,35891,35,56779,25,228,,,2,/data/article?articleid=56779&ver=25
04/05/2019,34090,22,56467,14,228,,,1,/data/article?articleid=56467&ver=14
01/10/2017,36906,20,55427,2,228,,,1,/data/article?articleid=55427&ver=2
08/29/2019,36906,20,56465,16,228,,,2,/data/article?articleid=56465&ver=16
01/10/2017,36906,20,,,228,36905,4,3,https://localcoverage.cms.gov/mcd_archive/view/lcd.aspx?lcdInfo=36905:3
10/20/2025,38378,26,57926,25,228,,,1,/data/article?articleid=57926&ver=25
10/20/2025,38378,26,60344,3,228,,,2,/data/article?articleid=60344&ver=3
10/20/2025,38378,26,,,228,40183,9,3,/data/lcd?lcdid=40183&ver=9
04/15/2020,38528,9,54953,70,147,,,1,/data/article?articleid=54953&ver=70
04/15/2020,38528,9,56902,50,147,,,2,/data/article?articleid=56902&ver=50
04/15/2020,38528,9,56903,15,147,,,3,/data/article?articleid=56903&ver=15
04/15/2020,38528,9,57943,3,147,,,4,https://localcoverage.cms.gov/mcd_archive/view/article.aspx?articleInfo=57943:2
04/20/2020,38528,9,57944,25,143,,,5,/data/article?articleid=57944&ver=25
04/20/2020,38528,9,58119,2,143,,,6,/data/article?articleid=58119&ver=2
04/15/2020,38528,9,,,143,35490,85,7,/data/lcd?lcdid=35490&ver=85
04/15/2020,38528,9,,,143,36839,23,8,/data/lcd?lcdid=36839&ver=23
04/15/2020,38528,9,,,143,38527,3,9,https://localcoverage.cms.gov/mcd_archive/view/lcd.aspx?lcdInfo=38527:2
01/11/2022,38528,9,,,143,39246,4,10,https://localcoverage.cms.gov/mcd_archive/view/lcd.aspx?lcdInfo=39246:1
08/12/2022,34641,27,57598,11,143,,,1,/data/article?articleid=57598&ver=11
08/12/2022,34641,27,,,143,39357,4,2,https://localcoverage.cms.gov/mcd_archive/view/lcd.aspx?lcdInfo=39357:3
08/23/2022,34641,27,59237,2,143,,,3,/data/article?articleid=59237&ver=2
07/20/2022,39040,8,55224,37,143,,,1,/data/article?articleid=55224&ver=37
05/10/2022,39040,8,58756,26,143,,,3,/data/article?articleid=58756&ver=26
05/10/2022,39040,8,59116,2,143,,,4,/data/article?articleid=59116&ver=2
05/03/2022,39040,8,,,143,39039,3,5,https://localcoverage.cms.gov/mcd_archive/view/lcd.aspx?lcdInfo=39039:2
09/20/2019,34085,18,57050,13,228,,,1,/data/article?articleid=57050&ver=13
01/08/2026,40193,9,60213,13,143,,,1,/data/article?articleid=60213&ver=13
01/08/2026,40193,9,60350,2,143,,,2,/data/article?articleid=60350&ver=2
10/23/2025,40193,9,,,143,40192,3,3,/data/lcd?lcdid=40192&ver=3
01/09/2026,40189,10,60211,10,391,,,1,/data/article?articleid=60211&ver=10
01/09/2026,40189,10,60354,3,391,,,2,/data/article?articleid=60354&ver=3
01/09/2026,40189,10,,,391,40188,6,3,/data/lcd?lcdid=40188&ver=6
08/04/2020,38303,13,,,228,38302,6,1,https://localcoverage.cms.gov/mcd_archive/view/lcd.aspx?lcdInfo=38302:5
09/14/2020,38303,13,58371,12,228,,,2,/data/article?articleid=58371&ver=12
09/14/2020,38303,13,58368,3,228,,,3,/data/article?articleid=58368&ver=3
06/24/2025,39940,10,59862,7,228,,,1,/data/article?articleid=59862&ver=7
06/24/2025,39940,10,60191,6,228,,,2,/data/article?articleid=60191&ver=6
05/26/2022,38997,12,58713,13,228,,,1,/data/article?articleid=58713&ver=13
05/26/2022,38997,12,59112,4,228,,,2,/data/article?articleid=59112&ver=4
05/26/2022,38997,12,,,228,38996,6,3,https://localcoverage.cms.gov/mcd_archive/view/lcd.aspx?lcdInfo=38996:5
01/09/2026,40176,7,60181,12,364,,,1,/data/article?articleid=60181&ver=12
01/09/2026,40176,7,60355,5,364,,,2,/data/article?articleid=60355&ver=5
01/09/2026,40176,7,,,364,40175,4,3,/data/lcd?lcdid=40175&ver=4
02/14/2020,38268,11,57160,13,228,,,1,/data/article?articleid=57160&ver=13
02/07/2020,38268,11,57929,3,228,,,2,/data/article?articleid=57929&ver=3
02/27/2023,39017,10,54689,32,228,,,1,/data/article?articleid=54689&ver=32
06/27/2022,39017,10,58734,20,228,,,2,/data/article?articleid=58734&ver=20
06/27/2022,39017,10,59063,4,228,,,3,/data/article?articleid=59063&ver=4
06/27/2022,39017,10,,,228,39016,6,4,https://localcoverage.cms.gov/mcd_archive/view/lcd.aspx?lcdInfo=39016:5
08/14/2015,36139,31,54610,3,228,,,1,/data/article?articleid=54610&ver=3
01/12/2016,36139,31,54685,17,228,,,2,/data/article?articleid=54685&ver=17
04/06/2016,36139,31,54988,2,228,,,3,/data/article?articleid=54988&ver=2
09/26/2019,36139,31,57386,21,228,,,4,/data/article?articleid=57386&ver=21
08/14/2015,36139,31,,,228,36138,3,5,https://localcoverage.cms.gov/mcd_archive/view/lcd.aspx?lcdInfo=36138:2
12/14/2015,36425,21,,,228,36424,4,1,https://localcoverage.cms.gov/mcd_archive/view/lcd.aspx?lcdInfo=36424:3
12/14/2015,36425,21,54790,2,228,,,2,/data/article?articleid=54790&ver=2
08/29/2019,36425,21,56989,11,238,,,3,/data/article?articleid=56989&ver=11
12/08/2023,39644,12,59468,6,345,,,1,/data/article?articleid=59468&ver=6
12/08/2023,39644,12,59599,4,345,,,2,/data/article?articleid=59599&ver=4
08/12/2024,39644,12,59467,4,345,,,3,https://localcoverage.cms.gov/mcd_archive/view/article.aspx?articleInfo=59467:3
08/12/2024,39644,12,,,345,39643,5,4,https://localcoverage.cms.gov/mcd_archive/view/lcd.aspx?lcdInfo=39643:4
01/27/2023,39464,8,59245,4,345,,,1,https://localcoverage.cms.gov/mcd_archive/view/article.aspx?articleInfo=59245:3
01/27/2023,39464,8,59246,18,345,,,2,/data/article?articleid=59246&ver=18
01/27/2023,39464,8,59334,3,345,,,3,/data/article?articleid=59334&ver=3
01/27/2023,39464,8,,,345,39463,5,4,https://localcoverage.cms.gov/mcd_archive/view/lcd.aspx?lcdInfo=39463:4
01/14/2024,39464,8,,,345,39768,6,5,https://localcoverage.cms.gov/mcd_archive/view/lcd.aspx?lcdInfo=39768:5
01/13/2023,39398,6,59177,12,345,,,1,/data/article?articleid=59177&ver=12
01/13/2023,39398,6,59326,3,345,,,2,/data/article?articleid=59326&ver=3
01/13/2023,39398,6,59176,4,345,,,3,https://localcoverage.cms.gov/mcd_archive/view/article.aspx?articleInfo=59176:3
01/13/2023,39398,6,,,345,39397,6,4,https://localcoverage.cms.gov/mcd_archive/view/lcd.aspx?lcdInfo=39397:5
10/24/2025,38707,13,58229,18,356,,,1,/data/article?articleid=58229&ver=18
10/24/2025,38707,13,60348,4,352,,,2,/data/article?articleid=60348&ver=4
07/27/2022,38615,14,58097,17,345,,,1,/data/article?articleid=58097&ver=17
07/27/2022,38615,14,59212,3,345,,,2,/data/article?articleid=59212&ver=3
06/18/2020,38337,16,58238,6,345,,,1,/data/article?articleid=58238&ver=6
06/18/2020,38337,16,,,345,38336,6,2,https://localcoverage.cms.gov/mcd_archive/view/lcd.aspx?lcdInfo=38336:5
09/01/2020,38337,16,57385,46,345,,,3,/data/article?articleid=57385&ver=46
08/28/2015,34074,39,54643,13,345,,,1,/data/article?articleid=54643&ver=13
08/31/2015,34074,39,54647,3,345,,,2,/data/article?articleid=54647&ver=3
09/01/2015,34074,39,54662,14,345,,,3,/data/article?articleid=54662&ver=14
09/17/2019,34074,39,57194,36,345,,,4,/data/article?articleid=57194&ver=36
07/14/2022,35457,64,52725,38,345,,,1,/data/article?articleid=52725&ver=38
07/14/2022,35457,64,59155,3,345,,,2,/data/article?articleid=59155&ver=3
09/19/2022,35457,64,,,345,39280,5,3,https://localcoverage.cms.gov/mcd_archive/view/lcd.aspx?lcdInfo=39280:4
09/14/2019,34038,32,57084,15,345,,,1,/data/article?articleid=57084&ver=15
02/14/2020,38307,14,57149,20,228,,,1,/data/article?articleid=57149&ver=20
02/07/2020,38307,14,57930,2,228,,,2,/data/article?articleid=57930&ver=2
12/14/2018,37575,22,56159,23,228,,,1,/data/article?articleid=56159&ver=23
12/17/2018,37575,22,56239,3,228,,,2,/data/article?articleid=56239&ver=3
10/03/2018,37575,22,,,228,37574,4,3,https://localcoverage.cms.gov/mcd_archive/view/lcd.aspx?lcdInfo=37574:3
09/27/2019,34037,22,56464,35,228,,,2,/data/article?articleid=56464&ver=35
01/10/2017,36902,16,55430,2,228,,,1,/data/article?articleid=55430&ver=2
01/10/2017,36902,16,,,228,36901,4,2,https://localcoverage.cms.gov/mcd_archive/view/lcd.aspx?lcdInfo=36901:3
12/09/2019,36902,16,57049,13,228,,,3,/data/article?articleid=57049&ver=13
09/23/2019,34356,31,56462,32,228,,,2,/data/article?articleid=56462&ver=32
10/23/2019,34081,26,56461,26,228,,,2,/data/article?articleid=56461&ver=26
08/24/2023,36029,44,56818,55,228,,,1,/data/article?articleid=56818&ver=55
08/24/2023,36029,44,,,228,39580,5,3,https://localcoverage.cms.gov/mcd_archive/view/lcd.aspx?lcdInfo=39580:4
09/05/2023,36029,44,59496,2,228,,,4,/data/article?articleid=59496&ver=2
12/29/2022,39434,8,59215,9,238,,,1,/data/article?articleid=59215&ver=9
12/29/2022,39434,8,59289,3,238,,,2,/data/article?articleid=59289&ver=3
03/28/2019,33945,21,56454,12,228,,,1,/data/article?articleid=56454&ver=12
12/08/2023,39642,11,59466,7,364,,,1,/data/article?articleid=59466&ver=7
12/08/2023,39642,11,59598,3,364,,,2,/data/article?articleid=59598&ver=3
08/12/2024,39642,11,,,364,39641,5,3,https://localcoverage.cms.gov/mcd_archive/view/lcd.aspx?lcdInfo=39641:4
08/12/2024,39642,11,59465,4,364,,,4,https://localcoverage.cms.gov/mcd_archive/view/article.aspx?articleInfo=59465:3
03/05/2026,39642,11,59599,4,353,,,5,/data/article?articleid=59599&ver=4
06/17/2020,38335,16,58237,9,364,,,1,/data/article?articleid=58237&ver=9
06/17/2020,38335,16,,,364,38334,8,2,https://localcoverage.cms.gov/mcd_archive/view/lcd.aspx?lcdInfo=38334:7
09/01/2020,38335,16,57384,53,364,,,3,/data/article?articleid=57384&ver=53
03/05/2026,38335,16,58238,6,353,,,4,/data/article?articleid=58238&ver=6
07/14/2022,35456,66,56034,42,364,,,1,/data/article?articleid=56034&ver=42
07/14/2022,35456,66,59151,4,364,,,2,/data/article?articleid=59151&ver=4
09/16/2025,35456,66,,,364,34218,26,3,/data/lcd?lcdid=34218&ver=26
09/19/2022,35456,66,,,364,39279,7,4,https://localcoverage.cms.gov/mcd_archive/view/lcd.aspx?lcdInfo=39279:6
03/05/2026,35456,66,59155,3,357,,,5,/data/article?articleid=59155&ver=3
07/27/2022,38613,16,58095,16,364,,,1,/data/article?articleid=58095&ver=16
07/27/2022,38613,16,59211,3,364,,,2,/data/article?articleid=59211&ver=3
03/05/2026,38613,16,59212,3,353,,,3,/data/article?articleid=59212&ver=3
01/27/2023,39462,9,59243,4,364,,,1,https://localcoverage.cms.gov/mcd_archive/view/article.aspx?articleInfo=59243:3
01/27/2023,39462,9,59244,18,364,,,2,/data/article?articleid=59244&ver=18
01/27/2023,39462,9,59333,3,364,,,3,/data/article?articleid=59333&ver=3
01/27/2023,39462,9,,,364,39461,6,4,https://localcoverage.cms.gov/mcd_archive/view/lcd.aspx?lcdInfo=39461:5
01/14/2024,39462,9,,,364,39767,7,5,https://localcoverage.cms.gov/mcd_archive/view/lcd.aspx?lcdInfo=39767:6
03/05/2026,39462,9,59334,3,357,,,6,/data/article?articleid=59334&ver=3
10/24/2025,38705,14,58227,20,364,,,1,/data/article?articleid=58227&ver=20
10/24/2025,38705,14,60347,4,364,,,2,/data/article?articleid=60347&ver=4
03/05/2026,38705,14,60348,4,353,,,3,/data/article?articleid=60348&ver=4
01/13/2023,39396,7,59175,11,364,,,1,/data/article?articleid=59175&ver=11
01/13/2023,39396,7,59325,4,364,,,2,/data/article?articleid=59325&ver=4
01/13/2023,39396,7,59174,4,360,,,3,https://localcoverage.cms.gov/mcd_archive/view/article.aspx?articleInfo=59174:3
01/13/2023,39396,7,,,364,39395,6,4,https://localcoverage.cms.gov/mcd_archive/view/lcd.aspx?lcdInfo=39395:5
03/05/2026,39396,7,59326,3,357,,,5,/data/article?articleid=59326&ver=3
09/13/2019,35526,43,57083,14,364,,,1,/data/article?articleid=57083&ver=14
08/28/2015,34314,53,54641,13,364,,,1,/data/article?articleid=54641&ver=13
08/31/2015,34314,53,54645,3,364,,,2,/data/article?articleid=54645&ver=3
09/01/2015,34314,53,54660,14,364,,,3,/data/article?articleid=54660&ver=14
09/17/2019,34314,53,57187,39,364,,,4,/data/article?articleid=57187&ver=39
09/14/2021,34635,37,58775,4,143,,,1,https://localcoverage.cms.gov/mcd_archive/view/article.aspx?articleInfo=58775:3
09/14/2021,34635,37,,,143,39052,4,2,https://localcoverage.cms.gov/mcd_archive/view/lcd.aspx?lcdInfo=39052:3
09/22/2021,34635,37,57474,34,143,,,3,/data/article?articleid=57474&ver=34
09/22/2021,34635,37,58907,2,143,,,4,/data/article?articleid=58907&ver=2
04/02/2014,33646,40,52848,42,297,,,1,/data/article?articleid=52848&ver=42
03/28/2019,33949,26,56472,23,228,,,2,/data/article?articleid=56472&ver=23
01/10/2017,33458,70,55428,3,378,,,1,https://localcoverage.cms.gov/mcd_archive/view/article.aspx?articleInfo=55428:2
01/10/2017,33458,70,,,378,36928,4,2,https://localcoverage.cms.gov/mcd_archive/view/lcd.aspx?lcdInfo=36928:3
06/25/2019,33458,70,56646,24,394,,,3,/data/article?articleid=56646&ver=24
09/14/2017,37254,16,,,228,37253,4,1,https://localcoverage.cms.gov/mcd_archive/view/lcd.aspx?lcdInfo=37253:3
11/08/2017,37254,16,55737,3,228,,,2,https://localcoverage.cms.gov/mcd_archive/view/article.aspx?articleInfo=55737:2
03/29/2019,37254,16,56455,12,228,,,3,/data/article?articleid=56455&ver=12
04/08/2019,33960,27,56494,17,228,,,1,/data/article?articleid=56494&ver=17
01/10/2017,36975,24,55429,3,228,,,1,https://localcoverage.cms.gov/mcd_archive/view/article.aspx?articleInfo=55429:1
01/10/2017,36975,24,,,228,36974,4,2,https://localcoverage.cms.gov/mcd_archive/view/lcd.aspx?lcdInfo=36974:3
01/23/2017,36975,24,55451,2,228,,,3,/data/article?articleid=55451&ver=2
03/28/2019,36975,24,56471,18,228,,,4,/data/article?articleid=56471&ver=18
03/29/2019,34005,34,56456,32,228,,,2,/data/article?articleid=56456&ver=32
03/29/2019,34062,42,56460,14,228,,,1,/data/article?articleid=56460&ver=14
03/28/2019,33999,21,56457,15,228,,,2,/data/article?articleid=56457&ver=15
07/31/2019,34008,23,56816,16,228,,,2,/data/article?articleid=56816&ver=16
12/14/2018,37537,20,,,143,37536,4,1,https://localcoverage.cms.gov/mcd_archive/view/lcd.aspx?lcdInfo=37536:3
12/18/2018,37537,20,56235,2,143,,,2,/data/article?articleid=56235&ver=2
12/18/2018,37537,20,55703,27,143,,,3,/data/article?articleid=55703&ver=27
12/19/2025,35490,85,54953,70,147,,,1,/data/article?articleid=54953&ver=70
05/06/2022,35490,85,56902,50,143,,,2,/data/article?articleid=56902&ver=50
10/16/2025,35490,85,57552,19,143,,,3,/data/article?articleid=57552&ver=19
04/12/2022,35490,85,57944,25,143,,,4,/data/article?articleid=57944&ver=25
10/11/2022,35490,85,58209,9,143,,,5,/data/article?articleid=58209&ver=9
04/12/2022,35490,85,58213,16,143,,,6,/data/article?articleid=58213&ver=16
04/12/2022,35490,85,58471,10,143,,,7,/data/article?articleid=58471&ver=10
04/12/2022,35490,85,58473,11,143,,,8,/data/article?articleid=58473&ver=11
04/12/2022,35490,85,59002,4,143,,,9,https://localcoverage.cms.gov/mcd_archive/view/article.aspx?articleInfo=59002:3
04/20/2022,35490,85,59090,2,143,,,10,/data/article?articleid=59090&ver=2
04/12/2022,35490,85,,,143,35121,35,11,/data/lcd?lcdid=35121&ver=35
04/12/2022,35490,85,,,143,38528,9,12,/data/lcd?lcdid=38528&ver=9
08/16/2023,35490,85,,,143,38682,13,13,/data/lcd?lcdid=38682&ver=13
04/12/2022,35490,85,,,143,38686,18,14,/data/lcd?lcdid=38686&ver=18
04/12/2022,35490,85,,,143,38837,7,15,/data/lcd?lcdid=38837&ver=7
04/12/2022,35490,85,,,143,38839,12,16,/data/lcd?lcdid=38839&ver=12
04/12/2022,35490,85,,,143,39246,4,17,https://localcoverage.cms.gov/mcd_archive/view/lcd.aspx?lcdInfo=39246:3
05/16/2023,35490,85,,,143,39612,4,18,https://localcoverage.cms.gov/mcd_archive/view/lcd.aspx?lcdInfo=39612:1
02/20/2026,40228,4,60247,6,391,,,1,/data/article?articleid=60247&ver=6
02/20/2026,40228,4,60400,4,391,,,2,/data/article?articleid=60400&ver=4
02/20/2026,40228,4,,,391,40227,5,3,/data/lcd?lcdid=40227&ver=5
02/08/2022,38176,13,55197,35,143,,,1,/data/article?articleid=55197&ver=35
12/18/2019,38176,13,57878,26,143,,,2,/data/article?articleid=57878&ver=26
12/18/2019,38176,13,57879,2,143,,,3,/data/article?articleid=57879&ver=2
12/16/2019,38176,13,,,143,38175,3,4,https://localcoverage.cms.gov/mcd_archive/view/lcd.aspx?lcdInfo=38175:2
03/09/2021,37913,17,56335,14,143,,,1,/data/article?articleid=56335&ver=14
03/02/2021,37913,17,58201,4,143,,,2,https://localcoverage.cms.gov/mcd_archive/view/article.aspx?articleInfo=58201:3
11/24/2021,37913,17,58676,2,143,,,3,/data/article?articleid=58676&ver=2
03/02/2021,37913,17,,,143,38674,4,4,https://localcoverage.cms.gov/mcd_archive/view/lcd.aspx?lcdInfo=38674:3
04/13/2016,36523,35,,,143,36522,3,1,https://localcoverage.cms.gov/mcd_archive/view/lcd.aspx?lcdInfo=36522:2
04/13/2016,36523,35,55003,2,143,,,2,/data/article?articleid=55003&ver=2
11/13/2019,36523,35,55235,15,143,,,3,/data/article?articleid=55235&ver=15
11/14/2019,36523,35,57559,20,143,,,4,/data/article?articleid=57559&ver=20
10/30/2019,34771,51,57554,52,143,,,1,/data/article?articleid=57554&ver=52
06/10/2015,35751,50,54400,2,143,,,1,/data/article?articleid=54400&ver=2
11/16/2015,35751,50,,,144,34536,36,2,/data/lcd?lcdid=34536&ver=36
10/30/2019,35751,50,57594,22,143,,,3,/data/article?articleid=57594&ver=22
06/10/2015,35753,40,54398,2,143,,,1,/data/article?articleid=54398&ver=2
10/30/2019,35753,40,57592,19,143,,,2,/data/article?articleid=57592&ver=19
08/14/2023,39616,5,59423,4,238,,,1,/data/article?articleid=59423&ver=4
08/14/2023,39616,5,59503,2,238,,,2,/data/article?articleid=59503&ver=2
04/17/2020,38288,11,57141,47,228,,,1,/data/article?articleid=57141&ver=47
04/17/2020,38288,11,58040,2,228,,,2,/data/article?articleid=58040&ver=2
06/22/2023,39521,8,59318,13,238,,,1,/data/article?articleid=59318&ver=13
06/22/2023,39521,8,59355,6,238,,,2,/data/article?articleid=59355&ver=6
02/03/2016,36159,22,54894,4,345,,,1,/data/article?articleid=54894&ver=4
02/03/2016,36159,22,,,345,36158,4,2,https://localcoverage.cms.gov/mcd_archive/view/lcd.aspx?lcdInfo=36158:3
02/03/2016,36159,22,,,351,36156,4,3,https://localcoverage.cms.gov/mcd_archive/view/lcd.aspx?lcdInfo=36156:3
10/08/2019,36159,22,57424,14,345,,,4,/data/article?articleid=57424&ver=14
02/05/2016,36192,25,54896,3,351,,,1,/data/article?articleid=54896&ver=3
02/05/2016,36192,25,,,351,36189,4,2,https://localcoverage.cms.gov/mcd_archive/view/lcd.aspx?lcdInfo=36189:3
02/05/2016,36192,25,,,345,36191,4,3,https://localcoverage.cms.gov/mcd_archive/view/lcd.aspx?lcdInfo=36191:3
10/08/2019,36192,25,57433,14,345,,,4,/data/article?articleid=57433&ver=14
03/23/2016,36362,34,54976,16,345,,,1,/data/article?articleid=54976&ver=16
03/23/2016,36362,34,54979,4,345,,,2,/data/article?articleid=54979&ver=4
09/17/2019,36362,34,57055,21,345,,,3,/data/article?articleid=57055&ver=21
03/23/2016,36362,34,,,351,36359,4,4,https://localcoverage.cms.gov/mcd_archive/view/lcd.aspx?lcdInfo=36359:3
03/23/2016,36362,34,,,345,36361,4,5,https://localcoverage.cms.gov/mcd_archive/view/lcd.aspx?lcdInfo=36361:3
03/03/2016,36386,24,,,351,36383,4,1,https://localcoverage.cms.gov/mcd_archive/view/lcd.aspx?lcdInfo=36383:3
03/03/2016,36386,24,,,345,36385,4,2,https://localcoverage.cms.gov/mcd_archive/view/lcd.aspx?lcdInfo=36385:3
10/08/2019,36386,24,57364,14,345,,,3,/data/article?articleid=57364&ver=14
10/09/2019,36544,21,57465,9,345,,,1,/data/article?articleid=57465&ver=9
05/04/2016,36544,21,,,345,36543,6,2,https://localcoverage.cms.gov/mcd_archive/view/lcd.aspx?lcdInfo=36543:5
07/20/2017,37072,25,55659,2,345,,,1,/data/article?articleid=55659&ver=2
07/20/2017,37072,25,,,345,37071,6,2,https://localcoverage.cms.gov/mcd_archive/view/lcd.aspx?lcdInfo=37071:5
11/11/2019,37072,25,57622,17,345,,,3,/data/article?articleid=57622&ver=17
05/19/2021,37311,21,57608,16,345,,,1,/data/article?articleid=57608&ver=16
05/19/2021,37311,21,58786,4,345,,,2,/data/article?articleid=58786&ver=4
05/19/2021,37311,21,,,345,38633,4,3,https://localcoverage.cms.gov/mcd_archive/view/lcd.aspx?lcdInfo=38633:3
06/10/2022,37748,31,,,345,39011,5,1,https://localcoverage.cms.gov/mcd_archive/view/lcd.aspx?lcdInfo=39011:4
06/16/2022,37748,31,59135,3,345,,,2,/data/article?articleid=59135&ver=3
06/16/2022,37748,31,57290,18,345,,,3,/data/article?articleid=57290&ver=18
03/16/2021,37824,19,57774,16,345,,,1,/data/article?articleid=57774&ver=16
03/16/2021,37824,19,58670,4,345,,,2,/data/article?articleid=58670&ver=4
02/23/2021,37824,19,,,345,38632,4,3,https://localcoverage.cms.gov/mcd_archive/view/lcd.aspx?lcdInfo=38632:3
03/27/2019,37891,24,,,345,37890,6,1,https://localcoverage.cms.gov/mcd_archive/view/lcd.aspx?lcdInfo=37890:5
03/27/2019,37891,24,56376,3,345,,,2,/data/article?articleid=56376&ver=3
10/08/2019,37891,24,57420,15,345,,,3,/data/article?articleid=57420&ver=15
09/19/2020,38333,20,,,345,38332,4,1,https://localcoverage.cms.gov/mcd_archive/view/lcd.aspx?lcdInfo=38332:3
10/14/2020,38333,20,57376,21,345,,,2,/data/article?articleid=57376&ver=21
10/14/2020,38333,20,58506,4,345,,,3,/data/article?articleid=58506&ver=4
03/19/2019,37899,14,,,345,37898,8,1,https://localcoverage.cms.gov/mcd_archive/view/lcd.aspx?lcdInfo=37898:7
04/11/2019,37899,14,56410,6,345,,,2,/data/article?articleid=56410&ver=6
10/24/2019,37899,14,57665,10,345,,,3,/data/article?articleid=57665&ver=10
06/10/2022,39007,10,,,345,39006,6,1,https://localcoverage.cms.gov/mcd_archive/view/lcd.aspx?lcdInfo=39006:5
06/13/2022,39007,10,59144,3,345,,,2,/data/article?articleid=59144&ver=3
06/23/2022,39007,10,58724,14,345,,,3,/data/article?articleid=58724&ver=14
04/01/2023,39264,8,,,345,39263,7,1,https://localcoverage.cms.gov/mcd_archive/view/lcd.aspx?lcdInfo=39263:6
04/05/2023,39264,8,59354,5,345,,,2,/data/article?articleid=59354&ver=5
04/05/2023,39264,8,59034,7,345,,,3,/data/article?articleid=59034&ver=7
05/15/2023,39375,4,,,345,39374,5,1,https://localcoverage.cms.gov/mcd_archive/view/lcd.aspx?lcdInfo=39374:4
06/15/2023,39375,4,59441,4,345,,,2,/data/article?articleid=59441&ver=4
06/15/2023,39375,4,59181,8,345,,,3,/data/article?articleid=59181&ver=8
07/26/2023,39469,9,,,345,39468,5,1,https://localcoverage.cms.gov/mcd_archive/view/lcd.aspx?lcdInfo=39468:4
08/25/2023,39469,9,59524,3,345,,,2,/data/article?articleid=59524&ver=3
08/25/2023,39469,9,59522,11,345,,,3,/data/article?articleid=59522&ver=11
08/01/2024,39688,4,59515,5,345,,,1,/data/article?articleid=59515&ver=5
08/01/2024,39688,4,59853,3,345,,,2,/data/article?articleid=59853&ver=3
06/28/2024,39594,6,59401,5,345,,,1,/data/article?articleid=59401&ver=5
06/28/2024,39594,6,59831,4,345,,,2,/data/article?articleid=59831&ver=4
08/01/2024,39680,5,59507,6,345,,,1,/data/article?articleid=59507&ver=6
08/01/2024,39680,5,59855,4,345,,,2,/data/article?articleid=59855&ver=4
06/25/2025,39946,8,59869,4,353,,,1,https://localcoverage.cms.gov/mcd_archive/view/article.aspx?articleInfo=59869:3
06/04/2025,39946,8,59870,8,353,,,2,/data/article?articleid=59870&ver=8
06/04/2025,39946,8,60207,4,353,,,3,/data/article?articleid=60207&ver=4
06/04/2025,39946,8,,,353,39945,6,4,https://localcoverage.cms.gov/mcd_archive/view/lcd.aspx?lcdInfo=39945:5
08/16/2016,36690,38,55276,2,228,,,1,/data/article?articleid=55276&ver=2
08/16/2016,36690,38,,,228,36689,6,2,https://localcoverage.cms.gov/mcd_archive/view/lcd.aspx?lcdInfo=36689:5
07/05/2019,36690,38,56696,43,228,,,3,/data/article?articleid=56696&ver=43
12/29/2025,39857,7,59726,19,228,,,1,/data/article?articleid=59726&ver=19
12/29/2025,39857,7,60352,4,228,,,2,/data/article?articleid=60352&ver=4
12/29/2025,39836,8,59714,16,391,,,1,/data/article?articleid=59714&ver=16
12/29/2025,39836,8,60349,6,391,,,2,/data/article?articleid=60349&ver=6
12/29/2025,39836,8,,,391,39835,10,3,/data/lcd?lcdid=39835&ver=10
06/10/2022,37750,32,,,364,39010,5,1,https://localcoverage.cms.gov/mcd_archive/view/lcd.aspx?lcdInfo=39010:4
06/16/2022,37750,32,59134,3,364,,,2,/data/article?articleid=59134&ver=3
06/16/2022,37750,32,57268,21,364,,,3,/data/article?articleid=57268&ver=21
01/28/2026,37750,32,59135,3,353,,,4,/data/article?articleid=59135&ver=3
02/05/2016,36188,26,54895,2,360,,,1,/data/article?articleid=54895&ver=2
02/05/2016,36188,26,,,360,36095,4,2,https://localcoverage.cms.gov/mcd_archive/view/lcd.aspx?lcdInfo=36095:3
02/05/2016,36188,26,,,364,36187,4,3,https://localcoverage.cms.gov/mcd_archive/view/lcd.aspx?lcdInfo=36187:3
10/08/2019,36188,26,57432,12,364,,,4,/data/article?articleid=57432&ver=12
01/28/2026,36188,26,54896,3,357,,,5,/data/article?articleid=54896&ver=3
05/30/2023,39373,6,,,364,39372,5,1,https://localcoverage.cms.gov/mcd_archive/view/lcd.aspx?lcdInfo=39372:4
06/15/2023,39373,6,59440,6,364,,,2,/data/article?articleid=59440&ver=6
06/15/2023,39373,6,59179,10,364,,,3,/data/article?articleid=59179&ver=10
01/28/2026,39373,6,59441,4,352,,,4,/data/article?articleid=59441&ver=4
06/28/2024,39589,4,59386,4,364,,,1,/data/article?articleid=59386&ver=4
06/28/2024,39589,4,59830,5,364,,,2,/data/article?articleid=59830&ver=5
01/28/2026,39589,4,59831,4,353,,,3,/data/article?articleid=59831&ver=4
07/26/2023,39467,9,,,364,39466,6,1,https://localcoverage.cms.gov/mcd_archive/view/lcd.aspx?lcdInfo=39466:5
08/25/2023,39467,9,59523,3,364,,,2,/data/article?articleid=59523&ver=3
08/25/2023,39467,9,59521,11,364,,,3,/data/article?articleid=59521&ver=11
01/28/2026,39467,9,59524,3,353,,,4,/data/article?articleid=59524&ver=3
08/01/2024,39678,5,59505,5,364,,,1,/data/article?articleid=59505&ver=5
08/01/2024,39678,5,59854,4,364,,,2,/data/article?articleid=59854&ver=4
01/28/2026,39678,5,59855,4,353,,,3,/data/article?articleid=59855&ver=4
06/13/2022,39005,9,59142,4,364,,,1,/data/article?articleid=59142&ver=4
06/10/2022,39005,9,,,364,39004,7,2,https://localcoverage.cms.gov/mcd_archive/view/lcd.aspx?lcdInfo=39004:6
06/23/2022,39005,9,58718,16,364,,,3,/data/article?articleid=58718&ver=16
01/28/2026,39005,9,59144,3,352,,,4,/data/article?articleid=59144&ver=3
04/01/2023,39262,8,,,364,39261,8,1,https://localcoverage.cms.gov/mcd_archive/view/lcd.aspx?lcdInfo=39261:7
04/05/2023,39262,8,59353,5,364,,,2,/data/article?articleid=59353&ver=5
04/05/2023,39262,8,59032,7,364,,,3,/data/article?articleid=59032&ver=7
01/28/2026,39262,8,59354,5,353,,,4,/data/article?articleid=59354&ver=5
09/19/2020,38331,25,,,364,38330,5,1,https://localcoverage.cms.gov/mcd_archive/view/lcd.aspx?lcdInfo=38330:4
10/14/2020,38331,25,57124,21,364,,,2,/data/article?articleid=57124&ver=21
10/14/2020,38331,25,58505,4,364,,,3,/data/article?articleid=58505&ver=4
01/28/2026,38331,25,58506,4,353,,,4,/data/article?articleid=58506&ver=4
03/03/2016,36380,27,,,360,36319,5,1,https://localcoverage.cms.gov/mcd_archive/view/lcd.aspx?lcdInfo=36319:4
03/03/2016,36380,27,,,364,36379,5,2,https://localcoverage.cms.gov/mcd_archive/view/lcd.aspx?lcdInfo=36379:4
10/08/2019,36380,27,57363,14,364,,,3,/data/article?articleid=57363&ver=14
03/16/2021,37822,19,57773,17,364,,,1,/data/article?articleid=57773&ver=17
03/16/2021,37822,19,58669,4,364,,,2,/data/article?articleid=58669&ver=4
02/23/2021,37822,19,,,364,38630,5,3,https://localcoverage.cms.gov/mcd_archive/view/lcd.aspx?lcdInfo=38630:4
01/28/2026,37822,19,58670,4,353,,,4,/data/article?articleid=58670&ver=4
07/20/2017,37070,26,55657,4,364,,,1,/data/article?articleid=55657&ver=4
07/20/2017,37070,26,,,364,37069,5,2,https://localcoverage.cms.gov/mcd_archive/view/lcd.aspx?lcdInfo=37069:4
11/11/2019,37070,26,57621,17,364,,,3,/data/article?articleid=57621&ver=17
01/28/2026,37070,26,55659,2,357,,,4,/data/article?articleid=55659&ver=2
05/19/2021,37295,22,57607,15,360,,,1,/data/article?articleid=57607&ver=15
05/19/2021,37295,22,58783,4,360,,,2,/data/article?articleid=58783&ver=4
05/19/2021,37295,22,,,360,38631,5,3,https://localcoverage.cms.gov/mcd_archive/view/lcd.aspx?lcdInfo=38631:4
01/28/2026,37295,22,58786,4,353,,,4,/data/article?articleid=58786&ver=4
03/27/2019,37887,25,,,364,37886,5,1,https://localcoverage.cms.gov/mcd_archive/view/lcd.aspx?lcdInfo=37886:4
03/27/2019,37887,25,56375,3,364,,,2,/data/article?articleid=56375&ver=3
10/08/2019,37887,25,57419,16,364,,,3,/data/article?articleid=57419&ver=16
01/28/2026,37887,25,56376,3,357,,,4,/data/article?articleid=56376&ver=3
08/01/2024,39686,4,59513,4,364,,,1,/data/article?articleid=59513&ver=4
08/01/2024,39686,4,59851,3,364,,,2,/data/article?articleid=59851&ver=3
01/28/2026,39686,4,59853,3,357,,,3,/data/article?articleid=59853&ver=3
06/04/2025,39944,7,59868,8,360,,,1,/data/article?articleid=59868&ver=8
06/04/2025,39944,7,60206,4,360,,,2,/data/article?articleid=60206&ver=4
06/04/2025,39944,7,,,360,39943,5,3,https://localcoverage.cms.gov/mcd_archive/view/lcd.aspx?lcdInfo=39943:4
06/25/2025,39944,7,59867,4,360,,,4,https://localcoverage.cms.gov/mcd_archive/view/article.aspx?articleInfo=59867:3
01/28/2026,39944,7,60207,4,353,,,5,/data/article?articleid=60207&ver=4
02/03/2016,36155,23,54893,4,364,,,1,/data/article?articleid=54893&ver=4
02/03/2016,36155,23,,,360,36132,5,2,https://localcoverage.cms.gov/mcd_archive/view/lcd.aspx?lcdInfo=36132:4
02/03/2016,36155,23,,,364,36154,6,3,https://localcoverage.cms.gov/mcd_archive/view/lcd.aspx?lcdInfo=36154:5
10/08/2019,36155,23,57423,16,364,,,4,/data/article?articleid=57423&ver=16
01/28/2026,36155,23,54894,4,353,,,5,/data/article?articleid=54894&ver=4
05/04/2016,36551,21,,,364,36550,5,1,https://localcoverage.cms.gov/mcd_archive/view/lcd.aspx?lcdInfo=36550:4
10/08/2019,36551,21,57441,8,364,,,2,/data/article?articleid=57441&ver=8
03/19/2019,37897,18,,,364,37896,8,1,https://localcoverage.cms.gov/mcd_archive/view/lcd.aspx?lcdInfo=37896:7
04/11/2019,37897,18,56411,4,364,,,2,/data/article?articleid=56411&ver=4
10/24/2019,37897,18,57664,11,364,,,3,/data/article?articleid=57664&ver=11
03/23/2016,36358,39,54975,17,364,,,1,/data/article?articleid=54975&ver=17
03/23/2016,36358,39,54978,3,364,,,2,/data/article?articleid=54978&ver=3
09/17/2019,36358,39,57037,24,364,,,3,/data/article?articleid=57037&ver=24
03/23/2016,36358,39,,,360,36317,4,4,https://localcoverage.cms.gov/mcd_archive/view/lcd.aspx?lcdInfo=36317:3
03/23/2016,36358,39,,,364,36357,4,5,https://localcoverage.cms.gov/mcd_archive/view/lcd.aspx?lcdInfo=36357:3
01/28/2026,36358,39,54979,4,357,,,6,/data/article?articleid=54979&ver=4
03/06/2017,33827,55,55426,132,139,,,1,/data/article?articleid=55426&ver=132
04/04/2014,33827,55,52480,90,139,,,2,/data/article?articleid=52480&ver=90
03/20/2017,33826,22,55426,132,139,,,1,/data/article?articleid=55426&ver=132
04/04/2014,33826,22,52479,73,139,,,2,/data/article?articleid=52479&ver=73
04/19/2017,33824,56,55426,132,139,,,1,/data/article?articleid=55426&ver=132
04/04/2014,33824,56,52474,40,139,,,2,/data/article?articleid=52474&ver=40
12/29/2025,35172,72,57186,43,345,,,1,/data/article?articleid=57186&ver=43
12/29/2025,35172,72,60366,4,345,,,2,/data/article?articleid=60366&ver=4
12/29/2025,35170,60,60365,3,364,,,1,/data/article?articleid=60365&ver=3
12/29/2025,35170,60,57185,43,364,,,2,/data/article?articleid=57185&ver=43
06/10/2015,35755,35,54402,2,143,,,1,/data/article?articleid=54402&ver=2
10/30/2019,35755,35,57591,25,143,,,2,/data/article?articleid=57591&ver=25
12/12/2023,34648,31,56907,24,143,,,1,/data/article?articleid=56907&ver=24
12/12/2023,34648,31,59561,3,143,,,2,/data/article?articleid=59561&ver=3
12/12/2023,34648,31,,,143,39721,4,3,https://localcoverage.cms.gov/mcd_archive/view/lcd.aspx?lcdInfo=39721:3
12/20/2023,34648,31,59622,2,143,,,4,/data/article?articleid=59622&ver=2
04/07/2015,34528,38,,,143,34635,37,1,/data/lcd?lcdid=34635&ver=37
08/20/2019,34528,38,56908,19,143,,,2,/data/article?articleid=56908&ver=19
05/05/2017,37011,24,,,143,37010,3,1,https://localcoverage.cms.gov/mcd_archive/view/lcd.aspx?lcdInfo=37010:2
11/21/2019,37011,24,57587,9,143,,,3,/data/article?articleid=57587&ver=9
10/30/2019,34623,38,57604,16,143,,,1,/data/article?articleid=57604&ver=16
12/07/2022,39391,9,59170,5,391,,,1,/data/article?articleid=59170&ver=5
12/07/2022,39391,9,59276,2,391,,,2,/data/article?articleid=59276&ver=2
12/07/2022,39391,9,,,391,39390,7,3,https://localcoverage.cms.gov/mcd_archive/view/lcd.aspx?lcdInfo=39390:6
02/12/2019,37602,18,,,378,37601,6,1,https://localcoverage.cms.gov/mcd_archive/view/lcd.aspx?lcdInfo=37601:5
02/21/2019,37602,18,56329,4,378,,,2,/data/article?articleid=56329&ver=4
08/13/2019,37602,18,56913,13,378,,,3,/data/article?articleid=56913&ver=13
12/22/2025,34410,46,56605,22,391,,,1,/data/article?articleid=56605&ver=22
12/22/2025,34410,46,60382,5,391,,,2,/data/article?articleid=60382&ver=5
12/22/2025,34410,46,,,391,40037,4,3,/data/lcd?lcdid=40037&ver=4
11/22/2019,33907,16,57802,16,370,,,1,/data/article?articleid=57802&ver=16
01/31/2025,39553,24,59350,27,391,,,1,/data/article?articleid=59350&ver=27
01/31/2025,39553,24,59965,3,391,,,2,/data/article?articleid=59965&ver=3
01/31/2025,39553,24,,,391,39915,6,3,https://localcoverage.cms.gov/mcd_archive/view/lcd.aspx?lcdInfo=39915:5
12/18/2020,38786,10,58503,12,391,,,1,/data/article?articleid=58503&ver=12
12/18/2020,38786,10,58549,3,391,,,2,/data/article?articleid=58549&ver=3
12/18/2020,38786,10,,,391,38785,5,3,https://localcoverage.cms.gov/mcd_archive/view/lcd.aspx?lcdInfo=38785:4
05/21/2024,39780,5,59654,4,391,,,1,/data/article?articleid=59654&ver=4
05/21/2024,39780,5,59759,2,391,,,2,/data/article?articleid=59759&ver=2
05/21/2024,39780,5,,,391,39779,6,3,https://localcoverage.cms.gov/mcd_archive/view/lcd.aspx?lcdInfo=39779:5
12/04/2025,33318,63,52465,72,140,,,1,/data/article?articleid=52465&ver=72
12/04/2025,33318,63,55426,132,140,,,2,/data/article?articleid=55426&ver=132
12/04/2025,33318,63,60371,4,140,,,3,/data/article?articleid=60371&ver=4
10/24/2018,37598,21,56177,2,228,,,1,/data/article?articleid=56177&ver=2
10/24/2018,37598,21,,,228,37597,4,2,https://localcoverage.cms.gov/mcd_archive/view/lcd.aspx?lcdInfo=37597:3
08/29/2019,37598,21,56988,17,238,,,3,/data/article?articleid=56988&ver=17
03/22/2019,33943,24,56425,16,228,,,1,/data/article?articleid=56425&ver=16
03/25/2019,33950,38,56448,22,228,,,1,/data/article?articleid=56448&ver=22
11/24/2025,40224,3,60245,3,228,,,1,/data/article?articleid=60245&ver=3
11/24/2025,40224,3,60362,4,228,,,2,/data/article?articleid=60362&ver=4
11/24/2025,40224,3,,,228,40223,5,3,/data/lcd?lcdid=40223&ver=5
02/13/2019,37921,18,,,143,37920,5,2,https://localcoverage.cms.gov/mcd_archive/view/lcd.aspx?lcdInfo=37920:4
02/19/2019,37921,18,56336,2,143,,,3,/data/article?articleid=56336&ver=2
02/19/2019,37921,18,56333,11,143,,,4,/data/article?articleid=56333&ver=11
03/04/2021,38201,25,58462,5,238,,,1,/data/article?articleid=58462&ver=5
03/04/2021,38201,25,57282,18,238,,,2,/data/article?articleid=57282&ver=18
03/05/2021,38201,25,56951,5,228,,,3,https://localcoverage.cms.gov/mcd_archive/view/article.aspx?articleInfo=56951:4
03/05/2021,38201,25,,,228,38665,6,4,https://localcoverage.cms.gov/mcd_archive/view/lcd.aspx?lcdInfo=38665:5
07/01/2022,38737,19,59138,3,391,,,1,/data/article?articleid=59138&ver=3
07/01/2022,38737,19,58275,9,391,,,2,/data/article?articleid=58275&ver=9
07/01/2022,38737,19,,,391,39254,4,3,https://localcoverage.cms.gov/mcd_archive/view/lcd.aspx?lcdInfo=39254:3
11/18/2020,34228,54,56572,22,364,,,1,/data/article?articleid=56572&ver=22
11/18/2020,34228,54,58534,3,364,,,2,/data/article?articleid=58534&ver=3
10/19/2020,34228,54,,,364,38640,5,3,https://localcoverage.cms.gov/mcd_archive/view/lcd.aspx?lcdInfo=38640:4
11/11/2025,34228,54,58535,3,356,,,4,/data/article?articleid=58535&ver=3
03/22/2019,32553,21,56424,20,228,,,2,/data/article?articleid=56424&ver=20
09/14/2024,38662,18,58127,19,228,,,1,/data/article?articleid=58127&ver=19
09/14/2024,38662,18,59909,3,228,,,2,/data/article?articleid=59909&ver=3
09/14/2024,38662,18,,,228,38787,8,3,https://localcoverage.cms.gov/mcd_archive/view/lcd.aspx?lcdInfo=38787:7
09/02/2025,40052,5,59978,4,345,,,1,/data/article?articleid=59978&ver=4
09/02/2025,40052,5,60282,3,345,,,2,/data/article?articleid=60282&ver=3
03/19/2018,37549,22,,,345,37548,6,1,https://localcoverage.cms.gov/mcd_archive/view/lcd.aspx?lcdInfo=37548:5
04/19/2018,37549,22,55938,2,345,,,2,/data/article?articleid=55938&ver=2
10/15/2019,37549,22,57498,14,345,,,3,/data/article?articleid=57498&ver=14
05/17/2017,36868,25,,,345,36867,7,1,https://localcoverage.cms.gov/mcd_archive/view/lcd.aspx?lcdInfo=36867:6
05/18/2017,36868,25,55558,8,345,,,2,/data/article?articleid=55558&ver=8
10/03/2019,36868,25,57343,31,345,,,3,/data/article?articleid=57343&ver=31
03/14/2017,36680,26,,,345,36679,6,2,https://localcoverage.cms.gov/mcd_archive/view/lcd.aspx?lcdInfo=36679:5
03/16/2017,36680,26,55458,7,345,,,3,/data/article?articleid=55458&ver=7
03/16/2017,36680,26,55029,36,345,,,4,/data/article?articleid=55029&ver=36
05/25/2016,36573,17,55076,6,345,,,1,/data/article?articleid=55076&ver=6
05/25/2016,36573,17,,,345,36572,5,2,https://localcoverage.cms.gov/mcd_archive/view/lcd.aspx?lcdInfo=36572:4
11/16/2019,36573,17,57684,11,345,,,3,/data/article?articleid=57684&ver=11
01/17/2018,37283,23,,,345,37282,6,1,https://localcoverage.cms.gov/mcd_archive/view/lcd.aspx?lcdInfo=37282:5
10/03/2019,37283,23,57327,36,345,,,2,/data/article?articleid=57327&ver=36
04/09/2018,36094,58,55934,4,345,,,1,https://localcoverage.cms.gov/mcd_archive/view/article.aspx?articleInfo=55934:3
11/26/2019,36094,58,57690,39,345,,,2,/data/article?articleid=57690&ver=39
05/25/2016,36577,17,55077,5,345,,,1,/data/article?articleid=55077&ver=5
05/25/2016,36577,17,,,345,36576,4,2,https://localcoverage.cms.gov/mcd_archive/view/lcd.aspx?lcdInfo=36576:3
11/19/2019,36577,17,57686,12,345,,,3,/data/article?articleid=57686&ver=12
11/18/2020,34106,47,56573,21,345,,,1,/data/article?articleid=56573&ver=21
11/18/2020,34106,47,58535,3,345,,,2,/data/article?articleid=58535&ver=3
12/06/2020,34106,47,,,345,38641,5,3,https://localcoverage.cms.gov/mcd_archive/view/lcd.aspx?lcdInfo=38641:4
06/04/2020,38284,13,58038,10,228,,,1,/data/article?articleid=58038&ver=10
06/04/2020,38284,13,58039,4,228,,,2,/data/article?articleid=58039&ver=4
08/23/2016,36675,19,55305,2,228,,,1,/data/article?articleid=55305&ver=2
08/23/2016,36675,19,,,228,36674,4,2,https://localcoverage.cms.gov/mcd_archive/view/lcd.aspx?lcdInfo=36674:3
09/05/2019,36675,19,57034,11,238,,,3,/data/article?articleid=57034&ver=11
11/04/2021,38822,8,58434,34,228,,,1,/data/article?articleid=58434&ver=34
11/04/2021,38822,8,58916,3,228,,,2,/data/article?articleid=58916&ver=3
09/24/2021,38822,8,,,228,38821,4,3,https://localcoverage.cms.gov/mcd_archive/view/lcd.aspx?lcdInfo=38821:3
01/07/2022,38822,8,58998,19,238,,,4,/data/article?articleid=58998&ver=19
01/31/2025,34045,38,56697,44,228,,,1,/data/article?articleid=56697&ver=44
04/18/2025,34045,38,60198,2,228,,,3,/data/article?articleid=60198&ver=2
04/18/2025,34045,38,,,228,40001,5,4,https://localcoverage.cms.gov/mcd_archive/view/lcd.aspx?lcdInfo=40001:4
09/30/2022,39284,12,59066,10,228,,,1,/data/article?articleid=59066&ver=10
09/30/2022,39284,12,59242,2,228,,,2,/data/article?articleid=59242&ver=2
09/30/2022,39284,12,,,228,39283,5,3,https://localcoverage.cms.gov/mcd_archive/view/lcd.aspx?lcdInfo=39283:4
04/08/2019,33959,36,56500,39,228,,,1,/data/article?articleid=56500&ver=39
03/25/2019,33944,27,56439,18,228,,,1,/data/article?articleid=56439&ver=18
04/08/2019,33946,17,56493,13,228,,,1,/data/article?articleid=56493&ver=13
05/25/2016,36575,21,55079,5,364,,,1,/data/article?articleid=55079&ver=5
05/25/2016,36575,21,,,364,36574,6,2,https://localcoverage.cms.gov/mcd_archive/view/lcd.aspx?lcdInfo=36574:5
11/19/2019,36575,21,57685,15,364,,,3,/data/article?articleid=57685&ver=15
11/11/2025,36575,21,55077,5,354,,,4,/data/article?articleid=55077&ver=5
05/25/2016,34163,33,55072,6,364,,,1,/data/article?articleid=55072&ver=6
05/25/2016,34163,33,,,364,36545,11,2,https://localcoverage.cms.gov/mcd_archive/view/lcd.aspx?lcdInfo=36545:10
11/16/2019,34163,33,57683,11,364,,,3,/data/article?articleid=57683&ver=11
11/11/2025,34163,33,55076,6,356,,,4,/data/article?articleid=55076&ver=6
03/16/2017,36678,33,55457,7,364,,,1,/data/article?articleid=55457&ver=7
03/16/2017,36678,33,55028,45,364,,,2,/data/article?articleid=55028&ver=45
09/05/2018,36678,33,,,364,36677,7,3,https://localcoverage.cms.gov/mcd_archive/view/lcd.aspx?lcdInfo=36677:7
01/17/2018,34315,41,,,364,37268,9,1,https://localcoverage.cms.gov/mcd_archive/view/lcd.aspx?lcdInfo=37268:8
10/03/2019,34315,41,57326,42,364,,,2,/data/article?articleid=57326&ver=42
04/09/2018,34215,59,55933,4,364,,,1,https://localcoverage.cms.gov/mcd_archive/view/article.aspx?articleInfo=55933:3
11/26/2019,34215,59,57689,44,364,,,2,/data/article?articleid=57689&ver=44
09/02/2025,40050,6,59976,4,364,,,1,/data/article?articleid=59976&ver=4
09/02/2025,40050,6,60281,2,364,,,2,/data/article?articleid=60281&ver=2
11/11/2025,40050,6,60282,3,352,,,3,/data/article?articleid=60282&ver=3
03/19/2018,37547,22,,,364,37546,7,1,https://localcoverage.cms.gov/mcd_archive/view/lcd.aspx?lcdInfo=37546:6
04/19/2018,37547,22,55936,2,364,,,2,/data/article?articleid=55936&ver=2
10/15/2019,37547,22,57497,15,364,,,3,/data/article?articleid=57497&ver=15
11/11/2025,37547,22,55938,2,357,,,4,/data/article?articleid=55938&ver=2
10/24/2025,38549,17,58008,22,391,,,1,/data/article?articleid=58008&ver=22
10/24/2025,38549,17,60343,3,391,,,2,/data/article?articleid=60343&ver=3
10/24/2025,38549,17,,,391,40208,6,3,/data/lcd?lcdid=40208&ver=6
03/09/2017,33792,43,55426,132,388,,,1,/data/article?articleid=55426&ver=132
04/04/2014,33792,43,52504,61,138,,,2,/data/article?articleid=52504&ver=61
04/12/2017,33789,38,55426,132,388,,,1,/data/article?articleid=55426&ver=132
04/04/2014,33789,38,52498,64,138,,,2,/data/article?articleid=52498&ver=64
04/25/2017,33739,23,55426,132,140,,,1,/data/article?articleid=55426&ver=132
04/03/2014,33739,23,52469,28,140,,,2,/data/article?articleid=52469&ver=28
07/12/2016,33979,36,55155,3,345,,,1,/data/article?articleid=55155&ver=3
09/18/2019,33979,36,57162,17,345,,,2,/data/article?articleid=57162&ver=17
05/06/2019,35704,22,56515,21,345,,,1,/data/article?articleid=56515&ver=21
08/16/2018,35175,64,56067,9,345,,,1,/data/article?articleid=56067&ver=9
08/16/2018,35175,64,,,345,37284,14,2,https://localcoverage.cms.gov/mcd_archive/view/lcd.aspx?lcdInfo=37284:13
09/19/2019,35175,64,57215,41,345,,,3,/data/article?articleid=57215&ver=41
09/22/2023,39118,6,58867,23,345,,,1,/data/article?articleid=58867&ver=23
09/22/2023,39118,6,59542,3,345,,,2,/data/article?articleid=59542&ver=3
07/20/2017,37062,25,,,345,37061,7,1,https://localcoverage.cms.gov/mcd_archive/view/lcd.aspx?lcdInfo=37061:6
07/25/2017,37062,25,55662,3,345,,,2,/data/article?articleid=55662&ver=3
10/07/2019,37062,25,57357,16,345,,,3,/data/article?articleid=57357&ver=16
01/02/2024,38659,18,58138,20,345,,,1,/data/article?articleid=58138&ver=20
01/02/2024,38659,18,59616,4,345,,,2,/data/article?articleid=59616&ver=4
05/30/2018,37281,23,,,345,37280,5,1,https://localcoverage.cms.gov/mcd_archive/view/lcd.aspx?lcdInfo=37280:4
07/02/2018,37281,23,56018,2,345,,,2,/data/article?articleid=56018&ver=2
09/20/2019,37281,23,57207,33,345,,,3,/data/article?articleid=57207&ver=33
03/25/2019,37622,18,,,345,37621,8,1,https://localcoverage.cms.gov/mcd_archive/view/lcd.aspx?lcdInfo=37621:7
04/03/2019,37622,18,56447,5,345,,,2,/data/article?articleid=56447&ver=5
10/24/2019,37622,18,57662,15,345,,,3,/data/article?articleid=57662&ver=15
09/17/2024,38301,26,57864,36,357,,,1,/data/article?articleid=57864&ver=36
09/17/2024,38301,26,59897,4,357,,,2,/data/article?articleid=59897&ver=4
04/09/2016,36526,33,54991,4,345,,,1,/data/article?articleid=54991&ver=4
04/09/2016,36526,33,54992,43,345,,,2,/data/article?articleid=54992&ver=43
06/21/2018,37360,22,,,345,37359,6,1,https://localcoverage.cms.gov/mcd_archive/view/lcd.aspx?lcdInfo=37359:5
06/26/2018,37360,22,55531,34,345,,,2,/data/article?articleid=55531&ver=34
06/26/2018,37360,22,56042,3,345,,,3,/data/article?articleid=56042&ver=3
03/14/2017,36706,23,,,345,36705,4,1,https://localcoverage.cms.gov/mcd_archive/view/lcd.aspx?lcdInfo=36705:3
10/29/2019,36706,23,57609,11,345,,,2,/data/article?articleid=57609&ver=11
12/15/2022,36706,23,55471,3,345,,,3,/data/article?articleid=55471&ver=3
02/07/2024,36859,27,57702,23,345,,,1,/data/article?articleid=57702&ver=23
02/07/2024,36859,27,59652,3,345,,,2,/data/article?articleid=59652&ver=3
12/23/2024,39812,14,59697,6,357,,,1,/data/article?articleid=59697&ver=6
12/23/2024,39812,14,59962,4,357,,,2,/data/article?articleid=59962&ver=4
12/23/2024,39812,14,,,357,39811,5,3,https://localcoverage.cms.gov/mcd_archive/view/lcd.aspx?lcdInfo=39811:4
06/18/2021,33800,43,52517,50,389,,,1,/data/article?articleid=52517&ver=50
06/22/2021,33800,43,55426,132,389,,,2,/data/article?articleid=55426&ver=132
06/18/2021,33800,43,58822,3,389,,,3,/data/article?articleid=58822&ver=3
10/23/2019,35498,30,57482,25,143,,,1,/data/article?articleid=57482&ver=25
10/23/2019,34616,44,57480,31,143,,,1,/data/article?articleid=57480&ver=31
02/18/2015,34596,52,,,143,34771,51,1,/data/lcd?lcdid=34771&ver=51
08/19/2019,34596,52,56900,23,143,,,2,/data/article?articleid=56900&ver=23
07/22/2015,35998,36,54562,3,143,,,1,/data/article?articleid=54562&ver=3
10/30/2019,35998,36,57590,15,143,,,2,/data/article?articleid=57590&ver=15
07/13/2017,37199,16,,,143,37198,3,1,https://localcoverage.cms.gov/mcd_archive/view/lcd.aspx?lcdInfo=37198:2
07/21/2017,37199,16,55648,2,143,,,2,/data/article?articleid=55648&ver=2
11/18/2019,37199,16,57583,9,143,,,3,/data/article?articleid=57583&ver=9
11/04/2021,38835,8,58468,41,143,,,1,/data/article?articleid=58468&ver=41
11/04/2021,38835,8,58930,2,143,,,2,/data/article?articleid=58930&ver=2
01/11/2022,38835,8,59004,20,143,,,3,/data/article?articleid=59004&ver=20
10/27/2021,38835,8,,,143,38834,3,4,https://localcoverage.cms.gov/mcd_archive/view/lcd.aspx?lcdInfo=38834:2
01/26/2021,35121,35,56902,50,143,,,1,/data/article?articleid=56902&ver=50
10/30/2019,35121,35,57552,19,143,,,2,/data/article?articleid=57552&ver=19
01/11/2022,35121,35,59002,4,143,,,3,https://localcoverage.cms.gov/mcd_archive/view/article.aspx?articleInfo=59002:1
05/15/2024,35121,35,59812,3,143,,,4,https://localcoverage.cms.gov/mcd_archive/view/article.aspx?articleInfo=59812:1
09/26/2024,35121,35,59813,6,143,,,5,/data/article?articleid=59813&ver=6
01/26/2021,35121,35,,,143,35490,85,6,/data/lcd?lcdid=35490&ver=85
01/11/2022,35121,35,,,143,39246,4,7,https://localcoverage.cms.gov/mcd_archive/view/lcd.aspx?lcdInfo=39246:1
05/21/2024,35121,35,,,143,39912,4,8,https://localcoverage.cms.gov/mcd_archive/view/lcd.aspx?lcdInfo=39912:2
09/26/2024,35121,35,,,143,39913,7,9,/data/lcd?lcdid=39913&ver=7
02/17/2015,34761,34,,,143,34598,16,1,https://localcoverage.cms.gov/mcd_archive/view/lcd.aspx?lcdInfo=34598:6
10/24/2019,34761,34,57479,18,143,,,2,/data/article?articleid=57479&ver=18
10/30/2019,35124,25,57551,14,143,,,1,/data/article?articleid=57551&ver=14
10/21/2025,38682,13,58209,9,143,,,1,/data/article?articleid=58209&ver=9
10/21/2025,38682,13,60346,2,143,,,2,/data/article?articleid=60346&ver=2
10/13/2025,38682,13,,,143,40194,3,3,/data/lcd?lcdid=40194&ver=3
12/13/2016,33445,79,55403,3,374,,,1,https://localcoverage.cms.gov/mcd_archive/view/article.aspx?articleInfo=55403:2
12/13/2016,33445,79,,,374,36927,4,2,https://localcoverage.cms.gov/mcd_archive/view/lcd.aspx?lcdInfo=36927:3
02/15/2019,33445,79,56346,27,391,,,3,/data/article?articleid=56346&ver=27
07/26/2017,37379,42,55668,3,374,,,1,https://localcoverage.cms.gov/mcd_archive/view/article.aspx?articleInfo=55668:2
07/26/2017,37379,42,,,374,37378,14,2,https://localcoverage.cms.gov/mcd_archive/view/lcd.aspx?lcdInfo=37378:13
06/06/2019,37379,42,56625,36,391,,,3,/data/article?articleid=56625&ver=36
03/10/2021,37832,23,56884,13,228,,,1,/data/article?articleid=56884&ver=13
03/10/2021,37832,23,58647,3,228,,,2,/data/article?articleid=58647&ver=3
03/10/2021,37832,23,,,228,38588,5,3,https://localcoverage.cms.gov/mcd_archive/view/lcd.aspx?lcdInfo=38588:4
06/12/2020,38394,13,58178,3,228,,,1,/data/article?articleid=58178&ver=3
06/12/2020,38394,13,,,228,38393,5,2,https://localcoverage.cms.gov/mcd_archive/view/lcd.aspx?lcdInfo=38393:4
07/20/2020,38394,13,58324,35,228,,,3,/data/article?articleid=58324&ver=35
01/25/2020,38310,11,57938,8,364,,,1,/data/article?articleid=57938&ver=8
01/25/2020,38310,11,,,364,38309,11,2,https://localcoverage.cms.gov/mcd_archive/view/lcd.aspx?lcdInfo=38309:10
01/25/2020,38310,11,57948,38,364,,,3,/data/article?articleid=57948&ver=38
10/23/2025,38310,11,57947,4,352,,,4,/data/article?articleid=57947&ver=4
10/17/2024,39883,9,59771,6,357,,,1,/data/article?articleid=59771&ver=6
10/17/2024,39883,9,59936,3,357,,,2,/data/article?articleid=59936&ver=3
01/25/2020,38312,5,57947,4,345,,,2,/data/article?articleid=57947&ver=4
01/25/2020,38312,5,57949,21,345,,,3,/data/article?articleid=57949&ver=21
01/25/2020,38312,5,,,345,38311,11,4,https://localcoverage.cms.gov/mcd_archive/view/lcd.aspx?lcdInfo=38311:10
07/19/2018,37630,21,,,345,37629,9,1,https://localcoverage.cms.gov/mcd_archive/view/lcd.aspx?lcdInfo=37629:8
08/14/2018,37630,21,56073,22,345,,,2,/data/article?articleid=56073&ver=22
08/16/2018,37630,21,56077,5,345,,,3,/data/article?articleid=56077&ver=5
05/15/2017,36889,25,,,345,36888,4,1,https://localcoverage.cms.gov/mcd_archive/view/lcd.aspx?lcdInfo=36888:3
05/17/2017,36889,25,55554,6,345,,,2,/data/article?articleid=55554&ver=6
09/19/2019,36889,25,57184,22,345,,,3,/data/article?articleid=57184&ver=22
12/18/2018,37504,17,,,345,37503,8,1,https://localcoverage.cms.gov/mcd_archive/view/lcd.aspx?lcdInfo=37503:7
12/21/2018,37504,17,55676,24,345,,,2,/data/article?articleid=55676&ver=24
12/21/2018,37504,17,56241,8,345,,,3,/data/article?articleid=56241&ver=8
04/28/2017,36866,18,,,345,36865,4,1,https://localcoverage.cms.gov/mcd_archive/view/lcd.aspx?lcdInfo=36865:3
06/01/2017,36866,18,55528,5,345,,,2,/data/article?articleid=55528&ver=5
09/19/2019,36866,18,57238,10,345,,,3,/data/article?articleid=57238&ver=10
07/20/2017,37068,23,,,345,37067,6,1,https://localcoverage.cms.gov/mcd_archive/view/lcd.aspx?lcdInfo=37067:5
10/21/2017,37068,23,55770,11,345,,,2,/data/article?articleid=55770&ver=11
03/29/2017,36857,17,,,345,36856,6,1,https://localcoverage.cms.gov/mcd_archive/view/lcd.aspx?lcdInfo=36856:5
10/31/2019,36857,17,57613,8,345,,,3,/data/article?articleid=57613&ver=8
08/11/2017,37020,26,55685,5,345,,,1,/data/article?articleid=55685&ver=5
08/11/2017,37020,26,,,345,37019,6,2,https://localcoverage.cms.gov/mcd_archive/view/lcd.aspx?lcdInfo=37019:5
09/20/2019,37020,26,57222,21,345,,,3,/data/article?articleid=57222&ver=21
09/15/2023,37293,28,57225,52,345,,,1,/data/article?articleid=57225&ver=52
09/15/2023,37293,28,59532,4,345,,,2,/data/article?articleid=59532&ver=4
09/15/2023,37293,28,,,345,39605,4,3,https://localcoverage.cms.gov/mcd_archive/view/lcd.aspx?lcdInfo=39605:3
09/20/2019,36286,22,57191,10,345,,,1,/data/article?articleid=57191&ver=10
01/10/2017,36700,16,55362,3,345,,,1,/data/article?articleid=55362&ver=3
01/11/2017,36700,16,,,345,36699,5,2,https://localcoverage.cms.gov/mcd_archive/view/lcd.aspx?lcdInfo=36699:4
09/20/2019,36700,16,57198,27,345,,,3,/data/article?articleid=57198&ver=27
03/22/2016,36204,23,54981,3,345,,,1,/data/article?articleid=54981&ver=3
03/22/2016,36204,23,,,345,36203,4,2,https://localcoverage.cms.gov/mcd_archive/view/lcd.aspx?lcdInfo=36203:3
03/22/2016,36204,23,,,351,36201,4,3,https://localcoverage.cms.gov/mcd_archive/view/lcd.aspx?lcdInfo=36201:3
11/20/2019,36204,23,57792,12,345,,,4,/data/article?articleid=57792&ver=12
05/10/2016,36569,19,55057,13,345,,,1,/data/article?articleid=55057&ver=13
05/10/2016,36569,19,55055,2,345,,,2,/data/article?articleid=55055&ver=2
10/24/2019,36569,19,57616,6,345,,,3,/data/article?articleid=57616&ver=6
01/15/2016,34010,38,54715,4,345,,,1,/data/article?articleid=54715&ver=4
07/12/2016,34010,38,53079,26,345,,,2,/data/article?articleid=53079&ver=26
11/08/2019,34010,38,57707,14,345,,,3,/data/article?articleid=57707&ver=14
02/07/2024,34211,40,57701,30,364,,,1,/data/article?articleid=57701&ver=30
02/07/2024,34211,40,59651,2,364,,,2,/data/article?articleid=59651&ver=2
10/28/2025,34211,40,59652,3,357,,,3,/data/article?articleid=59652&ver=3
06/21/2018,34328,44,,,364,37286,10,1,https://localcoverage.cms.gov/mcd_archive/view/lcd.aspx?lcdInfo=37286:9
06/26/2018,34328,44,55530,35,364,,,3,/data/article?articleid=55530&ver=35
06/26/2018,34328,44,56041,3,364,,,4,/data/article?articleid=56041&ver=3
10/28/2025,34328,44,56042,3,353,,,5,/data/article?articleid=56042&ver=3
04/09/2016,36524,43,54969,52,364,,,1,/data/article?articleid=54969&ver=52
04/09/2016,36524,43,54990,4,364,,,2,/data/article?articleid=54990&ver=4
10/28/2025,36524,43,54991,4,357,,,3,/data/article?articleid=54991&ver=4
07/11/2018,37373,41,,,364,37372,9,1,https://localcoverage.cms.gov/mcd_archive/view/lcd.aspx?lcdInfo=37372:8
08/16/2018,37373,41,56061,13,364,,,2,/data/article?articleid=56061&ver=13
09/19/2019,37373,41,57204,45,364,,,3,/data/article?articleid=57204&ver=45
10/28/2025,37373,41,56067,9,357,,,4,/data/article?articleid=56067&ver=9
05/30/2018,34220,40,,,364,37279,6,1,https://localcoverage.cms.gov/mcd_archive/view/lcd.aspx?lcdInfo=37279:5
07/02/2018,34220,40,56017,2,364,,,2,/data/article?articleid=56017&ver=2
09/20/2019,34220,40,57206,30,364,,,3,/data/article?articleid=57206&ver=30
10/28/2025,34220,40,56018,2,354,,,4,/data/article?articleid=56018&ver=2
07/12/2016,34233,36,55154,2,364,,,1,/data/article?articleid=55154&ver=2
09/18/2019,34233,36,57161,22,364,,,2,/data/article?articleid=57161&ver=22
10/28/2025,34233,36,55155,3,357,,,3,/data/article?articleid=55155&ver=3
07/20/2017,37054,22,,,364,37053,7,1,https://localcoverage.cms.gov/mcd_archive/view/lcd.aspx?lcdInfo=37053:6
07/25/2017,37054,22,55661,3,364,,,2,/data/article?articleid=55661&ver=3
10/07/2019,37054,22,57356,14,364,,,3,/data/article?articleid=57356&ver=14
10/28/2025,37054,22,55662,3,356,,,4,/data/article?articleid=55662&ver=3
01/02/2024,38657,21,58133,23,364,,,1,/data/article?articleid=58133&ver=23
01/02/2024,38657,21,59611,5,364,,,2,/data/article?articleid=59611&ver=5
10/28/2025,38657,21,59616,4,354,,,3,/data/article?articleid=59616&ver=4
03/25/2019,37620,16,,,364,37619,5,1,https://localcoverage.cms.gov/mcd_archive/view/lcd.aspx?lcdInfo=37619:4
04/03/2019,37620,16,56446,4,364,,,2,/data/article?articleid=56446&ver=4
10/24/2019,37620,16,57661,17,364,,,3,/data/article?articleid=57661&ver=17
10/28/2025,37620,16,56447,5,352,,,4,/data/article?articleid=56447&ver=5
09/17/2024,38299,26,57863,41,364,,,1,/data/article?articleid=57863&ver=41
09/17/2024,38299,26,59896,4,364,,,2,/data/article?articleid=59896&ver=4
10/28/2025,38299,26,59897,4,357,,,3,/data/article?articleid=59897&ver=4
12/23/2024,39810,13,59695,12,364,,,1,/data/article?articleid=59695&ver=12
12/23/2024,39810,13,59961,3,364,,,2,/data/article?articleid=59961&ver=3
12/23/2024,39810,13,,,364,39809,5,3,https://localcoverage.cms.gov/mcd_archive/view/lcd.aspx?lcdInfo=39809:4
10/28/2025,39810,13,59962,4,357,,,4,/data/article?articleid=59962&ver=4
05/06/2019,35702,32,56514,25,364,,,1,/data/article?articleid=56514&ver=25
03/14/2017,36704,23,,,364,36703,5,1,https://localcoverage.cms.gov/mcd_archive/view/lcd.aspx?lcdInfo=36703:4
10/29/2019,36704,23,57515,12,364,,,2,/data/article?articleid=57515&ver=12
12/15/2022,36704,23,55470,3,364,,,3,/data/article?articleid=55470&ver=3
10/28/2025,36704,23,55471,3,357,,,4,/data/article?articleid=55471&ver=3
09/22/2023,39116,6,59541,3,364,,,1,/data/article?articleid=59541&ver=3
09/22/2023,39116,6,58865,24,364,,,2,/data/article?articleid=58865&ver=24
10/28/2025,39116,6,59542,3,356,,,3,/data/article?articleid=59542&ver=3
05/10/2016,36538,22,55053,2,364,,,2,/data/article?articleid=55053&ver=2
05/10/2016,36538,22,55056,14,364,,,3,/data/article?articleid=55056&ver=14
10/24/2019,36538,22,57615,6,364,,,4,/data/article?articleid=57615&ver=6
10/16/2025,36538,22,55055,2,354,,,5,/data/article?articleid=55055&ver=2
03/22/2016,35136,37,54980,2,364,,,1,/data/article?articleid=54980&ver=2
03/22/2016,35136,37,,,364,36178,3,2,https://localcoverage.cms.gov/mcd_archive/view/lcd.aspx?lcdInfo=36178:2
03/22/2016,35136,37,,,360,36199,5,3,https://localcoverage.cms.gov/mcd_archive/view/lcd.aspx?lcdInfo=36199:4
11/20/2019,35136,37,57791,12,364,,,4,/data/article?articleid=57791&ver=12
10/16/2025,35136,37,54981,3,354,,,5,/data/article?articleid=54981&ver=3
01/10/2017,36702,20,55361,3,364,,,1,/data/article?articleid=55361&ver=3
01/11/2017,36702,20,,,364,36701,6,2,https://localcoverage.cms.gov/mcd_archive/view/lcd.aspx?lcdInfo=36701:5
09/20/2019,36702,20,57189,28,364,,,3,/data/article?articleid=57189&ver=28
10/16/2025,36702,20,55362,3,359,,,4,/data/article?articleid=55362&ver=3
03/29/2017,36846,21,,,364,36845,8,1,https://localcoverage.cms.gov/mcd_archive/view/lcd.aspx?lcdInfo=36845:7
10/22/2019,36846,21,57612,8,364,,,2,/data/article?articleid=57612&ver=8
07/20/2017,37066,31,,,364,37065,7,1,https://localcoverage.cms.gov/mcd_archive/view/lcd.aspx?lcdInfo=37065:6
10/21/2017,37066,31,55769,14,364,,,2,/data/article?articleid=55769&ver=14
07/23/2018,37628,24,,,364,37627,10,1,https://localcoverage.cms.gov/mcd_archive/view/lcd.aspx?lcdInfo=37627:9
08/14/2018,37628,24,56071,23,364,,,2,/data/article?articleid=56071&ver=23
08/16/2018,37628,24,56076,5,364,,,3,/data/article?articleid=56076&ver=5
10/16/2025,37628,24,56077,5,357,,,4,/data/article?articleid=56077&ver=5
04/28/2017,36864,21,,,364,36863,4,1,https://localcoverage.cms.gov/mcd_archive/view/lcd.aspx?lcdInfo=36863:3
06/01/2017,36864,21,55527,5,364,,,2,/data/article?articleid=55527&ver=5
09/19/2019,36864,21,57237,11,364,,,3,/data/article?articleid=57237&ver=11
10/16/2025,36864,21,55528,5,353,,,4,/data/article?articleid=55528&ver=5
12/18/2018,37502,21,,,364,37501,11,1,https://localcoverage.cms.gov/mcd_archive/view/lcd.aspx?lcdInfo=37501:10
12/21/2018,37502,21,55675,25,364,,,2,/data/article?articleid=55675&ver=25
12/21/2018,37502,21,56240,8,364,,,3,/data/article?articleid=56240&ver=8
10/16/2025,37502,21,56241,8,353,,,4,/data/article?articleid=56241&ver=8
05/15/2017,34324,38,,,364,36887,4,1,https://localcoverage.cms.gov/mcd_archive/view/lcd.aspx?lcdInfo=36887:3
05/17/2017,34324,38,55553,4,364,,,2,/data/article?articleid=55553&ver=4
09/19/2019,34324,38,57183,23,364,,,3,/data/article?articleid=57183&ver=23
10/16/2025,34324,38,55554,6,357,,,4,/data/article?articleid=55554&ver=6
09/20/2019,34194,27,57190,11,364,,,1,/data/article?articleid=57190&ver=11
10/17/2024,39881,9,59769,9,364,,,1,/data/article?articleid=59769&ver=9
10/17/2024,39881,9,59935,3,364,,,2,/data/article?articleid=59935&ver=3
10/14/2025,39881,9,59936,3,357,,,3,/data/article?articleid=59936&ver=3
08/07/2017,35163,29,,,364,37018,8,1,https://localcoverage.cms.gov/mcd_archive/view/lcd.aspx?lcdInfo=37018:7
08/11/2017,35163,29,55684,5,364,,,2,/data/article?articleid=55684&ver=5
09/20/2019,35163,29,57221,25,364,,,3,/data/article?articleid=57221&ver=25
10/16/2025,35163,29,55685,5,356,,,4,/data/article?articleid=55685&ver=5
09/15/2023,34149,52,57224,68,364,,,1,/data/article?articleid=57224&ver=68
09/15/2023,34149,52,59531,4,364,,,2,/data/article?articleid=59531&ver=4
09/15/2023,34149,52,,,364,39604,5,3,https://localcoverage.cms.gov/mcd_archive/view/lcd.aspx?lcdInfo=39604:4
10/16/2025,34149,52,59532,4,354,,,4,/data/article?articleid=59532&ver=4
09/20/2019,34082,30,57305,14,228,,,1,/data/article?articleid=57305&ver=14
03/25/2019,33947,25,56451,26,228,,,1,/data/article?articleid=56451&ver=26
08/30/2016,36658,22,55313,2,228,,,1,/data/article?articleid=55313&ver=2
08/30/2016,36658,22,,,228,36657,4,2,https://localcoverage.cms.gov/mcd_archive/view/lcd.aspx?lcdInfo=36657:3
08/31/2016,36658,22,55315,17,228,,,3,/data/article?articleid=55315&ver=17
03/29/2019,34032,34,56459,30,240,,,1,/data/article?articleid=56459&ver=30
12/07/2023,34032,34,,,238,39755,36,3,https://localcoverage.cms.gov/mcd_archive/view/lcd.aspx?lcdInfo=39755:1
03/12/2014,34394,27,52417,10,228,,,1,https://localcoverage.cms.gov/mcd_archive/view/article.aspx?articleInfo=52417:1
08/05/2019,34394,27,56799,29,238,,,2,/data/article?articleid=56799&ver=29
09/20/2019,34056,27,56802,18,228,,,1,/data/article?articleid=56802&ver=18
04/06/2023,34338,34,57306,44,228,,,1,/data/article?articleid=57306&ver=44
04/06/2023,34338,34,59357,4,228,,,2,/data/article?articleid=59357&ver=4
04/06/2023,34338,34,,,228,39510,4,3,https://localcoverage.cms.gov/mcd_archive/view/lcd.aspx?lcdInfo=39510:3
12/29/2022,34541,21,59287,2,238,,,1,/data/article?articleid=59287&ver=2
12/29/2022,34541,21,56808,15,238,,,2,/data/article?articleid=56808&ver=15
01/13/2017,36951,20,55436,2,228,,,1,/data/article?articleid=55436&ver=2
01/13/2017,36951,20,,,228,36950,5,2,https://localcoverage.cms.gov/mcd_archive/view/lcd.aspx?lcdInfo=36950:4
08/09/2019,36951,20,56887,11,238,,,3,/data/article?articleid=56887&ver=11
06/04/2020,38435,15,58198,2,143,,,1,/data/article?articleid=58198&ver=2
08/19/2020,38435,15,58395,44,143,,,2,/data/article?articleid=58395&ver=44
06/05/2020,38294,24,58157,4,391,,,1,/data/article?articleid=58157&ver=4
06/05/2020,38294,24,,,391,38293,8,2,https://localcoverage.cms.gov/mcd_archive/view/lcd.aspx?lcdInfo=38293:7
07/20/2020,38294,24,58318,65,391,,,3,/data/article?articleid=58318&ver=65
03/16/2017,33312,40,55426,132,388,,,1,/data/article?articleid=55426&ver=132
04/04/2014,33312,40,52505,80,138,,,2,/data/article?articleid=52505&ver=80
09/19/2025,33274,43,57715,55,368,,,1,/data/article?articleid=57715&ver=55
09/19/2025,33274,43,60162,7,368,,,2,/data/article?articleid=60162&ver=7
09/19/2025,33274,43,,,368,40025,8,3,/data/lcd?lcdid=40025&ver=8
09/19/2025,38809,30,58423,48,331,,,1,/data/article?articleid=58423&ver=48
09/19/2025,38809,30,60163,6,331,,,2,/data/article?articleid=60163&ver=6
09/19/2025,38809,30,,,331,40016,44,3,https://localcoverage.cms.gov/mcd_archive/view/lcd.aspx?lcdInfo=40016:43
05/04/2017,37001,21,,,143,37000,3,1,https://localcoverage.cms.gov/mcd_archive/view/lcd.aspx?lcdInfo=37000:2
05/15/2017,37001,21,55535,2,143,,,2,/data/article?articleid=55535&ver=2
11/26/2019,37001,21,57577,7,143,,,3,/data/article?articleid=57577&ver=7
11/01/2019,35486,22,57595,20,143,,,1,/data/article?articleid=57595&ver=20
09/21/2023,39624,5,59434,19,143,,,1,/data/article?articleid=59434&ver=19
09/21/2023,39624,5,59563,2,143,,,2,/data/article?articleid=59563&ver=2
09/14/2023,39624,5,,,143,39623,3,3,https://localcoverage.cms.gov/mcd_archive/view/lcd.aspx?lcdInfo=39623:2
05/06/2016,33431,59,,,373,35132,54,1,/data/lcd?lcdid=35132&ver=54
07/02/2019,33431,59,56686,16,394,,,2,/data/article?articleid=56686&ver=16
05/17/2024,39762,9,59645,16,352,,,1,/data/article?articleid=59645&ver=16
05/17/2024,39762,9,59797,3,352,,,2,/data/article?articleid=59797&ver=3
05/17/2024,39762,9,,,352,39761,5,3,https://localcoverage.cms.gov/mcd_archive/view/lcd.aspx?lcdInfo=39761:4
04/29/2022,39242,8,58994,7,345,,,1,https://localcoverage.cms.gov/mcd_archive/view/article.aspx?articleInfo=58994:6
04/29/2022,39242,8,58995,14,345,,,2,/data/article?articleid=58995&ver=14
04/29/2022,39242,8,59115,3,345,,,3,/data/article?articleid=59115&ver=3
01/14/2024,39242,8,,,345,39768,6,4,https://localcoverage.cms.gov/mcd_archive/view/lcd.aspx?lcdInfo=39768:5
02/18/2025,39962,4,59884,5,345,,,1,/data/article?articleid=59884&ver=5
02/18/2025,39962,4,60150,4,345,,,2,/data/article?articleid=60150&ver=4
12/04/2021,39060,16,58790,14,345,,,1,/data/article?articleid=58790&ver=14
12/04/2021,39060,16,58967,4,345,,,2,/data/article?articleid=58967&ver=4
06/09/2023,37027,20,57196,22,345,,,1,/data/article?articleid=57196&ver=22
06/09/2023,37027,20,59313,5,345,,,2,https://localcoverage.cms.gov/mcd_archive/view/article.aspx?articleInfo=59313:4
06/09/2023,37027,20,59414,3,345,,,3,/data/article?articleid=59414&ver=3
10/29/2021,38826,8,58438,11,345,,,1,/data/article?articleid=58438&ver=11
10/29/2021,38826,8,58947,2,345,,,2,/data/article?articleid=58947&ver=2
10/29/2021,38826,8,,,345,39097,5,3,https://localcoverage.cms.gov/mcd_archive/view/lcd.aspx?lcdInfo=39097:4
10/22/2020,38700,5,58225,11,345,,,1,/data/article?articleid=58225&ver=11
10/22/2020,38700,5,58521,4,345,,,2,/data/article?articleid=58521&ver=4
04/27/2017,34076,24,55490,4,345,,,1,/data/article?articleid=55490&ver=4
09/18/2019,34076,24,57201,8,345,,,2,/data/article?articleid=57201&ver=8
02/10/2022,34076,24,,,345,35457,64,3,/data/lcd?lcdid=35457&ver=64
03/31/2017,34076,24,,,345,36874,4,4,https://localcoverage.cms.gov/mcd_archive/view/lcd.aspx?lcdInfo=36874:3
11/07/2018,37618,16,,,345,37617,8,1,https://localcoverage.cms.gov/mcd_archive/view/lcd.aspx?lcdInfo=37617:7
12/19/2018,37618,16,56213,3,345,,,2,/data/article?articleid=56213&ver=3
10/24/2019,37618,16,57644,17,345,,,3,/data/article?articleid=57644&ver=17
06/09/2023,37738,23,57513,16,345,,,1,/data/article?articleid=57513&ver=16
06/09/2023,37738,23,59420,2,345,,,2,/data/article?articleid=59420&ver=2
06/25/2023,37738,23,,,345,39525,9,3,https://localcoverage.cms.gov/mcd_archive/view/lcd.aspx?lcdInfo=39525:8
05/27/2025,34040,34,57698,14,357,,,1,/data/article?articleid=57698&ver=14
05/27/2025,34040,34,60189,3,357,,,2,/data/article?articleid=60189&ver=3
05/27/2025,34040,34,,,357,39921,5,3,https://localcoverage.cms.gov/mcd_archive/view/lcd.aspx?lcdInfo=39921:4
10/07/2021,38904,11,58567,29,345,,,1,/data/article?articleid=58567&ver=29
10/07/2021,38904,11,58904,6,345,,,2,/data/article?articleid=58904&ver=6
09/09/2025,36353,38,57614,15,345,,,1,/data/article?articleid=57614&ver=15
09/09/2025,36353,38,60320,3,345,,,2,/data/article?articleid=60320&ver=3
09/09/2025,36353,38,,,345,40174,4,3,/data/lcd?lcdid=40174&ver=4
09/09/2025,36351,42,57611,16,364,,,1,/data/article?articleid=57611&ver=16
09/09/2025,36351,42,60312,3,364,,,2,/data/article?articleid=60312&ver=3
09/09/2025,36351,42,,,364,40173,4,3,/data/lcd?lcdid=40173&ver=4
09/05/2025,40046,3,59971,3,391,,,1,/data/article?articleid=59971&ver=3
09/05/2025,40046,3,60237,2,391,,,2,/data/article?articleid=60237&ver=2
09/05/2025,40046,3,,,391,40045,6,3,https://localcoverage.cms.gov/mcd_archive/view/lcd.aspx?lcdInfo=40045:5
08/26/2025,36408,34,,,143,40195,3,1,/data/lcd?lcdid=40195&ver=3
09/03/2025,36408,34,60276,3,143,,,2,/data/article?articleid=60276&ver=3
09/03/2025,36408,34,60319,2,143,,,3,/data/article?articleid=60319&ver=2
09/03/2025,40056,3,59981,3,228,,,1,/data/article?articleid=59981&ver=3
09/03/2025,40056,3,60218,2,228,,,2,/data/article?articleid=60218&ver=2
09/03/2025,40056,3,,,228,40055,4,3,https://localcoverage.cms.gov/mcd_archive/view/lcd.aspx?lcdInfo=40055:3
12/04/2021,39058,17,58788,18,364,,,1,/data/article?articleid=58788&ver=18
12/04/2021,39058,17,58966,3,364,,,2,/data/article?articleid=58966&ver=3
09/16/2025,39058,17,58967,4,352,,,3,/data/article?articleid=58967&ver=4
09/16/2025,39058,17,,,360,39057,6,4,https://localcoverage.cms.gov/mcd_archive/view/lcd.aspx?lcdInfo=39057:6
05/27/2025,36861,25,60188,3,364,,,1,/data/article?articleid=60188&ver=3
05/27/2025,36861,25,57697,16,364,,,2,/data/article?articleid=57697&ver=16
05/27/2025,36861,25,,,364,39920,5,3,https://localcoverage.cms.gov/mcd_archive/view/lcd.aspx?lcdInfo=39920:4
09/16/2025,36861,25,60189,3,357,,,4,/data/article?articleid=60189&ver=3
10/07/2021,38902,12,58565,52,364,,,1,/data/article?articleid=58565&ver=52
10/07/2021,38902,12,58903,6,364,,,2,/data/article?articleid=58903&ver=6
10/07/2021,38902,12,,,360,38901,12,3,https://localcoverage.cms.gov/mcd_archive/view/lcd.aspx?lcdInfo=38901:11
09/16/2025,38902,12,58904,6,357,,,4,/data/article?articleid=58904&ver=6
10/29/2021,38824,10,58436,13,364,,,1,/data/article?articleid=58436&ver=13
10/29/2021,38824,10,58944,2,364,,,2,/data/article?articleid=58944&ver=2
10/29/2021,38824,10,,,364,39096,5,3,https://localcoverage.cms.gov/mcd_archive/view/lcd.aspx?lcdInfo=39096:4
09/16/2025,38824,10,58947,2,357,,,4,/data/article?articleid=58947&ver=2
10/22/2020,38709,5,58223,22,364,,,1,/data/article?articleid=58223&ver=22
10/22/2020,38709,5,58520,3,364,,,2,/data/article?articleid=58520&ver=3
09/16/2025,38709,5,58521,4,357,,,3,/data/article?articleid=58521&ver=4
03/31/2017,34218,26,55489,3,360,,,1,/data/article?articleid=55489&ver=3
09/16/2025,34218,26,55490,4,353,,,2,/data/article?articleid=55490&ver=4
09/18/2019,34218,26,57079,15,364,,,3,/data/article?articleid=57079&ver=15
02/10/2022,34218,26,,,364,35456,66,4,/data/lcd?lcdid=35456&ver=66
03/31/2017,34218,26,,,364,36870,7,5,https://localcoverage.cms.gov/mcd_archive/view/lcd.aspx?lcdInfo=36870:6
02/18/2025,39960,4,59882,9,364,,,1,/data/article?articleid=59882&ver=9
02/18/2025,39960,4,60148,3,364,,,2,/data/article?articleid=60148&ver=3
09/16/2025,39960,4,60150,4,353,,,3,/data/article?articleid=60150&ver=4
09/16/2025,39960,4,,,360,39959,5,4,https://localcoverage.cms.gov/mcd_archive/view/lcd.aspx?lcdInfo=39959:4
11/07/2018,37616,16,,,364,37615,8,1,https://localcoverage.cms.gov/mcd_archive/view/lcd.aspx?lcdInfo=37615:7
12/19/2018,37616,16,56211,2,364,,,2,/data/article?articleid=56211&ver=2
10/23/2019,37616,16,57643,20,364,,,3,/data/article?articleid=57643&ver=20
09/16/2025,37616,16,56213,3,357,,,4,/data/article?articleid=56213&ver=3
06/09/2023,37729,25,57512,19,364,,,1,/data/article?articleid=57512&ver=19
06/09/2023,37729,25,59419,2,364,,,2,/data/article?articleid=59419&ver=2
06/25/2023,37729,25,,,364,39524,10,3,https://localcoverage.cms.gov/mcd_archive/view/lcd.aspx?lcdInfo=39524:9
09/16/2025,37729,25,59420,2,357,,,4,/data/article?articleid=59420&ver=2
06/09/2023,34203,26,57195,29,364,,,1,/data/article?articleid=57195&ver=29
06/09/2023,34203,26,59312,5,364,,,2,https://localcoverage.cms.gov/mcd_archive/view/article.aspx?articleInfo=59312:4
06/09/2023,34203,26,59413,3,364,,,3,/data/article?articleid=59413&ver=3
09/16/2025,34203,26,59414,3,357,,,4,/data/article?articleid=59414&ver=3
05/17/2024,39758,14,59624,19,360,,,1,/data/article?articleid=59624&ver=19
05/17/2024,39758,14,59796,3,360,,,2,/data/article?articleid=59796&ver=3
05/17/2024,39758,14,,,360,39757,7,3,https://localcoverage.cms.gov/mcd_archive/view/lcd.aspx?lcdInfo=39757:6
09/16/2025,39758,14,59797,3,353,,,4,/data/article?articleid=59797&ver=3
09/20/2019,34337,23,56809,20,228,,,1,/data/article?articleid=56809&ver=20
09/20/2019,34087,20,57038,16,228,,,1,/data/article?articleid=57038&ver=16
09/20/2019,34084,23,56811,13,228,,,2,/data/article?articleid=56811&ver=13
09/20/2019,34540,15,57039,9,228,,,1,/data/article?articleid=57039&ver=9
05/16/2022,38771,18,58359,13,228,,,1,/data/article?articleid=58359&ver=13
05/16/2022,38771,18,,,228,39228,6,2,https://localcoverage.cms.gov/mcd_archive/view/lcd.aspx?lcdInfo=39228:5
05/19/2022,38771,18,59132,5,228,,,3,/data/article?articleid=59132&ver=5
11/01/2019,34624,42,57597,22,143,,,1,/data/article?articleid=57597&ver=22
08/20/2019,34536,36,56914,19,143,,,1,/data/article?articleid=56914&ver=19
12/19/2025,34636,38,54953,70,147,,,1,/data/article?articleid=54953&ver=70
02/02/2021,34636,38,57476,22,143,,,2,/data/article?articleid=57476&ver=22
02/06/2017,34636,38,,,143,35490,85,3,/data/lcd?lcdid=35490&ver=85
10/23/2019,34658,36,57484,22,143,,,1,/data/article?articleid=57484&ver=22
05/15/2017,37015,27,55533,2,143,,,2,/data/article?articleid=55533&ver=2
10/30/2019,37015,27,57599,14,143,,,3,/data/article?articleid=57599&ver=14
09/14/2023,34645,51,59432,4,143,,,1,https://localcoverage.cms.gov/mcd_archive/view/article.aspx?articleInfo=59432:3
09/14/2023,34645,51,,,143,39622,4,2,https://localcoverage.cms.gov/mcd_archive/view/lcd.aspx?lcdInfo=39622:3
09/21/2023,34645,51,56915,37,143,,,3,/data/article?articleid=56915&ver=37
09/21/2023,34645,51,59562,2,143,,,4,/data/article?articleid=59562&ver=2
12/13/2016,36815,26,55397,2,143,,,1,/data/article?articleid=55397&ver=2
11/27/2019,36815,26,57570,29,143,,,2,/data/article?articleid=57570&ver=29
11/27/2019,36815,26,55233,21,143,,,3,/data/article?articleid=55233&ver=21
07/13/2017,36044,59,53531,22,378,,,3,/data/article?articleid=53531&ver=22
08/21/2019,36044,59,56959,31,391,,,4,/data/article?articleid=56959&ver=31
08/14/2015,36117,36,54612,4,228,,,1,/data/article?articleid=54612&ver=4
09/03/2019,36117,36,56999,31,238,,,2,/data/article?articleid=56999&ver=31
08/14/2015,36117,36,,,228,36116,5,3,https://localcoverage.cms.gov/mcd_archive/view/lcd.aspx?lcdInfo=36116:4
02/17/2016,36180,37,54927,3,364,,,1,/data/article?articleid=54927&ver=3
02/17/2016,36180,37,,,360,36097,5,2,https://localcoverage.cms.gov/mcd_archive/view/lcd.aspx?lcdInfo=36097:4
02/17/2016,36180,37,,,364,36179,4,3,https://localcoverage.cms.gov/mcd_archive/view/lcd.aspx?lcdInfo=36179:3
09/28/2017,36180,37,55595,17,364,,,4,/data/article?articleid=55595&ver=17
10/09/2019,36180,37,57421,37,364,,,5,/data/article?articleid=57421&ver=37
02/17/2016,36186,37,54916,2,345,,,1,/data/article?articleid=54916&ver=2
02/17/2016,36186,37,,,345,36185,4,2,https://localcoverage.cms.gov/mcd_archive/view/lcd.aspx?lcdInfo=36185:3
02/17/2016,36186,37,,,351,36181,4,3,https://localcoverage.cms.gov/mcd_archive/view/lcd.aspx?lcdInfo=36181:3
09/28/2017,36186,37,55600,17,345,,,4,/data/article?articleid=55600&ver=17
10/09/2019,36186,37,57422,33,345,,,5,/data/article?articleid=57422&ver=33
09/03/2019,35442,26,56998,10,238,,,1,/data/article?articleid=56998&ver=10
12/18/2019,38067,13,57870,26,228,,,1,/data/article?articleid=57870&ver=26
12/18/2019,38067,13,57876,4,228,,,2,/data/article?articleid=57876&ver=4
08/07/2015,36021,49,54185,20,228,,,1,https://localcoverage.cms.gov/mcd_archive/view/article.aspx?articleInfo=54185:4
08/07/2015,36021,49,54186,21,228,,,2,https://localcoverage.cms.gov/mcd_archive/view/article.aspx?articleInfo=54186:5
08/07/2015,36021,49,54187,23,228,,,3,https://localcoverage.cms.gov/mcd_archive/view/article.aspx?articleInfo=54187:5
08/07/2015,36021,49,54188,33,228,,,4,/data/article?articleid=54188&ver=33
08/07/2015,36021,49,54189,14,228,,,5,https://localcoverage.cms.gov/mcd_archive/view/article.aspx?articleInfo=54189:4
08/07/2015,36021,49,54191,27,228,,,6,/data/article?articleid=54191&ver=27
08/07/2015,36021,49,54192,22,228,,,7,/data/article?articleid=54192&ver=22
08/07/2015,36021,49,54193,17,228,,,8,https://localcoverage.cms.gov/mcd_archive/view/article.aspx?articleInfo=54193:4
08/07/2015,36021,49,54194,23,228,,,9,/data/article?articleid=54194&ver=23
08/07/2015,36021,49,54195,22,228,,,10,/data/article?articleid=54195&ver=22
08/07/2015,36021,49,54196,20,228,,,11,/data/article?articleid=54196&ver=20
08/07/2015,36021,49,54197,20,228,,,12,https://localcoverage.cms.gov/mcd_archive/view/article.aspx?articleInfo=54197:5
08/07/2015,36021,49,54198,24,228,,,13,https://localcoverage.cms.gov/mcd_archive/view/article.aspx?articleInfo=54198:4
08/07/2015,36021,49,54199,15,228,,,14,https://localcoverage.cms.gov/mcd_archive/view/article.aspx?articleInfo=54199:4
08/07/2015,36021,49,54200,17,228,,,15,https://localcoverage.cms.gov/mcd_archive/view/article.aspx?articleInfo=54200:5
08/07/2015,36021,49,54201,19,228,,,16,https://localcoverage.cms.gov/mcd_archive/view/article.aspx?articleInfo=54201:4
08/07/2015,36021,49,54209,13,228,,,17,https://localcoverage.cms.gov/mcd_archive/view/article.aspx?articleInfo=54209:3
08/07/2015,36021,49,54241,16,228,,,18,https://localcoverage.cms.gov/mcd_archive/view/article.aspx?articleInfo=54241:4
08/07/2015,36021,49,54242,17,228,,,19,https://localcoverage.cms.gov/mcd_archive/view/article.aspx?articleInfo=54242:4
08/07/2015,36021,49,54243,15,228,,,20,https://localcoverage.cms.gov/mcd_archive/view/article.aspx?articleInfo=54243:4
08/07/2015,36021,49,54244,17,228,,,21,https://localcoverage.cms.gov/mcd_archive/view/article.aspx?articleInfo=54244:4
08/07/2015,36021,49,54253,19,228,,,22,https://localcoverage.cms.gov/mcd_archive/view/article.aspx?articleInfo=54253:3
08/07/2015,36021,49,54254,17,228,,,23,https://localcoverage.cms.gov/mcd_archive/view/article.aspx?articleInfo=54254:3
08/07/2015,36021,49,54255,17,228,,,24,https://localcoverage.cms.gov/mcd_archive/view/article.aspx?articleInfo=54255:4
08/07/2015,36021,49,54256,15,228,,,25,https://localcoverage.cms.gov/mcd_archive/view/article.aspx?articleInfo=54256:3
08/07/2015,36021,49,54257,14,228,,,26,/data/article?articleid=54257&ver=14
08/07/2015,36021,49,54262,17,228,,,27,https://localcoverage.cms.gov/mcd_archive/view/article.aspx?articleInfo=54262:3
08/07/2015,36021,49,54263,17,228,,,28,https://localcoverage.cms.gov/mcd_archive/view/article.aspx?articleInfo=54263:3
08/07/2015,36021,49,54264,21,228,,,29,https://localcoverage.cms.gov/mcd_archive/view/article.aspx?articleInfo=54264:3
08/07/2015,36021,49,54265,16,228,,,30,https://localcoverage.cms.gov/mcd_archive/view/article.aspx?articleInfo=54265:3
08/07/2015,36021,49,54266,15,228,,,31,https://localcoverage.cms.gov/mcd_archive/view/article.aspx?articleInfo=54266:3
08/07/2015,36021,49,54267,20,228,,,32,https://localcoverage.cms.gov/mcd_archive/view/article.aspx?articleInfo=54267:4
08/07/2015,36021,49,54268,17,228,,,33,https://localcoverage.cms.gov/mcd_archive/view/article.aspx?articleInfo=54268:3
08/07/2015,36021,49,54269,14,228,,,34,/data/article?articleid=54269&ver=14
08/07/2015,36021,49,54270,16,228,,,35,/data/article?articleid=54270&ver=16
08/07/2015,36021,49,54271,19,228,,,36,https://localcoverage.cms.gov/mcd_archive/view/article.aspx?articleInfo=54271:2
08/07/2015,36021,49,54272,15,228,,,37,https://localcoverage.cms.gov/mcd_archive/view/article.aspx?articleInfo=54272:3
08/07/2015,36021,49,54273,20,228,,,38,https://localcoverage.cms.gov/mcd_archive/view/article.aspx?articleInfo=54273:4
08/07/2015,36021,49,54274,20,228,,,39,https://localcoverage.cms.gov/mcd_archive/view/article.aspx?articleInfo=54274:3
08/07/2015,36021,49,54275,16,228,,,40,https://localcoverage.cms.gov/mcd_archive/view/article.aspx?articleInfo=54275:3
08/07/2015,36021,49,54276,15,228,,,41,https://localcoverage.cms.gov/mcd_archive/view/article.aspx?articleInfo=54276:3
08/07/2015,36021,49,54277,18,228,,,42,https://localcoverage.cms.gov/mcd_archive/view/article.aspx?articleInfo=54277:3
08/07/2015,36021,49,54278,17,228,,,43,https://localcoverage.cms.gov/mcd_archive/view/article.aspx?articleInfo=54278:3
08/07/2015,36021,49,54279,11,228,,,44,https://localcoverage.cms.gov/mcd_archive/view/article.aspx?articleInfo=54279:2
08/07/2015,36021,49,54281,21,228,,,45,https://localcoverage.cms.gov/mcd_archive/view/article.aspx?articleInfo=54281:3
08/07/2015,36021,49,54282,14,228,,,46,https://localcoverage.cms.gov/mcd_archive/view/article.aspx?articleInfo=54282:3
08/07/2015,36021,49,54283,15,228,,,47,/data/article?articleid=54283&ver=15
08/07/2015,36021,49,54284,19,228,,,48,https://localcoverage.cms.gov/mcd_archive/view/article.aspx?articleInfo=54284:3
08/07/2015,36021,49,54285,19,228,,,49,https://localcoverage.cms.gov/mcd_archive/view/article.aspx?articleInfo=54285:3
08/07/2015,36021,49,54288,15,228,,,50,https://localcoverage.cms.gov/mcd_archive/view/article.aspx?articleInfo=54288:3
08/07/2015,36021,49,54290,19,228,,,51,https://localcoverage.cms.gov/mcd_archive/view/article.aspx?articleInfo=54290:3
08/07/2015,36021,49,54291,20,228,,,52,https://localcoverage.cms.gov/mcd_archive/view/article.aspx?articleInfo=54291:3
08/07/2015,36021,49,54292,16,228,,,53,https://localcoverage.cms.gov/mcd_archive/view/article.aspx?articleInfo=54292:3
08/07/2015,36021,49,54293,18,228,,,54,https://localcoverage.cms.gov/mcd_archive/view/article.aspx?articleInfo=54293:3
08/07/2015,36021,49,54295,27,228,,,55,/data/article?articleid=54295&ver=27
08/07/2015,36021,49,54296,18,228,,,56,https://localcoverage.cms.gov/mcd_archive/view/article.aspx?articleInfo=54296:3
08/07/2015,36021,49,54297,18,228,,,57,https://localcoverage.cms.gov/mcd_archive/view/article.aspx?articleInfo=54297:3
08/07/2015,36021,49,54299,18,228,,,58,https://localcoverage.cms.gov/mcd_archive/view/article.aspx?articleInfo=54299:3
08/07/2015,36021,49,54300,16,228,,,59,/data/article?articleid=54300&ver=16
08/05/2015,36021,49,54584,2,228,,,60,/data/article?articleid=54584&ver=2
06/15/2020,36021,49,54688,23,228,,,61,/data/article?articleid=54688&ver=23
01/12/2016,36021,49,54830,9,228,,,62,/data/article?articleid=54830&ver=9
08/17/2020,36021,49,54901,27,228,,,63,/data/article?articleid=54901&ver=27
08/23/2017,36021,49,55716,11,228,,,64,/data/article?articleid=55716&ver=11
09/15/2022,36021,49,55851,11,228,,,65,https://localcoverage.cms.gov/mcd_archive/view/article.aspx?articleInfo=55851:10
06/28/2022,36021,49,56106,14,228,,,66,/data/article?articleid=56106&ver=14
08/17/2020,36021,49,56307,11,228,,,67,https://localcoverage.cms.gov/mcd_archive/view/article.aspx?articleInfo=56307:8
08/28/2019,36021,49,56973,69,228,,,68,/data/article?articleid=56973&ver=69
03/13/2024,36021,49,59646,19,228,,,69,/data/article?articleid=59646&ver=19
08/05/2015,36021,49,,,228,36020,4,70,https://localcoverage.cms.gov/mcd_archive/view/lcd.aspx?lcdInfo=36020:3
04/05/2024,36021,49,59698,3,238,,,71,/data/article?articleid=59698&ver=3
06/28/2023,37088,22,57693,12,345,,,1,/data/article?articleid=57693&ver=12
06/28/2023,37088,22,59444,3,345,,,2,/data/article?articleid=59444&ver=3
06/28/2023,37088,22,,,345,39517,4,3,https://localcoverage.cms.gov/mcd_archive/view/lcd.aspx?lcdInfo=39517:3
12/23/2024,36707,40,55030,63,357,,,1,/data/article?articleid=55030&ver=63
12/23/2024,36707,40,59964,2,357,,,2,/data/article?articleid=59964&ver=2
12/23/2024,36707,40,,,357,39982,5,3,https://localcoverage.cms.gov/mcd_archive/view/lcd.aspx?lcdInfo=39982:4
12/01/2016,34051,43,,,345,36681,7,1,https://localcoverage.cms.gov/mcd_archive/view/lcd.aspx?lcdInfo=36681:6
12/03/2016,34051,43,55373,4,345,,,2,/data/article?articleid=55373&ver=4
11/20/2019,34051,43,57719,21,345,,,3,/data/article?articleid=57719&ver=21
06/28/2023,37086,27,57692,11,364,,,1,/data/article?articleid=57692&ver=11
06/28/2023,37086,27,59443,3,364,,,2,/data/article?articleid=59443&ver=3
06/28/2023,37086,27,,,364,39516,5,3,https://localcoverage.cms.gov/mcd_archive/view/lcd.aspx?lcdInfo=39516:4
09/16/2025,37086,27,59444,3,353,,,4,/data/article?articleid=59444&ver=3
12/23/2024,36668,45,59963,2,364,,,1,/data/article?articleid=59963&ver=2
12/23/2024,36668,45,55001,69,364,,,2,/data/article?articleid=55001&ver=69
12/23/2024,36668,45,,,364,39981,4,3,https://localcoverage.cms.gov/mcd_archive/view/lcd.aspx?lcdInfo=39981:3
09/16/2025,36668,45,59964,2,353,,,4,/data/article?articleid=59964&ver=2
12/01/2016,36692,27,,,364,36691,3,1,https://localcoverage.cms.gov/mcd_archive/view/lcd.aspx?lcdInfo=36691:2
12/03/2016,36692,27,55372,4,364,,,2,/data/article?articleid=55372&ver=4
11/20/2019,36692,27,57718,20,364,,,3,/data/article?articleid=57718&ver=20
09/16/2025,36692,27,55373,4,353,,,4,/data/article?articleid=55373&ver=4
08/16/2023,39481,8,,,143,39480,3,1,https://localcoverage.cms.gov/mcd_archive/view/lcd.aspx?lcdInfo=39480:2
08/23/2023,39481,8,59536,7,143,,,2,/data/article?articleid=59536&ver=7
08/23/2023,39481,8,59534,2,143,,,3,/data/article?articleid=59534&ver=2
09/11/2020,38694,12,58218,17,238,,,1,/data/article?articleid=58218&ver=17
09/11/2020,38694,12,58398,4,238,,,2,/data/article?articleid=58398&ver=4
09/20/2019,34046,29,57040,26,228,,,1,/data/article?articleid=57040&ver=26
06/24/2019,34562,45,56641,18,373,,,3,/data/article?articleid=56641&ver=18
12/13/2016,36797,22,55400,3,143,,,1,/data/article?articleid=55400&ver=3
11/26/2019,36797,22,57581,7,143,,,2,/data/article?articleid=57581&ver=7
02/16/2016,36400,20,54920,2,143,,,2,/data/article?articleid=54920&ver=2
11/15/2019,36400,20,57571,9,143,,,3,/data/article?articleid=57571&ver=9
10/22/2021,39071,16,58810,11,368,,,1,/data/article?articleid=58810&ver=11
10/22/2021,39071,16,58924,4,368,,,2,/data/article?articleid=58924&ver=4
10/22/2021,39071,16,,,368,39070,6,3,https://localcoverage.cms.gov/mcd_archive/view/lcd.aspx?lcdInfo=39070:5
10/22/2021,39068,21,58808,12,331,,,1,/data/article?articleid=58808&ver=12
10/22/2021,39068,21,58923,5,331,,,2,/data/article?articleid=58923&ver=5
10/22/2021,39068,21,,,331,39067,11,3,https://localcoverage.cms.gov/mcd_archive/view/lcd.aspx?lcdInfo=39067:10
05/11/2021,38671,6,,,345,38670,5,1,https://localcoverage.cms.gov/mcd_archive/view/lcd.aspx?lcdInfo=38670:4
05/13/2021,38671,6,58170,33,345,,,2,/data/article?articleid=58170&ver=33
05/13/2021,38671,6,58780,3,345,,,3,/data/article?articleid=58780&ver=3
05/13/2021,38629,5,58168,33,364,,,1,/data/article?articleid=58168&ver=33
05/13/2021,38629,5,58778,3,364,,,2,/data/article?articleid=58778&ver=3
05/11/2021,38629,5,,,364,38628,5,3,https://localcoverage.cms.gov/mcd_archive/view/lcd.aspx?lcdInfo=38628:4
08/05/2019,34576,72,56852,24,391,,,1,/data/article?articleid=56852&ver=24
04/15/2021,38568,10,58019,45,391,,,1,/data/article?articleid=58019&ver=45
04/15/2021,38568,10,58675,4,391,,,2,/data/article?articleid=58675&ver=4
04/15/2021,38568,10,,,391,38567,5,3,https://localcoverage.cms.gov/mcd_archive/view/lcd.aspx?lcdInfo=38567:4
06/27/2025,40022,3,59938,3,143,,,1,https://localcoverage.cms.gov/mcd_archive/view/article.aspx?articleInfo=59938:2
06/27/2025,40022,3,,,143,40021,3,2,https://localcoverage.cms.gov/mcd_archive/view/lcd.aspx?lcdInfo=40021:2
06/27/2025,40022,3,59939,5,143,,,3,/data/article?articleid=59939&ver=5
06/27/2025,40022,3,60251,2,143,,,4,/data/article?articleid=60251&ver=2
07/21/2025,39919,5,53531,22,391,,,1,/data/article?articleid=53531&ver=22
06/27/2025,39919,5,59826,3,394,,,2,https://localcoverage.cms.gov/mcd_archive/view/article.aspx?articleInfo=59826:2
06/27/2025,39919,5,59827,7,394,,,3,/data/article?articleid=59827&ver=7
06/27/2025,39919,5,60223,4,394,,,4,/data/article?articleid=60223&ver=4
06/27/2025,39919,5,,,394,39918,4,5,https://localcoverage.cms.gov/mcd_archive/view/lcd.aspx?lcdInfo=39918:3
05/28/2025,39989,4,,,143,39988,3,1,https://localcoverage.cms.gov/mcd_archive/view/lcd.aspx?lcdInfo=39988:2
06/03/2025,39989,4,59908,6,143,,,2,/data/article?articleid=59908&ver=6
06/03/2025,39989,4,60220,3,143,,,3,/data/article?articleid=60220&ver=3
05/28/2025,39987,4,,,143,39986,3,1,https://localcoverage.cms.gov/mcd_archive/view/lcd.aspx?lcdInfo=39986:2
06/03/2025,39987,4,59906,6,143,,,2,/data/article?articleid=59906&ver=6
06/03/2025,39987,4,60219,3,143,,,3,/data/article?articleid=60219&ver=3
06/04/2025,39933,5,59846,3,391,,,1,https://localcoverage.cms.gov/mcd_archive/view/article.aspx?articleInfo=59846:2
06/04/2025,39933,5,,,391,39932,5,3,https://localcoverage.cms.gov/mcd_archive/view/lcd.aspx?lcdInfo=39932:4
06/04/2025,39933,5,59847,8,391,,,4,/data/article?articleid=59847&ver=8
06/04/2025,39933,5,60197,4,391,,,5,/data/article?articleid=60197&ver=4
06/04/2025,39935,8,60190,5,391,,,1,/data/article?articleid=60190&ver=5
06/04/2025,39935,8,,,391,39934,5,2,https://localcoverage.cms.gov/mcd_archive/view/lcd.aspx?lcdInfo=39934:4
06/04/2025,39935,8,59849,8,378,,,3,/data/article?articleid=59849&ver=8
05/13/2022,38985,17,58700,17,391,,,1,/data/article?articleid=58700&ver=17
05/13/2022,38985,17,59069,5,391,,,2,/data/article?articleid=59069&ver=5
05/13/2022,38985,17,,,391,38984,8,3,https://localcoverage.cms.gov/mcd_archive/view/lcd.aspx?lcdInfo=38984:7
02/03/2022,38988,18,58710,92,391,,,1,/data/article?articleid=58710&ver=92
02/03/2022,38988,18,59005,8,391,,,2,/data/article?articleid=59005&ver=8
02/03/2022,38988,18,,,391,38987,12,3,https://localcoverage.cms.gov/mcd_archive/view/lcd.aspx?lcdInfo=38987:11
06/02/2021,38566,11,58021,11,391,,,1,/data/article?articleid=58021&ver=11
06/02/2021,38566,11,58728,6,391,,,2,/data/article?articleid=58728&ver=6
06/02/2021,38566,11,,,391,38565,7,3,https://localcoverage.cms.gov/mcd_archive/view/lcd.aspx?lcdInfo=38565:6
09/14/2020,38292,17,58343,11,391,,,1,/data/article?articleid=58343&ver=11
09/14/2020,38292,17,58344,3,391,,,2,/data/article?articleid=58344&ver=3
09/14/2020,38292,17,,,391,38291,6,3,https://localcoverage.cms.gov/mcd_archive/view/lcd.aspx?lcdInfo=38291:5
04/23/2020,38238,13,58031,11,391,,,1,/data/article?articleid=58031&ver=11
04/23/2020,38238,13,58030,5,391,,,2,/data/article?articleid=58030&ver=5
04/23/2020,38238,13,,,391,38237,4,3,https://localcoverage.cms.gov/mcd_archive/view/lcd.aspx?lcdInfo=38237:3
03/10/2021,37794,23,56875,11,391,,,1,/data/article?articleid=56875&ver=11
03/10/2021,37794,23,58629,2,391,,,2,/data/article?articleid=58629&ver=2
03/10/2021,37794,23,,,391,38569,8,3,https://localcoverage.cms.gov/mcd_archive/view/lcd.aspx?lcdInfo=38569:7
05/13/2022,38016,21,57165,15,228,,,1,/data/article?articleid=57165&ver=15
05/13/2022,38016,21,59084,4,228,,,2,/data/article?articleid=59084&ver=4
05/13/2022,38016,21,,,228,38995,5,3,https://localcoverage.cms.gov/mcd_archive/view/lcd.aspx?lcdInfo=38995:4
05/13/2022,37725,44,56961,18,391,,,1,/data/article?articleid=56961&ver=18
05/13/2022,37725,44,59070,4,391,,,2,/data/article?articleid=59070&ver=4
05/13/2022,37725,44,,,391,38986,6,3,https://localcoverage.cms.gov/mcd_archive/view/lcd.aspx?lcdInfo=38986:5
07/28/2017,33423,58,55670,3,374,,,1,https://localcoverage.cms.gov/mcd_archive/view/article.aspx?articleInfo=55670:2
07/28/2017,33423,58,,,374,37377,4,2,https://localcoverage.cms.gov/mcd_archive/view/lcd.aspx?lcdInfo=37377:3
07/02/2019,33423,58,56691,28,391,,,3,/data/article?articleid=56691&ver=28
08/20/2019,34760,27,56916,33,143,,,1,/data/article?articleid=56916&ver=33
12/19/2025,36839,23,54953,70,147,,,1,/data/article?articleid=54953&ver=70
12/07/2016,36839,23,55381,2,143,,,2,/data/article?articleid=55381&ver=2
08/20/2019,36839,23,56903,15,143,,,3,/data/article?articleid=56903&ver=15
05/04/2022,39042,7,58758,3,143,,,1,https://localcoverage.cms.gov/mcd_archive/view/article.aspx?articleInfo=58758:2
05/10/2022,39042,7,58759,13,143,,,2,/data/article?articleid=58759&ver=13
05/10/2022,39042,7,59118,2,143,,,3,/data/article?articleid=59118&ver=2
08/20/2019,34526,24,56905,20,143,,,1,/data/article?articleid=56905&ver=20
04/06/2021,38680,7,58206,3,143,,,1,https://localcoverage.cms.gov/mcd_archive/view/article.aspx?articleInfo=58206:2
04/13/2021,38680,7,58207,34,143,,,2,/data/article?articleid=58207&ver=34
04/13/2021,38680,7,58703,2,143,,,3,/data/article?articleid=58703&ver=2
04/06/2021,38680,7,,,143,38679,3,4,https://localcoverage.cms.gov/mcd_archive/view/lcd.aspx?lcdInfo=38679:2
09/13/2023,38680,7,,,143,39714,4,5,https://localcoverage.cms.gov/mcd_archive/view/lcd.aspx?lcdInfo=39714:1
04/15/2020,38443,11,57111,3,143,,,1,https://localcoverage.cms.gov/mcd_archive/view/article.aspx?articleInfo=57111:2
04/15/2020,38443,11,,,143,38442,3,2,https://localcoverage.cms.gov/mcd_archive/view/lcd.aspx?lcdInfo=38442:2
04/20/2020,38443,11,57112,11,143,,,3,/data/article?articleid=57112&ver=11
04/20/2020,38443,11,58117,2,143,,,4,/data/article?articleid=58117&ver=2
05/03/2022,38018,18,58763,4,143,,,1,https://localcoverage.cms.gov/mcd_archive/view/article.aspx?articleInfo=58763:3
05/03/2022,38018,18,,,143,39045,4,2,https://localcoverage.cms.gov/mcd_archive/view/lcd.aspx?lcdInfo=39045:3
05/10/2022,38018,18,56636,20,143,,,3,/data/article?articleid=56636&ver=20
05/10/2022,38018,18,59117,2,143,,,4,/data/article?articleid=59117&ver=2
09/04/2020,38433,9,57105,3,143,,,1,https://localcoverage.cms.gov/mcd_archive/view/article.aspx?articleInfo=57105:2
09/04/2020,38433,9,,,143,38432,3,2,https://localcoverage.cms.gov/mcd_archive/view/lcd.aspx?lcdInfo=38432:2
09/16/2020,38433,9,57106,12,143,,,3,/data/article?articleid=57106&ver=12
09/16/2020,38433,9,58450,4,143,,,4,/data/article?articleid=58450&ver=4
12/23/2024,39797,13,59672,8,391,,,1,/data/article?articleid=59672&ver=8
12/23/2024,39797,13,59948,7,391,,,2,/data/article?articleid=59948&ver=7
12/23/2024,39797,13,,,391,39796,6,3,https://localcoverage.cms.gov/mcd_archive/view/lcd.aspx?lcdInfo=39796:5
12/23/2024,39797,13,,,391,39402,14,4,/data/lcd?lcdid=39402&ver=14
06/11/2025,38278,35,58406,26,391,,,1,/data/article?articleid=58406&ver=26
06/11/2025,38278,35,60200,5,391,,,2,/data/article?articleid=60200&ver=5
06/11/2025,38278,35,,,391,40031,4,3,https://localcoverage.cms.gov/mcd_archive/view/lcd.aspx?lcdInfo=40031:3
03/21/2019,37903,18,56374,3,228,,,1,/data/article?articleid=56374&ver=3
08/29/2019,37903,18,56982,15,228,,,2,/data/article?articleid=56982&ver=15
03/01/2019,37903,18,,,228,37902,4,3,https://localcoverage.cms.gov/mcd_archive/view/lcd.aspx?lcdInfo=37902:3
08/05/2015,35984,22,54586,2,228,,,1,/data/article?articleid=54586&ver=2
08/05/2015,35984,22,,,228,35983,5,2,https://localcoverage.cms.gov/mcd_archive/view/lcd.aspx?lcdInfo=35983:4
08/29/2019,35984,22,56980,12,228,,,3,/data/article?articleid=56980&ver=12
06/24/2022,34434,68,56389,36,391,,,1,/data/article?articleid=56389&ver=36
06/24/2022,34434,68,59127,3,391,,,2,/data/article?articleid=59127&ver=3
06/24/2022,34434,68,,,391,39248,13,3,https://localcoverage.cms.gov/mcd_archive/view/lcd.aspx?lcdInfo=39248:12
12/11/2019,34633,54,57117,4,143,,,1,https://localcoverage.cms.gov/mcd_archive/view/article.aspx?articleInfo=57117:3
12/11/2019,34633,54,,,143,38446,4,2,https://localcoverage.cms.gov/mcd_archive/view/lcd.aspx?lcdInfo=38446:3
12/16/2019,34633,54,56795,34,143,,,3,/data/article?articleid=56795&ver=34
12/16/2019,34633,54,57844,2,143,,,4,/data/article?articleid=57844&ver=2
10/23/2019,34594,42,57478,40,143,,,1,/data/article?articleid=57478&ver=40
10/23/2019,34615,42,57483,28,143,,,1,/data/article?articleid=57483&ver=28
12/09/2016,36807,45,55137,14,143,,,1,https://localcoverage.cms.gov/mcd_archive/view/article.aspx?articleInfo=55137:2
12/09/2016,36807,45,55138,14,143,,,2,https://localcoverage.cms.gov/mcd_archive/view/article.aspx?articleInfo=55138:2
12/09/2016,36807,45,55139,19,143,,,3,https://localcoverage.cms.gov/mcd_archive/view/article.aspx?articleInfo=55139:2
12/09/2016,36807,45,55141,20,143,,,4,https://localcoverage.cms.gov/mcd_archive/view/article.aspx?articleInfo=55141:3
12/09/2016,36807,45,55142,17,143,,,5,https://localcoverage.cms.gov/mcd_archive/view/article.aspx?articleInfo=55142:2
12/09/2016,36807,45,55143,16,143,,,6,https://localcoverage.cms.gov/mcd_archive/view/article.aspx?articleInfo=55143:2
12/09/2016,36807,45,55144,18,143,,,7,https://localcoverage.cms.gov/mcd_archive/view/article.aspx?articleInfo=55144:3
12/09/2016,36807,45,55145,18,143,,,8,https://localcoverage.cms.gov/mcd_archive/view/article.aspx?articleInfo=55145:2
12/09/2016,36807,45,55146,17,143,,,9,/data/article?articleid=55146&ver=17
12/09/2016,36807,45,55147,30,143,,,10,/data/article?articleid=55147&ver=30
12/09/2016,36807,45,55148,16,143,,,11,https://localcoverage.cms.gov/mcd_archive/view/article.aspx?articleInfo=55148:2
12/09/2016,36807,45,55156,12,143,,,12,https://localcoverage.cms.gov/mcd_archive/view/article.aspx?articleInfo=55156:2
12/09/2016,36807,45,55157,20,143,,,13,https://localcoverage.cms.gov/mcd_archive/view/article.aspx?articleInfo=55157:4
12/09/2016,36807,45,55159,22,143,,,14,https://localcoverage.cms.gov/mcd_archive/view/article.aspx?articleInfo=55159:2
12/09/2016,36807,45,55160,17,143,,,15,https://localcoverage.cms.gov/mcd_archive/view/article.aspx?articleInfo=55160:2
12/09/2016,36807,45,55161,23,143,,,16,/data/article?articleid=55161&ver=23
12/09/2016,36807,45,55162,20,143,,,17,/data/article?articleid=55162&ver=20
12/09/2016,36807,45,55163,21,143,,,18,https://localcoverage.cms.gov/mcd_archive/view/article.aspx?articleInfo=55163:2
12/09/2016,36807,45,55164,14,143,,,19,https://localcoverage.cms.gov/mcd_archive/view/article.aspx?articleInfo=55164:2
12/09/2016,36807,45,55165,14,143,,,20,https://localcoverage.cms.gov/mcd_archive/view/article.aspx?articleInfo=55165:2
12/09/2016,36807,45,55166,20,143,,,21,https://localcoverage.cms.gov/mcd_archive/view/article.aspx?articleInfo=55166:3
12/09/2016,36807,45,55167,12,143,,,22,https://localcoverage.cms.gov/mcd_archive/view/article.aspx?articleInfo=55167:2
12/09/2016,36807,45,55168,17,143,,,23,https://localcoverage.cms.gov/mcd_archive/view/article.aspx?articleInfo=55168:2
12/09/2016,36807,45,55169,15,143,,,24,/data/article?articleid=55169&ver=15
12/09/2016,36807,45,55170,17,143,,,25,https://localcoverage.cms.gov/mcd_archive/view/article.aspx?articleInfo=55170:2
12/09/2016,36807,45,55171,14,143,,,26,https://localcoverage.cms.gov/mcd_archive/view/article.aspx?articleInfo=55171:2
12/09/2016,36807,45,55172,15,143,,,27,https://localcoverage.cms.gov/mcd_archive/view/article.aspx?articleInfo=55172:2
12/09/2016,36807,45,55173,14,143,,,28,https://localcoverage.cms.gov/mcd_archive/view/article.aspx?articleInfo=55173:2
12/09/2016,36807,45,55174,14,143,,,29,https://localcoverage.cms.gov/mcd_archive/view/article.aspx?articleInfo=55174:2
12/09/2016,36807,45,55175,25,143,,,30,/data/article?articleid=55175&ver=25
12/09/2016,36807,45,55176,17,143,,,31,https://localcoverage.cms.gov/mcd_archive/view/article.aspx?articleInfo=55176:2
12/09/2016,36807,45,55189,17,143,,,32,https://localcoverage.cms.gov/mcd_archive/view/article.aspx?articleInfo=55189:2
12/09/2016,36807,45,55190,14,143,,,33,https://localcoverage.cms.gov/mcd_archive/view/article.aspx?articleInfo=55190:2
12/09/2016,36807,45,55191,19,143,,,34,https://localcoverage.cms.gov/mcd_archive/view/article.aspx?articleInfo=55191:2
12/09/2016,36807,45,55192,23,143,,,35,https://localcoverage.cms.gov/mcd_archive/view/article.aspx?articleInfo=55192:4
12/09/2016,36807,45,55193,15,143,,,36,/data/article?articleid=55193&ver=15
12/09/2016,36807,45,55195,17,143,,,37,https://localcoverage.cms.gov/mcd_archive/view/article.aspx?articleInfo=55195:2
12/09/2016,36807,45,55197,35,143,,,38,/data/article?articleid=55197&ver=35
12/09/2016,36807,45,55198,22,143,,,39,https://localcoverage.cms.gov/mcd_archive/view/article.aspx?articleInfo=55198:2
12/09/2016,36807,45,55199,16,143,,,40,https://localcoverage.cms.gov/mcd_archive/view/article.aspx?articleInfo=55199:2
12/09/2016,36807,45,55200,37,143,,,41,/data/article?articleid=55200&ver=37
12/09/2016,36807,45,55201,12,143,,,42,https://localcoverage.cms.gov/mcd_archive/view/article.aspx?articleInfo=55201:2
12/09/2016,36807,45,55202,14,143,,,43,https://localcoverage.cms.gov/mcd_archive/view/article.aspx?articleInfo=55202:5
12/09/2016,36807,45,55203,16,143,,,44,https://localcoverage.cms.gov/mcd_archive/view/article.aspx?articleInfo=55203:4
12/09/2016,36807,45,55204,20,143,,,45,https://localcoverage.cms.gov/mcd_archive/view/article.aspx?articleInfo=55204:7
12/09/2016,36807,45,55205,22,143,,,46,https://localcoverage.cms.gov/mcd_archive/view/article.aspx?articleInfo=55205:2
12/09/2016,36807,45,55206,18,143,,,47,/data/article?articleid=55206&ver=18
12/09/2016,36807,45,55207,12,143,,,48,https://localcoverage.cms.gov/mcd_archive/view/article.aspx?articleInfo=55207:2
12/09/2016,36807,45,55208,22,143,,,49,https://localcoverage.cms.gov/mcd_archive/view/article.aspx?articleInfo=55208:2
12/09/2016,36807,45,55209,20,143,,,50,https://localcoverage.cms.gov/mcd_archive/view/article.aspx?articleInfo=55209:2
12/09/2016,36807,45,55210,15,143,,,51,/data/article?articleid=55210&ver=15
12/09/2016,36807,45,55211,14,143,,,52,https://localcoverage.cms.gov/mcd_archive/view/article.aspx?articleInfo=55211:2
12/09/2016,36807,45,55221,23,143,,,53,https://localcoverage.cms.gov/mcd_archive/view/article.aspx?articleInfo=55221:2
12/09/2016,36807,45,55222,13,143,,,54,https://localcoverage.cms.gov/mcd_archive/view/article.aspx?articleInfo=55222:2
12/09/2016,36807,45,55223,12,143,,,55,https://localcoverage.cms.gov/mcd_archive/view/article.aspx?articleInfo=55223:2
12/09/2016,36807,45,55230,18,143,,,56,/data/article?articleid=55230&ver=18
12/09/2016,36807,45,55231,17,143,,,57,/data/article?articleid=55231&ver=17
12/09/2016,36807,45,55232,14,143,,,58,https://localcoverage.cms.gov/mcd_archive/view/article.aspx?articleInfo=55232:2
12/09/2016,36807,45,55233,21,143,,,59,/data/article?articleid=55233&ver=21
12/09/2016,36807,45,55234,12,143,,,60,https://localcoverage.cms.gov/mcd_archive/view/article.aspx?articleInfo=55234:2
12/12/2016,36807,45,55391,2,143,,,61,/data/article?articleid=55391&ver=2
06/20/2017,36807,45,55621,17,143,,,62,/data/article?articleid=55621&ver=17
06/20/2017,36807,45,55622,14,143,,,63,https://localcoverage.cms.gov/mcd_archive/view/article.aspx?articleInfo=55622:2
09/18/2017,36807,45,55738,17,143,,,64,/data/article?articleid=55738&ver=17
03/19/2018,36807,45,55846,15,143,,,65,https://localcoverage.cms.gov/mcd_archive/view/article.aspx?articleInfo=55846:4
12/13/2019,36807,45,57772,81,143,,,66,/data/article?articleid=57772&ver=81
01/04/2024,36807,45,59649,30,143,,,67,/data/article?articleid=59649&ver=30
02/12/2026,36807,45,59700,5,143,,,68,/data/article?articleid=59700&ver=5
02/02/2021,38837,7,56902,50,143,,,1,/data/article?articleid=56902&ver=50
02/02/2021,38837,7,58471,10,143,,,2,/data/article?articleid=58471&ver=10
02/02/2021,38837,7,58624,2,143,,,3,/data/article?articleid=58624&ver=2
01/11/2022,38837,7,59002,4,143,,,4,https://localcoverage.cms.gov/mcd_archive/view/article.aspx?articleInfo=59002:1
02/02/2021,38837,7,,,143,35490,85,5,/data/lcd?lcdid=35490&ver=85
01/11/2022,38837,7,,,143,39246,4,6,https://localcoverage.cms.gov/mcd_archive/view/lcd.aspx?lcdInfo=39246:1
02/05/2020,38111,10,57915,10,228,,,1,/data/article?articleid=57915&ver=10
02/05/2020,38111,10,57916,4,228,,,2,/data/article?articleid=57916&ver=4
02/05/2020,38111,10,,,228,38110,4,3,https://localcoverage.cms.gov/mcd_archive/view/lcd.aspx?lcdInfo=38110:3
05/18/2017,37130,21,,,228,37129,4,1,https://localcoverage.cms.gov/mcd_archive/view/lcd.aspx?lcdInfo=37129:3
05/18/2017,37130,21,55561,2,228,,,2,/data/article?articleid=55561&ver=2
08/29/2019,37130,21,56981,16,228,,,3,/data/article?articleid=56981&ver=16
12/27/2024,39802,8,59682,4,228,,,1,/data/article?articleid=59682&ver=4
12/27/2024,39802,8,59957,3,228,,,2,/data/article?articleid=59957&ver=3
09/13/2019,34393,24,57068,17,228,,,2,/data/article?articleid=57068&ver=17
12/05/2024,39367,41,58918,90,368,,,1,/data/article?articleid=58918&ver=90
12/06/2024,39367,41,59123,28,368,,,2,/data/article?articleid=59123&ver=28
12/06/2024,39367,41,59967,11,368,,,3,/data/article?articleid=59967&ver=11
12/06/2024,39367,41,,,368,39668,9,4,https://localcoverage.cms.gov/mcd_archive/view/lcd.aspx?lcdInfo=39668:8
12/11/2024,39365,149,58917,101,331,,,1,/data/article?articleid=58917&ver=101
01/03/2025,39365,149,59125,38,331,,,2,/data/article?articleid=59125&ver=38
01/03/2025,39365,149,59856,22,331,,,3,/data/article?articleid=59856&ver=22
01/03/2025,39365,149,,,331,39667,10,4,https://localcoverage.cms.gov/mcd_archive/view/lcd.aspx?lcdInfo=39667:9
05/04/2021,37663,20,58203,4,143,,,1,https://localcoverage.cms.gov/mcd_archive/view/article.aspx?articleInfo=58203:3
05/04/2021,37663,20,,,143,38675,4,2,https://localcoverage.cms.gov/mcd_archive/view/lcd.aspx?lcdInfo=38675:3
05/10/2021,37663,20,57567,14,143,,,3,/data/article?articleid=57567&ver=14
05/10/2021,37663,20,58752,2,143,,,4,/data/article?articleid=58752&ver=2
12/13/2016,36811,16,55401,2,143,,,1,/data/article?articleid=55401&ver=2
11/27/2019,36811,16,57560,10,143,,,2,/data/article?articleid=57560&ver=10
06/14/2023,39479,5,,,143,39478,3,1,https://localcoverage.cms.gov/mcd_archive/view/lcd.aspx?lcdInfo=39478:2
06/22/2023,39479,5,59455,2,143,,,2,/data/article?articleid=59455&ver=2
06/22/2023,39479,5,59261,7,143,,,3,/data/article?articleid=59261&ver=7
04/11/2023,39529,5,56157,19,143,,,1,/data/article?articleid=56157&ver=19
04/21/2023,39529,5,59369,2,143,,,2,/data/article?articleid=59369&ver=2
04/11/2023,39529,5,,,143,39528,3,3,https://localcoverage.cms.gov/mcd_archive/view/lcd.aspx?lcdInfo=39528:2
10/23/2020,35396,220,52986,242,331,,,1,/data/article?articleid=52986&ver=242
10/23/2020,35396,220,58529,4,331,,,2,https://localcoverage.cms.gov/mcd_archive/view/article.aspx?articleInfo=58529:3
12/02/2021,35396,220,,,331,35062,122,3,/data/lcd?lcdid=35062&ver=122
10/23/2020,35396,220,,,331,38388,14,4,https://localcoverage.cms.gov/mcd_archive/view/lcd.aspx?lcdInfo=38388:13
11/04/2014,35132,54,53887,3,227,,,1,https://localcoverage.cms.gov/mcd_archive/view/article.aspx?articleInfo=53887:2
11/04/2014,35132,54,,,227,35413,12,2,https://localcoverage.cms.gov/mcd_archive/view/lcd.aspx?lcdInfo=35413:3
05/06/2016,35132,54,,,378,33431,59,3,/data/lcd?lcdid=33431&ver=59
06/26/2019,35132,54,56674,11,373,,,4,/data/article?articleid=56674&ver=11
06/05/2019,34570,52,56614,23,391,,,1,/data/article?articleid=56614&ver=23
03/20/2017,33317,34,55426,132,139,,,1,/data/article?articleid=55426&ver=132
04/04/2014,33317,34,52478,26,139,,,2,/data/article?articleid=52478&ver=26
12/11/2019,37228,24,55910,2,143,,,1,/data/article?articleid=55910&ver=2
12/11/2019,37228,24,,,143,38447,4,2,https://localcoverage.cms.gov/mcd_archive/view/lcd.aspx?lcdInfo=38447:3
12/17/2019,37228,24,55909,46,143,,,3,/data/article?articleid=55909&ver=46
12/17/2019,37228,24,57846,4,143,,,4,/data/article?articleid=57846&ver=4
02/14/2025,38726,17,58264,8,368,,,1,/data/article?articleid=58264&ver=8
02/14/2025,38726,17,59932,5,368,,,2,/data/article?articleid=59932&ver=5
02/14/2025,38726,17,,,368,39996,8,3,https://localcoverage.cms.gov/mcd_archive/view/lcd.aspx?lcdInfo=39996:7
02/14/2025,38712,18,58243,7,331,,,1,/data/article?articleid=58243&ver=7
02/14/2025,38712,18,59931,5,331,,,2,/data/article?articleid=59931&ver=5
02/14/2025,38712,18,,,331,39983,9,3,https://localcoverage.cms.gov/mcd_archive/view/lcd.aspx?lcdInfo=39983:8
12/06/2017,37561,20,55830,3,368,,,1,https://localcoverage.cms.gov/mcd_archive/view/article.aspx?articleInfo=55830:2
11/21/2019,37561,20,57682,6,368,,,2,/data/article?articleid=57682&ver=6
05/23/2019,36715,58,56542,18,331,,,1,/data/article?articleid=56542&ver=18
12/02/2021,36715,58,,,331,35062,122,2,/data/lcd?lcdid=35062&ver=122
09/23/2016,36715,58,,,331,36714,18,3,https://localcoverage.cms.gov/mcd_archive/view/lcd.aspx?lcdInfo=36714:17
02/18/2016,36499,28,,,368,36498,3,1,https://localcoverage.cms.gov/mcd_archive/view/lcd.aspx?lcdInfo=36498:2
11/11/2017,36499,28,55806,3,368,,,2,https://localcoverage.cms.gov/mcd_archive/view/article.aspx?articleInfo=55806:2
10/04/2019,36499,28,57449,24,368,,,3,/data/article?articleid=57449&ver=24
10/04/2019,36499,28,57438,4,368,,,4,https://localcoverage.cms.gov/mcd_archive/view/article.aspx?articleInfo=57438:3
03/05/2021,38396,25,56952,50,368,,,1,/data/article?articleid=56952&ver=50
03/05/2021,38396,25,58657,4,368,,,2,/data/article?articleid=58657&ver=4
03/05/2021,38396,25,,,368,38842,34,3,https://localcoverage.cms.gov/mcd_archive/view/lcd.aspx?lcdInfo=38842:33
03/05/2021,35083,108,56423,59,335,,,1,/data/article?articleid=56423&ver=59
03/05/2021,35083,108,58661,7,335,,,2,https://localcoverage.cms.gov/mcd_archive/view/article.aspx?articleInfo=58661:6
03/05/2021,35083,108,,,335,38845,18,3,https://localcoverage.cms.gov/mcd_archive/view/lcd.aspx?lcdInfo=38845:17
12/10/2021,33833,26,57666,36,368,,,1,/data/article?articleid=57666&ver=36
12/10/2021,33833,26,58960,7,368,,,2,/data/article?articleid=58960&ver=7
12/10/2021,33833,26,,,368,39099,9,3,https://localcoverage.cms.gov/mcd_archive/view/lcd.aspx?lcdInfo=39099:8
12/10/2021,34887,53,52998,50,331,,,1,/data/article?articleid=52998&ver=50
12/10/2021,34887,53,58961,8,331,,,2,/data/article?articleid=58961&ver=8
12/10/2021,34887,53,,,331,39098,11,3,https://localcoverage.cms.gov/mcd_archive/view/lcd.aspx?lcdInfo=39098:10
04/20/2016,36593,37,55005,3,374,,,1,https://localcoverage.cms.gov/mcd_archive/view/article.aspx?articleInfo=55005:2
06/14/2018,36593,37,55958,6,378,,,2,/data/article?articleid=55958&ver=6
06/11/2018,36593,37,56006,19,378,,,3,/data/article?articleid=56006&ver=19
09/03/2019,36593,37,56995,15,391,,,4,/data/article?articleid=56995&ver=15
04/20/2016,36593,37,,,374,36592,8,5,https://localcoverage.cms.gov/mcd_archive/view/lcd.aspx?lcdInfo=36592:7
06/12/2024,39799,16,56651,36,368,,,1,/data/article?articleid=56651&ver=36
06/21/2024,39799,16,59674,18,368,,,2,/data/article?articleid=59674&ver=18
06/21/2024,39799,16,59803,7,368,,,3,/data/article?articleid=59803&ver=7
06/12/2024,39799,16,,,368,33906,75,4,/data/lcd?lcdid=33906&ver=75
06/21/2024,39799,16,,,368,39798,12,5,https://localcoverage.cms.gov/mcd_archive/view/lcd.aspx?lcdInfo=39798:11
05/13/2024,39793,47,56681,34,331,,,1,/data/article?articleid=56681&ver=34
06/21/2024,39793,47,59668,29,331,,,2,/data/article?articleid=59668&ver=29
06/21/2024,39793,47,59802,4,331,,,3,/data/article?articleid=59802&ver=4
05/13/2024,39793,47,,,331,36920,107,4,/data/lcd?lcdid=36920&ver=107
06/21/2024,39793,47,,,331,39792,49,5,https://localcoverage.cms.gov/mcd_archive/view/lcd.aspx?lcdInfo=39792:48
05/21/2024,35922,44,56838,13,391,,,1,/data/article?articleid=56838&ver=13
05/21/2024,35922,44,59755,4,391,,,2,/data/article?articleid=59755&ver=4
05/21/2024,35922,44,,,391,39565,9,3,https://localcoverage.cms.gov/mcd_archive/view/lcd.aspx?lcdInfo=39565:8
10/10/2018,37581,24,56143,5,378,,,1,https://localcoverage.cms.gov/mcd_archive/view/article.aspx?articleInfo=56143:2
10/10/2018,37581,24,,,378,37580,7,2,https://localcoverage.cms.gov/mcd_archive/view/lcd.aspx?lcdInfo=37580:6
08/19/2019,37581,24,56948,23,378,,,3,/data/article?articleid=56948&ver=23
10/04/2024,39851,15,59721,6,391,,,1,/data/article?articleid=59721&ver=6
10/04/2024,39851,15,59930,4,391,,,2,/data/article?articleid=59930&ver=4
10/04/2024,39851,15,,,391,39850,14,3,https://localcoverage.cms.gov/mcd_archive/view/lcd.aspx?lcdInfo=39850:13
08/03/2017,37260,27,,,378,37259,3,1,https://localcoverage.cms.gov/mcd_archive/view/lcd.aspx?lcdInfo=37259:2
08/04/2017,37260,27,55680,3,378,,,2,https://localcoverage.cms.gov/mcd_archive/view/article.aspx?articleInfo=55680:2
08/15/2019,37260,27,56933,9,391,,,3,/data/article?articleid=56933&ver=9
03/24/2023,39256,7,59015,3,391,,,2,/data/article?articleid=59015&ver=3
03/24/2023,39256,7,59343,4,391,,,3,/data/article?articleid=59343&ver=4
03/24/2023,39256,7,,,391,39255,3,4,https://localcoverage.cms.gov/mcd_archive/view/lcd.aspx?lcdInfo=39255:2
06/07/2024,39646,7,59470,4,391,,,1,/data/article?articleid=59470&ver=4
06/07/2024,39646,7,59734,4,391,,,2,/data/article?articleid=59734&ver=4
06/03/2022,39237,10,58982,19,391,,,1,/data/article?articleid=58982&ver=19
06/03/2022,39237,10,59114,3,391,,,2,/data/article?articleid=59114&ver=3
06/03/2022,39237,10,,,391,39236,9,3,https://localcoverage.cms.gov/mcd_archive/view/lcd.aspx?lcdInfo=39236:8
12/01/2023,39258,12,59028,12,391,,,1,/data/article?articleid=59028&ver=12
12/01/2023,39258,12,59579,3,391,,,2,/data/article?articleid=59579&ver=3
12/01/2023,39258,12,,,391,39633,4,3,https://localcoverage.cms.gov/mcd_archive/view/lcd.aspx?lcdInfo=39633:3
12/15/2020,38745,17,58282,14,391,,,1,/data/article?articleid=58282&ver=14
12/15/2020,38745,17,58547,3,391,,,2,/data/article?articleid=58547&ver=3
12/15/2020,38745,17,,,391,38744,6,3,https://localcoverage.cms.gov/mcd_archive/view/lcd.aspx?lcdInfo=38744:5
12/12/2019,38043,14,57867,33,391,,,1,/data/article?articleid=57867&ver=33
12/12/2019,38043,14,57866,2,391,,,2,/data/article?articleid=57866&ver=2
12/12/2019,38043,14,,,391,38042,5,3,https://localcoverage.cms.gov/mcd_archive/view/lcd.aspx?lcdInfo=38042:4
10/16/2025,39913,7,57552,19,143,,,1,/data/article?articleid=57552&ver=19
10/03/2024,39913,7,59813,6,143,,,2,/data/article?articleid=59813&ver=6
10/03/2024,39913,7,59937,2,143,,,3,/data/article?articleid=59937&ver=2
09/26/2024,39913,7,,,143,35121,35,4,/data/lcd?lcdid=35121&ver=35
09/26/2024,39913,7,,,143,39912,4,5,https://localcoverage.cms.gov/mcd_archive/view/lcd.aspx?lcdInfo=39912:3
01/22/2018,37539,17,55879,2,143,,,1,/data/article?articleid=55879&ver=2
11/26/2019,37539,17,57588,11,143,,,2,/data/article?articleid=57588&ver=11
02/09/2021,37539,17,,,143,37538,3,3,https://localcoverage.cms.gov/mcd_archive/view/lcd.aspx?lcdInfo=37538:3
03/16/2023,39356,5,59120,3,143,,,1,https://localcoverage.cms.gov/mcd_archive/view/article.aspx?articleInfo=59120:2
03/16/2023,39356,5,,,143,39355,3,2,https://localcoverage.cms.gov/mcd_archive/view/lcd.aspx?lcdInfo=39355:2
03/22/2023,39356,5,59121,3,143,,,3,/data/article?articleid=59121&ver=3
03/22/2023,39356,5,59360,2,143,,,4,/data/article?articleid=59360&ver=2
08/14/2024,39911,7,,,143,39910,3,1,https://localcoverage.cms.gov/mcd_archive/view/lcd.aspx?lcdInfo=39910:2
08/22/2024,39911,7,59811,5,143,,,2,/data/article?articleid=59811&ver=5
08/22/2024,39911,7,59902,2,143,,,3,/data/article?articleid=59902&ver=2
01/10/2020,38168,11,,,143,38167,3,1,https://localcoverage.cms.gov/mcd_archive/view/lcd.aspx?lcdInfo=38167:2
01/22/2020,38168,11,57936,33,143,,,2,/data/article?articleid=57936&ver=33
01/22/2020,38168,11,57935,2,143,,,3,/data/article?articleid=57935&ver=2
02/18/2025,39958,4,60147,3,228,,,1,/data/article?articleid=60147&ver=3
02/18/2025,39958,4,59880,3,228,,,2,/data/article?articleid=59880&ver=3
02/18/2025,39942,5,59866,6,394,,,1,/data/article?articleid=59866&ver=6
02/18/2025,39942,5,59985,4,394,,,2,/data/article?articleid=59985&ver=4
02/18/2025,39942,5,,,394,39941,8,3,https://localcoverage.cms.gov/mcd_archive/view/lcd.aspx?lcdInfo=39941:7
11/12/2021,39023,23,58737,10,238,,,1,/data/article?articleid=58737&ver=10
11/12/2021,39023,23,58894,8,238,,,2,/data/article?articleid=58894&ver=8
09/30/2024,39840,14,59928,2,228,,,2,/data/article?articleid=59928&ver=2
09/30/2024,39840,14,59716,8,228,,,3,/data/article?articleid=59716&ver=8
12/06/2024,34425,43,56729,21,391,,,1,/data/article?articleid=56729&ver=21
12/06/2024,34425,43,59949,2,391,,,2,/data/article?articleid=59949&ver=2
12/06/2024,34425,43,,,391,39928,6,3,https://localcoverage.cms.gov/mcd_archive/view/lcd.aspx?lcdInfo=39928:5
08/18/2023,35724,80,54799,67,391,,,1,/data/article?articleid=54799&ver=67
08/18/2023,35724,80,59501,2,391,,,2,/data/article?articleid=59501&ver=2
08/18/2023,35724,80,,,391,39579,7,3,https://localcoverage.cms.gov/mcd_archive/view/lcd.aspx?lcdInfo=39579:6
05/16/2024,39741,8,59738,2,238,,,2,/data/article?articleid=59738&ver=2
05/16/2024,39741,8,59608,32,238,,,3,/data/article?articleid=59608&ver=32
12/06/2024,39956,5,59878,4,391,,,1,/data/article?articleid=59878&ver=4
12/06/2024,39956,5,59943,2,391,,,2,/data/article?articleid=59943&ver=2
12/06/2024,39956,5,,,391,39955,6,3,https://localcoverage.cms.gov/mcd_archive/view/lcd.aspx?lcdInfo=39955:5
