lcd_id,lcd_version,contractor_id,contractor_type_id,contractor_version,last_updated
32553,21,239,8,1,10/29/2024
32553,21,228,9,2,10/29/2024
32553,21,240,8,1,10/29/2024
32553,21,238,9,2,10/29/2024
33252,29,368,12,1,06/19/2020
33252,29,370,12,1,06/19/2020
33252,29,369,12,1,06/19/2020
33252,29,371,12,1,06/19/2020
33252,29,372,12,1,06/19/2020
33261,40,368,12,1,05/21/2021
33261,40,370,12,1,05/21/2021
33261,40,369,12,1,05/21/2021
33261,40,371,12,1,05/21/2021
33261,40,372,12,1,05/21/2021
33267,17,368,12,1,11/21/2019
33267,17,370,12,1,11/21/2019
33267,17,369,12,1,11/21/2019
33267,17,371,12,1,11/21/2019
33267,17,372,12,1,11/21/2019
33274,43,368,12,1,09/19/2025
33274,43,370,12,1,09/19/2025
33274,43,369,12,1,09/19/2025
33274,43,371,12,1,09/19/2025
33274,43,372,12,1,09/19/2025
33312,40,388,10,1,09/23/2025
33312,40,140,10,2,09/23/2025
33312,40,389,10,1,09/23/2025
33312,40,139,10,2,09/23/2025
33317,34,388,10,1,03/27/2025
33317,34,140,10,2,03/27/2025
33317,34,389,10,1,03/27/2025
33317,34,139,10,2,03/27/2025
33318,63,388,10,1,12/04/2025
33318,63,140,10,2,12/04/2025
33318,63,389,10,1,12/04/2025
33318,63,139,10,2,12/04/2025
33369,26,388,10,1,02/28/2020
33369,26,140,10,2,02/28/2020
33369,26,389,10,1,02/28/2020
33369,26,139,10,2,02/28/2020
33370,58,388,10,1,02/12/2026
33370,58,140,10,2,02/12/2026
33370,58,389,10,1,02/12/2026
33370,58,139,10,2,02/12/2026
33393,10,503,11,1,07/14/2026
33393,10,518,13,1,07/14/2026
33394,55,500,8,1,07/16/2026
33394,55,504,9,1,07/16/2026
33394,55,501,8,1,07/16/2026
33394,55,505,9,1,07/16/2026
33394,55,502,8,1,07/16/2026
33394,55,506,9,1,07/16/2026
33394,55,507,13,1,07/16/2026
33394,55,509,13,1,07/16/2026
33394,55,508,13,1,07/16/2026
33394,55,510,13,1,07/16/2026
33394,55,511,13,1,07/16/2026
33394,55,512,13,1,07/16/2026
33394,55,517,13,1,07/16/2026
33394,55,519,13,1,07/16/2026
33394,55,514,13,1,07/16/2026
33394,55,520,13,1,07/16/2026
33394,55,515,13,1,07/16/2026
33394,55,521,13,1,07/16/2026
33394,55,513,13,1,07/16/2026
33394,55,523,13,1,07/16/2026
33394,55,516,13,1,07/16/2026
33394,55,522,13,1,07/16/2026
33396,11,500,8,1,07/14/2026
33396,11,504,9,1,07/14/2026
33396,11,501,8,1,07/14/2026
33396,11,505,9,1,07/14/2026
33396,11,502,8,1,07/14/2026
33396,11,506,9,1,07/14/2026
33396,11,507,13,1,07/14/2026
33396,11,509,13,1,07/14/2026
33396,11,508,13,1,07/14/2026
33396,11,510,13,1,07/14/2026
33396,11,511,13,1,07/14/2026
33396,11,512,13,1,07/14/2026
33396,11,517,13,1,07/14/2026
33396,11,519,13,1,07/14/2026
33396,11,514,13,1,07/14/2026
33396,11,520,13,1,07/14/2026
33396,11,515,13,1,07/14/2026
33396,11,521,13,1,07/14/2026
33396,11,513,13,1,07/14/2026
33396,11,523,13,1,07/14/2026
33396,11,516,13,1,07/14/2026
33396,11,522,13,1,07/14/2026
33398,40,500,8,1,07/16/2026
33398,40,504,9,1,07/16/2026
33398,40,501,8,1,07/16/2026
33398,40,505,9,1,07/16/2026
33398,40,502,8,1,07/16/2026
33398,40,506,9,1,07/16/2026
33398,40,507,13,1,07/16/2026
33398,40,509,13,1,07/16/2026
33398,40,508,13,1,07/16/2026
33398,40,510,13,1,07/16/2026
33398,40,511,13,1,07/16/2026
33398,40,512,13,1,07/16/2026
33398,40,517,13,1,07/16/2026
33398,40,519,13,1,07/16/2026
33398,40,514,13,1,07/16/2026
33398,40,520,13,1,07/16/2026
33398,40,515,13,1,07/16/2026
33398,40,521,13,1,07/16/2026
33398,40,513,13,1,07/16/2026
33398,40,523,13,1,07/16/2026
33398,40,516,13,1,07/16/2026
33398,40,522,13,1,07/16/2026
33399,15,500,8,1,07/14/2026
33399,15,504,9,1,07/14/2026
33399,15,501,8,1,07/14/2026
33399,15,505,9,1,07/14/2026
33399,15,502,8,1,07/14/2026
33399,15,506,9,1,07/14/2026
33399,15,507,13,1,07/14/2026
33399,15,509,13,1,07/14/2026
33399,15,508,13,1,07/14/2026
33399,15,510,13,1,07/14/2026
33399,15,511,13,1,07/14/2026
33399,15,512,13,1,07/14/2026
33399,15,517,13,1,07/14/2026
33399,15,519,13,1,07/14/2026
33399,15,514,13,1,07/14/2026
33399,15,520,13,1,07/14/2026
33399,15,515,13,1,07/14/2026
33399,15,521,13,1,07/14/2026
33399,15,513,13,1,07/14/2026
33399,15,523,13,1,07/14/2026
33399,15,516,13,1,07/14/2026
33399,15,522,13,1,07/14/2026
33405,25,368,12,1,06/19/2020
33405,25,370,12,1,06/19/2020
33405,25,369,12,1,06/19/2020
33405,25,371,12,1,06/19/2020
33405,25,372,12,1,06/19/2020
33411,29,368,12,1,10/02/2019
33411,29,370,12,1,10/02/2019
33411,29,369,12,1,10/02/2019
33411,29,371,12,1,10/02/2019
33411,29,372,12,1,10/02/2019
33417,40,394,12,1,04/05/2021
33417,40,395,12,1,04/05/2021
33417,40,396,12,1,04/05/2021
33417,40,378,13,1,04/05/2021
33417,40,379,13,1,04/05/2021
33417,40,380,13,1,04/05/2021
33417,40,381,13,1,04/05/2021
33420,41,391,12,1,02/25/2021
33420,41,394,12,1,02/25/2021
33420,41,392,12,1,02/25/2021
33420,41,395,12,1,02/25/2021
33420,41,393,12,1,02/25/2021
33420,41,396,12,1,02/25/2021
33420,41,374,13,1,02/25/2021
33420,41,378,13,1,02/25/2021
33420,41,375,13,1,02/25/2021
33420,41,379,13,1,02/25/2021
33420,41,376,13,1,02/25/2021
33420,41,380,13,1,02/25/2021
33420,41,377,13,1,02/25/2021
33420,41,381,13,1,02/25/2021
33422,45,394,12,1,12/29/2025
33422,45,395,12,1,12/29/2025
33422,45,396,12,1,12/29/2025
33422,45,378,13,1,12/29/2025
33422,45,379,13,1,12/29/2025
33422,45,380,13,1,12/29/2025
33422,45,381,13,1,12/29/2025
33423,58,391,12,1,06/20/2025
33423,58,394,12,1,06/20/2025
33423,58,392,12,1,06/20/2025
33423,58,395,12,1,06/20/2025
33423,58,393,12,1,06/20/2025
33423,58,396,12,1,06/20/2025
33423,58,374,13,1,06/20/2025
33423,58,378,13,1,06/20/2025
33423,58,375,13,1,06/20/2025
33423,58,379,13,1,06/20/2025
33423,58,376,13,1,06/20/2025
33423,58,380,13,1,06/20/2025
33423,58,377,13,1,06/20/2025
33423,58,381,13,1,06/20/2025
33428,53,391,12,1,07/23/2021
33428,53,394,12,1,07/23/2021
33428,53,392,12,1,07/23/2021
33428,53,395,12,1,07/23/2021
33428,53,393,12,1,07/23/2021
33428,53,396,12,1,07/23/2021
33428,53,374,13,1,07/23/2021
33428,53,378,13,1,07/23/2021
33428,53,375,13,1,07/23/2021
33428,53,379,13,1,07/23/2021
33428,53,376,13,1,07/23/2021
33428,53,380,13,1,07/23/2021
33428,53,377,13,1,07/23/2021
33428,53,381,13,1,07/23/2021
33431,59,394,12,1,09/12/2025
33431,59,395,12,1,09/12/2025
33431,59,396,12,1,09/12/2025
33431,59,378,13,1,09/12/2025
33431,59,379,13,1,09/12/2025
33431,59,380,13,1,09/12/2025
33431,59,381,13,1,09/12/2025
33436,38,394,12,1,11/10/2023
33436,38,395,12,1,11/10/2023
33436,38,396,12,1,11/10/2023
33436,38,378,13,1,11/10/2023
33436,38,379,13,1,11/10/2023
33436,38,380,13,1,11/10/2023
33436,38,381,13,1,11/10/2023
33438,47,394,12,1,07/12/2024
33438,47,395,12,1,07/12/2024
33438,47,396,12,1,07/12/2024
33438,47,378,13,1,07/12/2024
33438,47,379,13,1,07/12/2024
33438,47,380,13,1,07/12/2024
33438,47,381,13,1,07/12/2024
33444,42,394,12,1,12/23/2024
33444,42,395,12,1,12/23/2024
33444,42,396,12,1,12/23/2024
33444,42,378,13,1,12/23/2024
33444,42,379,13,1,12/23/2024
33444,42,380,13,1,12/23/2024
33444,42,381,13,1,12/23/2024
33445,79,391,12,1,10/17/2025
33445,79,394,12,1,10/17/2025
33445,79,392,12,1,10/17/2025
33445,79,395,12,1,10/17/2025
33445,79,393,12,1,10/17/2025
33445,79,396,12,1,10/17/2025
33445,79,374,13,1,10/17/2025
33445,79,378,13,1,10/17/2025
33445,79,375,13,1,10/17/2025
33445,79,379,13,1,10/17/2025
33445,79,376,13,1,10/17/2025
33445,79,380,13,1,10/17/2025
33445,79,377,13,1,10/17/2025
33445,79,381,13,1,10/17/2025
33446,47,394,12,1,06/18/2021
33446,47,395,12,1,06/18/2021
33446,47,396,12,1,06/18/2021
33446,47,378,13,1,06/18/2021
33446,47,379,13,1,06/18/2021
33446,47,380,13,1,06/18/2021
33446,47,381,13,1,06/18/2021
33447,48,394,12,1,09/10/2024
33447,48,395,12,1,09/10/2024
33447,48,396,12,1,09/10/2024
33447,48,378,13,1,09/10/2024
33447,48,379,13,1,09/10/2024
33447,48,380,13,1,09/10/2024
33447,48,381,13,1,09/10/2024
33449,36,394,12,1,11/09/2019
33449,36,395,12,1,11/09/2019
33449,36,396,12,1,11/09/2019
33449,36,378,13,1,11/09/2019
33449,36,379,13,1,11/09/2019
33449,36,380,13,1,11/09/2019
33449,36,381,13,1,11/09/2019
33455,31,394,12,1,09/03/2021
33455,31,395,12,1,09/03/2021
33455,31,396,12,1,09/03/2021
33455,31,378,13,1,09/03/2021
33455,31,379,13,1,09/03/2021
33455,31,380,13,1,09/03/2021
33455,31,381,13,1,09/03/2021
33456,71,391,12,1,06/05/2023
33456,71,394,12,1,06/05/2023
33456,71,392,12,1,06/05/2023
33456,71,395,12,1,06/05/2023
33456,71,393,12,1,06/05/2023
33456,71,396,12,1,06/05/2023
33456,71,374,13,1,06/05/2023
33456,71,378,13,1,06/05/2023
33456,71,375,13,1,06/05/2023
33456,71,379,13,1,06/05/2023
33456,71,376,13,1,06/05/2023
33456,71,380,13,1,06/05/2023
33456,71,377,13,1,06/05/2023
33456,71,381,13,1,06/05/2023
33457,61,391,12,1,03/14/2023
33457,61,394,12,1,03/14/2023
33457,61,392,12,1,03/14/2023
33457,61,395,12,1,03/14/2023
33457,61,393,12,1,03/14/2023
33457,61,396,12,1,03/14/2023
33457,61,374,13,1,03/14/2023
33457,61,378,13,1,03/14/2023
33457,61,375,13,1,03/14/2023
33457,61,379,13,1,03/14/2023
33457,61,376,13,1,03/14/2023
33457,61,380,13,1,03/14/2023
33457,61,377,13,1,03/14/2023
33457,61,381,13,1,03/14/2023
33458,70,394,12,1,05/20/2021
33458,70,395,12,1,05/20/2021
33458,70,396,12,1,05/20/2021
33458,70,378,13,1,05/20/2021
33458,70,379,13,1,05/20/2021
33458,70,380,13,1,05/20/2021
33458,70,381,13,1,05/20/2021
33459,46,391,12,1,06/03/2026
33459,46,394,12,1,06/03/2026
33459,46,392,12,1,06/03/2026
33459,46,395,12,1,06/03/2026
33459,46,393,12,1,06/03/2026
33459,46,396,12,1,06/03/2026
33459,46,374,13,1,06/03/2026
33459,46,378,13,1,06/03/2026
33459,46,375,13,1,06/03/2026
33459,46,379,13,1,06/03/2026
33459,46,376,13,1,06/03/2026
33459,46,380,13,1,06/03/2026
33459,46,377,13,1,06/03/2026
33459,46,381,13,1,06/03/2026
33461,64,394,12,1,03/01/2024
33461,64,395,12,1,03/01/2024
33461,64,396,12,1,03/01/2024
33461,64,378,13,1,03/01/2024
33461,64,379,13,1,03/01/2024
33461,64,380,13,1,03/01/2024
33461,64,381,13,1,03/01/2024
33467,49,391,12,1,05/01/2023
33467,49,394,12,1,05/01/2023
33467,49,392,12,1,05/01/2023
33467,49,395,12,1,05/01/2023
33467,49,393,12,1,05/01/2023
33467,49,396,12,1,05/01/2023
33467,49,374,13,1,05/01/2023
33467,49,378,13,1,05/01/2023
33467,49,375,13,1,05/01/2023
33467,49,379,13,1,05/01/2023
33467,49,376,13,1,05/01/2023
33467,49,380,13,1,05/01/2023
33467,49,377,13,1,05/01/2023
33467,49,381,13,1,05/01/2023
33557,48,500,8,1,07/14/2026
33557,48,504,9,1,07/14/2026
33557,48,501,8,1,07/14/2026
33557,48,505,9,1,07/14/2026
33557,48,502,8,1,07/14/2026
33557,48,506,9,1,07/14/2026
33557,48,507,13,1,07/14/2026
33557,48,509,13,1,07/14/2026
33557,48,508,13,1,07/14/2026
33557,48,510,13,1,07/14/2026
33557,48,511,13,1,07/14/2026
33557,48,512,13,1,07/14/2026
33557,48,517,13,1,07/14/2026
33557,48,519,13,1,07/14/2026
33557,48,514,13,1,07/14/2026
33557,48,520,13,1,07/14/2026
33557,48,515,13,1,07/14/2026
33557,48,521,13,1,07/14/2026
33557,48,513,13,1,07/14/2026
33557,48,523,13,1,07/14/2026
33557,48,516,13,1,07/14/2026
33557,48,522,13,1,07/14/2026
33558,33,500,8,1,07/14/2026
33558,33,504,9,1,07/14/2026
33558,33,501,8,1,07/14/2026
33558,33,505,9,1,07/14/2026
33558,33,502,8,1,07/14/2026
33558,33,506,9,1,07/14/2026
33558,33,507,13,1,07/14/2026
33558,33,509,13,1,07/14/2026
33558,33,508,13,1,07/14/2026
33558,33,510,13,1,07/14/2026
33558,33,511,13,1,07/14/2026
33558,33,512,13,1,07/14/2026
33558,33,517,13,1,07/14/2026
33558,33,519,13,1,07/14/2026
33558,33,514,13,1,07/14/2026
33558,33,520,13,1,07/14/2026
33558,33,515,13,1,07/14/2026
33558,33,521,13,1,07/14/2026
33558,33,513,13,1,07/14/2026
33558,33,523,13,1,07/14/2026
33558,33,516,13,1,07/14/2026
33558,33,522,13,1,07/14/2026
33559,29,500,8,1,07/14/2026
33559,29,504,9,1,07/14/2026
33559,29,501,8,1,07/14/2026
33559,29,505,9,1,07/14/2026
33559,29,502,8,1,07/14/2026
33559,29,506,9,1,07/14/2026
33559,29,507,13,1,07/14/2026
33559,29,509,13,1,07/14/2026
33559,29,508,13,1,07/14/2026
33559,29,510,13,1,07/14/2026
33559,29,511,13,1,07/14/2026
33559,29,512,13,1,07/14/2026
33559,29,517,13,1,07/14/2026
33559,29,519,13,1,07/14/2026
33559,29,514,13,1,07/14/2026
33559,29,520,13,1,07/14/2026
33559,29,515,13,1,07/14/2026
33559,29,521,13,1,07/14/2026
33559,29,513,13,1,07/14/2026
33559,29,523,13,1,07/14/2026
33559,29,516,13,1,07/14/2026
33559,29,522,13,1,07/14/2026
33560,36,500,8,1,07/14/2026
33560,36,504,9,1,07/14/2026
33560,36,501,8,1,07/14/2026
33560,36,505,9,1,07/14/2026
33560,36,502,8,1,07/14/2026
33560,36,506,9,1,07/14/2026
33560,36,507,13,1,07/14/2026
33560,36,509,13,1,07/14/2026
33560,36,508,13,1,07/14/2026
33560,36,510,13,1,07/14/2026
33560,36,511,13,1,07/14/2026
33560,36,512,13,1,07/14/2026
33560,36,517,13,1,07/14/2026
33560,36,519,13,1,07/14/2026
33560,36,514,13,1,07/14/2026
33560,36,520,13,1,07/14/2026
33560,36,515,13,1,07/14/2026
33560,36,521,13,1,07/14/2026
33560,36,513,13,1,07/14/2026
33560,36,523,13,1,07/14/2026
33560,36,516,13,1,07/14/2026
33560,36,522,13,1,07/14/2026
33563,27,500,8,1,07/14/2026
33563,27,504,9,1,07/14/2026
33563,27,501,8,1,07/14/2026
33563,27,505,9,1,07/14/2026
33563,27,502,8,1,07/14/2026
33563,27,506,9,1,07/14/2026
33563,27,507,13,1,07/14/2026
33563,27,509,13,1,07/14/2026
33563,27,508,13,1,07/14/2026
33563,27,510,13,1,07/14/2026
33563,27,511,13,1,07/14/2026
33563,27,512,13,1,07/14/2026
33563,27,517,13,1,07/14/2026
33563,27,519,13,1,07/14/2026
33563,27,514,13,1,07/14/2026
33563,27,520,13,1,07/14/2026
33563,27,515,13,1,07/14/2026
33563,27,521,13,1,07/14/2026
33563,27,513,13,1,07/14/2026
33563,27,523,13,1,07/14/2026
33563,27,516,13,1,07/14/2026
33563,27,522,13,1,07/14/2026
33567,28,500,8,1,07/14/2026
33567,28,504,9,1,07/14/2026
33567,28,501,8,1,07/14/2026
33567,28,505,9,1,07/14/2026
33567,28,502,8,1,07/14/2026
33567,28,506,9,1,07/14/2026
33567,28,507,13,1,07/14/2026
33567,28,509,13,1,07/14/2026
33567,28,508,13,1,07/14/2026
33567,28,510,13,1,07/14/2026
33567,28,511,13,1,07/14/2026
33567,28,512,13,1,07/14/2026
33567,28,517,13,1,07/14/2026
33567,28,519,13,1,07/14/2026
33567,28,514,13,1,07/14/2026
33567,28,520,13,1,07/14/2026
33567,28,515,13,1,07/14/2026
33567,28,521,13,1,07/14/2026
33567,28,513,13,1,07/14/2026
33567,28,523,13,1,07/14/2026
33567,28,516,13,1,07/14/2026
33567,28,522,13,1,07/14/2026
33569,32,500,8,1,07/14/2026
33569,32,504,9,1,07/14/2026
33569,32,501,8,1,07/14/2026
33569,32,505,9,1,07/14/2026
33569,32,502,8,1,07/14/2026
33569,32,506,9,1,07/14/2026
33569,32,507,13,1,07/14/2026
33569,32,509,13,1,07/14/2026
33569,32,508,13,1,07/14/2026
33569,32,510,13,1,07/14/2026
33569,32,511,13,1,07/14/2026
33569,32,512,13,1,07/14/2026
33569,32,517,13,1,07/14/2026
33569,32,519,13,1,07/14/2026
33569,32,514,13,1,07/14/2026
33569,32,520,13,1,07/14/2026
33569,32,515,13,1,07/14/2026
33569,32,521,13,1,07/14/2026
33569,32,513,13,1,07/14/2026
33569,32,523,13,1,07/14/2026
33569,32,516,13,1,07/14/2026
33569,32,522,13,1,07/14/2026
33573,25,500,8,1,07/14/2026
33573,25,504,9,1,07/14/2026
33573,25,501,8,1,07/14/2026
33573,25,505,9,1,07/14/2026
33573,25,502,8,1,07/14/2026
33573,25,506,9,1,07/14/2026
33573,25,507,13,1,07/14/2026
33573,25,509,13,1,07/14/2026
33573,25,508,13,1,07/14/2026
33573,25,510,13,1,07/14/2026
33573,25,511,13,1,07/14/2026
33573,25,512,13,1,07/14/2026
33573,25,517,13,1,07/14/2026
33573,25,519,13,1,07/14/2026
33573,25,514,13,1,07/14/2026
33573,25,520,13,1,07/14/2026
33573,25,515,13,1,07/14/2026
33573,25,521,13,1,07/14/2026
33573,25,513,13,1,07/14/2026
33573,25,523,13,1,07/14/2026
33573,25,516,13,1,07/14/2026
33573,25,522,13,1,07/14/2026
33574,38,500,8,1,07/14/2026
33574,38,504,9,1,07/14/2026
33574,38,501,8,1,07/14/2026
33574,38,505,9,1,07/14/2026
33574,38,502,8,1,07/14/2026
33574,38,506,9,1,07/14/2026
33574,38,507,13,1,07/14/2026
33574,38,509,13,1,07/14/2026
33574,38,508,13,1,07/14/2026
33574,38,510,13,1,07/14/2026
33574,38,511,13,1,07/14/2026
33574,38,512,13,1,07/14/2026
33574,38,517,13,1,07/14/2026
33574,38,519,13,1,07/14/2026
33574,38,514,13,1,07/14/2026
33574,38,520,13,1,07/14/2026
33574,38,515,13,1,07/14/2026
33574,38,521,13,1,07/14/2026
33574,38,513,13,1,07/14/2026
33574,38,523,13,1,07/14/2026
33574,38,516,13,1,07/14/2026
33574,38,522,13,1,07/14/2026
33575,44,500,8,1,07/14/2026
33575,44,504,9,1,07/14/2026
33575,44,501,8,1,07/14/2026
33575,44,505,9,1,07/14/2026
33575,44,502,8,1,07/14/2026
33575,44,506,9,1,07/14/2026
33575,44,507,13,1,07/14/2026
33575,44,509,13,1,07/14/2026
33575,44,508,13,1,07/14/2026
33575,44,510,13,1,07/14/2026
33575,44,511,13,1,07/14/2026
33575,44,512,13,1,07/14/2026
33575,44,517,13,1,07/14/2026
33575,44,519,13,1,07/14/2026
33575,44,514,13,1,07/14/2026
33575,44,520,13,1,07/14/2026
33575,44,515,13,1,07/14/2026
33575,44,521,13,1,07/14/2026
33575,44,513,13,1,07/14/2026
33575,44,523,13,1,07/14/2026
33575,44,516,13,1,07/14/2026
33575,44,522,13,1,07/14/2026
33576,24,500,8,1,07/14/2026
33576,24,504,9,1,07/14/2026
33576,24,501,8,1,07/14/2026
33576,24,505,9,1,07/14/2026
33576,24,502,8,1,07/14/2026
33576,24,506,9,1,07/14/2026
33576,24,507,13,1,07/14/2026
33576,24,509,13,1,07/14/2026
33576,24,508,13,1,07/14/2026
33576,24,510,13,1,07/14/2026
33576,24,511,13,1,07/14/2026
33576,24,512,13,1,07/14/2026
33576,24,517,13,1,07/14/2026
33576,24,519,13,1,07/14/2026
33576,24,514,13,1,07/14/2026
33576,24,520,13,1,07/14/2026
33576,24,515,13,1,07/14/2026
33576,24,521,13,1,07/14/2026
33576,24,513,13,1,07/14/2026
33576,24,523,13,1,07/14/2026
33576,24,516,13,1,07/14/2026
33576,24,522,13,1,07/14/2026
33577,44,500,8,1,07/14/2026
33577,44,504,9,1,07/14/2026
33577,44,501,8,1,07/14/2026
33577,44,505,9,1,07/14/2026
33577,44,502,8,1,07/14/2026
33577,44,506,9,1,07/14/2026
33577,44,507,13,1,07/14/2026
33577,44,509,13,1,07/14/2026
33577,44,508,13,1,07/14/2026
33577,44,510,13,1,07/14/2026
33577,44,511,13,1,07/14/2026
33577,44,512,13,1,07/14/2026
33577,44,517,13,1,07/14/2026
33577,44,519,13,1,07/14/2026
33577,44,514,13,1,07/14/2026
33577,44,520,13,1,07/14/2026
33577,44,515,13,1,07/14/2026
33577,44,521,13,1,07/14/2026
33577,44,513,13,1,07/14/2026
33577,44,523,13,1,07/14/2026
33577,44,516,13,1,07/14/2026
33577,44,522,13,1,07/14/2026
33578,18,500,8,1,07/14/2026
33578,18,504,9,1,07/14/2026
33578,18,501,8,1,07/14/2026
33578,18,505,9,1,07/14/2026
33578,18,502,8,1,07/14/2026
33578,18,506,9,1,07/14/2026
33578,18,507,13,1,07/14/2026
33578,18,509,13,1,07/14/2026
33578,18,508,13,1,07/14/2026
33578,18,510,13,1,07/14/2026
33578,18,511,13,1,07/14/2026
33578,18,512,13,1,07/14/2026
33578,18,517,13,1,07/14/2026
33578,18,519,13,1,07/14/2026
33578,18,514,13,1,07/14/2026
33578,18,520,13,1,07/14/2026
33578,18,515,13,1,07/14/2026
33578,18,521,13,1,07/14/2026
33578,18,513,13,1,07/14/2026
33578,18,523,13,1,07/14/2026
33578,18,516,13,1,07/14/2026
33578,18,522,13,1,07/14/2026
33579,39,500,8,1,07/14/2026
33579,39,504,9,1,07/14/2026
33579,39,501,8,1,07/14/2026
33579,39,505,9,1,07/14/2026
33579,39,502,8,1,07/14/2026
33579,39,506,9,1,07/14/2026
33579,39,507,13,1,07/14/2026
33579,39,509,13,1,07/14/2026
33579,39,508,13,1,07/14/2026
33579,39,510,13,1,07/14/2026
33579,39,511,13,1,07/14/2026
33579,39,512,13,1,07/14/2026
33579,39,517,13,1,07/14/2026
33579,39,519,13,1,07/14/2026
33579,39,514,13,1,07/14/2026
33579,39,520,13,1,07/14/2026
33579,39,515,13,1,07/14/2026
33579,39,521,13,1,07/14/2026
33579,39,513,13,1,07/14/2026
33579,39,523,13,1,07/14/2026
33579,39,516,13,1,07/14/2026
33579,39,522,13,1,07/14/2026
33580,41,500,8,1,07/14/2026
33580,41,504,9,1,07/14/2026
33580,41,501,8,1,07/14/2026
33580,41,505,9,1,07/14/2026
33580,41,502,8,1,07/14/2026
33580,41,506,9,1,07/14/2026
33580,41,507,13,1,07/14/2026
33580,41,509,13,1,07/14/2026
33580,41,508,13,1,07/14/2026
33580,41,510,13,1,07/14/2026
33580,41,511,13,1,07/14/2026
33580,41,512,13,1,07/14/2026
33580,41,517,13,1,07/14/2026
33580,41,519,13,1,07/14/2026
33580,41,514,13,1,07/14/2026
33580,41,520,13,1,07/14/2026
33580,41,515,13,1,07/14/2026
33580,41,521,13,1,07/14/2026
33580,41,513,13,1,07/14/2026
33580,41,523,13,1,07/14/2026
33580,41,516,13,1,07/14/2026
33580,41,522,13,1,07/14/2026
33583,21,368,12,1,10/02/2019
33583,21,370,12,1,10/02/2019
33583,21,369,12,1,10/02/2019
33583,21,371,12,1,10/02/2019
33583,21,372,12,1,10/02/2019
33585,34,500,8,1,07/14/2026
33585,34,504,9,1,07/14/2026
33585,34,501,8,1,07/14/2026
33585,34,505,9,1,07/14/2026
33585,34,502,8,1,07/14/2026
33585,34,506,9,1,07/14/2026
33585,34,507,13,1,07/14/2026
33585,34,509,13,1,07/14/2026
33585,34,508,13,1,07/14/2026
33585,34,510,13,1,07/14/2026
33585,34,511,13,1,07/14/2026
33585,34,512,13,1,07/14/2026
33585,34,517,13,1,07/14/2026
33585,34,519,13,1,07/14/2026
33585,34,514,13,1,07/14/2026
33585,34,520,13,1,07/14/2026
33585,34,515,13,1,07/14/2026
33585,34,521,13,1,07/14/2026
33585,34,513,13,1,07/14/2026
33585,34,523,13,1,07/14/2026
33585,34,516,13,1,07/14/2026
33585,34,522,13,1,07/14/2026
33591,19,500,8,1,07/16/2026
33591,19,504,9,1,07/16/2026
33591,19,501,8,1,07/16/2026
33591,19,505,9,1,07/16/2026
33591,19,502,8,1,07/16/2026
33591,19,506,9,1,07/16/2026
33591,19,507,13,1,07/16/2026
33591,19,509,13,1,07/16/2026
33591,19,508,13,1,07/16/2026
33591,19,510,13,1,07/16/2026
33591,19,511,13,1,07/16/2026
33591,19,512,13,1,07/16/2026
33591,19,517,13,1,07/16/2026
33591,19,519,13,1,07/16/2026
33591,19,514,13,1,07/16/2026
33591,19,520,13,1,07/16/2026
33591,19,515,13,1,07/16/2026
33591,19,521,13,1,07/16/2026
33591,19,513,13,1,07/16/2026
33591,19,523,13,1,07/16/2026
33591,19,516,13,1,07/16/2026
33591,19,522,13,1,07/16/2026
33609,14,368,12,1,12/31/2020
33609,14,370,12,1,12/31/2020
33609,14,369,12,1,12/31/2020
33609,14,371,12,1,12/31/2020
33609,14,372,12,1,12/31/2020
33610,70,388,10,1,06/19/2026
33610,70,140,10,2,06/19/2026
33610,70,389,10,1,06/19/2026
33610,70,139,10,2,06/19/2026
33611,25,388,10,1,06/18/2021
33611,25,140,10,2,06/18/2021
33611,25,389,10,1,06/18/2021
33611,25,139,10,2,06/18/2021
33612,26,388,10,1,12/07/2023
33612,26,140,10,2,12/07/2023
33612,26,389,10,1,12/07/2023
33612,26,139,10,2,12/07/2023
33614,27,500,8,1,07/14/2026
33614,27,504,9,1,07/14/2026
33614,27,501,8,1,07/14/2026
33614,27,505,9,1,07/14/2026
33614,27,502,8,1,07/14/2026
33614,27,506,9,1,07/14/2026
33614,27,507,13,1,07/14/2026
33614,27,509,13,1,07/14/2026
33614,27,508,13,1,07/14/2026
33614,27,510,13,1,07/14/2026
33614,27,511,13,1,07/14/2026
33614,27,512,13,1,07/14/2026
33614,27,517,13,1,07/14/2026
33614,27,519,13,1,07/14/2026
33614,27,514,13,1,07/14/2026
33614,27,520,13,1,07/14/2026
33614,27,515,13,1,07/14/2026
33614,27,521,13,1,07/14/2026
33614,27,513,13,1,07/14/2026
33614,27,523,13,1,07/14/2026
33614,27,516,13,1,07/14/2026
33614,27,522,13,1,07/14/2026
33616,11,500,8,1,07/14/2026
33616,11,504,9,1,07/14/2026
33616,11,501,8,1,07/14/2026
33616,11,505,9,1,07/14/2026
33616,11,502,8,1,07/14/2026
33616,11,506,9,1,07/14/2026
33616,11,507,13,1,07/14/2026
33616,11,509,13,1,07/14/2026
33616,11,508,13,1,07/14/2026
33616,11,510,13,1,07/14/2026
33616,11,511,13,1,07/14/2026
33616,11,512,13,1,07/14/2026
33616,11,517,13,1,07/14/2026
33616,11,519,13,1,07/14/2026
33616,11,514,13,1,07/14/2026
33616,11,520,13,1,07/14/2026
33616,11,515,13,1,07/14/2026
33616,11,521,13,1,07/14/2026
33616,11,513,13,1,07/14/2026
33616,11,523,13,1,07/14/2026
33616,11,516,13,1,07/14/2026
33616,11,522,13,1,07/14/2026
33618,23,368,12,1,11/21/2019
33618,23,370,12,1,11/21/2019
33618,23,369,12,1,11/21/2019
33618,23,371,12,1,11/21/2019
33618,23,372,12,1,11/21/2019
33619,25,500,8,1,07/14/2026
33619,25,504,9,1,07/14/2026
33619,25,501,8,1,07/14/2026
33619,25,505,9,1,07/14/2026
33619,25,502,8,1,07/14/2026
33619,25,506,9,1,07/14/2026
33619,25,507,13,1,07/14/2026
33619,25,509,13,1,07/14/2026
33619,25,508,13,1,07/14/2026
33619,25,510,13,1,07/14/2026
33619,25,511,13,1,07/14/2026
33619,25,512,13,1,07/14/2026
33619,25,517,13,1,07/14/2026
33619,25,519,13,1,07/14/2026
33619,25,514,13,1,07/14/2026
33619,25,520,13,1,07/14/2026
33619,25,515,13,1,07/14/2026
33619,25,521,13,1,07/14/2026
33619,25,513,13,1,07/14/2026
33619,25,523,13,1,07/14/2026
33619,25,516,13,1,07/14/2026
33619,25,522,13,1,07/14/2026
33621,16,500,8,1,07/14/2026
33621,16,504,9,1,07/14/2026
33621,16,501,8,1,07/14/2026
33621,16,505,9,1,07/14/2026
33621,16,502,8,1,07/14/2026
33621,16,506,9,1,07/14/2026
33621,16,507,13,1,07/14/2026
33621,16,509,13,1,07/14/2026
33621,16,508,13,1,07/14/2026
33621,16,510,13,1,07/14/2026
33621,16,511,13,1,07/14/2026
33621,16,512,13,1,07/14/2026
33621,16,517,13,1,07/14/2026
33621,16,519,13,1,07/14/2026
33621,16,514,13,1,07/14/2026
33621,16,520,13,1,07/14/2026
33621,16,515,13,1,07/14/2026
33621,16,521,13,1,07/14/2026
33621,16,513,13,1,07/14/2026
33621,16,523,13,1,07/14/2026
33621,16,516,13,1,07/14/2026
33621,16,522,13,1,07/14/2026
33622,36,500,8,1,07/14/2026
33622,36,504,9,1,07/14/2026
33622,36,501,8,1,07/14/2026
33622,36,505,9,1,07/14/2026
33622,36,502,8,1,07/14/2026
33622,36,506,9,1,07/14/2026
33622,36,507,13,1,07/14/2026
33622,36,509,13,1,07/14/2026
33622,36,508,13,1,07/14/2026
33622,36,510,13,1,07/14/2026
33622,36,511,13,1,07/14/2026
33622,36,512,13,1,07/14/2026
33622,36,517,13,1,07/14/2026
33622,36,519,13,1,07/14/2026
33622,36,514,13,1,07/14/2026
33622,36,520,13,1,07/14/2026
33622,36,515,13,1,07/14/2026
33622,36,521,13,1,07/14/2026
33622,36,513,13,1,07/14/2026
33622,36,523,13,1,07/14/2026
33622,36,516,13,1,07/14/2026
33622,36,522,13,1,07/14/2026
33623,26,500,8,1,07/14/2026
33623,26,504,9,1,07/14/2026
33623,26,501,8,1,07/14/2026
33623,26,505,9,1,07/14/2026
33623,26,502,8,1,07/14/2026
33623,26,506,9,1,07/14/2026
33623,26,507,13,1,07/14/2026
33623,26,509,13,1,07/14/2026
33623,26,508,13,1,07/14/2026
33623,26,510,13,1,07/14/2026
33623,26,511,13,1,07/14/2026
33623,26,512,13,1,07/14/2026
33623,26,517,13,1,07/14/2026
33623,26,519,13,1,07/14/2026
33623,26,514,13,1,07/14/2026
33623,26,520,13,1,07/14/2026
33623,26,515,13,1,07/14/2026
33623,26,521,13,1,07/14/2026
33623,26,513,13,1,07/14/2026
33623,26,523,13,1,07/14/2026
33623,26,516,13,1,07/14/2026
33623,26,522,13,1,07/14/2026
33624,34,500,8,1,07/14/2026
33624,34,504,9,1,07/14/2026
33624,34,501,8,1,07/14/2026
33624,34,505,9,1,07/14/2026
33624,34,502,8,1,07/14/2026
33624,34,506,9,1,07/14/2026
33624,34,507,13,1,07/14/2026
33624,34,509,13,1,07/14/2026
33624,34,508,13,1,07/14/2026
33624,34,510,13,1,07/14/2026
33624,34,511,13,1,07/14/2026
33624,34,512,13,1,07/14/2026
33624,34,517,13,1,07/14/2026
33624,34,519,13,1,07/14/2026
33624,34,514,13,1,07/14/2026
33624,34,520,13,1,07/14/2026
33624,34,515,13,1,07/14/2026
33624,34,521,13,1,07/14/2026
33624,34,513,13,1,07/14/2026
33624,34,523,13,1,07/14/2026
33624,34,516,13,1,07/14/2026
33624,34,522,13,1,07/14/2026
33626,45,500,8,1,07/14/2026
33626,45,504,9,1,07/14/2026
33626,45,501,8,1,07/14/2026
33626,45,505,9,1,07/14/2026
33626,45,502,8,1,07/14/2026
33626,45,506,9,1,07/14/2026
33626,45,507,13,1,07/14/2026
33626,45,509,13,1,07/14/2026
33626,45,508,13,1,07/14/2026
33626,45,510,13,1,07/14/2026
33626,45,511,13,1,07/14/2026
33626,45,512,13,1,07/14/2026
33626,45,517,13,1,07/14/2026
33626,45,519,13,1,07/14/2026
33626,45,514,13,1,07/14/2026
33626,45,520,13,1,07/14/2026
33626,45,515,13,1,07/14/2026
33626,45,521,13,1,07/14/2026
33626,45,513,13,1,07/14/2026
33626,45,523,13,1,07/14/2026
33626,45,516,13,1,07/14/2026
33626,45,522,13,1,07/14/2026
33627,90,500,8,1,07/14/2026
33627,90,504,9,1,07/14/2026
33627,90,501,8,1,07/14/2026
33627,90,505,9,1,07/14/2026
33627,90,502,8,1,07/14/2026
33627,90,506,9,1,07/14/2026
33627,90,507,13,1,07/14/2026
33627,90,509,13,1,07/14/2026
33627,90,508,13,1,07/14/2026
33627,90,510,13,1,07/14/2026
33627,90,511,13,1,07/14/2026
33627,90,512,13,1,07/14/2026
33627,90,517,13,1,07/14/2026
33627,90,519,13,1,07/14/2026
33627,90,514,13,1,07/14/2026
33627,90,520,13,1,07/14/2026
33627,90,515,13,1,07/14/2026
33627,90,521,13,1,07/14/2026
33627,90,513,13,1,07/14/2026
33627,90,523,13,1,07/14/2026
33627,90,516,13,1,07/14/2026
33627,90,522,13,1,07/14/2026
33628,34,500,8,1,07/14/2026
33628,34,504,9,1,07/14/2026
33628,34,501,8,1,07/14/2026
33628,34,505,9,1,07/14/2026
33628,34,502,8,1,07/14/2026
33628,34,506,9,1,07/14/2026
33628,34,507,13,1,07/14/2026
33628,34,509,13,1,07/14/2026
33628,34,508,13,1,07/14/2026
33628,34,510,13,1,07/14/2026
33628,34,511,13,1,07/14/2026
33628,34,512,13,1,07/14/2026
33628,34,517,13,1,07/14/2026
33628,34,519,13,1,07/14/2026
33628,34,514,13,1,07/14/2026
33628,34,520,13,1,07/14/2026
33628,34,515,13,1,07/14/2026
33628,34,521,13,1,07/14/2026
33628,34,513,13,1,07/14/2026
33628,34,523,13,1,07/14/2026
33628,34,516,13,1,07/14/2026
33628,34,522,13,1,07/14/2026
33630,28,500,8,1,07/14/2026
33630,28,504,9,1,07/14/2026
33630,28,501,8,1,07/14/2026
33630,28,505,9,1,07/14/2026
33630,28,502,8,1,07/14/2026
33630,28,506,9,1,07/14/2026
33630,28,507,13,1,07/14/2026
33630,28,509,13,1,07/14/2026
33630,28,508,13,1,07/14/2026
33630,28,510,13,1,07/14/2026
33630,28,511,13,1,07/14/2026
33630,28,512,13,1,07/14/2026
33630,28,517,13,1,07/14/2026
33630,28,519,13,1,07/14/2026
33630,28,514,13,1,07/14/2026
33630,28,520,13,1,07/14/2026
33630,28,515,13,1,07/14/2026
33630,28,521,13,1,07/14/2026
33630,28,513,13,1,07/14/2026
33630,28,523,13,1,07/14/2026
33630,28,516,13,1,07/14/2026
33630,28,522,13,1,07/14/2026
33631,52,500,8,1,07/14/2026
33631,52,504,9,1,07/14/2026
33631,52,501,8,1,07/14/2026
33631,52,505,9,1,07/14/2026
33631,52,502,8,1,07/14/2026
33631,52,506,9,1,07/14/2026
33631,52,507,13,1,07/14/2026
33631,52,509,13,1,07/14/2026
33631,52,508,13,1,07/14/2026
33631,52,510,13,1,07/14/2026
33631,52,511,13,1,07/14/2026
33631,52,512,13,1,07/14/2026
33631,52,517,13,1,07/14/2026
33631,52,519,13,1,07/14/2026
33631,52,514,13,1,07/14/2026
33631,52,520,13,1,07/14/2026
33631,52,515,13,1,07/14/2026
33631,52,521,13,1,07/14/2026
33631,52,513,13,1,07/14/2026
33631,52,523,13,1,07/14/2026
33631,52,516,13,1,07/14/2026
33631,52,522,13,1,07/14/2026
33632,83,500,8,1,07/14/2026
33632,83,504,9,1,07/14/2026
33632,83,501,8,1,07/14/2026
33632,83,505,9,1,07/14/2026
33632,83,502,8,1,07/14/2026
33632,83,506,9,1,07/14/2026
33632,83,507,13,1,07/14/2026
33632,83,509,13,1,07/14/2026
33632,83,508,13,1,07/14/2026
33632,83,510,13,1,07/14/2026
33632,83,511,13,1,07/14/2026
33632,83,512,13,1,07/14/2026
33632,83,517,13,1,07/14/2026
33632,83,519,13,1,07/14/2026
33632,83,514,13,1,07/14/2026
33632,83,520,13,1,07/14/2026
33632,83,515,13,1,07/14/2026
33632,83,521,13,1,07/14/2026
33632,83,513,13,1,07/14/2026
33632,83,523,13,1,07/14/2026
33632,83,516,13,1,07/14/2026
33632,83,522,13,1,07/14/2026
33633,50,500,8,1,07/14/2026
33633,50,504,9,1,07/14/2026
33633,50,501,8,1,07/14/2026
33633,50,505,9,1,07/14/2026
33633,50,502,8,1,07/14/2026
33633,50,506,9,1,07/14/2026
33633,50,507,13,1,07/14/2026
33633,50,509,13,1,07/14/2026
33633,50,508,13,1,07/14/2026
33633,50,510,13,1,07/14/2026
33633,50,511,13,1,07/14/2026
33633,50,512,13,1,07/14/2026
33633,50,517,13,1,07/14/2026
33633,50,519,13,1,07/14/2026
33633,50,514,13,1,07/14/2026
33633,50,520,13,1,07/14/2026
33633,50,515,13,1,07/14/2026
33633,50,521,13,1,07/14/2026
33633,50,513,13,1,07/14/2026
33633,50,523,13,1,07/14/2026
33633,50,516,13,1,07/14/2026
33633,50,522,13,1,07/14/2026
33636,53,500,8,1,07/14/2026
33636,53,504,9,1,07/14/2026
33636,53,501,8,1,07/14/2026
33636,53,505,9,1,07/14/2026
33636,53,502,8,1,07/14/2026
33636,53,506,9,1,07/14/2026
33636,53,507,13,1,07/14/2026
33636,53,509,13,1,07/14/2026
33636,53,508,13,1,07/14/2026
33636,53,510,13,1,07/14/2026
33636,53,511,13,1,07/14/2026
33636,53,512,13,1,07/14/2026
33636,53,517,13,1,07/14/2026
33636,53,519,13,1,07/14/2026
33636,53,514,13,1,07/14/2026
33636,53,520,13,1,07/14/2026
33636,53,515,13,1,07/14/2026
33636,53,521,13,1,07/14/2026
33636,53,513,13,1,07/14/2026
33636,53,523,13,1,07/14/2026
33636,53,516,13,1,07/14/2026
33636,53,522,13,1,07/14/2026
33641,21,388,10,1,02/14/2020
33641,21,140,10,2,02/14/2020
33641,21,389,10,1,02/14/2020
33641,21,139,10,2,02/14/2020
33642,26,388,10,1,03/12/2021
33642,26,140,10,2,03/12/2021
33642,26,389,10,1,03/12/2021
33642,26,139,10,2,03/12/2021
33646,40,269,8,1,04/23/2021
33646,40,273,9,1,04/23/2021
33646,40,270,8,1,04/23/2021
33646,40,274,9,1,04/23/2021
33646,40,271,8,1,04/23/2021
33646,40,275,9,1,04/23/2021
33646,40,297,13,1,04/23/2021
33646,40,299,13,1,04/23/2021
33646,40,298,13,1,04/23/2021
33646,40,300,13,1,04/23/2021
33646,40,301,13,1,04/23/2021
33646,40,302,13,1,04/23/2021
33646,40,307,13,1,04/23/2021
33646,40,309,13,1,04/23/2021
33646,40,304,13,1,04/23/2021
33646,40,310,13,1,04/23/2021
33646,40,305,13,1,04/23/2021
33646,40,311,13,1,04/23/2021
33646,40,303,13,1,04/23/2021
33646,40,313,13,1,04/23/2021
33646,40,306,13,1,04/23/2021
33646,40,312,13,1,04/23/2021
33667,23,368,12,1,10/02/2019
33667,23,370,12,1,10/02/2019
33667,23,369,12,1,10/02/2019
33667,23,371,12,1,10/02/2019
33667,23,372,12,1,10/02/2019
33671,48,368,12,1,01/29/2021
33671,48,370,12,1,01/29/2021
33671,48,369,12,1,01/29/2021
33671,48,371,12,1,01/29/2021
33671,48,372,12,1,01/29/2021
33674,10,368,12,1,11/21/2019
33674,10,370,12,1,11/21/2019
33674,10,369,12,1,11/21/2019
33674,10,371,12,1,11/21/2019
33674,10,372,12,1,11/21/2019
33686,43,388,10,1,04/02/2026
33686,43,140,10,2,04/02/2026
33686,43,389,10,1,04/02/2026
33686,43,139,10,2,04/02/2026
33689,17,368,12,1,11/21/2019
33689,17,370,12,1,11/21/2019
33689,17,369,12,1,11/21/2019
33689,17,371,12,1,11/21/2019
33689,17,372,12,1,11/21/2019
33690,20,388,10,1,02/13/2020
33690,20,140,10,2,02/13/2020
33690,20,389,10,1,02/13/2020
33690,20,139,10,2,02/13/2020
33692,21,388,10,1,03/11/2021
33692,21,140,10,2,03/11/2021
33692,21,389,10,1,03/11/2021
33692,21,139,10,2,03/11/2021
33693,28,368,12,1,12/08/2023
33693,28,370,12,1,12/08/2023
33693,28,369,12,1,12/08/2023
33693,28,371,12,1,12/08/2023
33693,28,372,12,1,12/08/2023
33695,26,368,12,1,11/21/2019
33695,26,370,12,1,11/21/2019
33695,26,369,12,1,11/21/2019
33695,26,371,12,1,11/21/2019
33695,26,372,12,1,11/21/2019
33718,52,388,10,1,12/07/2023
33718,52,140,10,2,12/07/2023
33718,52,389,10,1,12/07/2023
33718,52,139,10,2,12/07/2023
33733,19,388,10,1,02/13/2020
33733,19,140,10,2,02/13/2020
33733,19,389,10,1,02/13/2020
33733,19,139,10,2,02/13/2020
33735,19,388,10,1,02/13/2020
33735,19,140,10,2,02/13/2020
33735,19,389,10,1,02/13/2020
33735,19,139,10,2,02/13/2020
33736,20,388,10,1,02/13/2020
33736,20,140,10,2,02/13/2020
33736,20,389,10,1,02/13/2020
33736,20,139,10,2,02/13/2020
33737,20,388,10,1,02/14/2020
33737,20,140,10,2,02/14/2020
33737,20,389,10,1,02/14/2020
33737,20,139,10,2,02/14/2020
33738,18,388,10,1,02/14/2020
33738,18,140,10,2,02/14/2020
33738,18,389,10,1,02/14/2020
33738,18,139,10,2,02/14/2020
33739,23,388,10,1,10/23/2025
33739,23,140,10,2,10/23/2025
33739,23,389,10,1,10/23/2025
33739,23,139,10,2,10/23/2025
33751,43,368,12,1,01/28/2022
33751,43,370,12,1,01/28/2022
33751,43,369,12,1,01/28/2022
33751,43,371,12,1,01/28/2022
33751,43,372,12,1,01/28/2022
33756,23,368,12,1,10/02/2019
33756,23,370,12,1,10/02/2019
33756,23,369,12,1,10/02/2019
33756,23,371,12,1,10/02/2019
33756,23,372,12,1,10/02/2019
33766,25,368,12,1,11/21/2019
33766,25,370,12,1,11/21/2019
33766,25,369,12,1,11/21/2019
33766,25,371,12,1,11/21/2019
33766,25,372,12,1,11/21/2019
33771,42,368,12,1,10/23/2020
33771,42,370,12,1,10/23/2020
33771,42,369,12,1,10/23/2020
33771,42,371,12,1,10/23/2020
33771,42,372,12,1,10/23/2020
33774,15,368,12,1,12/06/2019
33774,15,370,12,1,12/06/2019
33774,15,369,12,1,12/06/2019
33774,15,371,12,1,12/06/2019
33774,15,372,12,1,12/06/2019
33784,21,388,10,1,02/14/2020
33784,21,140,10,2,02/14/2020
33784,21,389,10,1,02/14/2020
33784,21,139,10,2,02/14/2020
33785,40,388,10,1,11/11/2022
33785,40,140,10,2,11/11/2022
33785,40,389,10,1,11/11/2022
33785,40,139,10,2,11/11/2022
33786,16,388,10,1,02/14/2020
33786,16,140,10,2,02/14/2020
33786,16,389,10,1,02/14/2020
33786,16,139,10,2,02/14/2020
33787,40,388,10,1,04/02/2026
33787,40,140,10,2,04/02/2026
33787,40,389,10,1,04/02/2026
33787,40,139,10,2,04/02/2026
33788,15,388,10,1,02/14/2020
33788,15,140,10,2,02/14/2020
33788,15,389,10,1,02/14/2020
33788,15,139,10,2,02/14/2020
33789,38,388,10,1,10/23/2025
33789,38,140,10,2,10/23/2025
33789,38,389,10,1,10/23/2025
33789,38,139,10,2,10/23/2025
33790,20,388,10,1,02/28/2020
33790,20,140,10,2,02/28/2020
33790,20,389,10,1,02/28/2020
33790,20,139,10,2,02/28/2020
33791,15,388,10,1,02/14/2020
33791,15,140,10,2,02/14/2020
33791,15,389,10,1,02/14/2020
33791,15,139,10,2,02/14/2020
33792,43,388,10,1,10/23/2025
33792,43,140,10,2,10/23/2025
33792,43,389,10,1,10/23/2025
33792,43,139,10,2,10/23/2025
33793,20,388,10,1,10/09/2020
33793,20,140,10,2,10/09/2020
33793,20,389,10,1,10/09/2020
33793,20,139,10,2,10/09/2020
33794,171,388,10,1,06/19/2026
33794,171,140,10,2,06/19/2026
33794,171,389,10,1,06/19/2026
33794,171,139,10,2,06/19/2026
33795,29,388,10,1,02/13/2020
33795,29,140,10,2,02/13/2020
33795,29,389,10,1,02/13/2020
33795,29,139,10,2,02/13/2020
33796,24,388,10,1,12/07/2023
33796,24,140,10,2,12/07/2023
33796,24,389,10,1,12/07/2023
33796,24,139,10,2,12/07/2023
33797,50,388,10,1,04/14/2023
33797,50,140,10,2,04/14/2023
33797,50,389,10,1,04/14/2023
33797,50,139,10,2,04/14/2023
33799,15,388,10,1,02/14/2020
33799,15,140,10,2,02/14/2020
33799,15,389,10,1,02/14/2020
33799,15,139,10,2,02/14/2020
33800,43,388,10,1,10/22/2025
33800,43,140,10,2,10/22/2025
33800,43,389,10,1,10/22/2025
33800,43,139,10,2,10/22/2025
33801,26,388,10,1,05/11/2023
33801,26,140,10,2,05/11/2023
33801,26,389,10,1,05/11/2023
33801,26,139,10,2,05/11/2023
33802,35,388,10,1,12/07/2023
33802,35,140,10,2,12/07/2023
33802,35,389,10,1,12/07/2023
33802,35,139,10,2,12/07/2023
33803,61,388,10,1,04/02/2026
33803,61,140,10,2,04/02/2026
33803,61,389,10,1,04/02/2026
33803,61,139,10,2,04/02/2026
33813,15,370,12,1,11/22/2019
33813,15,371,12,1,11/22/2019
33813,15,372,12,1,11/22/2019
33818,15,370,12,1,11/22/2019
33818,15,371,12,1,11/22/2019
33818,15,372,12,1,11/22/2019
33820,21,388,10,1,02/13/2020
33820,21,140,10,2,02/13/2020
33820,21,389,10,1,02/13/2020
33820,21,139,10,2,02/13/2020
33821,28,388,10,1,12/07/2023
33821,28,140,10,2,12/07/2023
33821,28,389,10,1,12/07/2023
33821,28,139,10,2,12/07/2023
33822,70,388,10,1,10/09/2024
33822,70,140,10,2,10/09/2024
33822,70,389,10,1,10/09/2024
33822,70,139,10,2,10/09/2024
33823,26,388,10,1,02/13/2020
33823,26,140,10,2,02/13/2020
33823,26,389,10,1,02/13/2020
33823,26,139,10,2,02/13/2020
33824,56,388,10,1,12/31/2025
33824,56,140,10,2,12/31/2025
33824,56,389,10,1,12/31/2025
33824,56,139,10,2,12/31/2025
33825,17,388,10,1,02/13/2020
33825,17,140,10,2,02/13/2020
33825,17,389,10,1,02/13/2020
33825,17,139,10,2,02/13/2020
33826,22,388,10,1,12/31/2025
33826,22,140,10,2,12/31/2025
33826,22,389,10,1,12/31/2025
33826,22,139,10,2,12/31/2025
33827,55,388,10,1,12/31/2025
33827,55,140,10,2,12/31/2025
33827,55,389,10,1,12/31/2025
33827,55,139,10,2,12/31/2025
33828,27,388,10,1,12/07/2023
33828,27,140,10,2,12/07/2023
33828,27,389,10,1,12/07/2023
33828,27,139,10,2,12/07/2023
33830,22,388,10,1,03/12/2021
33830,22,140,10,2,03/12/2021
33830,22,389,10,1,03/12/2021
33830,22,139,10,2,03/12/2021
33831,48,388,10,1,02/08/2024
33831,48,140,10,2,02/08/2024
33831,48,389,10,1,02/08/2024
33831,48,139,10,2,02/08/2024
33832,20,388,10,1,05/05/2026
33832,20,140,10,2,05/05/2026
33832,20,389,10,1,05/05/2026
33832,20,139,10,2,05/05/2026
33833,26,368,12,1,03/14/2025
33833,26,370,12,1,03/14/2025
33833,26,369,12,1,03/14/2025
33833,26,371,12,1,03/14/2025
33833,26,372,12,1,03/14/2025
33906,75,368,12,1,04/10/2026
33906,75,370,12,1,04/10/2026
33906,75,369,12,1,04/10/2026
33906,75,371,12,1,04/10/2026
33906,75,372,12,1,04/10/2026
33907,16,370,12,1,11/05/2021
33907,16,371,12,1,11/05/2021
33907,16,372,12,1,11/05/2021
33912,16,370,12,1,10/02/2019
33912,16,371,12,1,10/02/2019
33912,16,372,12,1,10/02/2019
33912,23,368,12,1,07/17/2026
33912,23,370,12,1,07/17/2026
33912,23,369,12,1,07/17/2026
33912,23,371,12,1,07/17/2026
33912,23,372,12,1,07/17/2026
33922,12,370,12,1,11/22/2019
33922,12,371,12,1,11/22/2019
33922,12,372,12,1,11/22/2019
33923,14,370,12,1,10/02/2019
33923,14,371,12,1,10/02/2019
33923,14,372,12,1,10/02/2019
33930,49,368,12,1,08/02/2024
33930,49,370,12,1,08/02/2024
33930,49,369,12,1,08/02/2024
33930,49,371,12,1,08/02/2024
33930,49,372,12,1,08/02/2024
33933,30,370,12,1,11/22/2019
33933,30,371,12,1,11/22/2019
33933,30,372,12,1,11/22/2019
33937,18,370,12,1,10/25/2019
33937,18,371,12,1,10/25/2019
33937,18,372,12,1,10/25/2019
33941,23,370,12,1,10/02/2019
33941,23,371,12,1,10/02/2019
33941,23,372,12,1,10/02/2019
33942,50,236,11,2,07/27/2026
33943,24,239,8,1,11/26/2025
33943,24,228,9,2,11/26/2025
33943,24,240,8,1,11/26/2025
33943,24,238,9,2,11/26/2025
33944,27,239,8,1,10/31/2025
33944,27,228,9,2,10/31/2025
33944,27,240,8,1,10/31/2025
33944,27,238,9,2,10/31/2025
33945,21,239,8,1,02/23/2026
33945,21,228,9,2,02/23/2026
33945,21,240,8,1,02/23/2026
33945,21,238,9,2,02/23/2026
33946,17,239,8,1,10/31/2025
33946,17,228,9,2,10/31/2025
33946,17,240,8,1,10/31/2025
33946,17,238,9,2,10/31/2025
33947,25,239,8,1,09/30/2025
33947,25,228,9,2,09/30/2025
33947,25,240,8,1,09/30/2025
33947,25,238,9,2,09/30/2025
33949,26,239,8,1,01/31/2025
33949,26,228,9,2,01/31/2025
33949,26,240,8,1,01/31/2025
33949,26,238,9,2,01/31/2025
33950,38,239,8,1,11/26/2025
33950,38,228,9,2,11/26/2025
33950,38,240,8,1,11/26/2025
33950,38,238,9,2,11/26/2025
33952,20,239,8,1,11/26/2025
33952,20,228,9,2,11/26/2025
33952,20,240,8,1,11/26/2025
33952,20,238,9,2,11/26/2025
33954,26,239,8,1,12/29/2023
33954,26,228,9,2,12/29/2023
33954,26,240,8,1,12/29/2023
33954,26,238,9,2,12/29/2023
33958,14,370,12,1,10/16/2019
33958,14,371,12,1,10/16/2019
33958,14,372,12,1,10/16/2019
33959,36,239,8,1,10/31/2025
33959,36,228,9,2,10/31/2025
33959,36,240,8,1,10/31/2025
33959,36,238,9,2,10/31/2025
33960,27,239,8,1,02/20/2026
33960,27,228,9,2,02/20/2026
33960,27,240,8,1,02/20/2026
33960,27,238,9,2,02/20/2026
33966,18,370,12,1,10/02/2019
33966,18,371,12,1,10/02/2019
33966,18,372,12,1,10/02/2019
33967,25,370,12,1,02/19/2021
33967,25,371,12,1,02/19/2021
33967,25,372,12,1,02/19/2021
33975,25,368,12,1,07/02/2021
33975,25,369,12,1,07/02/2021
33977,18,370,12,1,10/25/2019
33977,18,371,12,1,10/25/2019
33977,18,372,12,1,10/25/2019
33979,36,353,12,1,09/18/2019
33979,36,357,12,1,09/18/2019
33979,36,352,12,1,09/18/2019
33979,36,356,12,1,09/18/2019
33979,36,354,12,1,09/18/2019
33979,36,359,12,1,09/18/2019
33979,36,355,12,1,09/18/2019
33979,36,358,12,1,09/18/2019
33979,36,351,12,1,09/18/2019
33979,36,345,12,1,09/18/2019
33979,36,340,12,1,09/18/2019
33979,36,346,12,1,09/18/2019
33979,36,341,12,1,09/18/2019
33979,36,347,12,1,09/18/2019
33979,36,342,12,1,09/18/2019
33979,36,350,12,1,09/18/2019
33979,36,343,12,1,09/18/2019
33979,36,348,12,1,09/18/2019
33979,36,344,12,1,09/18/2019
33979,36,349,12,1,09/18/2019
33996,33,239,8,1,07/27/2026
33996,33,228,9,2,07/27/2026
33996,33,240,8,1,07/27/2026
33996,33,238,9,2,07/27/2026
33999,21,239,8,1,02/20/2026
33999,21,228,9,2,02/20/2026
33999,21,240,8,1,02/20/2026
33999,21,238,9,2,02/20/2026
34005,34,239,8,1,02/20/2026
34005,34,228,9,2,02/20/2026
34005,34,240,8,1,02/20/2026
34005,34,238,9,2,02/20/2026
34007,48,368,12,1,12/16/2022
34007,48,370,12,1,12/16/2022
34007,48,369,12,1,12/16/2022
34007,48,371,12,1,12/16/2022
34007,48,372,12,1,12/16/2022
34008,23,239,8,1,02/20/2026
34008,23,228,9,2,02/20/2026
34008,23,240,8,1,02/20/2026
34008,23,238,9,2,02/20/2026
34010,38,353,12,1,01/29/2020
34010,38,357,12,1,01/29/2020
34010,38,352,12,1,01/29/2020
34010,38,356,12,1,01/29/2020
34010,38,354,12,1,01/29/2020
34010,38,359,12,1,01/29/2020
34010,38,355,12,1,01/29/2020
34010,38,358,12,1,01/29/2020
34010,38,351,12,1,01/29/2020
34010,38,345,12,1,01/29/2020
34010,38,340,12,1,01/29/2020
34010,38,346,12,1,01/29/2020
34010,38,341,12,1,01/29/2020
34010,38,347,12,1,01/29/2020
34010,38,342,12,1,01/29/2020
34010,38,350,12,1,01/29/2020
34010,38,343,12,1,01/29/2020
34010,38,348,12,1,01/29/2020
34010,38,344,12,1,01/29/2020
34010,38,349,12,1,01/29/2020
34018,18,368,12,1,11/05/2021
34018,18,370,12,1,11/05/2021
34018,18,369,12,1,11/05/2021
34018,18,371,12,1,11/05/2021
34018,18,372,12,1,11/05/2021
34021,18,368,12,1,11/21/2019
34021,18,370,12,1,11/21/2019
34021,18,369,12,1,11/21/2019
34021,18,371,12,1,11/21/2019
34021,18,372,12,1,11/21/2019
34027,14,368,12,1,09/18/2019
34027,14,370,12,1,09/18/2019
34027,14,369,12,1,09/18/2019
34027,14,371,12,1,09/18/2019
34027,14,372,12,1,09/18/2019
34028,16,368,12,1,01/29/2021
34028,16,370,12,1,01/29/2021
34028,16,369,12,1,01/29/2021
34028,16,371,12,1,01/29/2021
34028,16,372,12,1,01/29/2021
34032,34,239,8,1,09/26/2025
34032,34,228,9,2,09/26/2025
34032,34,240,8,1,09/26/2025
34032,34,238,9,2,09/26/2025
34037,22,239,8,1,02/27/2026
34037,22,228,9,2,02/27/2026
34037,22,240,8,1,02/27/2026
34037,22,238,9,2,02/27/2026
34038,32,353,12,1,11/14/2025
34038,32,357,12,1,11/14/2025
34038,32,352,12,1,11/14/2025
34038,32,356,12,1,11/14/2025
34038,32,354,12,1,11/14/2025
34038,32,359,12,1,11/14/2025
34038,32,355,12,1,11/14/2025
34038,32,358,12,1,11/14/2025
34038,32,351,12,1,11/14/2025
34038,32,345,12,1,11/14/2025
34038,32,340,12,1,11/14/2025
34038,32,346,12,1,11/14/2025
34038,32,341,12,1,11/14/2025
34038,32,347,12,1,11/14/2025
34038,32,342,12,1,11/14/2025
34038,32,350,12,1,11/14/2025
34038,32,343,12,1,11/14/2025
34038,32,348,12,1,11/14/2025
34038,32,344,12,1,11/14/2025
34038,32,349,12,1,11/14/2025
34040,34,353,12,1,05/27/2025
34040,34,357,12,1,05/27/2025
34040,34,352,12,1,05/27/2025
34040,34,356,12,1,05/27/2025
34040,34,354,12,1,05/27/2025
34040,34,359,12,1,05/27/2025
34040,34,355,12,1,05/27/2025
34040,34,358,12,1,05/27/2025
34040,34,351,12,1,05/27/2025
34040,34,345,12,1,05/27/2025
34040,34,340,12,1,05/27/2025
34040,34,346,12,1,05/27/2025
34040,34,341,12,1,05/27/2025
34040,34,347,12,1,05/27/2025
34040,34,342,12,1,05/27/2025
34040,34,350,12,1,05/27/2025
34040,34,343,12,1,05/27/2025
34040,34,348,12,1,05/27/2025
34040,34,344,12,1,05/27/2025
34040,34,349,12,1,05/27/2025
34045,38,239,8,1,10/31/2025
34045,38,228,9,2,10/31/2025
34045,38,240,8,1,10/31/2025
34045,38,238,9,2,10/31/2025
34046,29,239,8,1,07/29/2025
34046,29,228,9,2,07/29/2025
34046,29,240,8,1,07/29/2025
34046,29,238,9,2,07/29/2025
34049,36,239,8,1,05/29/2026
34049,36,228,9,2,05/29/2026
34049,36,240,8,1,05/29/2026
34049,36,238,9,2,05/29/2026
34051,43,353,12,1,04/01/2022
34051,43,357,12,1,04/01/2022
34051,43,352,12,1,04/01/2022
34051,43,356,12,1,04/01/2022
34051,43,354,12,1,04/01/2022
34051,43,359,12,1,04/01/2022
34051,43,355,12,1,04/01/2022
34051,43,358,12,1,04/01/2022
34051,43,351,12,1,04/01/2022
34051,43,345,12,1,04/01/2022
34051,43,340,12,1,04/01/2022
34051,43,346,12,1,04/01/2022
34051,43,341,12,1,04/01/2022
34051,43,347,12,1,04/01/2022
34051,43,342,12,1,04/01/2022
34051,43,350,12,1,04/01/2022
34051,43,343,12,1,04/01/2022
34051,43,348,12,1,04/01/2022
34051,43,344,12,1,04/01/2022
34051,43,349,12,1,04/01/2022
34056,27,239,8,1,09/26/2025
34056,27,228,9,2,09/26/2025
34056,27,240,8,1,09/26/2025
34056,27,238,9,2,09/26/2025
34061,26,239,8,1,07/27/2026
34061,26,228,9,2,07/27/2026
34061,26,240,8,1,07/27/2026
34061,26,238,9,2,07/27/2026
34062,42,239,8,1,02/20/2026
34062,42,228,9,2,02/20/2026
34062,42,240,8,1,02/20/2026
34062,42,238,9,2,02/20/2026
34063,19,239,8,1,07/24/2026
34063,19,228,9,2,07/24/2026
34063,19,240,8,1,07/24/2026
34063,19,238,9,2,07/24/2026
34064,24,239,8,1,03/27/2026
34064,24,228,9,2,03/27/2026
34064,24,240,8,1,03/27/2026
34064,24,238,9,2,03/27/2026
34074,39,353,12,1,01/20/2026
34074,39,357,12,1,01/20/2026
34074,39,352,12,1,01/20/2026
34074,39,356,12,1,01/20/2026
34074,39,354,12,1,01/20/2026
34074,39,359,12,1,01/20/2026
34074,39,355,12,1,01/20/2026
34074,39,358,12,1,01/20/2026
34074,39,351,12,1,01/20/2026
34074,39,345,12,1,01/20/2026
34074,39,340,12,1,01/20/2026
34074,39,346,12,1,01/20/2026
34074,39,341,12,1,01/20/2026
34074,39,347,12,1,01/20/2026
34074,39,342,12,1,01/20/2026
34074,39,350,12,1,01/20/2026
34074,39,343,12,1,01/20/2026
34074,39,348,12,1,01/20/2026
34074,39,344,12,1,01/20/2026
34074,39,349,12,1,01/20/2026
34076,24,353,12,1,02/10/2022
34076,24,357,12,1,02/10/2022
34076,24,352,12,1,02/10/2022
34076,24,356,12,1,02/10/2022
34076,24,354,12,1,02/10/2022
34076,24,359,12,1,02/10/2022
34076,24,355,12,1,02/10/2022
34076,24,358,12,1,02/10/2022
34076,24,351,12,1,02/10/2022
34076,24,345,12,1,02/10/2022
34076,24,340,12,1,02/10/2022
34076,24,346,12,1,02/10/2022
34076,24,341,12,1,02/10/2022
34076,24,347,12,1,02/10/2022
34076,24,342,12,1,02/10/2022
34076,24,350,12,1,02/10/2022
34076,24,343,12,1,02/10/2022
34076,24,348,12,1,02/10/2022
34076,24,344,12,1,02/10/2022
34076,24,349,12,1,02/10/2022
34081,26,239,8,1,02/27/2026
34081,26,228,9,2,02/27/2026
34081,26,240,8,1,02/27/2026
34081,26,238,9,2,02/27/2026
34082,30,239,8,1,10/03/2025
34082,30,228,9,2,10/03/2025
34082,30,240,8,1,10/03/2025
34082,30,238,9,2,10/03/2025
34084,23,239,8,1,08/29/2025
34084,23,228,9,2,08/29/2025
34084,23,240,8,1,08/29/2025
34084,23,238,9,2,08/29/2025
34085,18,239,8,1,03/16/2026
34085,18,228,9,2,03/16/2026
34085,18,240,8,1,03/16/2026
34085,18,238,9,2,03/16/2026
34087,20,239,8,1,08/29/2025
34087,20,228,9,2,08/29/2025
34087,20,240,8,1,08/29/2025
34087,20,238,9,2,08/29/2025
34090,22,239,8,1,03/25/2026
34090,22,228,9,2,03/25/2026
34090,22,240,8,1,03/25/2026
34090,22,238,9,2,03/25/2026
34106,47,353,12,1,08/04/2021
34106,47,357,12,1,08/04/2021
34106,47,352,12,1,08/04/2021
34106,47,356,12,1,08/04/2021
34106,47,354,12,1,08/04/2021
34106,47,359,12,1,08/04/2021
34106,47,355,12,1,08/04/2021
34106,47,358,12,1,08/04/2021
34106,47,351,12,1,08/04/2021
34106,47,345,12,1,08/04/2021
34106,47,340,12,1,08/04/2021
34106,47,346,12,1,08/04/2021
34106,47,341,12,1,08/04/2021
34106,47,347,12,1,08/04/2021
34106,47,342,12,1,08/04/2021
34106,47,350,12,1,08/04/2021
34106,47,343,12,1,08/04/2021
34106,47,348,12,1,08/04/2021
34106,47,344,12,1,08/04/2021
34106,47,349,12,1,08/04/2021
34149,52,360,12,1,10/07/2025
34149,52,364,12,1,10/07/2025
34149,52,365,12,1,10/07/2025
34149,52,361,12,1,10/07/2025
34149,52,366,12,1,10/07/2025
34149,52,362,12,1,10/07/2025
34149,52,367,12,1,10/07/2025
34149,52,363,12,1,10/07/2025
34149,52,353,12,1,10/07/2025
34149,52,357,12,1,10/07/2025
34149,52,352,12,1,10/07/2025
34149,52,356,12,1,10/07/2025
34149,52,354,12,1,10/07/2025
34149,52,359,12,1,10/07/2025
34149,52,355,12,1,10/07/2025
34149,52,358,12,1,10/07/2025
34149,52,351,12,1,10/07/2025
34149,52,345,12,1,10/07/2025
34149,52,340,12,1,10/07/2025
34149,52,346,12,1,10/07/2025
34149,52,341,12,1,10/07/2025
34149,52,347,12,1,10/07/2025
34149,52,342,12,1,10/07/2025
34149,52,350,12,1,10/07/2025
34149,52,343,12,1,10/07/2025
34149,52,348,12,1,10/07/2025
34149,52,344,12,1,10/07/2025
34149,52,349,12,1,10/07/2025
34163,33,360,12,1,10/27/2025
34163,33,364,12,1,10/27/2025
34163,33,365,12,1,10/27/2025
34163,33,361,12,1,10/27/2025
34163,33,366,12,1,10/27/2025
34163,33,362,12,1,10/27/2025
34163,33,367,12,1,10/27/2025
34163,33,363,12,1,10/27/2025
34163,33,353,12,1,10/27/2025
34163,33,357,12,1,10/27/2025
34163,33,352,12,1,10/27/2025
34163,33,356,12,1,10/27/2025
34163,33,354,12,1,10/27/2025
34163,33,359,12,1,10/27/2025
34163,33,355,12,1,10/27/2025
34163,33,358,12,1,10/27/2025
34163,33,351,12,1,10/27/2025
34163,33,345,12,1,10/27/2025
34163,33,340,12,1,10/27/2025
34163,33,346,12,1,10/27/2025
34163,33,341,12,1,10/27/2025
34163,33,347,12,1,10/27/2025
34163,33,342,12,1,10/27/2025
34163,33,350,12,1,10/27/2025
34163,33,343,12,1,10/27/2025
34163,33,348,12,1,10/27/2025
34163,33,344,12,1,10/27/2025
34163,33,349,12,1,10/27/2025
34171,18,239,8,1,05/22/2026
34171,18,228,9,2,05/22/2026
34171,18,240,8,1,05/22/2026
34171,18,238,9,2,05/22/2026
34175,32,239,8,1,05/22/2026
34175,32,228,9,2,05/22/2026
34175,32,240,8,1,05/22/2026
34175,32,238,9,2,05/22/2026
34181,28,239,8,1,05/29/2026
34181,28,228,9,2,05/29/2026
34181,28,240,8,1,05/29/2026
34181,28,238,9,2,05/29/2026
34183,20,239,8,1,03/27/2026
34183,20,228,9,2,03/27/2026
34183,20,240,8,1,03/27/2026
34183,20,238,9,2,03/27/2026
34194,27,360,12,1,10/08/2025
34194,27,364,12,1,10/08/2025
34194,27,365,12,1,10/08/2025
34194,27,361,12,1,10/08/2025
34194,27,366,12,1,10/08/2025
34194,27,362,12,1,10/08/2025
34194,27,367,12,1,10/08/2025
34194,27,363,12,1,10/08/2025
34194,27,353,12,1,10/08/2025
34194,27,357,12,1,10/08/2025
34194,27,352,12,1,10/08/2025
34194,27,356,12,1,10/08/2025
34194,27,354,12,1,10/08/2025
34194,27,359,12,1,10/08/2025
34194,27,355,12,1,10/08/2025
34194,27,358,12,1,10/08/2025
34194,27,351,12,1,10/08/2025
34194,27,345,12,1,10/08/2025
34194,27,340,12,1,10/08/2025
34194,27,346,12,1,10/08/2025
34194,27,341,12,1,10/08/2025
34194,27,347,12,1,10/08/2025
34194,27,342,12,1,10/08/2025
34194,27,350,12,1,10/08/2025
34194,27,343,12,1,10/08/2025
34194,27,348,12,1,10/08/2025
34194,27,344,12,1,10/08/2025
34194,27,349,12,1,10/08/2025
34195,28,239,8,1,04/29/2026
34195,28,228,9,2,04/29/2026
34195,28,240,8,1,04/29/2026
34195,28,238,9,2,04/29/2026
34196,30,239,8,1,04/02/2026
34196,30,228,9,2,04/02/2026
34196,30,240,8,1,04/02/2026
34196,30,238,9,2,04/02/2026
34200,30,239,8,1,07/24/2026
34200,30,228,9,2,07/24/2026
34200,30,240,8,1,07/24/2026
34200,30,238,9,2,07/24/2026
34203,26,360,12,1,09/02/2025
34203,26,364,12,1,09/02/2025
34203,26,365,12,1,09/02/2025
34203,26,361,12,1,09/02/2025
34203,26,366,12,1,09/02/2025
34203,26,362,12,1,09/02/2025
34203,26,367,12,1,09/02/2025
34203,26,363,12,1,09/02/2025
34203,26,353,12,1,09/02/2025
34203,26,357,12,1,09/02/2025
34203,26,352,12,1,09/02/2025
34203,26,356,12,1,09/02/2025
34203,26,354,12,1,09/02/2025
34203,26,359,12,1,09/02/2025
34203,26,355,12,1,09/02/2025
34203,26,358,12,1,09/02/2025
34203,26,351,12,1,09/02/2025
34203,26,345,12,1,09/02/2025
34203,26,340,12,1,09/02/2025
34203,26,346,12,1,09/02/2025
34203,26,341,12,1,09/02/2025
34203,26,347,12,1,09/02/2025
34203,26,342,12,1,09/02/2025
34203,26,350,12,1,09/02/2025
34203,26,343,12,1,09/02/2025
34203,26,348,12,1,09/02/2025
34203,26,344,12,1,09/02/2025
34203,26,349,12,1,09/02/2025
34209,43,360,12,1,05/05/2026
34209,43,364,12,1,05/05/2026
34209,43,365,12,1,05/05/2026
34209,43,361,12,1,05/05/2026
34209,43,366,12,1,05/05/2026
34209,43,362,12,1,05/05/2026
34209,43,367,12,1,05/05/2026
34209,43,363,12,1,05/05/2026
34209,43,353,12,1,05/05/2026
34209,43,357,12,1,05/05/2026
34209,43,352,12,1,05/05/2026
34209,43,356,12,1,05/05/2026
34209,43,354,12,1,05/05/2026
34209,43,359,12,1,05/05/2026
34209,43,355,12,1,05/05/2026
34209,43,358,12,1,05/05/2026
34209,43,351,12,1,05/05/2026
34209,43,345,12,1,05/05/2026
34209,43,340,12,1,05/05/2026
34209,43,346,12,1,05/05/2026
34209,43,341,12,1,05/05/2026
34209,43,347,12,1,05/05/2026
34209,43,342,12,1,05/05/2026
34209,43,350,12,1,05/05/2026
34209,43,343,12,1,05/05/2026
34209,43,348,12,1,05/05/2026
34209,43,344,12,1,05/05/2026
34209,43,349,12,1,05/05/2026
34211,40,360,12,1,10/14/2025
34211,40,364,12,1,10/14/2025
34211,40,365,12,1,10/14/2025
34211,40,361,12,1,10/14/2025
34211,40,366,12,1,10/14/2025
34211,40,362,12,1,10/14/2025
34211,40,367,12,1,10/14/2025
34211,40,363,12,1,10/14/2025
34211,40,353,12,1,10/14/2025
34211,40,357,12,1,10/14/2025
34211,40,352,12,1,10/14/2025
34211,40,356,12,1,10/14/2025
34211,40,354,12,1,10/14/2025
34211,40,359,12,1,10/14/2025
34211,40,355,12,1,10/14/2025
34211,40,358,12,1,10/14/2025
34211,40,351,12,1,10/14/2025
34211,40,345,12,1,10/14/2025
34211,40,340,12,1,10/14/2025
34211,40,346,12,1,10/14/2025
34211,40,341,12,1,10/14/2025
34211,40,347,12,1,10/14/2025
34211,40,342,12,1,10/14/2025
34211,40,350,12,1,10/14/2025
34211,40,343,12,1,10/14/2025
34211,40,348,12,1,10/14/2025
34211,40,344,12,1,10/14/2025
34211,40,349,12,1,10/14/2025
34213,56,360,12,1,02/06/2026
34213,56,364,12,1,02/06/2026
34213,56,365,12,1,02/06/2026
34213,56,361,12,1,02/06/2026
34213,56,366,12,1,02/06/2026
34213,56,362,12,1,02/06/2026
34213,56,367,12,1,02/06/2026
34213,56,363,12,1,02/06/2026
34213,56,353,12,1,02/06/2026
34213,56,357,12,1,02/06/2026
34213,56,352,12,1,02/06/2026
34213,56,356,12,1,02/06/2026
34213,56,354,12,1,02/06/2026
34213,56,359,12,1,02/06/2026
34213,56,355,12,1,02/06/2026
34213,56,358,12,1,02/06/2026
34213,56,351,12,1,02/06/2026
34213,56,345,12,1,02/06/2026
34213,56,340,12,1,02/06/2026
34213,56,346,12,1,02/06/2026
34213,56,341,12,1,02/06/2026
34213,56,347,12,1,02/06/2026
34213,56,342,12,1,02/06/2026
34213,56,350,12,1,02/06/2026
34213,56,343,12,1,02/06/2026
34213,56,348,12,1,02/06/2026
34213,56,344,12,1,02/06/2026
34213,56,349,12,1,02/06/2026
34215,59,360,12,1,10/27/2025
34215,59,364,12,1,10/27/2025
34215,59,365,12,1,10/27/2025
34215,59,361,12,1,10/27/2025
34215,59,366,12,1,10/27/2025
34215,59,362,12,1,10/27/2025
34215,59,367,12,1,10/27/2025
34215,59,363,12,1,10/27/2025
34215,59,353,12,1,10/27/2025
34215,59,357,12,1,10/27/2025
34215,59,352,12,1,10/27/2025
34215,59,356,12,1,10/27/2025
34215,59,354,12,1,10/27/2025
34215,59,359,12,1,10/27/2025
34215,59,355,12,1,10/27/2025
34215,59,358,12,1,10/27/2025
34215,59,351,12,1,10/27/2025
34215,59,345,12,1,10/27/2025
34215,59,340,12,1,10/27/2025
34215,59,346,12,1,10/27/2025
34215,59,341,12,1,10/27/2025
34215,59,347,12,1,10/27/2025
34215,59,342,12,1,10/27/2025
34215,59,350,12,1,10/27/2025
34215,59,343,12,1,10/27/2025
34215,59,348,12,1,10/27/2025
34215,59,344,12,1,10/27/2025
34215,59,349,12,1,10/27/2025
34218,26,360,12,1,09/02/2025
34218,26,364,12,1,09/02/2025
34218,26,365,12,1,09/02/2025
34218,26,361,12,1,09/02/2025
34218,26,366,12,1,09/02/2025
34218,26,362,12,1,09/02/2025
34218,26,367,12,1,09/02/2025
34218,26,363,12,1,09/02/2025
34218,26,353,12,1,09/02/2025
34218,26,357,12,1,09/02/2025
34218,26,352,12,1,09/02/2025
34218,26,356,12,1,09/02/2025
34218,26,354,12,1,09/02/2025
34218,26,359,12,1,09/02/2025
34218,26,355,12,1,09/02/2025
34218,26,358,12,1,09/02/2025
34218,26,351,12,1,09/02/2025
34218,26,345,12,1,09/02/2025
34218,26,340,12,1,09/02/2025
34218,26,346,12,1,09/02/2025
34218,26,341,12,1,09/02/2025
34218,26,347,12,1,09/02/2025
34218,26,342,12,1,09/02/2025
34218,26,350,12,1,09/02/2025
34218,26,343,12,1,09/02/2025
34218,26,348,12,1,09/02/2025
34218,26,344,12,1,09/02/2025
34218,26,349,12,1,09/02/2025
34220,40,360,12,1,10/14/2025
34220,40,364,12,1,10/14/2025
34220,40,365,12,1,10/14/2025
34220,40,361,12,1,10/14/2025
34220,40,366,12,1,10/14/2025
34220,40,362,12,1,10/14/2025
34220,40,367,12,1,10/14/2025
34220,40,363,12,1,10/14/2025
34220,40,353,12,1,10/14/2025
34220,40,357,12,1,10/14/2025
34220,40,352,12,1,10/14/2025
34220,40,356,12,1,10/14/2025
34220,40,354,12,1,10/14/2025
34220,40,359,12,1,10/14/2025
34220,40,355,12,1,10/14/2025
34220,40,358,12,1,10/14/2025
34220,40,351,12,1,10/14/2025
34220,40,345,12,1,10/14/2025
34220,40,340,12,1,10/14/2025
34220,40,346,12,1,10/14/2025
34220,40,341,12,1,10/14/2025
34220,40,347,12,1,10/14/2025
34220,40,342,12,1,10/14/2025
34220,40,350,12,1,10/14/2025
34220,40,343,12,1,10/14/2025
34220,40,348,12,1,10/14/2025
34220,40,344,12,1,10/14/2025
34220,40,349,12,1,10/14/2025
34228,54,360,12,1,11/13/2025
34228,54,364,12,1,11/13/2025
34228,54,365,12,1,11/13/2025
34228,54,361,12,1,11/13/2025
34228,54,366,12,1,11/13/2025
34228,54,362,12,1,11/13/2025
34228,54,367,12,1,11/13/2025
34228,54,363,12,1,11/13/2025
34228,54,353,12,1,11/13/2025
34228,54,357,12,1,11/13/2025
34228,54,352,12,1,11/13/2025
34228,54,356,12,1,11/13/2025
34228,54,354,12,1,11/13/2025
34228,54,359,12,1,11/13/2025
34228,54,355,12,1,11/13/2025
34228,54,358,12,1,11/13/2025
34228,54,351,12,1,11/13/2025
34228,54,345,12,1,11/13/2025
34228,54,340,12,1,11/13/2025
34228,54,346,12,1,11/13/2025
34228,54,341,12,1,11/13/2025
34228,54,347,12,1,11/13/2025
34228,54,342,12,1,11/13/2025
34228,54,350,12,1,11/13/2025
34228,54,343,12,1,11/13/2025
34228,54,348,12,1,11/13/2025
34228,54,344,12,1,11/13/2025
34228,54,349,12,1,11/13/2025
34233,36,360,12,1,10/14/2025
34233,36,364,12,1,10/14/2025
34233,36,365,12,1,10/14/2025
34233,36,361,12,1,10/14/2025
34233,36,366,12,1,10/14/2025
34233,36,362,12,1,10/14/2025
34233,36,367,12,1,10/14/2025
34233,36,363,12,1,10/14/2025
34233,36,353,12,1,10/14/2025
34233,36,357,12,1,10/14/2025
34233,36,352,12,1,10/14/2025
34233,36,356,12,1,10/14/2025
34233,36,354,12,1,10/14/2025
34233,36,359,12,1,10/14/2025
34233,36,355,12,1,10/14/2025
34233,36,358,12,1,10/14/2025
34233,36,351,12,1,10/14/2025
34233,36,345,12,1,10/14/2025
34233,36,340,12,1,10/14/2025
34233,36,346,12,1,10/14/2025
34233,36,341,12,1,10/14/2025
34233,36,347,12,1,10/14/2025
34233,36,342,12,1,10/14/2025
34233,36,350,12,1,10/14/2025
34233,36,343,12,1,10/14/2025
34233,36,348,12,1,10/14/2025
34233,36,344,12,1,10/14/2025
34233,36,349,12,1,10/14/2025
34246,26,239,8,1,07/24/2026
34246,26,228,9,2,07/24/2026
34246,26,240,8,1,07/24/2026
34246,26,238,9,2,07/24/2026
34313,18,364,12,1,09/18/2019
34313,18,365,12,1,09/18/2019
34313,18,366,12,1,09/18/2019
34313,18,367,12,1,09/18/2019
34314,53,360,12,1,02/23/2026
34314,53,364,12,1,02/23/2026
34314,53,365,12,1,02/23/2026
34314,53,361,12,1,02/23/2026
34314,53,366,12,1,02/23/2026
34314,53,362,12,1,02/23/2026
34314,53,367,12,1,02/23/2026
34314,53,363,12,1,02/23/2026
34314,53,353,12,1,02/23/2026
34314,53,357,12,1,02/23/2026
34314,53,352,12,1,02/23/2026
34314,53,356,12,1,02/23/2026
34314,53,354,12,1,02/23/2026
34314,53,359,12,1,02/23/2026
34314,53,355,12,1,02/23/2026
34314,53,358,12,1,02/23/2026
34314,53,351,12,1,02/23/2026
34314,53,345,12,1,02/23/2026
34314,53,340,12,1,02/23/2026
34314,53,346,12,1,02/23/2026
34314,53,341,12,1,02/23/2026
34314,53,347,12,1,02/23/2026
34314,53,342,12,1,02/23/2026
34314,53,350,12,1,02/23/2026
34314,53,343,12,1,02/23/2026
34314,53,348,12,1,02/23/2026
34314,53,344,12,1,02/23/2026
34314,53,349,12,1,02/23/2026
34315,41,360,12,1,10/27/2025
34315,41,364,12,1,10/27/2025
34315,41,365,12,1,10/27/2025
34315,41,361,12,1,10/27/2025
34315,41,366,12,1,10/27/2025
34315,41,362,12,1,10/27/2025
34315,41,367,12,1,10/27/2025
34315,41,363,12,1,10/27/2025
34315,41,353,12,1,10/27/2025
34315,41,357,12,1,10/27/2025
34315,41,352,12,1,10/27/2025
34315,41,356,12,1,10/27/2025
34315,41,354,12,1,10/27/2025
34315,41,359,12,1,10/27/2025
34315,41,355,12,1,10/27/2025
34315,41,358,12,1,10/27/2025
34315,41,351,12,1,10/27/2025
34315,41,345,12,1,10/27/2025
34315,41,340,12,1,10/27/2025
34315,41,346,12,1,10/27/2025
34315,41,341,12,1,10/27/2025
34315,41,347,12,1,10/27/2025
34315,41,342,12,1,10/27/2025
34315,41,350,12,1,10/27/2025
34315,41,343,12,1,10/27/2025
34315,41,348,12,1,10/27/2025
34315,41,344,12,1,10/27/2025
34315,41,349,12,1,10/27/2025
34324,38,360,12,1,10/08/2025
34324,38,364,12,1,10/08/2025
34324,38,365,12,1,10/08/2025
34324,38,361,12,1,10/08/2025
34324,38,366,12,1,10/08/2025
34324,38,362,12,1,10/08/2025
34324,38,367,12,1,10/08/2025
34324,38,363,12,1,10/08/2025
34324,38,353,12,1,10/08/2025
34324,38,357,12,1,10/08/2025
34324,38,352,12,1,10/08/2025
34324,38,356,12,1,10/08/2025
34324,38,354,12,1,10/08/2025
34324,38,359,12,1,10/08/2025
34324,38,355,12,1,10/08/2025
34324,38,358,12,1,10/08/2025
34324,38,351,12,1,10/08/2025
34324,38,345,12,1,10/08/2025
34324,38,340,12,1,10/08/2025
34324,38,346,12,1,10/08/2025
34324,38,341,12,1,10/08/2025
34324,38,347,12,1,10/08/2025
34324,38,342,12,1,10/08/2025
34324,38,350,12,1,10/08/2025
34324,38,343,12,1,10/08/2025
34324,38,348,12,1,10/08/2025
34324,38,344,12,1,10/08/2025
34324,38,349,12,1,10/08/2025
34328,44,360,12,1,10/14/2025
34328,44,364,12,1,10/14/2025
34328,44,365,12,1,10/14/2025
34328,44,361,12,1,10/14/2025
34328,44,366,12,1,10/14/2025
34328,44,362,12,1,10/14/2025
34328,44,367,12,1,10/14/2025
34328,44,363,12,1,10/14/2025
34328,44,353,12,1,10/14/2025
34328,44,357,12,1,10/14/2025
34328,44,352,12,1,10/14/2025
34328,44,356,12,1,10/14/2025
34328,44,354,12,1,10/14/2025
34328,44,359,12,1,10/14/2025
34328,44,355,12,1,10/14/2025
34328,44,358,12,1,10/14/2025
34328,44,351,12,1,10/14/2025
34328,44,345,12,1,10/14/2025
34328,44,340,12,1,10/14/2025
34328,44,346,12,1,10/14/2025
34328,44,341,12,1,10/14/2025
34328,44,347,12,1,10/14/2025
34328,44,342,12,1,10/14/2025
34328,44,350,12,1,10/14/2025
34328,44,343,12,1,10/14/2025
34328,44,348,12,1,10/14/2025
34328,44,344,12,1,10/14/2025
34328,44,349,12,1,10/14/2025
34337,23,239,8,1,08/29/2025
34337,23,228,9,2,08/29/2025
34337,23,240,8,1,08/29/2025
34337,23,238,9,2,08/29/2025
34338,34,239,8,1,09/26/2025
34338,34,228,9,2,09/26/2025
34338,34,240,8,1,09/26/2025
34338,34,238,9,2,09/26/2025
34353,35,239,8,1,05/29/2026
34353,35,228,9,2,05/29/2026
34353,35,240,8,1,05/29/2026
34353,35,238,9,2,05/29/2026
34356,31,239,8,1,02/27/2026
34356,31,228,9,2,02/27/2026
34356,31,240,8,1,02/27/2026
34356,31,238,9,2,02/27/2026
34372,22,368,12,1,06/19/2020
34372,22,370,12,1,06/19/2020
34372,22,369,12,1,06/19/2020
34372,22,371,12,1,06/19/2020
34372,22,372,12,1,06/19/2020
34380,42,500,8,1,07/14/2026
34380,42,504,9,1,07/14/2026
34380,42,501,8,1,07/14/2026
34380,42,505,9,1,07/14/2026
34380,42,502,8,1,07/14/2026
34380,42,506,9,1,07/14/2026
34380,42,507,13,1,07/14/2026
34380,42,509,13,1,07/14/2026
34380,42,508,13,1,07/14/2026
34380,42,510,13,1,07/14/2026
34380,42,511,13,1,07/14/2026
34380,42,512,13,1,07/14/2026
34380,42,517,13,1,07/14/2026
34380,42,519,13,1,07/14/2026
34380,42,514,13,1,07/14/2026
34380,42,520,13,1,07/14/2026
34380,42,515,13,1,07/14/2026
34380,42,521,13,1,07/14/2026
34380,42,513,13,1,07/14/2026
34380,42,523,13,1,07/14/2026
34380,42,516,13,1,07/14/2026
34380,42,522,13,1,07/14/2026
34393,24,239,8,1,04/25/2025
34393,24,228,9,2,04/25/2025
34393,24,240,8,1,04/25/2025
34393,24,238,9,2,04/25/2025
34394,27,239,8,1,09/26/2025
34394,27,228,9,2,09/26/2025
34394,27,240,8,1,09/26/2025
34394,27,238,9,2,09/26/2025
34399,30,239,8,1,05/29/2026
34399,30,228,9,2,05/29/2026
34399,30,240,8,1,05/29/2026
34399,30,238,9,2,05/29/2026
34410,46,391,12,1,12/22/2025
34410,46,394,12,1,12/22/2025
34410,46,392,12,1,12/22/2025
34410,46,395,12,1,12/22/2025
34410,46,393,12,1,12/22/2025
34410,46,396,12,1,12/22/2025
34410,46,374,13,1,12/22/2025
34410,46,378,13,1,12/22/2025
34410,46,375,13,1,12/22/2025
34410,46,379,13,1,12/22/2025
34410,46,376,13,1,12/22/2025
34410,46,380,13,1,12/22/2025
34410,46,377,13,1,12/22/2025
34410,46,381,13,1,12/22/2025
34411,46,391,12,1,05/14/2021
34411,46,394,12,1,05/14/2021
34411,46,392,12,1,05/14/2021
34411,46,395,12,1,05/14/2021
34411,46,393,12,1,05/14/2021
34411,46,396,12,1,05/14/2021
34411,46,374,13,1,05/14/2021
34411,46,378,13,1,05/14/2021
34411,46,375,13,1,05/14/2021
34411,46,379,13,1,05/14/2021
34411,46,376,13,1,05/14/2021
34411,46,380,13,1,05/14/2021
34411,46,377,13,1,05/14/2021
34411,46,381,13,1,05/14/2021
34413,53,391,12,1,11/14/2024
34413,53,394,12,1,11/14/2024
34413,53,392,12,1,11/14/2024
34413,53,395,12,1,11/14/2024
34413,53,393,12,1,11/14/2024
34413,53,396,12,1,11/14/2024
34413,53,374,13,1,11/14/2024
34413,53,378,13,1,11/14/2024
34413,53,375,13,1,11/14/2024
34413,53,379,13,1,11/14/2024
34413,53,376,13,1,11/14/2024
34413,53,380,13,1,11/14/2024
34413,53,377,13,1,11/14/2024
34413,53,381,13,1,11/14/2024
34415,58,391,12,1,07/07/2022
34415,58,394,12,1,07/07/2022
34415,58,392,12,1,07/07/2022
34415,58,395,12,1,07/07/2022
34415,58,393,12,1,07/07/2022
34415,58,396,12,1,07/07/2022
34415,58,374,13,1,07/07/2022
34415,58,378,13,1,07/07/2022
34415,58,375,13,1,07/07/2022
34415,58,379,13,1,07/07/2022
34415,58,376,13,1,07/07/2022
34415,58,380,13,1,07/07/2022
34415,58,377,13,1,07/07/2022
34415,58,381,13,1,07/07/2022
34417,57,391,12,1,08/07/2023
34417,57,394,12,1,08/07/2023
34417,57,392,12,1,08/07/2023
34417,57,395,12,1,08/07/2023
34417,57,393,12,1,08/07/2023
34417,57,396,12,1,08/07/2023
34417,57,374,13,1,08/07/2023
34417,57,378,13,1,08/07/2023
34417,57,375,13,1,08/07/2023
34417,57,379,13,1,08/07/2023
34417,57,376,13,1,08/07/2023
34417,57,380,13,1,08/07/2023
34417,57,377,13,1,08/07/2023
34417,57,381,13,1,08/07/2023
34419,43,391,12,1,01/19/2024
34419,43,394,12,1,01/19/2024
34419,43,392,12,1,01/19/2024
34419,43,395,12,1,01/19/2024
34419,43,393,12,1,01/19/2024
34419,43,396,12,1,01/19/2024
34419,43,374,13,1,01/19/2024
34419,43,378,13,1,01/19/2024
34419,43,375,13,1,01/19/2024
34419,43,379,13,1,01/19/2024
34419,43,376,13,1,01/19/2024
34419,43,380,13,1,01/19/2024
34419,43,377,13,1,01/19/2024
34419,43,381,13,1,01/19/2024
34424,47,391,12,1,12/06/2024
34424,47,394,12,1,12/06/2024
34424,47,392,12,1,12/06/2024
34424,47,395,12,1,12/06/2024
34424,47,393,12,1,12/06/2024
34424,47,396,12,1,12/06/2024
34424,47,374,13,1,12/06/2024
34424,47,378,13,1,12/06/2024
34424,47,375,13,1,12/06/2024
34424,47,379,13,1,12/06/2024
34424,47,376,13,1,12/06/2024
34424,47,380,13,1,12/06/2024
34424,47,377,13,1,12/06/2024
34424,47,381,13,1,12/06/2024
34425,43,391,12,1,02/11/2025
34425,43,394,12,1,02/11/2025
34425,43,392,12,1,02/11/2025
34425,43,395,12,1,02/11/2025
34425,43,393,12,1,02/11/2025
34425,43,396,12,1,02/11/2025
34425,43,374,13,1,02/11/2025
34425,43,378,13,1,02/11/2025
34425,43,375,13,1,02/11/2025
34425,43,379,13,1,02/11/2025
34425,43,376,13,1,02/11/2025
34425,43,380,13,1,02/11/2025
34425,43,377,13,1,02/11/2025
34425,43,381,13,1,02/11/2025
34426,55,391,12,1,07/06/2021
34426,55,394,12,1,07/06/2021
34426,55,392,12,1,07/06/2021
34426,55,395,12,1,07/06/2021
34426,55,393,12,1,07/06/2021
34426,55,396,12,1,07/06/2021
34426,55,374,13,1,07/06/2021
34426,55,378,13,1,07/06/2021
34426,55,375,13,1,07/06/2021
34426,55,379,13,1,07/06/2021
34426,55,376,13,1,07/06/2021
34426,55,380,13,1,07/06/2021
34426,55,377,13,1,07/06/2021
34426,55,381,13,1,07/06/2021
34427,100,391,12,1,04/03/2023
34427,100,392,12,1,04/03/2023
34427,100,393,12,1,04/03/2023
34427,100,374,13,1,04/03/2023
34427,100,375,13,1,04/03/2023
34427,100,376,13,1,04/03/2023
34427,100,377,13,1,04/03/2023
34428,93,391,12,1,05/08/2023
34428,93,392,12,1,05/08/2023
34428,93,393,12,1,05/08/2023
34428,93,374,13,1,05/08/2023
34428,93,375,13,1,05/08/2023
34428,93,376,13,1,05/08/2023
34428,93,377,13,1,05/08/2023
34429,63,391,12,1,12/02/2022
34429,63,392,12,1,12/02/2022
34429,63,393,12,1,12/02/2022
34429,63,374,13,1,12/02/2022
34429,63,375,13,1,12/02/2022
34429,63,376,13,1,12/02/2022
34429,63,377,13,1,12/02/2022
34430,46,391,12,1,07/16/2021
34430,46,392,12,1,07/16/2021
34430,46,393,12,1,07/16/2021
34430,46,374,13,1,07/16/2021
34430,46,375,13,1,07/16/2021
34430,46,376,13,1,07/16/2021
34430,46,377,13,1,07/16/2021
34431,60,391,12,1,08/02/2021
34431,60,394,12,1,08/02/2021
34431,60,392,12,1,08/02/2021
34431,60,395,12,1,08/02/2021
34431,60,393,12,1,08/02/2021
34431,60,396,12,1,08/02/2021
34431,60,374,13,1,08/02/2021
34431,60,378,13,1,08/02/2021
34431,60,375,13,1,08/02/2021
34431,60,379,13,1,08/02/2021
34431,60,376,13,1,08/02/2021
34431,60,380,13,1,08/02/2021
34431,60,377,13,1,08/02/2021
34431,60,381,13,1,08/02/2021
34433,43,391,12,1,09/06/2024
34433,43,394,12,1,09/06/2024
34433,43,392,12,1,09/06/2024
34433,43,395,12,1,09/06/2024
34433,43,393,12,1,09/06/2024
34433,43,396,12,1,09/06/2024
34433,43,374,13,1,09/06/2024
34433,43,378,13,1,09/06/2024
34433,43,375,13,1,09/06/2024
34433,43,379,13,1,09/06/2024
34433,43,376,13,1,09/06/2024
34433,43,380,13,1,09/06/2024
34433,43,377,13,1,09/06/2024
34433,43,381,13,1,09/06/2024
34434,68,391,12,1,05/29/2025
34434,68,394,12,1,05/29/2025
34434,68,392,12,1,05/29/2025
34434,68,395,12,1,05/29/2025
34434,68,393,12,1,05/29/2025
34434,68,396,12,1,05/29/2025
34434,68,374,13,1,05/29/2025
34434,68,378,13,1,05/29/2025
34434,68,375,13,1,05/29/2025
34434,68,379,13,1,05/29/2025
34434,68,376,13,1,05/29/2025
34434,68,380,13,1,05/29/2025
34434,68,377,13,1,05/29/2025
34434,68,381,13,1,05/29/2025
34454,67,391,12,1,12/13/2024
34454,67,394,12,1,12/13/2024
34454,67,392,12,1,12/13/2024
34454,67,395,12,1,12/13/2024
34454,67,393,12,1,12/13/2024
34454,67,396,12,1,12/13/2024
34454,67,374,13,1,12/13/2024
34454,67,378,13,1,12/13/2024
34454,67,375,13,1,12/13/2024
34454,67,379,13,1,12/13/2024
34454,67,376,13,1,12/13/2024
34454,67,380,13,1,12/13/2024
34454,67,377,13,1,12/13/2024
34454,67,381,13,1,12/13/2024
34512,48,391,12,1,06/01/2022
34512,48,394,12,1,06/01/2022
34512,48,392,12,1,06/01/2022
34512,48,395,12,1,06/01/2022
34512,48,393,12,1,06/01/2022
34512,48,396,12,1,06/01/2022
34512,48,374,13,1,06/01/2022
34512,48,378,13,1,06/01/2022
34512,48,375,13,1,06/01/2022
34512,48,379,13,1,06/01/2022
34512,48,376,13,1,06/01/2022
34512,48,380,13,1,06/01/2022
34512,48,377,13,1,06/01/2022
34512,48,381,13,1,06/01/2022
34513,41,391,12,1,08/01/2023
34513,41,394,12,1,08/01/2023
34513,41,392,12,1,08/01/2023
34513,41,395,12,1,08/01/2023
34513,41,393,12,1,08/01/2023
34513,41,396,12,1,08/01/2023
34513,41,374,13,1,08/01/2023
34513,41,378,13,1,08/01/2023
34513,41,375,13,1,08/01/2023
34513,41,379,13,1,08/01/2023
34513,41,376,13,1,08/01/2023
34513,41,380,13,1,08/01/2023
34513,41,377,13,1,08/01/2023
34513,41,381,13,1,08/01/2023
34519,33,368,12,1,12/03/2021
34519,33,370,12,1,12/03/2021
34519,33,369,12,1,12/03/2021
34519,33,371,12,1,12/03/2021
34519,33,372,12,1,12/03/2021
34520,32,368,12,1,06/19/2020
34520,32,370,12,1,06/19/2020
34520,32,369,12,1,06/19/2020
34520,32,371,12,1,06/19/2020
34520,32,372,12,1,06/19/2020
34521,7,368,12,1,11/21/2019
34521,7,370,12,1,11/21/2019
34521,7,369,12,1,11/21/2019
34521,7,371,12,1,11/21/2019
34521,7,372,12,1,11/21/2019
34522,29,368,12,1,10/21/2022
34522,29,370,12,1,10/21/2022
34522,29,369,12,1,10/21/2022
34522,29,371,12,1,10/21/2022
34522,29,372,12,1,10/21/2022
34526,24,143,8,1,06/16/2025
34526,24,147,9,1,06/16/2025
34526,24,144,8,1,06/16/2025
34526,24,148,9,1,06/16/2025
34526,24,145,8,1,06/16/2025
34526,24,149,9,1,06/16/2025
34526,24,146,8,1,06/16/2025
34526,24,151,9,1,06/16/2025
34526,24,268,8,1,06/16/2025
34526,24,264,8,1,06/16/2025
34526,24,265,9,1,06/16/2025
34526,24,266,8,1,06/16/2025
34526,24,267,9,1,06/16/2025
34528,38,143,8,1,12/22/2025
34528,38,147,9,1,12/22/2025
34528,38,144,8,1,12/22/2025
34528,38,148,9,1,12/22/2025
34528,38,145,8,1,12/22/2025
34528,38,149,9,1,12/22/2025
34528,38,146,8,1,12/22/2025
34528,38,151,9,1,12/22/2025
34528,38,268,8,1,12/22/2025
34528,38,264,8,1,12/22/2025
34528,38,265,9,1,12/22/2025
34528,38,266,8,1,12/22/2025
34528,38,267,9,1,12/22/2025
34536,36,143,8,1,08/20/2025
34536,36,147,9,1,08/20/2025
34536,36,144,8,1,08/20/2025
34536,36,148,9,1,08/20/2025
34536,36,145,8,1,08/20/2025
34536,36,149,9,1,08/20/2025
34536,36,146,8,1,08/20/2025
34536,36,151,9,1,08/20/2025
34536,36,268,8,1,08/20/2025
34536,36,264,8,1,08/20/2025
34536,36,265,9,1,08/20/2025
34536,36,266,8,1,08/20/2025
34536,36,267,9,1,08/20/2025
34537,45,394,12,1,09/03/2021
34537,45,395,12,1,09/03/2021
34537,45,396,12,1,09/03/2021
34537,45,378,13,1,09/03/2021
34537,45,379,13,1,09/03/2021
34537,45,380,13,1,09/03/2021
34537,45,381,13,1,09/03/2021
34538,21,236,11,2,07/27/2026
34539,16,239,8,1,04/02/2026
34539,16,228,9,2,04/02/2026
34539,16,240,8,1,04/02/2026
34539,16,238,9,2,04/02/2026
34540,15,239,8,1,08/29/2025
34540,15,228,9,2,08/29/2025
34540,15,240,8,1,08/29/2025
34540,15,238,9,2,08/29/2025
34541,21,239,8,1,09/26/2025
34541,21,228,9,2,09/26/2025
34541,21,240,8,1,09/26/2025
34541,21,238,9,2,09/26/2025
34544,47,373,13,1,07/23/2024
34547,40,373,13,1,11/06/2024
34548,43,373,13,1,03/11/2024
34551,36,391,12,1,07/03/2025
34551,36,392,12,1,07/03/2025
34551,36,393,12,1,07/03/2025
34551,36,374,13,1,07/03/2025
34551,36,375,13,1,07/03/2025
34551,36,376,13,1,07/03/2025
34551,36,377,13,1,07/03/2025
34552,40,391,12,1,12/13/2024
34552,40,392,12,1,12/13/2024
34552,40,393,12,1,12/13/2024
34552,40,374,13,1,12/13/2024
34552,40,375,13,1,12/13/2024
34552,40,376,13,1,12/13/2024
34552,40,377,13,1,12/13/2024
34553,47,391,12,1,07/08/2024
34553,47,394,12,1,07/08/2024
34553,47,392,12,1,07/08/2024
34553,47,395,12,1,07/08/2024
34553,47,393,12,1,07/08/2024
34553,47,396,12,1,07/08/2024
34553,47,374,13,1,07/08/2024
34553,47,378,13,1,07/08/2024
34553,47,375,13,1,07/08/2024
34553,47,379,13,1,07/08/2024
34553,47,376,13,1,07/08/2024
34553,47,380,13,1,07/08/2024
34553,47,377,13,1,07/08/2024
34553,47,381,13,1,07/08/2024
34554,34,391,12,1,07/02/2024
34554,34,394,12,1,07/02/2024
34554,34,392,12,1,07/02/2024
34554,34,395,12,1,07/02/2024
34554,34,393,12,1,07/02/2024
34554,34,396,12,1,07/02/2024
34554,34,374,13,1,07/02/2024
34554,34,378,13,1,07/02/2024
34554,34,375,13,1,07/02/2024
34554,34,379,13,1,07/02/2024
34554,34,376,13,1,07/02/2024
34554,34,380,13,1,07/02/2024
34554,34,377,13,1,07/02/2024
34554,34,381,13,1,07/02/2024
34558,40,373,13,1,12/29/2023
34559,43,373,13,1,11/13/2024
34560,76,373,13,1,06/03/2022
34561,69,373,13,1,11/03/2023
34562,45,373,13,1,07/28/2025
34563,51,373,13,1,05/01/2023
34564,83,373,13,1,05/17/2024
34565,40,373,13,1,11/21/2023
34567,43,373,13,1,02/23/2024
34570,52,391,12,1,04/09/2025
34570,52,392,12,1,04/09/2025
34570,52,393,12,1,04/09/2025
34570,52,374,13,1,04/09/2025
34570,52,375,13,1,04/09/2025
34570,52,376,13,1,04/09/2025
34570,52,377,13,1,04/09/2025
34573,31,391,12,1,05/06/2026
34573,31,392,12,1,05/06/2026
34573,31,393,12,1,05/06/2026
34573,31,374,13,1,05/06/2026
34573,31,375,13,1,05/06/2026
34573,31,376,13,1,05/06/2026
34573,31,377,13,1,05/06/2026
34575,43,391,12,1,06/05/2023
34575,43,394,12,1,06/05/2023
34575,43,392,12,1,06/05/2023
34575,43,395,12,1,06/05/2023
34575,43,393,12,1,06/05/2023
34575,43,396,12,1,06/05/2023
34575,43,374,13,1,06/05/2023
34575,43,378,13,1,06/05/2023
34575,43,375,13,1,06/05/2023
34575,43,379,13,1,06/05/2023
34575,43,376,13,1,06/05/2023
34575,43,380,13,1,06/05/2023
34575,43,377,13,1,06/05/2023
34575,43,381,13,1,06/05/2023
34576,72,391,12,1,07/03/2025
34576,72,394,12,1,07/03/2025
34576,72,392,12,1,07/03/2025
34576,72,395,12,1,07/03/2025
34576,72,393,12,1,07/03/2025
34576,72,396,12,1,07/03/2025
34576,72,374,13,1,07/03/2025
34576,72,378,13,1,07/03/2025
34576,72,375,13,1,07/03/2025
34576,72,379,13,1,07/03/2025
34576,72,376,13,1,07/03/2025
34576,72,380,13,1,07/03/2025
34576,72,377,13,1,07/03/2025
34576,72,381,13,1,07/03/2025
34577,64,391,12,1,10/29/2019
34577,64,394,12,1,10/29/2019
34577,64,392,12,1,10/29/2019
34577,64,395,12,1,10/29/2019
34577,64,393,12,1,10/29/2019
34577,64,396,12,1,10/29/2019
34577,64,374,13,1,10/29/2019
34577,64,378,13,1,10/29/2019
34577,64,375,13,1,10/29/2019
34577,64,379,13,1,10/29/2019
34577,64,376,13,1,10/29/2019
34577,64,380,13,1,10/29/2019
34577,64,377,13,1,10/29/2019
34577,64,381,13,1,10/29/2019
34578,30,391,12,1,08/07/2023
34578,30,392,12,1,08/07/2023
34578,30,393,12,1,08/07/2023
34578,30,374,13,1,08/07/2023
34578,30,375,13,1,08/07/2023
34578,30,376,13,1,08/07/2023
34578,30,377,13,1,08/07/2023
34580,57,391,12,1,03/28/2024
34580,57,394,12,1,03/28/2024
34580,57,392,12,1,03/28/2024
34580,57,395,12,1,03/28/2024
34580,57,393,12,1,03/28/2024
34580,57,396,12,1,03/28/2024
34580,57,374,13,1,03/28/2024
34580,57,378,13,1,03/28/2024
34580,57,375,13,1,03/28/2024
34580,57,379,13,1,03/28/2024
34580,57,376,13,1,03/28/2024
34580,57,380,13,1,03/28/2024
34580,57,377,13,1,03/28/2024
34580,57,381,13,1,03/28/2024
34594,42,143,8,1,05/20/2025
34594,42,147,9,1,05/20/2025
34594,42,144,8,1,05/20/2025
34594,42,148,9,1,05/20/2025
34594,42,145,8,1,05/20/2025
34594,42,149,9,1,05/20/2025
34594,42,146,8,1,05/20/2025
34594,42,151,9,1,05/20/2025
34594,42,268,8,1,05/20/2025
34594,42,264,8,1,05/20/2025
34594,42,265,9,1,05/20/2025
34594,42,266,8,1,05/20/2025
34594,42,267,9,1,05/20/2025
34596,52,143,8,1,10/21/2025
34596,52,147,9,1,10/21/2025
34596,52,144,8,1,10/21/2025
34596,52,148,9,1,10/21/2025
34596,52,145,8,1,10/21/2025
34596,52,149,9,1,10/21/2025
34596,52,146,8,1,10/21/2025
34596,52,151,9,1,10/21/2025
34596,52,268,8,1,10/21/2025
34596,52,264,8,1,10/21/2025
34596,52,265,9,1,10/21/2025
34596,52,266,8,1,10/21/2025
34596,52,267,9,1,10/21/2025
34614,43,143,8,1,08/21/2024
34614,43,147,9,1,08/21/2024
34614,43,144,8,1,08/21/2024
34614,43,148,9,1,08/21/2024
34614,43,145,8,1,08/21/2024
34614,43,149,9,1,08/21/2024
34614,43,146,8,1,08/21/2024
34614,43,151,9,1,08/21/2024
34614,43,268,8,1,08/21/2024
34614,43,264,8,1,08/21/2024
34614,43,265,9,1,08/21/2024
34614,43,266,8,1,08/21/2024
34614,43,267,9,1,08/21/2024
34615,42,143,8,1,05/20/2025
34615,42,147,9,1,05/20/2025
34615,42,144,8,1,05/20/2025
34615,42,148,9,1,05/20/2025
34615,42,145,8,1,05/20/2025
34615,42,149,9,1,05/20/2025
34615,42,146,8,1,05/20/2025
34615,42,151,9,1,05/20/2025
34615,42,268,8,1,05/20/2025
34615,42,264,8,1,05/20/2025
34615,42,265,9,1,05/20/2025
34615,42,266,8,1,05/20/2025
34615,42,267,9,1,05/20/2025
34616,44,143,8,1,10/21/2025
34616,44,147,9,1,10/21/2025
34616,44,144,8,1,10/21/2025
34616,44,148,9,1,10/21/2025
34616,44,145,8,1,10/21/2025
34616,44,149,9,1,10/21/2025
34616,44,146,8,1,10/21/2025
34616,44,151,9,1,10/21/2025
34616,44,268,8,1,10/21/2025
34616,44,264,8,1,10/21/2025
34616,44,265,9,1,10/21/2025
34616,44,266,8,1,10/21/2025
34616,44,267,9,1,10/21/2025
34623,38,143,8,1,12/22/2025
34623,38,147,9,1,12/22/2025
34623,38,144,8,1,12/22/2025
34623,38,148,9,1,12/22/2025
34623,38,145,8,1,12/22/2025
34623,38,149,9,1,12/22/2025
34623,38,146,8,1,12/22/2025
34623,38,151,9,1,12/22/2025
34623,38,268,8,1,12/22/2025
34623,38,264,8,1,12/22/2025
34623,38,265,9,1,12/22/2025
34623,38,266,8,1,12/22/2025
34623,38,267,9,1,12/22/2025
34624,42,143,8,1,08/20/2025
34624,42,147,9,1,08/20/2025
34624,42,144,8,1,08/20/2025
34624,42,148,9,1,08/20/2025
34624,42,145,8,1,08/20/2025
34624,42,149,9,1,08/20/2025
34624,42,146,8,1,08/20/2025
34624,42,151,9,1,08/20/2025
34624,42,268,8,1,08/20/2025
34624,42,264,8,1,08/20/2025
34624,42,265,9,1,08/20/2025
34624,42,266,8,1,08/20/2025
34624,42,267,9,1,08/20/2025
34633,54,143,8,1,05/20/2025
34633,54,147,9,1,05/20/2025
34633,54,144,8,1,05/20/2025
34633,54,148,9,1,05/20/2025
34633,54,145,8,1,05/20/2025
34633,54,149,9,1,05/20/2025
34633,54,146,8,1,05/20/2025
34633,54,151,9,1,05/20/2025
34633,54,268,8,1,05/20/2025
34633,54,264,8,1,05/20/2025
34633,54,265,9,1,05/20/2025
34633,54,266,8,1,05/20/2025
34633,54,267,9,1,05/20/2025
34635,37,143,8,1,08/20/2025
34635,37,147,9,1,08/20/2025
34635,37,144,8,1,08/20/2025
34635,37,148,9,1,08/20/2025
34635,37,145,8,1,08/20/2025
34635,37,149,9,1,08/20/2025
34635,37,146,8,1,08/20/2025
34635,37,151,9,1,08/20/2025
34635,37,268,8,1,08/20/2025
34635,37,264,8,1,08/20/2025
34635,37,265,9,1,08/20/2025
34635,37,266,8,1,08/20/2025
34635,37,267,9,1,08/20/2025
34636,38,143,8,1,08/20/2025
34636,38,147,9,1,08/20/2025
34636,38,144,8,1,08/20/2025
34636,38,148,9,1,08/20/2025
34636,38,145,8,1,08/20/2025
34636,38,149,9,1,08/20/2025
34636,38,146,8,1,08/20/2025
34636,38,151,9,1,08/20/2025
34636,38,268,8,1,08/20/2025
34636,38,264,8,1,08/20/2025
34636,38,265,9,1,08/20/2025
34636,38,266,8,1,08/20/2025
34636,38,267,9,1,08/20/2025
34641,27,143,8,1,03/20/2026
34641,27,147,9,1,03/20/2026
34641,27,144,8,1,03/20/2026
34641,27,148,9,1,03/20/2026
34641,27,145,8,1,03/20/2026
34641,27,149,9,1,03/20/2026
34641,27,146,8,1,03/20/2026
34641,27,151,9,1,03/20/2026
34641,27,268,8,1,03/20/2026
34641,27,264,8,1,03/20/2026
34641,27,265,9,1,03/20/2026
34641,27,266,8,1,03/20/2026
34641,27,267,9,1,03/20/2026
34645,51,143,8,1,08/20/2025
34645,51,147,9,1,08/20/2025
34645,51,144,8,1,08/20/2025
34645,51,148,9,1,08/20/2025
34645,51,145,8,1,08/20/2025
34645,51,149,9,1,08/20/2025
34645,51,146,8,1,08/20/2025
34645,51,151,9,1,08/20/2025
34645,51,268,8,1,08/20/2025
34645,51,264,8,1,08/20/2025
34645,51,265,9,1,08/20/2025
34645,51,266,8,1,08/20/2025
34645,51,267,9,1,08/20/2025
34646,26,143,8,1,10/21/2024
34646,26,147,9,1,10/21/2024
34646,26,144,8,1,10/21/2024
34646,26,148,9,1,10/21/2024
34646,26,145,8,1,10/21/2024
34646,26,149,9,1,10/21/2024
34646,26,146,8,1,10/21/2024
34646,26,151,9,1,10/21/2024
34646,26,268,8,1,10/21/2024
34646,26,264,8,1,10/21/2024
34646,26,265,9,1,10/21/2024
34646,26,266,8,1,10/21/2024
34646,26,267,9,1,10/21/2024
34648,31,143,8,1,12/22/2025
34648,31,147,9,1,12/22/2025
34648,31,144,8,1,12/22/2025
34648,31,148,9,1,12/22/2025
34648,31,145,8,1,12/22/2025
34648,31,149,9,1,12/22/2025
34648,31,146,8,1,12/22/2025
34648,31,151,9,1,12/22/2025
34648,31,268,8,1,12/22/2025
34648,31,264,8,1,12/22/2025
34648,31,265,9,1,12/22/2025
34648,31,266,8,1,12/22/2025
34648,31,267,9,1,12/22/2025
34658,36,143,8,1,08/20/2025
34658,36,147,9,1,08/20/2025
34658,36,144,8,1,08/20/2025
34658,36,148,9,1,08/20/2025
34658,36,145,8,1,08/20/2025
34658,36,149,9,1,08/20/2025
34658,36,146,8,1,08/20/2025
34658,36,151,9,1,08/20/2025
34658,36,268,8,1,08/20/2025
34658,36,264,8,1,08/20/2025
34658,36,265,9,1,08/20/2025
34658,36,266,8,1,08/20/2025
34658,36,267,9,1,08/20/2025
34659,32,143,8,1,07/24/2026
34659,32,147,9,1,07/24/2026
34659,32,144,8,1,07/24/2026
34659,32,148,9,1,07/24/2026
34659,32,145,8,1,07/24/2026
34659,32,149,9,1,07/24/2026
34659,32,146,8,1,07/24/2026
34659,32,151,9,1,07/24/2026
34659,32,268,8,1,07/24/2026
34659,32,264,8,1,07/24/2026
34659,32,265,9,1,07/24/2026
34659,32,266,8,1,07/24/2026
34659,32,267,9,1,07/24/2026
34760,27,143,8,1,06/17/2025
34760,27,147,9,1,06/17/2025
34760,27,144,8,1,06/17/2025
34760,27,148,9,1,06/17/2025
34760,27,145,8,1,06/17/2025
34760,27,149,9,1,06/17/2025
34760,27,146,8,1,06/17/2025
34760,27,151,9,1,06/17/2025
34760,27,268,8,1,06/17/2025
34760,27,264,8,1,06/17/2025
34760,27,265,9,1,06/17/2025
34760,27,266,8,1,06/17/2025
34760,27,267,9,1,06/17/2025
34761,34,143,8,1,10/21/2025
34761,34,147,9,1,10/21/2025
34761,34,144,8,1,10/21/2025
34761,34,148,9,1,10/21/2025
34761,34,145,8,1,10/21/2025
34761,34,149,9,1,10/21/2025
34761,34,146,8,1,10/21/2025
34761,34,151,9,1,10/21/2025
34761,34,268,8,1,10/21/2025
34761,34,264,8,1,10/21/2025
34761,34,265,9,1,10/21/2025
34761,34,266,8,1,10/21/2025
34761,34,267,9,1,10/21/2025
34771,51,143,8,1,02/20/2026
34771,51,147,9,1,02/20/2026
34771,51,144,8,1,02/20/2026
34771,51,148,9,1,02/20/2026
34771,51,145,8,1,02/20/2026
34771,51,149,9,1,02/20/2026
34771,51,146,8,1,02/20/2026
34771,51,151,9,1,02/20/2026
34771,51,268,8,1,02/20/2026
34771,51,264,8,1,02/20/2026
34771,51,265,9,1,02/20/2026
34771,51,266,8,1,02/20/2026
34771,51,267,9,1,02/20/2026
34821,21,388,10,1,02/21/2020
34821,21,140,10,2,02/21/2020
34821,21,389,10,1,02/21/2020
34821,21,139,10,2,02/21/2020
34823,27,388,10,1,02/21/2020
34823,27,140,10,2,02/21/2020
34823,27,389,10,1,02/21/2020
34823,27,139,10,2,02/21/2020
34824,21,388,10,1,02/13/2020
34824,21,140,10,2,02/13/2020
34824,21,389,10,1,02/13/2020
34824,21,139,10,2,02/13/2020
34833,94,331,12,1,08/07/2020
34833,94,335,12,1,08/07/2020
34833,94,332,12,1,08/07/2020
34833,94,336,12,1,08/07/2020
34833,94,333,12,1,08/07/2020
34833,94,337,12,1,08/07/2020
34833,94,334,12,1,08/07/2020
34833,94,338,12,1,08/07/2020
34833,94,339,12,1,08/07/2020
34833,94,327,12,1,08/07/2020
34833,94,325,12,1,08/07/2020
34833,94,328,12,1,08/07/2020
34833,94,326,12,1,08/07/2020
34833,94,329,12,1,08/07/2020
34833,94,330,12,1,08/07/2020
34833,94,314,12,1,08/07/2020
34833,94,319,12,1,08/07/2020
34833,94,315,12,1,08/07/2020
34833,94,320,12,1,08/07/2020
34833,94,316,12,1,08/07/2020
34833,94,321,12,1,08/07/2020
34833,94,317,12,1,08/07/2020
34833,94,322,12,1,08/07/2020
34833,94,318,12,1,08/07/2020
34833,94,323,12,1,08/07/2020
34833,94,324,12,1,08/07/2020
34859,34,368,12,1,10/20/2023
34859,34,370,12,1,10/20/2023
34859,34,369,12,1,10/20/2023
34859,34,371,12,1,10/20/2023
34859,34,372,12,1,10/20/2023
34865,72,331,12,1,06/19/2020
34865,72,335,12,1,06/19/2020
34865,72,332,12,1,06/19/2020
34865,72,336,12,1,06/19/2020
34865,72,333,12,1,06/19/2020
34865,72,337,12,1,06/19/2020
34865,72,334,12,1,06/19/2020
34865,72,338,12,1,06/19/2020
34865,72,339,12,1,06/19/2020
34865,72,327,12,1,06/19/2020
34865,72,325,12,1,06/19/2020
34865,72,328,12,1,06/19/2020
34865,72,326,12,1,06/19/2020
34865,72,329,12,1,06/19/2020
34865,72,330,12,1,06/19/2020
34865,72,314,12,1,06/19/2020
34865,72,319,12,1,06/19/2020
34865,72,315,12,1,06/19/2020
34865,72,320,12,1,06/19/2020
34865,72,316,12,1,06/19/2020
34865,72,321,12,1,06/19/2020
34865,72,317,12,1,06/19/2020
34865,72,322,12,1,06/19/2020
34865,72,318,12,1,06/19/2020
34865,72,323,12,1,06/19/2020
34865,72,324,12,1,06/19/2020
34869,42,394,12,1,01/07/2025
34869,42,395,12,1,01/07/2025
34869,42,396,12,1,01/07/2025
34869,42,378,13,1,01/07/2025
34869,42,379,13,1,01/07/2025
34869,42,380,13,1,01/07/2025
34869,42,381,13,1,01/07/2025
34887,53,331,12,1,03/14/2025
34887,53,335,12,1,03/14/2025
34887,53,332,12,1,03/14/2025
34887,53,336,12,1,03/14/2025
34887,53,333,12,1,03/14/2025
34887,53,337,12,1,03/14/2025
34887,53,334,12,1,03/14/2025
34887,53,338,12,1,03/14/2025
34887,53,339,12,1,03/14/2025
34887,53,327,12,1,03/14/2025
34887,53,325,12,1,03/14/2025
34887,53,328,12,1,03/14/2025
34887,53,326,12,1,03/14/2025
34887,53,329,12,1,03/14/2025
34887,53,330,12,1,03/14/2025
34887,53,314,12,1,03/14/2025
34887,53,319,12,1,03/14/2025
34887,53,315,12,1,03/14/2025
34887,53,320,12,1,03/14/2025
34887,53,316,12,1,03/14/2025
34887,53,321,12,1,03/14/2025
34887,53,317,12,1,03/14/2025
34887,53,322,12,1,03/14/2025
34887,53,318,12,1,03/14/2025
34887,53,323,12,1,03/14/2025
34887,53,324,12,1,03/14/2025
34892,123,331,12,1,08/02/2024
34892,123,335,12,1,08/02/2024
34892,123,332,12,1,08/02/2024
34892,123,336,12,1,08/02/2024
34892,123,333,12,1,08/02/2024
34892,123,337,12,1,08/02/2024
34892,123,334,12,1,08/02/2024
34892,123,338,12,1,08/02/2024
34892,123,339,12,1,08/02/2024
34892,123,327,12,1,08/02/2024
34892,123,325,12,1,08/02/2024
34892,123,328,12,1,08/02/2024
34892,123,326,12,1,08/02/2024
34892,123,329,12,1,08/02/2024
34892,123,330,12,1,08/02/2024
34892,123,314,12,1,08/02/2024
34892,123,319,12,1,08/02/2024
34892,123,315,12,1,08/02/2024
34892,123,320,12,1,08/02/2024
34892,123,316,12,1,08/02/2024
34892,123,321,12,1,08/02/2024
34892,123,317,12,1,08/02/2024
34892,123,322,12,1,08/02/2024
34892,123,318,12,1,08/02/2024
34892,123,323,12,1,08/02/2024
34892,123,324,12,1,08/02/2024
34912,20,368,12,1,10/04/2019
34912,20,370,12,1,10/04/2019
34912,20,369,12,1,10/04/2019
34912,20,371,12,1,10/04/2019
34912,20,372,12,1,10/04/2019
34914,68,331,12,1,06/19/2020
34914,68,335,12,1,06/19/2020
34914,68,332,12,1,06/19/2020
34914,68,336,12,1,06/19/2020
34914,68,333,12,1,06/19/2020
34914,68,337,12,1,06/19/2020
34914,68,334,12,1,06/19/2020
34914,68,338,12,1,06/19/2020
34914,68,339,12,1,06/19/2020
34914,68,327,12,1,06/19/2020
34914,68,325,12,1,06/19/2020
34914,68,328,12,1,06/19/2020
34914,68,326,12,1,06/19/2020
34914,68,329,12,1,06/19/2020
34914,68,330,12,1,06/19/2020
34914,68,314,12,1,06/19/2020
34914,68,319,12,1,06/19/2020
34914,68,315,12,1,06/19/2020
34914,68,320,12,1,06/19/2020
34914,68,316,12,1,06/19/2020
34914,68,321,12,1,06/19/2020
34914,68,317,12,1,06/19/2020
34914,68,322,12,1,06/19/2020
34914,68,318,12,1,06/19/2020
34914,68,323,12,1,06/19/2020
34914,68,324,12,1,06/19/2020
34924,79,331,12,1,11/06/2020
34924,79,335,12,1,11/06/2020
34924,79,332,12,1,11/06/2020
34924,79,336,12,1,11/06/2020
34924,79,333,12,1,11/06/2020
34924,79,337,12,1,11/06/2020
34924,79,334,12,1,11/06/2020
34924,79,338,12,1,11/06/2020
34924,79,339,12,1,11/06/2020
34924,79,327,12,1,11/06/2020
34924,79,325,12,1,11/06/2020
34924,79,328,12,1,11/06/2020
34924,79,326,12,1,11/06/2020
34924,79,329,12,1,11/06/2020
34924,79,330,12,1,11/06/2020
34924,79,314,12,1,11/06/2020
34924,79,319,12,1,11/06/2020
34924,79,315,12,1,11/06/2020
34924,79,320,12,1,11/06/2020
34924,79,316,12,1,11/06/2020
34924,79,321,12,1,11/06/2020
34924,79,317,12,1,11/06/2020
34924,79,322,12,1,11/06/2020
34924,79,318,12,1,11/06/2020
34924,79,323,12,1,11/06/2020
34924,79,324,12,1,11/06/2020
34938,68,331,12,1,09/20/2019
34938,68,335,12,1,09/20/2019
34938,68,332,12,1,09/20/2019
34938,68,336,12,1,09/20/2019
34938,68,333,12,1,09/20/2019
34938,68,337,12,1,09/20/2019
34938,68,334,12,1,09/20/2019
34938,68,338,12,1,09/20/2019
34938,68,339,12,1,09/20/2019
34938,68,327,12,1,09/20/2019
34938,68,325,12,1,09/20/2019
34938,68,328,12,1,09/20/2019
34938,68,326,12,1,09/20/2019
34938,68,329,12,1,09/20/2019
34938,68,330,12,1,09/20/2019
34938,68,314,12,1,09/20/2019
34938,68,319,12,1,09/20/2019
34938,68,315,12,1,09/20/2019
34938,68,320,12,1,09/20/2019
34938,68,316,12,1,09/20/2019
34938,68,321,12,1,09/20/2019
34938,68,317,12,1,09/20/2019
34938,68,322,12,1,09/20/2019
34938,68,318,12,1,09/20/2019
34938,68,323,12,1,09/20/2019
34938,68,324,12,1,09/20/2019
34961,48,331,12,1,11/08/2019
34961,48,335,12,1,11/08/2019
34961,48,332,12,1,11/08/2019
34961,48,336,12,1,11/08/2019
34961,48,333,12,1,11/08/2019
34961,48,337,12,1,11/08/2019
34961,48,334,12,1,11/08/2019
34961,48,338,12,1,11/08/2019
34961,48,339,12,1,11/08/2019
34961,48,327,12,1,11/08/2019
34961,48,325,12,1,11/08/2019
34961,48,328,12,1,11/08/2019
34961,48,326,12,1,11/08/2019
34961,48,329,12,1,11/08/2019
34961,48,330,12,1,11/08/2019
34961,48,314,12,1,11/08/2019
34961,48,319,12,1,11/08/2019
34961,48,315,12,1,11/08/2019
34961,48,320,12,1,11/08/2019
34961,48,316,12,1,11/08/2019
34961,48,321,12,1,11/08/2019
34961,48,317,12,1,11/08/2019
34961,48,322,12,1,11/08/2019
34961,48,318,12,1,11/08/2019
34961,48,323,12,1,11/08/2019
34961,48,324,12,1,11/08/2019
34975,67,331,12,1,10/11/2019
34975,67,335,12,1,10/11/2019
34975,67,332,12,1,10/11/2019
34975,67,336,12,1,10/11/2019
34975,67,333,12,1,10/11/2019
34975,67,337,12,1,10/11/2019
34975,67,334,12,1,10/11/2019
34975,67,338,12,1,10/11/2019
34975,67,339,12,1,10/11/2019
34975,67,327,12,1,10/11/2019
34975,67,325,12,1,10/11/2019
34975,67,328,12,1,10/11/2019
34975,67,326,12,1,10/11/2019
34975,67,329,12,1,10/11/2019
34975,67,330,12,1,10/11/2019
34975,67,314,12,1,10/11/2019
34975,67,319,12,1,10/11/2019
34975,67,315,12,1,10/11/2019
34975,67,320,12,1,10/11/2019
34975,67,316,12,1,10/11/2019
34975,67,321,12,1,10/11/2019
34975,67,317,12,1,10/11/2019
34975,67,322,12,1,10/11/2019
34975,67,318,12,1,10/11/2019
34975,67,323,12,1,10/11/2019
34975,67,324,12,1,10/11/2019
34976,34,368,12,1,05/21/2021
34976,34,370,12,1,05/21/2021
34976,34,369,12,1,05/21/2021
34976,34,371,12,1,05/21/2021
34976,34,372,12,1,05/21/2021
34998,33,331,12,1,10/21/2022
34998,33,335,12,1,10/21/2022
34998,33,332,12,1,10/21/2022
34998,33,336,12,1,10/21/2022
34998,33,333,12,1,10/21/2022
34998,33,337,12,1,10/21/2022
34998,33,334,12,1,10/21/2022
34998,33,338,12,1,10/21/2022
34998,33,339,12,1,10/21/2022
34998,33,327,12,1,10/21/2022
34998,33,325,12,1,10/21/2022
34998,33,328,12,1,10/21/2022
34998,33,326,12,1,10/21/2022
34998,33,329,12,1,10/21/2022
34998,33,330,12,1,10/21/2022
34998,33,314,12,1,10/21/2022
34998,33,319,12,1,10/21/2022
34998,33,315,12,1,10/21/2022
34998,33,320,12,1,10/21/2022
34998,33,316,12,1,10/21/2022
34998,33,321,12,1,10/21/2022
34998,33,317,12,1,10/21/2022
34998,33,322,12,1,10/21/2022
34998,33,318,12,1,10/21/2022
34998,33,323,12,1,10/21/2022
34998,33,324,12,1,10/21/2022
35000,156,500,8,1,07/16/2026
35000,156,504,9,1,07/16/2026
35000,156,501,8,1,07/16/2026
35000,156,505,9,1,07/16/2026
35000,156,502,8,1,07/16/2026
35000,156,506,9,1,07/16/2026
35000,156,507,13,1,07/16/2026
35000,156,509,13,1,07/16/2026
35000,156,508,13,1,07/16/2026
35000,156,510,13,1,07/16/2026
35000,156,511,13,1,07/16/2026
35000,156,512,13,1,07/16/2026
35000,156,517,13,1,07/16/2026
35000,156,519,13,1,07/16/2026
35000,156,514,13,1,07/16/2026
35000,156,520,13,1,07/16/2026
35000,156,515,13,1,07/16/2026
35000,156,521,13,1,07/16/2026
35000,156,513,13,1,07/16/2026
35000,156,523,13,1,07/16/2026
35000,156,516,13,1,07/16/2026
35000,156,522,13,1,07/16/2026
35001,12,500,8,1,07/14/2026
35001,12,504,9,1,07/14/2026
35001,12,501,8,1,07/14/2026
35001,12,505,9,1,07/14/2026
35001,12,502,8,1,07/14/2026
35001,12,506,9,1,07/14/2026
35001,12,507,13,1,07/14/2026
35001,12,509,13,1,07/14/2026
35001,12,508,13,1,07/14/2026
35001,12,510,13,1,07/14/2026
35001,12,511,13,1,07/14/2026
35001,12,512,13,1,07/14/2026
35001,12,517,13,1,07/14/2026
35001,12,519,13,1,07/14/2026
35001,12,514,13,1,07/14/2026
35001,12,520,13,1,07/14/2026
35001,12,515,13,1,07/14/2026
35001,12,521,13,1,07/14/2026
35001,12,513,13,1,07/14/2026
35001,12,523,13,1,07/14/2026
35001,12,516,13,1,07/14/2026
35001,12,522,13,1,07/14/2026
35003,61,331,12,1,11/08/2019
35003,61,335,12,1,11/08/2019
35003,61,332,12,1,11/08/2019
35003,61,336,12,1,11/08/2019
35003,61,333,12,1,11/08/2019
35003,61,337,12,1,11/08/2019
35003,61,334,12,1,11/08/2019
35003,61,338,12,1,11/08/2019
35003,61,339,12,1,11/08/2019
35003,61,327,12,1,11/08/2019
35003,61,325,12,1,11/08/2019
35003,61,328,12,1,11/08/2019
35003,61,326,12,1,11/08/2019
35003,61,329,12,1,11/08/2019
35003,61,330,12,1,11/08/2019
35003,61,314,12,1,11/08/2019
35003,61,319,12,1,11/08/2019
35003,61,315,12,1,11/08/2019
35003,61,320,12,1,11/08/2019
35003,61,316,12,1,11/08/2019
35003,61,321,12,1,11/08/2019
35003,61,317,12,1,11/08/2019
35003,61,322,12,1,11/08/2019
35003,61,318,12,1,11/08/2019
35003,61,323,12,1,11/08/2019
35003,61,324,12,1,11/08/2019
35004,23,331,12,1,01/29/2021
35004,23,335,12,1,01/29/2021
35004,23,332,12,1,01/29/2021
35004,23,336,12,1,01/29/2021
35004,23,333,12,1,01/29/2021
35004,23,337,12,1,01/29/2021
35004,23,334,12,1,01/29/2021
35004,23,338,12,1,01/29/2021
35004,23,339,12,1,01/29/2021
35004,23,327,12,1,01/29/2021
35004,23,325,12,1,01/29/2021
35004,23,328,12,1,01/29/2021
35004,23,326,12,1,01/29/2021
35004,23,329,12,1,01/29/2021
35004,23,330,12,1,01/29/2021
35004,23,314,12,1,01/29/2021
35004,23,319,12,1,01/29/2021
35004,23,315,12,1,01/29/2021
35004,23,320,12,1,01/29/2021
35004,23,316,12,1,01/29/2021
35004,23,321,12,1,01/29/2021
35004,23,317,12,1,01/29/2021
35004,23,322,12,1,01/29/2021
35004,23,318,12,1,01/29/2021
35004,23,323,12,1,01/29/2021
35004,23,324,12,1,01/29/2021
35006,119,331,12,1,10/11/2019
35006,119,335,12,1,10/11/2019
35006,119,332,12,1,10/11/2019
35006,119,336,12,1,10/11/2019
35006,119,333,12,1,10/11/2019
35006,119,337,12,1,10/11/2019
35006,119,334,12,1,10/11/2019
35006,119,338,12,1,10/11/2019
35006,119,339,12,1,10/11/2019
35006,119,327,12,1,10/11/2019
35006,119,325,12,1,10/11/2019
35006,119,328,12,1,10/11/2019
35006,119,326,12,1,10/11/2019
35006,119,329,12,1,10/11/2019
35006,119,330,12,1,10/11/2019
35006,119,314,12,1,10/11/2019
35006,119,319,12,1,10/11/2019
35006,119,315,12,1,10/11/2019
35006,119,320,12,1,10/11/2019
35006,119,316,12,1,10/11/2019
35006,119,321,12,1,10/11/2019
35006,119,317,12,1,10/11/2019
35006,119,322,12,1,10/11/2019
35006,119,318,12,1,10/11/2019
35006,119,323,12,1,10/11/2019
35006,119,324,12,1,10/11/2019
35007,81,331,12,1,10/11/2019
35007,81,335,12,1,10/11/2019
35007,81,332,12,1,10/11/2019
35007,81,336,12,1,10/11/2019
35007,81,333,12,1,10/11/2019
35007,81,337,12,1,10/11/2019
35007,81,334,12,1,10/11/2019
35007,81,338,12,1,10/11/2019
35007,81,339,12,1,10/11/2019
35007,81,327,12,1,10/11/2019
35007,81,325,12,1,10/11/2019
35007,81,328,12,1,10/11/2019
35007,81,326,12,1,10/11/2019
35007,81,329,12,1,10/11/2019
35007,81,330,12,1,10/11/2019
35007,81,314,12,1,10/11/2019
35007,81,319,12,1,10/11/2019
35007,81,315,12,1,10/11/2019
35007,81,320,12,1,10/11/2019
35007,81,316,12,1,10/11/2019
35007,81,321,12,1,10/11/2019
35007,81,317,12,1,10/11/2019
35007,81,322,12,1,10/11/2019
35007,81,318,12,1,10/11/2019
35007,81,323,12,1,10/11/2019
35007,81,324,12,1,10/11/2019
35010,40,331,12,1,08/26/2022
35010,40,335,12,1,08/26/2022
35010,40,332,12,1,08/26/2022
35010,40,336,12,1,08/26/2022
35010,40,333,12,1,08/26/2022
35010,40,337,12,1,08/26/2022
35010,40,334,12,1,08/26/2022
35010,40,338,12,1,08/26/2022
35010,40,339,12,1,08/26/2022
35010,40,327,12,1,08/26/2022
35010,40,325,12,1,08/26/2022
35010,40,328,12,1,08/26/2022
35010,40,326,12,1,08/26/2022
35010,40,329,12,1,08/26/2022
35010,40,330,12,1,08/26/2022
35010,40,314,12,1,08/26/2022
35010,40,319,12,1,08/26/2022
35010,40,315,12,1,08/26/2022
35010,40,320,12,1,08/26/2022
35010,40,316,12,1,08/26/2022
35010,40,321,12,1,08/26/2022
35010,40,317,12,1,08/26/2022
35010,40,322,12,1,08/26/2022
35010,40,318,12,1,08/26/2022
35010,40,323,12,1,08/26/2022
35010,40,324,12,1,08/26/2022
35010,50,331,12,1,07/17/2026
35010,50,335,12,1,07/17/2026
35010,50,332,12,1,07/17/2026
35010,50,336,12,1,07/17/2026
35010,50,333,12,1,07/17/2026
35010,50,337,12,1,07/17/2026
35010,50,334,12,1,07/17/2026
35010,50,338,12,1,07/17/2026
35010,50,339,12,1,07/17/2026
35010,50,327,12,1,07/17/2026
35010,50,325,12,1,07/17/2026
35010,50,328,12,1,07/17/2026
35010,50,326,12,1,07/17/2026
35010,50,329,12,1,07/17/2026
35010,50,330,12,1,07/17/2026
35010,50,314,12,1,07/17/2026
35010,50,319,12,1,07/17/2026
35010,50,315,12,1,07/17/2026
35010,50,320,12,1,07/17/2026
35010,50,316,12,1,07/17/2026
35010,50,321,12,1,07/17/2026
35010,50,317,12,1,07/17/2026
35010,50,322,12,1,07/17/2026
35010,50,318,12,1,07/17/2026
35010,50,323,12,1,07/17/2026
35010,50,324,12,1,07/17/2026
35013,36,331,12,1,09/06/2019
35013,36,335,12,1,09/06/2019
35013,36,332,12,1,09/06/2019
35013,36,336,12,1,09/06/2019
35013,36,333,12,1,09/06/2019
35013,36,337,12,1,09/06/2019
35013,36,334,12,1,09/06/2019
35013,36,338,12,1,09/06/2019
35013,36,339,12,1,09/06/2019
35013,36,327,12,1,09/06/2019
35013,36,325,12,1,09/06/2019
35013,36,328,12,1,09/06/2019
35013,36,326,12,1,09/06/2019
35013,36,329,12,1,09/06/2019
35013,36,330,12,1,09/06/2019
35013,36,314,12,1,09/06/2019
35013,36,319,12,1,09/06/2019
35013,36,315,12,1,09/06/2019
35013,36,320,12,1,09/06/2019
35013,36,316,12,1,09/06/2019
35013,36,321,12,1,09/06/2019
35013,36,317,12,1,09/06/2019
35013,36,322,12,1,09/06/2019
35013,36,318,12,1,09/06/2019
35013,36,323,12,1,09/06/2019
35013,36,324,12,1,09/06/2019
35014,39,331,12,1,09/19/2019
35014,39,335,12,1,09/19/2019
35014,39,332,12,1,09/19/2019
35014,39,336,12,1,09/19/2019
35014,39,333,12,1,09/19/2019
35014,39,337,12,1,09/19/2019
35014,39,334,12,1,09/19/2019
35014,39,338,12,1,09/19/2019
35014,39,339,12,1,09/19/2019
35014,39,327,12,1,09/19/2019
35014,39,325,12,1,09/19/2019
35014,39,328,12,1,09/19/2019
35014,39,326,12,1,09/19/2019
35014,39,329,12,1,09/19/2019
35014,39,330,12,1,09/19/2019
35014,39,314,12,1,09/19/2019
35014,39,319,12,1,09/19/2019
35014,39,315,12,1,09/19/2019
35014,39,320,12,1,09/19/2019
35014,39,316,12,1,09/19/2019
35014,39,321,12,1,09/19/2019
35014,39,317,12,1,09/19/2019
35014,39,322,12,1,09/19/2019
35014,39,318,12,1,09/19/2019
35014,39,323,12,1,09/19/2019
35014,39,324,12,1,09/19/2019
35016,36,331,12,1,10/11/2019
35016,36,335,12,1,10/11/2019
35016,36,332,12,1,10/11/2019
35016,36,336,12,1,10/11/2019
35016,36,333,12,1,10/11/2019
35016,36,337,12,1,10/11/2019
35016,36,334,12,1,10/11/2019
35016,36,338,12,1,10/11/2019
35016,36,339,12,1,10/11/2019
35016,36,327,12,1,10/11/2019
35016,36,325,12,1,10/11/2019
35016,36,328,12,1,10/11/2019
35016,36,326,12,1,10/11/2019
35016,36,329,12,1,10/11/2019
35016,36,330,12,1,10/11/2019
35016,36,314,12,1,10/11/2019
35016,36,319,12,1,10/11/2019
35016,36,315,12,1,10/11/2019
35016,36,320,12,1,10/11/2019
35016,36,316,12,1,10/11/2019
35016,36,321,12,1,10/11/2019
35016,36,317,12,1,10/11/2019
35016,36,322,12,1,10/11/2019
35016,36,318,12,1,10/11/2019
35016,36,323,12,1,10/11/2019
35016,36,324,12,1,10/11/2019
35022,67,331,12,1,05/07/2021
35022,67,335,12,1,05/07/2021
35022,67,332,12,1,05/07/2021
35022,67,336,12,1,05/07/2021
35022,67,333,12,1,05/07/2021
35022,67,337,12,1,05/07/2021
35022,67,334,12,1,05/07/2021
35022,67,338,12,1,05/07/2021
35022,67,339,12,1,05/07/2021
35022,67,327,12,1,05/07/2021
35022,67,325,12,1,05/07/2021
35022,67,328,12,1,05/07/2021
35022,67,326,12,1,05/07/2021
35022,67,329,12,1,05/07/2021
35022,67,330,12,1,05/07/2021
35022,67,314,12,1,05/07/2021
35022,67,319,12,1,05/07/2021
35022,67,315,12,1,05/07/2021
35022,67,320,12,1,05/07/2021
35022,67,316,12,1,05/07/2021
35022,67,321,12,1,05/07/2021
35022,67,317,12,1,05/07/2021
35022,67,322,12,1,05/07/2021
35022,67,318,12,1,05/07/2021
35022,67,323,12,1,05/07/2021
35022,67,324,12,1,05/07/2021
35025,98,391,12,1,08/26/2024
35025,98,394,12,1,08/26/2024
35025,98,392,12,1,08/26/2024
35025,98,395,12,1,08/26/2024
35025,98,393,12,1,08/26/2024
35025,98,396,12,1,08/26/2024
35025,98,374,13,1,08/26/2024
35025,98,378,13,1,08/26/2024
35025,98,375,13,1,08/26/2024
35025,98,379,13,1,08/26/2024
35025,98,376,13,1,08/26/2024
35025,98,380,13,1,08/26/2024
35025,98,377,13,1,08/26/2024
35025,98,381,13,1,08/26/2024
35026,75,391,12,1,11/22/2024
35026,75,394,12,1,11/22/2024
35026,75,392,12,1,11/22/2024
35026,75,395,12,1,11/22/2024
35026,75,393,12,1,11/22/2024
35026,75,396,12,1,11/22/2024
35026,75,374,13,1,11/22/2024
35026,75,378,13,1,11/22/2024
35026,75,375,13,1,11/22/2024
35026,75,379,13,1,11/22/2024
35026,75,376,13,1,11/22/2024
35026,75,380,13,1,11/22/2024
35026,75,377,13,1,11/22/2024
35026,75,381,13,1,11/22/2024
35028,11,500,8,1,07/14/2026
35028,11,504,9,1,07/14/2026
35028,11,501,8,1,07/14/2026
35028,11,505,9,1,07/14/2026
35028,11,502,8,1,07/14/2026
35028,11,506,9,1,07/14/2026
35028,11,507,13,1,07/14/2026
35028,11,509,13,1,07/14/2026
35028,11,508,13,1,07/14/2026
35028,11,510,13,1,07/14/2026
35028,11,511,13,1,07/14/2026
35028,11,512,13,1,07/14/2026
35028,11,517,13,1,07/14/2026
35028,11,519,13,1,07/14/2026
35028,11,514,13,1,07/14/2026
35028,11,520,13,1,07/14/2026
35028,11,515,13,1,07/14/2026
35028,11,521,13,1,07/14/2026
35028,11,513,13,1,07/14/2026
35028,11,523,13,1,07/14/2026
35028,11,516,13,1,07/14/2026
35028,11,522,13,1,07/14/2026
35035,74,331,12,1,11/15/2019
35035,74,335,12,1,11/15/2019
35035,74,332,12,1,11/15/2019
35035,74,336,12,1,11/15/2019
35035,74,333,12,1,11/15/2019
35035,74,337,12,1,11/15/2019
35035,74,334,12,1,11/15/2019
35035,74,338,12,1,11/15/2019
35035,74,339,12,1,11/15/2019
35035,74,327,12,1,11/15/2019
35035,74,325,12,1,11/15/2019
35035,74,328,12,1,11/15/2019
35035,74,326,12,1,11/15/2019
35035,74,329,12,1,11/15/2019
35035,74,330,12,1,11/15/2019
35035,74,314,12,1,11/15/2019
35035,74,319,12,1,11/15/2019
35035,74,315,12,1,11/15/2019
35035,74,320,12,1,11/15/2019
35035,74,316,12,1,11/15/2019
35035,74,321,12,1,11/15/2019
35035,74,317,12,1,11/15/2019
35035,74,322,12,1,11/15/2019
35035,74,318,12,1,11/15/2019
35035,74,323,12,1,11/15/2019
35035,74,324,12,1,11/15/2019
35038,76,331,12,1,12/10/2021
35038,76,335,12,1,12/10/2021
35038,76,332,12,1,12/10/2021
35038,76,336,12,1,12/10/2021
35038,76,333,12,1,12/10/2021
35038,76,337,12,1,12/10/2021
35038,76,334,12,1,12/10/2021
35038,76,338,12,1,12/10/2021
35038,76,339,12,1,12/10/2021
35038,76,327,12,1,12/10/2021
35038,76,325,12,1,12/10/2021
35038,76,328,12,1,12/10/2021
35038,76,326,12,1,12/10/2021
35038,76,329,12,1,12/10/2021
35038,76,330,12,1,12/10/2021
35038,76,314,12,1,12/10/2021
35038,76,319,12,1,12/10/2021
35038,76,315,12,1,12/10/2021
35038,76,320,12,1,12/10/2021
35038,76,316,12,1,12/10/2021
35038,76,321,12,1,12/10/2021
35038,76,317,12,1,12/10/2021
35038,76,322,12,1,12/10/2021
35038,76,318,12,1,12/10/2021
35038,76,323,12,1,12/10/2021
35038,76,324,12,1,12/10/2021
35041,113,331,12,1,09/20/2019
35041,113,335,12,1,09/20/2019
35041,113,332,12,1,09/20/2019
35041,113,336,12,1,09/20/2019
35041,113,333,12,1,09/20/2019
35041,113,337,12,1,09/20/2019
35041,113,334,12,1,09/20/2019
35041,113,338,12,1,09/20/2019
35041,113,339,12,1,09/20/2019
35041,113,327,12,1,09/20/2019
35041,113,325,12,1,09/20/2019
35041,113,328,12,1,09/20/2019
35041,113,326,12,1,09/20/2019
35041,113,329,12,1,09/20/2019
35041,113,330,12,1,09/20/2019
35041,113,314,12,1,09/20/2019
35041,113,319,12,1,09/20/2019
35041,113,315,12,1,09/20/2019
35041,113,320,12,1,09/20/2019
35041,113,316,12,1,09/20/2019
35041,113,321,12,1,09/20/2019
35041,113,317,12,1,09/20/2019
35041,113,322,12,1,09/20/2019
35041,113,318,12,1,09/20/2019
35041,113,323,12,1,09/20/2019
35041,113,324,12,1,09/20/2019
35048,82,391,12,1,11/08/2024
35048,82,394,12,1,11/08/2024
35048,82,392,12,1,11/08/2024
35048,82,395,12,1,11/08/2024
35048,82,393,12,1,11/08/2024
35048,82,396,12,1,11/08/2024
35048,82,374,13,1,11/08/2024
35048,82,378,13,1,11/08/2024
35048,82,375,13,1,11/08/2024
35048,82,379,13,1,11/08/2024
35048,82,376,13,1,11/08/2024
35048,82,380,13,1,11/08/2024
35048,82,377,13,1,11/08/2024
35048,82,381,13,1,11/08/2024
35049,58,331,12,1,10/11/2019
35049,58,335,12,1,10/11/2019
35049,58,332,12,1,10/11/2019
35049,58,336,12,1,10/11/2019
35049,58,333,12,1,10/11/2019
35049,58,337,12,1,10/11/2019
35049,58,334,12,1,10/11/2019
35049,58,338,12,1,10/11/2019
35049,58,339,12,1,10/11/2019
35049,58,327,12,1,10/11/2019
35049,58,325,12,1,10/11/2019
35049,58,328,12,1,10/11/2019
35049,58,326,12,1,10/11/2019
35049,58,329,12,1,10/11/2019
35049,58,330,12,1,10/11/2019
35049,58,314,12,1,10/11/2019
35049,58,319,12,1,10/11/2019
35049,58,315,12,1,10/11/2019
35049,58,320,12,1,10/11/2019
35049,58,316,12,1,10/11/2019
35049,58,321,12,1,10/11/2019
35049,58,317,12,1,10/11/2019
35049,58,322,12,1,10/11/2019
35049,58,318,12,1,10/11/2019
35049,58,323,12,1,10/11/2019
35049,58,324,12,1,10/11/2019
35050,55,331,12,1,02/19/2021
35050,55,335,12,1,02/19/2021
35050,55,332,12,1,02/19/2021
35050,55,336,12,1,02/19/2021
35050,55,333,12,1,02/19/2021
35050,55,337,12,1,02/19/2021
35050,55,334,12,1,02/19/2021
35050,55,338,12,1,02/19/2021
35050,55,339,12,1,02/19/2021
35050,55,327,12,1,02/19/2021
35050,55,325,12,1,02/19/2021
35050,55,328,12,1,02/19/2021
35050,55,326,12,1,02/19/2021
35050,55,329,12,1,02/19/2021
35050,55,330,12,1,02/19/2021
35050,55,314,12,1,02/19/2021
35050,55,319,12,1,02/19/2021
35050,55,315,12,1,02/19/2021
35050,55,320,12,1,02/19/2021
35050,55,316,12,1,02/19/2021
35050,55,321,12,1,02/19/2021
35050,55,317,12,1,02/19/2021
35050,55,322,12,1,02/19/2021
35050,55,318,12,1,02/19/2021
35050,55,323,12,1,02/19/2021
35050,55,324,12,1,02/19/2021
35062,122,331,12,1,12/03/2021
35062,122,335,12,1,12/03/2021
35062,122,332,12,1,12/03/2021
35062,122,336,12,1,12/03/2021
35062,122,333,12,1,12/03/2021
35062,122,337,12,1,12/03/2021
35062,122,334,12,1,12/03/2021
35062,122,338,12,1,12/03/2021
35062,122,339,12,1,12/03/2021
35062,122,327,12,1,12/03/2021
35062,122,325,12,1,12/03/2021
35062,122,328,12,1,12/03/2021
35062,122,326,12,1,12/03/2021
35062,122,329,12,1,12/03/2021
35062,122,330,12,1,12/03/2021
35062,122,314,12,1,12/03/2021
35062,122,319,12,1,12/03/2021
35062,122,315,12,1,12/03/2021
35062,122,320,12,1,12/03/2021
35062,122,316,12,1,12/03/2021
35062,122,321,12,1,12/03/2021
35062,122,317,12,1,12/03/2021
35062,122,322,12,1,12/03/2021
35062,122,318,12,1,12/03/2021
35062,122,323,12,1,12/03/2021
35062,122,324,12,1,12/03/2021
35070,76,331,12,1,08/06/2020
35070,76,335,12,1,08/06/2020
35070,76,332,12,1,08/06/2020
35070,76,336,12,1,08/06/2020
35070,76,333,12,1,08/06/2020
35070,76,337,12,1,08/06/2020
35070,76,334,12,1,08/06/2020
35070,76,338,12,1,08/06/2020
35070,76,339,12,1,08/06/2020
35070,76,327,12,1,08/06/2020
35070,76,325,12,1,08/06/2020
35070,76,328,12,1,08/06/2020
35070,76,326,12,1,08/06/2020
35070,76,329,12,1,08/06/2020
35070,76,330,12,1,08/06/2020
35070,76,314,12,1,08/06/2020
35070,76,319,12,1,08/06/2020
35070,76,315,12,1,08/06/2020
35070,76,320,12,1,08/06/2020
35070,76,316,12,1,08/06/2020
35070,76,321,12,1,08/06/2020
35070,76,317,12,1,08/06/2020
35070,76,322,12,1,08/06/2020
35070,76,318,12,1,08/06/2020
35070,76,323,12,1,08/06/2020
35070,76,324,12,1,08/06/2020
35073,51,391,12,1,07/20/2023
35073,51,394,12,1,07/20/2023
35073,51,392,12,1,07/20/2023
35073,51,395,12,1,07/20/2023
35073,51,393,12,1,07/20/2023
35073,51,396,12,1,07/20/2023
35073,51,374,13,1,07/20/2023
35073,51,378,13,1,07/20/2023
35073,51,375,13,1,07/20/2023
35073,51,379,13,1,07/20/2023
35073,51,376,13,1,07/20/2023
35073,51,380,13,1,07/20/2023
35073,51,377,13,1,07/20/2023
35073,51,381,13,1,07/20/2023
35074,33,500,8,1,07/14/2026
35074,33,504,9,1,07/14/2026
35074,33,501,8,1,07/14/2026
35074,33,505,9,1,07/14/2026
35074,33,502,8,1,07/14/2026
35074,33,506,9,1,07/14/2026
35074,33,507,13,1,07/14/2026
35074,33,509,13,1,07/14/2026
35074,33,508,13,1,07/14/2026
35074,33,510,13,1,07/14/2026
35074,33,511,13,1,07/14/2026
35074,33,512,13,1,07/14/2026
35074,33,517,13,1,07/14/2026
35074,33,519,13,1,07/14/2026
35074,33,514,13,1,07/14/2026
35074,33,520,13,1,07/14/2026
35074,33,515,13,1,07/14/2026
35074,33,521,13,1,07/14/2026
35074,33,513,13,1,07/14/2026
35074,33,523,13,1,07/14/2026
35074,33,516,13,1,07/14/2026
35074,33,522,13,1,07/14/2026
35075,35,500,8,1,07/14/2026
35075,35,504,9,1,07/14/2026
35075,35,501,8,1,07/14/2026
35075,35,505,9,1,07/14/2026
35075,35,502,8,1,07/14/2026
35075,35,506,9,1,07/14/2026
35075,35,507,13,1,07/14/2026
35075,35,509,13,1,07/14/2026
35075,35,508,13,1,07/14/2026
35075,35,510,13,1,07/14/2026
35075,35,511,13,1,07/14/2026
35075,35,512,13,1,07/14/2026
35075,35,517,13,1,07/14/2026
35075,35,519,13,1,07/14/2026
35075,35,514,13,1,07/14/2026
35075,35,520,13,1,07/14/2026
35075,35,515,13,1,07/14/2026
35075,35,521,13,1,07/14/2026
35075,35,513,13,1,07/14/2026
35075,35,523,13,1,07/14/2026
35075,35,516,13,1,07/14/2026
35075,35,522,13,1,07/14/2026
35076,57,500,8,1,07/14/2026
35076,57,504,9,1,07/14/2026
35076,57,501,8,1,07/14/2026
35076,57,505,9,1,07/14/2026
35076,57,502,8,1,07/14/2026
35076,57,506,9,1,07/14/2026
35076,57,507,13,1,07/14/2026
35076,57,509,13,1,07/14/2026
35076,57,508,13,1,07/14/2026
35076,57,510,13,1,07/14/2026
35076,57,511,13,1,07/14/2026
35076,57,512,13,1,07/14/2026
35076,57,517,13,1,07/14/2026
35076,57,519,13,1,07/14/2026
35076,57,514,13,1,07/14/2026
35076,57,520,13,1,07/14/2026
35076,57,515,13,1,07/14/2026
35076,57,521,13,1,07/14/2026
35076,57,513,13,1,07/14/2026
35076,57,523,13,1,07/14/2026
35076,57,516,13,1,07/14/2026
35076,57,522,13,1,07/14/2026
35080,54,500,8,1,07/14/2026
35080,54,504,9,1,07/14/2026
35080,54,501,8,1,07/14/2026
35080,54,505,9,1,07/14/2026
35080,54,502,8,1,07/14/2026
35080,54,506,9,1,07/14/2026
35080,54,507,13,1,07/14/2026
35080,54,509,13,1,07/14/2026
35080,54,508,13,1,07/14/2026
35080,54,510,13,1,07/14/2026
35080,54,511,13,1,07/14/2026
35080,54,512,13,1,07/14/2026
35080,54,517,13,1,07/14/2026
35080,54,519,13,1,07/14/2026
35080,54,514,13,1,07/14/2026
35080,54,520,13,1,07/14/2026
35080,54,515,13,1,07/14/2026
35080,54,521,13,1,07/14/2026
35080,54,513,13,1,07/14/2026
35080,54,523,13,1,07/14/2026
35080,54,516,13,1,07/14/2026
35080,54,522,13,1,07/14/2026
35081,85,331,12,1,10/20/2023
35081,85,335,12,1,10/20/2023
35081,85,332,12,1,10/20/2023
35081,85,336,12,1,10/20/2023
35081,85,333,12,1,10/20/2023
35081,85,337,12,1,10/20/2023
35081,85,334,12,1,10/20/2023
35081,85,338,12,1,10/20/2023
35081,85,339,12,1,10/20/2023
35081,85,327,12,1,10/20/2023
35081,85,325,12,1,10/20/2023
35081,85,328,12,1,10/20/2023
35081,85,326,12,1,10/20/2023
35081,85,329,12,1,10/20/2023
35081,85,330,12,1,10/20/2023
35081,85,314,12,1,10/20/2023
35081,85,319,12,1,10/20/2023
35081,85,315,12,1,10/20/2023
35081,85,320,12,1,10/20/2023
35081,85,316,12,1,10/20/2023
35081,85,321,12,1,10/20/2023
35081,85,317,12,1,10/20/2023
35081,85,322,12,1,10/20/2023
35081,85,318,12,1,10/20/2023
35081,85,323,12,1,10/20/2023
35081,85,324,12,1,10/20/2023
35083,108,331,12,1,03/14/2025
35083,108,335,12,1,03/14/2025
35083,108,332,12,1,03/14/2025
35083,108,336,12,1,03/14/2025
35083,108,333,12,1,03/14/2025
35083,108,337,12,1,03/14/2025
35083,108,334,12,1,03/14/2025
35083,108,338,12,1,03/14/2025
35083,108,339,12,1,03/14/2025
35083,108,327,12,1,03/14/2025
35083,108,325,12,1,03/14/2025
35083,108,328,12,1,03/14/2025
35083,108,326,12,1,03/14/2025
35083,108,329,12,1,03/14/2025
35083,108,330,12,1,03/14/2025
35083,108,314,12,1,03/14/2025
35083,108,319,12,1,03/14/2025
35083,108,315,12,1,03/14/2025
35083,108,320,12,1,03/14/2025
35083,108,316,12,1,03/14/2025
35083,108,321,12,1,03/14/2025
35083,108,317,12,1,03/14/2025
35083,108,322,12,1,03/14/2025
35083,108,318,12,1,03/14/2025
35083,108,323,12,1,03/14/2025
35083,108,324,12,1,03/14/2025
35089,30,331,12,1,11/15/2019
35089,30,335,12,1,11/15/2019
35089,30,332,12,1,11/15/2019
35089,30,336,12,1,11/15/2019
35089,30,333,12,1,11/15/2019
35089,30,337,12,1,11/15/2019
35089,30,334,12,1,11/15/2019
35089,30,338,12,1,11/15/2019
35089,30,339,12,1,11/15/2019
35089,30,327,12,1,11/15/2019
35089,30,325,12,1,11/15/2019
35089,30,328,12,1,11/15/2019
35089,30,326,12,1,11/15/2019
35089,30,329,12,1,11/15/2019
35089,30,330,12,1,11/15/2019
35089,30,314,12,1,11/15/2019
35089,30,319,12,1,11/15/2019
35089,30,315,12,1,11/15/2019
35089,30,320,12,1,11/15/2019
35089,30,316,12,1,11/15/2019
35089,30,321,12,1,11/15/2019
35089,30,317,12,1,11/15/2019
35089,30,322,12,1,11/15/2019
35089,30,318,12,1,11/15/2019
35089,30,323,12,1,11/15/2019
35089,30,324,12,1,11/15/2019
35090,95,331,12,1,05/13/2022
35090,95,335,12,1,05/13/2022
35090,95,332,12,1,05/13/2022
35090,95,336,12,1,05/13/2022
35090,95,333,12,1,05/13/2022
35090,95,337,12,1,05/13/2022
35090,95,334,12,1,05/13/2022
35090,95,338,12,1,05/13/2022
35090,95,339,12,1,05/13/2022
35090,95,327,12,1,05/13/2022
35090,95,325,12,1,05/13/2022
35090,95,328,12,1,05/13/2022
35090,95,326,12,1,05/13/2022
35090,95,329,12,1,05/13/2022
35090,95,330,12,1,05/13/2022
35090,95,314,12,1,05/13/2022
35090,95,319,12,1,05/13/2022
35090,95,315,12,1,05/13/2022
35090,95,320,12,1,05/13/2022
35090,95,316,12,1,05/13/2022
35090,95,321,12,1,05/13/2022
35090,95,317,12,1,05/13/2022
35090,95,322,12,1,05/13/2022
35090,95,318,12,1,05/13/2022
35090,95,323,12,1,05/13/2022
35090,95,324,12,1,05/13/2022
35091,103,331,12,1,09/03/2021
35091,103,335,12,1,09/03/2021
35091,103,332,12,1,09/03/2021
35091,103,336,12,1,09/03/2021
35091,103,333,12,1,09/03/2021
35091,103,337,12,1,09/03/2021
35091,103,334,12,1,09/03/2021
35091,103,338,12,1,09/03/2021
35091,103,339,12,1,09/03/2021
35091,103,327,12,1,09/03/2021
35091,103,325,12,1,09/03/2021
35091,103,328,12,1,09/03/2021
35091,103,326,12,1,09/03/2021
35091,103,329,12,1,09/03/2021
35091,103,330,12,1,09/03/2021
35091,103,314,12,1,09/03/2021
35091,103,319,12,1,09/03/2021
35091,103,315,12,1,09/03/2021
35091,103,320,12,1,09/03/2021
35091,103,316,12,1,09/03/2021
35091,103,321,12,1,09/03/2021
35091,103,317,12,1,09/03/2021
35091,103,322,12,1,09/03/2021
35091,103,318,12,1,09/03/2021
35091,103,323,12,1,09/03/2021
35091,103,324,12,1,09/03/2021
35092,78,331,12,1,11/01/2019
35092,78,335,12,1,11/01/2019
35092,78,332,12,1,11/01/2019
35092,78,336,12,1,11/01/2019
35092,78,333,12,1,11/01/2019
35092,78,337,12,1,11/01/2019
35092,78,334,12,1,11/01/2019
35092,78,338,12,1,11/01/2019
35092,78,339,12,1,11/01/2019
35092,78,327,12,1,11/01/2019
35092,78,325,12,1,11/01/2019
35092,78,328,12,1,11/01/2019
35092,78,326,12,1,11/01/2019
35092,78,329,12,1,11/01/2019
35092,78,330,12,1,11/01/2019
35092,78,314,12,1,11/01/2019
35092,78,319,12,1,11/01/2019
35092,78,315,12,1,11/01/2019
35092,78,320,12,1,11/01/2019
35092,78,316,12,1,11/01/2019
35092,78,321,12,1,11/01/2019
35092,78,317,12,1,11/01/2019
35092,78,322,12,1,11/01/2019
35092,78,318,12,1,11/01/2019
35092,78,323,12,1,11/01/2019
35092,78,324,12,1,11/01/2019
35093,114,331,12,1,12/16/2022
35093,114,335,12,1,12/16/2022
35093,114,332,12,1,12/16/2022
35093,114,336,12,1,12/16/2022
35093,114,333,12,1,12/16/2022
35093,114,337,12,1,12/16/2022
35093,114,334,12,1,12/16/2022
35093,114,338,12,1,12/16/2022
35093,114,339,12,1,12/16/2022
35093,114,327,12,1,12/16/2022
35093,114,325,12,1,12/16/2022
35093,114,328,12,1,12/16/2022
35093,114,326,12,1,12/16/2022
35093,114,329,12,1,12/16/2022
35093,114,330,12,1,12/16/2022
35093,114,314,12,1,12/16/2022
35093,114,319,12,1,12/16/2022
35093,114,315,12,1,12/16/2022
35093,114,320,12,1,12/16/2022
35093,114,316,12,1,12/16/2022
35093,114,321,12,1,12/16/2022
35093,114,317,12,1,12/16/2022
35093,114,322,12,1,12/16/2022
35093,114,318,12,1,12/16/2022
35093,114,323,12,1,12/16/2022
35093,114,324,12,1,12/16/2022
35098,28,500,8,1,07/14/2026
35098,28,504,9,1,07/14/2026
35098,28,501,8,1,07/14/2026
35098,28,505,9,1,07/14/2026
35098,28,502,8,1,07/14/2026
35098,28,506,9,1,07/14/2026
35098,28,507,13,1,07/14/2026
35098,28,509,13,1,07/14/2026
35098,28,508,13,1,07/14/2026
35098,28,510,13,1,07/14/2026
35098,28,511,13,1,07/14/2026
35098,28,512,13,1,07/14/2026
35098,28,517,13,1,07/14/2026
35098,28,519,13,1,07/14/2026
35098,28,514,13,1,07/14/2026
35098,28,520,13,1,07/14/2026
35098,28,515,13,1,07/14/2026
35098,28,521,13,1,07/14/2026
35098,28,513,13,1,07/14/2026
35098,28,523,13,1,07/14/2026
35098,28,516,13,1,07/14/2026
35098,28,522,13,1,07/14/2026
35099,60,331,12,1,11/01/2019
35099,60,335,12,1,11/01/2019
35099,60,332,12,1,11/01/2019
35099,60,336,12,1,11/01/2019
35099,60,333,12,1,11/01/2019
35099,60,337,12,1,11/01/2019
35099,60,334,12,1,11/01/2019
35099,60,338,12,1,11/01/2019
35099,60,339,12,1,11/01/2019
35099,60,327,12,1,11/01/2019
35099,60,325,12,1,11/01/2019
35099,60,328,12,1,11/01/2019
35099,60,326,12,1,11/01/2019
35099,60,329,12,1,11/01/2019
35099,60,330,12,1,11/01/2019
35099,60,314,12,1,11/01/2019
35099,60,319,12,1,11/01/2019
35099,60,315,12,1,11/01/2019
35099,60,320,12,1,11/01/2019
35099,60,316,12,1,11/01/2019
35099,60,321,12,1,11/01/2019
35099,60,317,12,1,11/01/2019
35099,60,322,12,1,11/01/2019
35099,60,318,12,1,11/01/2019
35099,60,323,12,1,11/01/2019
35099,60,324,12,1,11/01/2019
35101,128,331,12,1,02/22/2024
35101,128,335,12,1,02/22/2024
35101,128,332,12,1,02/22/2024
35101,128,336,12,1,02/22/2024
35101,128,333,12,1,02/22/2024
35101,128,337,12,1,02/22/2024
35101,128,334,12,1,02/22/2024
35101,128,338,12,1,02/22/2024
35101,128,339,12,1,02/22/2024
35101,128,327,12,1,02/22/2024
35101,128,325,12,1,02/22/2024
35101,128,328,12,1,02/22/2024
35101,128,326,12,1,02/22/2024
35101,128,329,12,1,02/22/2024
35101,128,330,12,1,02/22/2024
35101,128,314,12,1,02/22/2024
35101,128,319,12,1,02/22/2024
35101,128,315,12,1,02/22/2024
35101,128,320,12,1,02/22/2024
35101,128,316,12,1,02/22/2024
35101,128,321,12,1,02/22/2024
35101,128,317,12,1,02/22/2024
35101,128,322,12,1,02/22/2024
35101,128,318,12,1,02/22/2024
35101,128,323,12,1,02/22/2024
35101,128,324,12,1,02/22/2024
35121,35,143,8,1,10/21/2025
35121,35,147,9,1,10/21/2025
35121,35,144,8,1,10/21/2025
35121,35,148,9,1,10/21/2025
35121,35,145,8,1,10/21/2025
35121,35,149,9,1,10/21/2025
35121,35,146,8,1,10/21/2025
35121,35,151,9,1,10/21/2025
35121,35,268,8,1,10/21/2025
35121,35,264,8,1,10/21/2025
35121,35,265,9,1,10/21/2025
35121,35,266,8,1,10/21/2025
35121,35,267,9,1,10/21/2025
35124,25,143,8,1,10/21/2025
35124,25,147,9,1,10/21/2025
35124,25,144,8,1,10/21/2025
35124,25,148,9,1,10/21/2025
35124,25,145,8,1,10/21/2025
35124,25,149,9,1,10/21/2025
35124,25,146,8,1,10/21/2025
35124,25,151,9,1,10/21/2025
35124,25,268,8,1,10/21/2025
35124,25,264,8,1,10/21/2025
35124,25,265,9,1,10/21/2025
35124,25,266,8,1,10/21/2025
35124,25,267,9,1,10/21/2025
35125,77,331,12,1,04/10/2026
35125,77,335,12,1,04/10/2026
35125,77,332,12,1,04/10/2026
35125,77,336,12,1,04/10/2026
35125,77,333,12,1,04/10/2026
35125,77,337,12,1,04/10/2026
35125,77,334,12,1,04/10/2026
35125,77,338,12,1,04/10/2026
35125,77,339,12,1,04/10/2026
35125,77,327,12,1,04/10/2026
35125,77,325,12,1,04/10/2026
35125,77,328,12,1,04/10/2026
35125,77,326,12,1,04/10/2026
35125,77,329,12,1,04/10/2026
35125,77,330,12,1,04/10/2026
35125,77,314,12,1,04/10/2026
35125,77,319,12,1,04/10/2026
35125,77,315,12,1,04/10/2026
35125,77,320,12,1,04/10/2026
35125,77,316,12,1,04/10/2026
35125,77,321,12,1,04/10/2026
35125,77,317,12,1,04/10/2026
35125,77,322,12,1,04/10/2026
35125,77,318,12,1,04/10/2026
35125,77,323,12,1,04/10/2026
35125,77,324,12,1,04/10/2026
35130,66,331,12,1,05/21/2021
35130,66,335,12,1,05/21/2021
35130,66,332,12,1,05/21/2021
35130,66,336,12,1,05/21/2021
35130,66,333,12,1,05/21/2021
35130,66,337,12,1,05/21/2021
35130,66,334,12,1,05/21/2021
35130,66,338,12,1,05/21/2021
35130,66,339,12,1,05/21/2021
35130,66,327,12,1,05/21/2021
35130,66,325,12,1,05/21/2021
35130,66,328,12,1,05/21/2021
35130,66,326,12,1,05/21/2021
35130,66,329,12,1,05/21/2021
35130,66,330,12,1,05/21/2021
35130,66,314,12,1,05/21/2021
35130,66,319,12,1,05/21/2021
35130,66,315,12,1,05/21/2021
35130,66,320,12,1,05/21/2021
35130,66,316,12,1,05/21/2021
35130,66,321,12,1,05/21/2021
35130,66,317,12,1,05/21/2021
35130,66,322,12,1,05/21/2021
35130,66,318,12,1,05/21/2021
35130,66,323,12,1,05/21/2021
35130,66,324,12,1,05/21/2021
35132,54,373,13,1,04/09/2025
35136,37,360,12,1,10/08/2025
35136,37,364,12,1,10/08/2025
35136,37,365,12,1,10/08/2025
35136,37,361,12,1,10/08/2025
35136,37,366,12,1,10/08/2025
35136,37,362,12,1,10/08/2025
35136,37,367,12,1,10/08/2025
35136,37,363,12,1,10/08/2025
35136,37,353,12,1,10/08/2025
35136,37,357,12,1,10/08/2025
35136,37,352,12,1,10/08/2025
35136,37,356,12,1,10/08/2025
35136,37,354,12,1,10/08/2025
35136,37,359,12,1,10/08/2025
35136,37,355,12,1,10/08/2025
35136,37,358,12,1,10/08/2025
35136,37,351,12,1,10/08/2025
35136,37,345,12,1,10/08/2025
35136,37,340,12,1,10/08/2025
35136,37,346,12,1,10/08/2025
35136,37,341,12,1,10/08/2025
35136,37,347,12,1,10/08/2025
35136,37,342,12,1,10/08/2025
35136,37,350,12,1,10/08/2025
35136,37,343,12,1,10/08/2025
35136,37,348,12,1,10/08/2025
35136,37,344,12,1,10/08/2025
35136,37,349,12,1,10/08/2025
35138,43,331,12,1,10/11/2019
35138,43,335,12,1,10/11/2019
35138,43,332,12,1,10/11/2019
35138,43,336,12,1,10/11/2019
35138,43,333,12,1,10/11/2019
35138,43,337,12,1,10/11/2019
35138,43,334,12,1,10/11/2019
35138,43,338,12,1,10/11/2019
35138,43,339,12,1,10/11/2019
35138,43,327,12,1,10/11/2019
35138,43,325,12,1,10/11/2019
35138,43,328,12,1,10/11/2019
35138,43,326,12,1,10/11/2019
35138,43,329,12,1,10/11/2019
35138,43,330,12,1,10/11/2019
35138,43,314,12,1,10/11/2019
35138,43,319,12,1,10/11/2019
35138,43,315,12,1,10/11/2019
35138,43,320,12,1,10/11/2019
35138,43,316,12,1,10/11/2019
35138,43,321,12,1,10/11/2019
35138,43,317,12,1,10/11/2019
35138,43,322,12,1,10/11/2019
35138,43,318,12,1,10/11/2019
35138,43,323,12,1,10/11/2019
35138,43,324,12,1,10/11/2019
35160,62,360,12,1,01/26/2026
35160,62,364,12,1,01/26/2026
35160,62,365,12,1,01/26/2026
35160,62,361,12,1,01/26/2026
35160,62,366,12,1,01/26/2026
35160,62,362,12,1,01/26/2026
35160,62,367,12,1,01/26/2026
35160,62,363,12,1,01/26/2026
35160,62,353,12,1,01/26/2026
35160,62,357,12,1,01/26/2026
35160,62,352,12,1,01/26/2026
35160,62,356,12,1,01/26/2026
35160,62,354,12,1,01/26/2026
35160,62,359,12,1,01/26/2026
35160,62,355,12,1,01/26/2026
35160,62,358,12,1,01/26/2026
35160,62,351,12,1,01/26/2026
35160,62,345,12,1,01/26/2026
35160,62,340,12,1,01/26/2026
35160,62,346,12,1,01/26/2026
35160,62,341,12,1,01/26/2026
35160,62,347,12,1,01/26/2026
35160,62,342,12,1,01/26/2026
35160,62,350,12,1,01/26/2026
35160,62,343,12,1,01/26/2026
35160,62,348,12,1,01/26/2026
35160,62,344,12,1,01/26/2026
35160,62,349,12,1,01/26/2026
35163,29,360,12,1,10/07/2025
35163,29,364,12,1,10/07/2025
35163,29,365,12,1,10/07/2025
35163,29,361,12,1,10/07/2025
35163,29,366,12,1,10/07/2025
35163,29,362,12,1,10/07/2025
35163,29,367,12,1,10/07/2025
35163,29,363,12,1,10/07/2025
35163,29,353,12,1,10/07/2025
35163,29,357,12,1,10/07/2025
35163,29,352,12,1,10/07/2025
35163,29,356,12,1,10/07/2025
35163,29,354,12,1,10/07/2025
35163,29,359,12,1,10/07/2025
35163,29,355,12,1,10/07/2025
35163,29,358,12,1,10/07/2025
35163,29,351,12,1,10/07/2025
35163,29,345,12,1,10/07/2025
35163,29,340,12,1,10/07/2025
35163,29,346,12,1,10/07/2025
35163,29,341,12,1,10/07/2025
35163,29,347,12,1,10/07/2025
35163,29,342,12,1,10/07/2025
35163,29,350,12,1,10/07/2025
35163,29,343,12,1,10/07/2025
35163,29,348,12,1,10/07/2025
35163,29,344,12,1,10/07/2025
35163,29,349,12,1,10/07/2025
35170,60,360,12,1,12/29/2025
35170,60,364,12,1,12/29/2025
35170,60,365,12,1,12/29/2025
35170,60,361,12,1,12/29/2025
35170,60,366,12,1,12/29/2025
35170,60,362,12,1,12/29/2025
35170,60,367,12,1,12/29/2025
35170,60,363,12,1,12/29/2025
35172,72,353,12,1,12/29/2025
35172,72,357,12,1,12/29/2025
35172,72,352,12,1,12/29/2025
35172,72,356,12,1,12/29/2025
35172,72,354,12,1,12/29/2025
35172,72,359,12,1,12/29/2025
35172,72,355,12,1,12/29/2025
35172,72,358,12,1,12/29/2025
35172,72,351,12,1,12/29/2025
35172,72,345,12,1,12/29/2025
35172,72,340,12,1,12/29/2025
35172,72,346,12,1,12/29/2025
35172,72,341,12,1,12/29/2025
35172,72,347,12,1,12/29/2025
35172,72,342,12,1,12/29/2025
35172,72,350,12,1,12/29/2025
35172,72,343,12,1,12/29/2025
35172,72,348,12,1,12/29/2025
35172,72,344,12,1,12/29/2025
35172,72,349,12,1,12/29/2025
35175,64,353,12,1,01/29/2020
35175,64,357,12,1,01/29/2020
35175,64,352,12,1,01/29/2020
35175,64,356,12,1,01/29/2020
35175,64,354,12,1,01/29/2020
35175,64,359,12,1,01/29/2020
35175,64,355,12,1,01/29/2020
35175,64,358,12,1,01/29/2020
35175,64,351,12,1,01/29/2020
35175,64,345,12,1,01/29/2020
35175,64,340,12,1,01/29/2020
35175,64,346,12,1,01/29/2020
35175,64,341,12,1,01/29/2020
35175,64,347,12,1,01/29/2020
35175,64,342,12,1,01/29/2020
35175,64,350,12,1,01/29/2020
35175,64,343,12,1,01/29/2020
35175,64,348,12,1,01/29/2020
35175,64,344,12,1,01/29/2020
35175,64,349,12,1,01/29/2020
35222,25,143,8,1,11/20/2023
35222,25,147,9,1,11/20/2023
35222,25,144,8,1,11/20/2023
35222,25,148,9,1,11/20/2023
35222,25,145,8,1,11/20/2023
35222,25,149,9,1,11/20/2023
35222,25,146,8,1,11/20/2023
35222,25,151,9,1,11/20/2023
35222,25,268,8,1,11/20/2023
35222,25,264,8,1,11/20/2023
35222,25,265,9,1,11/20/2023
35222,25,266,8,1,11/20/2023
35222,25,267,9,1,11/20/2023
35249,20,239,8,1,04/29/2026
35249,20,228,9,2,04/29/2026
35249,20,240,8,1,04/29/2026
35249,20,238,9,2,04/29/2026
35350,60,331,12,1,10/11/2019
35350,60,335,12,1,10/11/2019
35350,60,332,12,1,10/11/2019
35350,60,336,12,1,10/11/2019
35350,60,333,12,1,10/11/2019
35350,60,337,12,1,10/11/2019
35350,60,334,12,1,10/11/2019
35350,60,338,12,1,10/11/2019
35350,60,339,12,1,10/11/2019
35350,60,327,12,1,10/11/2019
35350,60,325,12,1,10/11/2019
35350,60,328,12,1,10/11/2019
35350,60,326,12,1,10/11/2019
35350,60,329,12,1,10/11/2019
35350,60,330,12,1,10/11/2019
35350,60,314,12,1,10/11/2019
35350,60,319,12,1,10/11/2019
35350,60,315,12,1,10/11/2019
35350,60,320,12,1,10/11/2019
35350,60,316,12,1,10/11/2019
35350,60,321,12,1,10/11/2019
35350,60,317,12,1,10/11/2019
35350,60,322,12,1,10/11/2019
35350,60,318,12,1,10/11/2019
35350,60,323,12,1,10/11/2019
35350,60,324,12,1,10/11/2019
35391,17,331,12,1,11/08/2019
35391,17,335,12,1,11/08/2019
35391,17,332,12,1,11/08/2019
35391,17,336,12,1,11/08/2019
35391,17,333,12,1,11/08/2019
35391,17,337,12,1,11/08/2019
35391,17,334,12,1,11/08/2019
35391,17,338,12,1,11/08/2019
35391,17,339,12,1,11/08/2019
35391,17,327,12,1,11/08/2019
35391,17,325,12,1,11/08/2019
35391,17,328,12,1,11/08/2019
35391,17,326,12,1,11/08/2019
35391,17,329,12,1,11/08/2019
35391,17,330,12,1,11/08/2019
35391,17,314,12,1,11/08/2019
35391,17,319,12,1,11/08/2019
35391,17,315,12,1,11/08/2019
35391,17,320,12,1,11/08/2019
35391,17,316,12,1,11/08/2019
35391,17,321,12,1,11/08/2019
35391,17,317,12,1,11/08/2019
35391,17,322,12,1,11/08/2019
35391,17,318,12,1,11/08/2019
35391,17,323,12,1,11/08/2019
35391,17,324,12,1,11/08/2019
35395,48,331,12,1,11/08/2019
35395,48,335,12,1,11/08/2019
35395,48,332,12,1,11/08/2019
35395,48,336,12,1,11/08/2019
35395,48,333,12,1,11/08/2019
35395,48,337,12,1,11/08/2019
35395,48,334,12,1,11/08/2019
35395,48,338,12,1,11/08/2019
35395,48,339,12,1,11/08/2019
35395,48,327,12,1,11/08/2019
35395,48,325,12,1,11/08/2019
35395,48,328,12,1,11/08/2019
35395,48,326,12,1,11/08/2019
35395,48,329,12,1,11/08/2019
35395,48,330,12,1,11/08/2019
35395,48,314,12,1,11/08/2019
35395,48,319,12,1,11/08/2019
35395,48,315,12,1,11/08/2019
35395,48,320,12,1,11/08/2019
35395,48,316,12,1,11/08/2019
35395,48,321,12,1,11/08/2019
35395,48,317,12,1,11/08/2019
35395,48,322,12,1,11/08/2019
35395,48,318,12,1,11/08/2019
35395,48,323,12,1,11/08/2019
35395,48,324,12,1,11/08/2019
35396,220,331,12,1,04/17/2025
35396,220,335,12,1,04/17/2025
35396,220,332,12,1,04/17/2025
35396,220,336,12,1,04/17/2025
35396,220,333,12,1,04/17/2025
35396,220,337,12,1,04/17/2025
35396,220,334,12,1,04/17/2025
35396,220,338,12,1,04/17/2025
35396,220,339,12,1,04/17/2025
35396,220,327,12,1,04/17/2025
35396,220,325,12,1,04/17/2025
35396,220,328,12,1,04/17/2025
35396,220,326,12,1,04/17/2025
35396,220,329,12,1,04/17/2025
35396,220,330,12,1,04/17/2025
35396,220,314,12,1,04/17/2025
35396,220,319,12,1,04/17/2025
35396,220,315,12,1,04/17/2025
35396,220,320,12,1,04/17/2025
35396,220,316,12,1,04/17/2025
35396,220,321,12,1,04/17/2025
35396,220,317,12,1,04/17/2025
35396,220,322,12,1,04/17/2025
35396,220,318,12,1,04/17/2025
35396,220,323,12,1,04/17/2025
35396,220,324,12,1,04/17/2025
35397,64,331,12,1,10/11/2019
35397,64,335,12,1,10/11/2019
35397,64,332,12,1,10/11/2019
35397,64,336,12,1,10/11/2019
35397,64,333,12,1,10/11/2019
35397,64,337,12,1,10/11/2019
35397,64,334,12,1,10/11/2019
35397,64,338,12,1,10/11/2019
35397,64,339,12,1,10/11/2019
35397,64,327,12,1,10/11/2019
35397,64,325,12,1,10/11/2019
35397,64,328,12,1,10/11/2019
35397,64,326,12,1,10/11/2019
35397,64,329,12,1,10/11/2019
35397,64,330,12,1,10/11/2019
35397,64,314,12,1,10/11/2019
35397,64,319,12,1,10/11/2019
35397,64,315,12,1,10/11/2019
35397,64,320,12,1,10/11/2019
35397,64,316,12,1,10/11/2019
35397,64,321,12,1,10/11/2019
35397,64,317,12,1,10/11/2019
35397,64,322,12,1,10/11/2019
35397,64,318,12,1,10/11/2019
35397,64,323,12,1,10/11/2019
35397,64,324,12,1,10/11/2019
35434,30,331,12,1,10/11/2019
35434,30,335,12,1,10/11/2019
35434,30,332,12,1,10/11/2019
35434,30,336,12,1,10/11/2019
35434,30,333,12,1,10/11/2019
35434,30,337,12,1,10/11/2019
35434,30,334,12,1,10/11/2019
35434,30,338,12,1,10/11/2019
35434,30,339,12,1,10/11/2019
35434,30,327,12,1,10/11/2019
35434,30,325,12,1,10/11/2019
35434,30,328,12,1,10/11/2019
35434,30,326,12,1,10/11/2019
35434,30,329,12,1,10/11/2019
35434,30,330,12,1,10/11/2019
35434,30,314,12,1,10/11/2019
35434,30,319,12,1,10/11/2019
35434,30,315,12,1,10/11/2019
35434,30,320,12,1,10/11/2019
35434,30,316,12,1,10/11/2019
35434,30,321,12,1,10/11/2019
35434,30,317,12,1,10/11/2019
35434,30,322,12,1,10/11/2019
35434,30,318,12,1,10/11/2019
35434,30,323,12,1,10/11/2019
35434,30,324,12,1,10/11/2019
35442,26,239,8,1,08/15/2025
35442,26,228,9,2,08/15/2025
35442,26,240,8,1,08/15/2025
35442,26,238,9,2,08/15/2025
35451,53,331,12,1,12/08/2023
35451,53,335,12,1,12/08/2023
35451,53,332,12,1,12/08/2023
35451,53,336,12,1,12/08/2023
35451,53,333,12,1,12/08/2023
35451,53,337,12,1,12/08/2023
35451,53,334,12,1,12/08/2023
35451,53,338,12,1,12/08/2023
35451,53,339,12,1,12/08/2023
35451,53,327,12,1,12/08/2023
35451,53,325,12,1,12/08/2023
35451,53,328,12,1,12/08/2023
35451,53,326,12,1,12/08/2023
35451,53,329,12,1,12/08/2023
35451,53,330,12,1,12/08/2023
35451,53,314,12,1,12/08/2023
35451,53,319,12,1,12/08/2023
35451,53,315,12,1,12/08/2023
35451,53,320,12,1,12/08/2023
35451,53,316,12,1,12/08/2023
35451,53,321,12,1,12/08/2023
35451,53,317,12,1,12/08/2023
35451,53,322,12,1,12/08/2023
35451,53,318,12,1,12/08/2023
35451,53,323,12,1,12/08/2023
35451,53,324,12,1,12/08/2023
35456,66,360,12,1,02/23/2026
35456,66,364,12,1,02/23/2026
35456,66,365,12,1,02/23/2026
35456,66,361,12,1,02/23/2026
35456,66,366,12,1,02/23/2026
35456,66,362,12,1,02/23/2026
35456,66,367,12,1,02/23/2026
35456,66,363,12,1,02/23/2026
35456,66,353,12,1,02/23/2026
35456,66,357,12,1,02/23/2026
35456,66,352,12,1,02/23/2026
35456,66,356,12,1,02/23/2026
35456,66,354,12,1,02/23/2026
35456,66,359,12,1,02/23/2026
35456,66,355,12,1,02/23/2026
35456,66,358,12,1,02/23/2026
35456,66,351,12,1,02/23/2026
35456,66,345,12,1,02/23/2026
35456,66,340,12,1,02/23/2026
35456,66,346,12,1,02/23/2026
35456,66,341,12,1,02/23/2026
35456,66,347,12,1,02/23/2026
35456,66,342,12,1,02/23/2026
35456,66,350,12,1,02/23/2026
35456,66,343,12,1,02/23/2026
35456,66,348,12,1,02/23/2026
35456,66,344,12,1,02/23/2026
35456,66,349,12,1,02/23/2026
35457,64,353,12,1,10/23/2025
35457,64,357,12,1,10/23/2025
35457,64,352,12,1,10/23/2025
35457,64,356,12,1,10/23/2025
35457,64,354,12,1,10/23/2025
35457,64,359,12,1,10/23/2025
35457,64,355,12,1,10/23/2025
35457,64,358,12,1,10/23/2025
35457,64,351,12,1,10/23/2025
35457,64,345,12,1,10/23/2025
35457,64,340,12,1,10/23/2025
35457,64,346,12,1,10/23/2025
35457,64,341,12,1,10/23/2025
35457,64,347,12,1,10/23/2025
35457,64,342,12,1,10/23/2025
35457,64,350,12,1,10/23/2025
35457,64,343,12,1,10/23/2025
35457,64,348,12,1,10/23/2025
35457,64,344,12,1,10/23/2025
35457,64,349,12,1,10/23/2025
35486,22,143,8,1,09/15/2025
35486,22,147,9,1,09/15/2025
35486,22,144,8,1,09/15/2025
35486,22,148,9,1,09/15/2025
35486,22,145,8,1,09/15/2025
35486,22,149,9,1,09/15/2025
35486,22,146,8,1,09/15/2025
35486,22,151,9,1,09/15/2025
35486,22,268,8,1,09/15/2025
35486,22,264,8,1,09/15/2025
35486,22,265,9,1,09/15/2025
35486,22,266,8,1,09/15/2025
35486,22,267,9,1,09/15/2025
35490,85,143,8,1,02/20/2026
35490,85,147,9,1,02/20/2026
35490,85,144,8,1,02/20/2026
35490,85,148,9,1,02/20/2026
35490,85,145,8,1,02/20/2026
35490,85,149,9,1,02/20/2026
35490,85,146,8,1,02/20/2026
35490,85,151,9,1,02/20/2026
35490,85,268,8,1,02/20/2026
35490,85,264,8,1,02/20/2026
35490,85,265,9,1,02/20/2026
35490,85,266,8,1,02/20/2026
35490,85,267,9,1,02/20/2026
35494,28,143,8,1,10/21/2024
35494,28,147,9,1,10/21/2024
35494,28,144,8,1,10/21/2024
35494,28,148,9,1,10/21/2024
35494,28,145,8,1,10/21/2024
35494,28,149,9,1,10/21/2024
35494,28,146,8,1,10/21/2024
35494,28,151,9,1,10/21/2024
35494,28,268,8,1,10/21/2024
35494,28,264,8,1,10/21/2024
35494,28,265,9,1,10/21/2024
35494,28,266,8,1,10/21/2024
35494,28,267,9,1,10/21/2024
35498,30,143,8,1,10/21/2025
35498,30,147,9,1,10/21/2025
35498,30,144,8,1,10/21/2025
35498,30,148,9,1,10/21/2025
35498,30,145,8,1,10/21/2025
35498,30,149,9,1,10/21/2025
35498,30,146,8,1,10/21/2025
35498,30,151,9,1,10/21/2025
35498,30,268,8,1,10/21/2025
35498,30,264,8,1,10/21/2025
35498,30,265,9,1,10/21/2025
35498,30,266,8,1,10/21/2025
35498,30,267,9,1,10/21/2025
35526,43,360,12,1,02/23/2026
35526,43,364,12,1,02/23/2026
35526,43,365,12,1,02/23/2026
35526,43,361,12,1,02/23/2026
35526,43,366,12,1,02/23/2026
35526,43,362,12,1,02/23/2026
35526,43,367,12,1,02/23/2026
35526,43,363,12,1,02/23/2026
35526,43,353,12,1,02/23/2026
35526,43,357,12,1,02/23/2026
35526,43,352,12,1,02/23/2026
35526,43,356,12,1,02/23/2026
35526,43,354,12,1,02/23/2026
35526,43,359,12,1,02/23/2026
35526,43,355,12,1,02/23/2026
35526,43,358,12,1,02/23/2026
35526,43,351,12,1,02/23/2026
35526,43,345,12,1,02/23/2026
35526,43,340,12,1,02/23/2026
35526,43,346,12,1,02/23/2026
35526,43,341,12,1,02/23/2026
35526,43,347,12,1,02/23/2026
35526,43,342,12,1,02/23/2026
35526,43,350,12,1,02/23/2026
35526,43,343,12,1,02/23/2026
35526,43,348,12,1,02/23/2026
35526,43,344,12,1,02/23/2026
35526,43,349,12,1,02/23/2026
35677,88,391,12,1,08/01/2024
35677,88,394,12,1,08/01/2024
35677,88,392,12,1,08/01/2024
35677,88,395,12,1,08/01/2024
35677,88,393,12,1,08/01/2024
35677,88,396,12,1,08/01/2024
35677,88,374,13,1,08/01/2024
35677,88,378,13,1,08/01/2024
35677,88,375,13,1,08/01/2024
35677,88,379,13,1,08/01/2024
35677,88,376,13,1,08/01/2024
35677,88,380,13,1,08/01/2024
35677,88,377,13,1,08/01/2024
35677,88,381,13,1,08/01/2024
35702,32,360,12,1,10/14/2025
35702,32,364,12,1,10/14/2025
35702,32,365,12,1,10/14/2025
35702,32,361,12,1,10/14/2025
35702,32,366,12,1,10/14/2025
35702,32,362,12,1,10/14/2025
35702,32,367,12,1,10/14/2025
35702,32,363,12,1,10/14/2025
35702,32,353,12,1,10/14/2025
35702,32,357,12,1,10/14/2025
35702,32,352,12,1,10/14/2025
35702,32,356,12,1,10/14/2025
35702,32,354,12,1,10/14/2025
35702,32,359,12,1,10/14/2025
35702,32,355,12,1,10/14/2025
35702,32,358,12,1,10/14/2025
35702,32,351,12,1,10/14/2025
35702,32,345,12,1,10/14/2025
35702,32,340,12,1,10/14/2025
35702,32,346,12,1,10/14/2025
35702,32,341,12,1,10/14/2025
35702,32,347,12,1,10/14/2025
35702,32,342,12,1,10/14/2025
35702,32,350,12,1,10/14/2025
35702,32,343,12,1,10/14/2025
35702,32,348,12,1,10/14/2025
35702,32,344,12,1,10/14/2025
35702,32,349,12,1,10/14/2025
35704,22,353,12,1,01/29/2020
35704,22,357,12,1,01/29/2020
35704,22,352,12,1,01/29/2020
35704,22,356,12,1,01/29/2020
35704,22,354,12,1,01/29/2020
35704,22,359,12,1,01/29/2020
35704,22,355,12,1,01/29/2020
35704,22,358,12,1,01/29/2020
35704,22,351,12,1,01/29/2020
35704,22,345,12,1,01/29/2020
35704,22,340,12,1,01/29/2020
35704,22,346,12,1,01/29/2020
35704,22,341,12,1,01/29/2020
35704,22,347,12,1,01/29/2020
35704,22,342,12,1,01/29/2020
35704,22,350,12,1,01/29/2020
35704,22,343,12,1,01/29/2020
35704,22,348,12,1,01/29/2020
35704,22,344,12,1,01/29/2020
35704,22,349,12,1,01/29/2020
35724,80,391,12,1,02/11/2025
35724,80,394,12,1,02/11/2025
35724,80,392,12,1,02/11/2025
35724,80,395,12,1,02/11/2025
35724,80,393,12,1,02/11/2025
35724,80,396,12,1,02/11/2025
35724,80,374,13,1,02/11/2025
35724,80,378,13,1,02/11/2025
35724,80,375,13,1,02/11/2025
35724,80,379,13,1,02/11/2025
35724,80,376,13,1,02/11/2025
35724,80,380,13,1,02/11/2025
35724,80,377,13,1,02/11/2025
35724,80,381,13,1,02/11/2025
35751,50,143,8,1,02/20/2026
35751,50,147,9,1,02/20/2026
35751,50,144,8,1,02/20/2026
35751,50,148,9,1,02/20/2026
35751,50,145,8,1,02/20/2026
35751,50,149,9,1,02/20/2026
35751,50,146,8,1,02/20/2026
35751,50,151,9,1,02/20/2026
35751,50,268,8,1,02/20/2026
35751,50,264,8,1,02/20/2026
35751,50,265,9,1,02/20/2026
35751,50,266,8,1,02/20/2026
35751,50,267,9,1,02/20/2026
35753,40,143,8,1,02/20/2026
35753,40,147,9,1,02/20/2026
35753,40,144,8,1,02/20/2026
35753,40,148,9,1,02/20/2026
35753,40,145,8,1,02/20/2026
35753,40,149,9,1,02/20/2026
35753,40,146,8,1,02/20/2026
35753,40,151,9,1,02/20/2026
35753,40,268,8,1,02/20/2026
35753,40,264,8,1,02/20/2026
35753,40,265,9,1,02/20/2026
35753,40,266,8,1,02/20/2026
35753,40,267,9,1,02/20/2026
35755,35,143,8,1,12/22/2025
35755,35,147,9,1,12/22/2025
35755,35,144,8,1,12/22/2025
35755,35,148,9,1,12/22/2025
35755,35,145,8,1,12/22/2025
35755,35,149,9,1,12/22/2025
35755,35,146,8,1,12/22/2025
35755,35,151,9,1,12/22/2025
35755,35,268,8,1,12/22/2025
35755,35,264,8,1,12/22/2025
35755,35,265,9,1,12/22/2025
35755,35,266,8,1,12/22/2025
35755,35,267,9,1,12/22/2025
35761,40,143,8,1,01/22/2026
35761,40,147,9,1,01/22/2026
35761,40,144,8,1,01/22/2026
35761,40,148,9,1,01/22/2026
35761,40,145,8,1,01/22/2026
35761,40,149,9,1,01/22/2026
35761,40,146,8,1,01/22/2026
35761,40,151,9,1,01/22/2026
35761,40,268,8,1,01/22/2026
35761,40,264,8,1,01/22/2026
35761,40,265,9,1,01/22/2026
35761,40,266,8,1,01/22/2026
35761,40,267,9,1,01/22/2026
35891,35,239,8,1,03/25/2026
35891,35,228,9,2,03/25/2026
35891,35,240,8,1,03/25/2026
35891,35,238,9,2,03/25/2026
35897,32,239,8,1,04/29/2026
35897,32,228,9,2,04/29/2026
35897,32,240,8,1,04/29/2026
35897,32,238,9,2,04/29/2026
35906,25,239,8,1,04/02/2026
35906,25,228,9,2,04/02/2026
35906,25,240,8,1,04/02/2026
35906,25,238,9,2,04/02/2026
35922,44,391,12,1,03/04/2025
35922,44,394,12,1,03/04/2025
35922,44,392,12,1,03/04/2025
35922,44,395,12,1,03/04/2025
35922,44,393,12,1,03/04/2025
35922,44,396,12,1,03/04/2025
35922,44,374,13,1,03/04/2025
35922,44,378,13,1,03/04/2025
35922,44,375,13,1,03/04/2025
35922,44,379,13,1,03/04/2025
35922,44,376,13,1,03/04/2025
35922,44,380,13,1,03/04/2025
35922,44,377,13,1,03/04/2025
35922,44,381,13,1,03/04/2025
35936,59,500,8,1,07/16/2026
35936,59,504,9,1,07/16/2026
35936,59,501,8,1,07/16/2026
35936,59,505,9,1,07/16/2026
35936,59,502,8,1,07/16/2026
35936,59,506,9,1,07/16/2026
35936,59,507,13,1,07/16/2026
35936,59,509,13,1,07/16/2026
35936,59,508,13,1,07/16/2026
35936,59,510,13,1,07/16/2026
35936,59,511,13,1,07/16/2026
35936,59,512,13,1,07/16/2026
35936,59,517,13,1,07/16/2026
35936,59,519,13,1,07/16/2026
35936,59,514,13,1,07/16/2026
35936,59,520,13,1,07/16/2026
35936,59,515,13,1,07/16/2026
35936,59,521,13,1,07/16/2026
35936,59,513,13,1,07/16/2026
35936,59,523,13,1,07/16/2026
35936,59,516,13,1,07/16/2026
35936,59,522,13,1,07/16/2026
35974,28,391,12,1,10/07/2021
35974,28,394,12,1,10/07/2021
35974,28,392,12,1,10/07/2021
35974,28,395,12,1,10/07/2021
35974,28,393,12,1,10/07/2021
35974,28,396,12,1,10/07/2021
35974,28,374,13,1,10/07/2021
35974,28,378,13,1,10/07/2021
35974,28,375,13,1,10/07/2021
35974,28,379,13,1,10/07/2021
35974,28,376,13,1,10/07/2021
35974,28,380,13,1,10/07/2021
35974,28,377,13,1,10/07/2021
35974,28,381,13,1,10/07/2021
35984,22,239,8,1,06/11/2025
35984,22,228,9,2,06/11/2025
35984,22,240,8,1,06/11/2025
35984,22,238,9,2,06/11/2025
35986,38,239,8,1,07/24/2026
35986,38,228,9,2,07/24/2026
35986,38,240,8,1,07/24/2026
35986,38,238,9,2,07/24/2026
35998,36,143,8,1,10/21/2025
35998,36,147,9,1,10/21/2025
35998,36,144,8,1,10/21/2025
35998,36,148,9,1,10/21/2025
35998,36,145,8,1,10/21/2025
35998,36,149,9,1,10/21/2025
35998,36,146,8,1,10/21/2025
35998,36,151,9,1,10/21/2025
35998,36,268,8,1,10/21/2025
35998,36,264,8,1,10/21/2025
35998,36,265,9,1,10/21/2025
35998,36,266,8,1,10/21/2025
35998,36,267,9,1,10/21/2025
36000,21,143,8,1,05/21/2026
36000,21,147,9,1,05/21/2026
36000,21,144,8,1,05/21/2026
36000,21,148,9,1,05/21/2026
36000,21,145,8,1,05/21/2026
36000,21,149,9,1,05/21/2026
36000,21,146,8,1,05/21/2026
36000,21,151,9,1,05/21/2026
36000,21,268,8,1,05/21/2026
36000,21,264,8,1,05/21/2026
36000,21,265,9,1,05/21/2026
36000,21,266,8,1,05/21/2026
36000,21,267,9,1,05/21/2026
36007,65,331,12,1,11/08/2019
36007,65,335,12,1,11/08/2019
36007,65,332,12,1,11/08/2019
36007,65,336,12,1,11/08/2019
36007,65,333,12,1,11/08/2019
36007,65,337,12,1,11/08/2019
36007,65,334,12,1,11/08/2019
36007,65,338,12,1,11/08/2019
36007,65,339,12,1,11/08/2019
36007,65,327,12,1,11/08/2019
36007,65,325,12,1,11/08/2019
36007,65,328,12,1,11/08/2019
36007,65,326,12,1,11/08/2019
36007,65,329,12,1,11/08/2019
36007,65,330,12,1,11/08/2019
36007,65,314,12,1,11/08/2019
36007,65,319,12,1,11/08/2019
36007,65,315,12,1,11/08/2019
36007,65,320,12,1,11/08/2019
36007,65,316,12,1,11/08/2019
36007,65,321,12,1,11/08/2019
36007,65,317,12,1,11/08/2019
36007,65,322,12,1,11/08/2019
36007,65,318,12,1,11/08/2019
36007,65,323,12,1,11/08/2019
36007,65,324,12,1,11/08/2019
36021,49,239,8,1,08/15/2025
36021,49,228,9,2,08/15/2025
36021,49,240,8,1,08/15/2025
36021,49,238,9,2,08/15/2025
36029,44,239,8,1,02/27/2026
36029,44,228,9,2,02/27/2026
36029,44,240,8,1,02/27/2026
36029,44,238,9,2,02/27/2026
36039,13,500,8,1,07/14/2026
36039,13,504,9,1,07/14/2026
36039,13,501,8,1,07/14/2026
36039,13,505,9,1,07/14/2026
36039,13,502,8,1,07/14/2026
36039,13,506,9,1,07/14/2026
36039,13,507,13,1,07/14/2026
36039,13,509,13,1,07/14/2026
36039,13,508,13,1,07/14/2026
36039,13,510,13,1,07/14/2026
36039,13,511,13,1,07/14/2026
36039,13,512,13,1,07/14/2026
36039,13,517,13,1,07/14/2026
36039,13,519,13,1,07/14/2026
36039,13,514,13,1,07/14/2026
36039,13,520,13,1,07/14/2026
36039,13,515,13,1,07/14/2026
36039,13,521,13,1,07/14/2026
36039,13,513,13,1,07/14/2026
36039,13,523,13,1,07/14/2026
36039,13,516,13,1,07/14/2026
36039,13,522,13,1,07/14/2026
36044,59,391,12,1,06/30/2023
36044,59,394,12,1,06/30/2023
36044,59,392,12,1,06/30/2023
36044,59,395,12,1,06/30/2023
36044,59,393,12,1,06/30/2023
36044,59,396,12,1,06/30/2023
36044,59,374,13,1,06/30/2023
36044,59,378,13,1,06/30/2023
36044,59,375,13,1,06/30/2023
36044,59,379,13,1,06/30/2023
36044,59,376,13,1,06/30/2023
36044,59,380,13,1,06/30/2023
36044,59,377,13,1,06/30/2023
36044,59,381,13,1,06/30/2023
36089,30,391,12,1,07/14/2023
36089,30,394,12,1,07/14/2023
36089,30,392,12,1,07/14/2023
36089,30,395,12,1,07/14/2023
36089,30,393,12,1,07/14/2023
36089,30,396,12,1,07/14/2023
36089,30,374,13,1,07/14/2023
36089,30,378,13,1,07/14/2023
36089,30,375,13,1,07/14/2023
36089,30,379,13,1,07/14/2023
36089,30,376,13,1,07/14/2023
36089,30,380,13,1,07/14/2023
36089,30,377,13,1,07/14/2023
36089,30,381,13,1,07/14/2023
36094,58,353,12,1,09/17/2025
36094,58,357,12,1,09/17/2025
36094,58,352,12,1,09/17/2025
36094,58,356,12,1,09/17/2025
36094,58,354,12,1,09/17/2025
36094,58,359,12,1,09/17/2025
36094,58,355,12,1,09/17/2025
36094,58,358,12,1,09/17/2025
36094,58,351,12,1,09/17/2025
36094,58,345,12,1,09/17/2025
36094,58,340,12,1,09/17/2025
36094,58,346,12,1,09/17/2025
36094,58,341,12,1,09/17/2025
36094,58,347,12,1,09/17/2025
36094,58,342,12,1,09/17/2025
36094,58,350,12,1,09/17/2025
36094,58,343,12,1,09/17/2025
36094,58,348,12,1,09/17/2025
36094,58,344,12,1,09/17/2025
36094,58,349,12,1,09/17/2025
36113,25,239,8,1,07/02/2026
36113,25,228,9,2,07/02/2026
36113,25,240,8,1,07/02/2026
36113,25,238,9,2,07/02/2026
36117,36,239,8,1,05/09/2025
36117,36,228,9,2,05/09/2025
36117,36,240,8,1,05/09/2025
36117,36,238,9,2,05/09/2025
36125,40,391,12,1,04/15/2021
36125,40,394,12,1,04/15/2021
36125,40,392,12,1,04/15/2021
36125,40,395,12,1,04/15/2021
36125,40,393,12,1,04/15/2021
36125,40,396,12,1,04/15/2021
36125,40,374,13,1,04/15/2021
36125,40,378,13,1,04/15/2021
36125,40,375,13,1,04/15/2021
36125,40,379,13,1,04/15/2021
36125,40,376,13,1,04/15/2021
36125,40,380,13,1,04/15/2021
36125,40,377,13,1,04/15/2021
36125,40,381,13,1,04/15/2021
36129,54,391,12,1,03/14/2024
36129,54,394,12,1,03/14/2024
36129,54,392,12,1,03/14/2024
36129,54,395,12,1,03/14/2024
36129,54,393,12,1,03/14/2024
36129,54,396,12,1,03/14/2024
36129,54,374,13,1,03/14/2024
36129,54,378,13,1,03/14/2024
36129,54,375,13,1,03/14/2024
36129,54,379,13,1,03/14/2024
36129,54,376,13,1,03/14/2024
36129,54,380,13,1,03/14/2024
36129,54,377,13,1,03/14/2024
36129,54,381,13,1,03/14/2024
36139,31,239,8,1,03/09/2026
36139,31,228,9,2,03/09/2026
36139,31,240,8,1,03/09/2026
36139,31,238,9,2,03/09/2026
36155,23,360,12,1,01/12/2026
36155,23,364,12,1,01/12/2026
36155,23,365,12,1,01/12/2026
36155,23,361,12,1,01/12/2026
36155,23,366,12,1,01/12/2026
36155,23,362,12,1,01/12/2026
36155,23,367,12,1,01/12/2026
36155,23,363,12,1,01/12/2026
36155,23,353,12,1,01/12/2026
36155,23,357,12,1,01/12/2026
36155,23,352,12,1,01/12/2026
36155,23,356,12,1,01/12/2026
36155,23,354,12,1,01/12/2026
36155,23,359,12,1,01/12/2026
36155,23,355,12,1,01/12/2026
36155,23,358,12,1,01/12/2026
36155,23,351,12,1,01/12/2026
36155,23,345,12,1,01/12/2026
36155,23,340,12,1,01/12/2026
36155,23,346,12,1,01/12/2026
36155,23,341,12,1,01/12/2026
36155,23,347,12,1,01/12/2026
36155,23,342,12,1,01/12/2026
36155,23,350,12,1,01/12/2026
36155,23,343,12,1,01/12/2026
36155,23,348,12,1,01/12/2026
36155,23,344,12,1,01/12/2026
36155,23,349,12,1,01/12/2026
36159,22,353,12,1,07/13/2023
36159,22,357,12,1,07/13/2023
36159,22,352,12,1,07/13/2023
36159,22,356,12,1,07/13/2023
36159,22,354,12,1,07/13/2023
36159,22,359,12,1,07/13/2023
36159,22,355,12,1,07/13/2023
36159,22,358,12,1,07/13/2023
36159,22,351,12,1,07/13/2023
36159,22,345,12,1,07/13/2023
36159,22,340,12,1,07/13/2023
36159,22,346,12,1,07/13/2023
36159,22,341,12,1,07/13/2023
36159,22,347,12,1,07/13/2023
36159,22,342,12,1,07/13/2023
36159,22,350,12,1,07/13/2023
36159,22,343,12,1,07/13/2023
36159,22,348,12,1,07/13/2023
36159,22,344,12,1,07/13/2023
36159,22,349,12,1,07/13/2023
36180,37,360,12,1,06/29/2023
36180,37,364,12,1,06/29/2023
36180,37,365,12,1,06/29/2023
36180,37,361,12,1,06/29/2023
36180,37,366,12,1,06/29/2023
36180,37,362,12,1,06/29/2023
36180,37,367,12,1,06/29/2023
36180,37,363,12,1,06/29/2023
36186,37,353,12,1,06/29/2023
36186,37,357,12,1,06/29/2023
36186,37,352,12,1,06/29/2023
36186,37,356,12,1,06/29/2023
36186,37,354,12,1,06/29/2023
36186,37,359,12,1,06/29/2023
36186,37,355,12,1,06/29/2023
36186,37,358,12,1,06/29/2023
36186,37,351,12,1,06/29/2023
36186,37,345,12,1,06/29/2023
36186,37,340,12,1,06/29/2023
36186,37,346,12,1,06/29/2023
36186,37,341,12,1,06/29/2023
36186,37,347,12,1,06/29/2023
36186,37,342,12,1,06/29/2023
36186,37,350,12,1,06/29/2023
36186,37,343,12,1,06/29/2023
36186,37,348,12,1,06/29/2023
36186,37,344,12,1,06/29/2023
36186,37,349,12,1,06/29/2023
36188,26,360,12,1,01/12/2026
36188,26,364,12,1,01/12/2026
36188,26,365,12,1,01/12/2026
36188,26,361,12,1,01/12/2026
36188,26,366,12,1,01/12/2026
36188,26,362,12,1,01/12/2026
36188,26,367,12,1,01/12/2026
36188,26,363,12,1,01/12/2026
36188,26,353,12,1,01/12/2026
36188,26,357,12,1,01/12/2026
36188,26,352,12,1,01/12/2026
36188,26,356,12,1,01/12/2026
36188,26,354,12,1,01/12/2026
36188,26,359,12,1,01/12/2026
36188,26,355,12,1,01/12/2026
36188,26,358,12,1,01/12/2026
36188,26,351,12,1,01/12/2026
36188,26,345,12,1,01/12/2026
36188,26,340,12,1,01/12/2026
36188,26,346,12,1,01/12/2026
36188,26,341,12,1,01/12/2026
36188,26,347,12,1,01/12/2026
36188,26,342,12,1,01/12/2026
36188,26,350,12,1,01/12/2026
36188,26,343,12,1,01/12/2026
36188,26,348,12,1,01/12/2026
36188,26,344,12,1,01/12/2026
36188,26,349,12,1,01/12/2026
36192,25,353,12,1,08/01/2025
36192,25,357,12,1,08/01/2025
36192,25,352,12,1,08/01/2025
36192,25,356,12,1,08/01/2025
36192,25,354,12,1,08/01/2025
36192,25,359,12,1,08/01/2025
36192,25,355,12,1,08/01/2025
36192,25,358,12,1,08/01/2025
36192,25,351,12,1,08/01/2025
36192,25,345,12,1,08/01/2025
36192,25,340,12,1,08/01/2025
36192,25,346,12,1,08/01/2025
36192,25,341,12,1,08/01/2025
36192,25,347,12,1,08/01/2025
36192,25,342,12,1,08/01/2025
36192,25,350,12,1,08/01/2025
36192,25,343,12,1,08/01/2025
36192,25,348,12,1,08/01/2025
36192,25,344,12,1,08/01/2025
36192,25,349,12,1,08/01/2025
36204,23,353,12,1,01/29/2020
36204,23,357,12,1,01/29/2020
36204,23,352,12,1,01/29/2020
36204,23,356,12,1,01/29/2020
36204,23,354,12,1,01/29/2020
36204,23,359,12,1,01/29/2020
36204,23,355,12,1,01/29/2020
36204,23,358,12,1,01/29/2020
36204,23,351,12,1,01/29/2020
36204,23,345,12,1,01/29/2020
36204,23,340,12,1,01/29/2020
36204,23,346,12,1,01/29/2020
36204,23,341,12,1,01/29/2020
36204,23,347,12,1,01/29/2020
36204,23,342,12,1,01/29/2020
36204,23,350,12,1,01/29/2020
36204,23,343,12,1,01/29/2020
36204,23,348,12,1,01/29/2020
36204,23,344,12,1,01/29/2020
36204,23,349,12,1,01/29/2020
36236,18,500,8,1,07/14/2026
36236,18,504,9,1,07/14/2026
36236,18,501,8,1,07/14/2026
36236,18,505,9,1,07/14/2026
36236,18,502,8,1,07/14/2026
36236,18,506,9,1,07/14/2026
36236,18,507,13,1,07/14/2026
36236,18,509,13,1,07/14/2026
36236,18,508,13,1,07/14/2026
36236,18,510,13,1,07/14/2026
36236,18,511,13,1,07/14/2026
36236,18,512,13,1,07/14/2026
36236,18,517,13,1,07/14/2026
36236,18,519,13,1,07/14/2026
36236,18,514,13,1,07/14/2026
36236,18,520,13,1,07/14/2026
36236,18,515,13,1,07/14/2026
36236,18,521,13,1,07/14/2026
36236,18,513,13,1,07/14/2026
36236,18,523,13,1,07/14/2026
36236,18,516,13,1,07/14/2026
36236,18,522,13,1,07/14/2026
36240,57,331,12,1,02/09/2024
36240,57,335,12,1,02/09/2024
36240,57,332,12,1,02/09/2024
36240,57,336,12,1,02/09/2024
36240,57,333,12,1,02/09/2024
36240,57,337,12,1,02/09/2024
36240,57,334,12,1,02/09/2024
36240,57,338,12,1,02/09/2024
36240,57,339,12,1,02/09/2024
36240,57,327,12,1,02/09/2024
36240,57,325,12,1,02/09/2024
36240,57,328,12,1,02/09/2024
36240,57,326,12,1,02/09/2024
36240,57,329,12,1,02/09/2024
36240,57,330,12,1,02/09/2024
36240,57,314,12,1,02/09/2024
36240,57,319,12,1,02/09/2024
36240,57,315,12,1,02/09/2024
36240,57,320,12,1,02/09/2024
36240,57,316,12,1,02/09/2024
36240,57,321,12,1,02/09/2024
36240,57,317,12,1,02/09/2024
36240,57,322,12,1,02/09/2024
36240,57,318,12,1,02/09/2024
36240,57,323,12,1,02/09/2024
36240,57,324,12,1,02/09/2024
36241,98,331,12,1,05/21/2021
36241,98,335,12,1,05/21/2021
36241,98,332,12,1,05/21/2021
36241,98,336,12,1,05/21/2021
36241,98,333,12,1,05/21/2021
36241,98,337,12,1,05/21/2021
36241,98,334,12,1,05/21/2021
36241,98,338,12,1,05/21/2021
36241,98,339,12,1,05/21/2021
36241,98,327,12,1,05/21/2021
36241,98,325,12,1,05/21/2021
36241,98,328,12,1,05/21/2021
36241,98,326,12,1,05/21/2021
36241,98,329,12,1,05/21/2021
36241,98,330,12,1,05/21/2021
36241,98,314,12,1,05/21/2021
36241,98,319,12,1,05/21/2021
36241,98,315,12,1,05/21/2021
36241,98,320,12,1,05/21/2021
36241,98,316,12,1,05/21/2021
36241,98,321,12,1,05/21/2021
36241,98,317,12,1,05/21/2021
36241,98,322,12,1,05/21/2021
36241,98,318,12,1,05/21/2021
36241,98,323,12,1,05/21/2021
36241,98,324,12,1,05/21/2021
36256,54,353,12,1,09/30/2025
36256,54,357,12,1,09/30/2025
36256,54,352,12,1,09/30/2025
36256,54,356,12,1,09/30/2025
36256,54,354,12,1,09/30/2025
36256,54,359,12,1,09/30/2025
36256,54,355,12,1,09/30/2025
36256,54,358,12,1,09/30/2025
36256,54,351,12,1,09/30/2025
36256,54,345,12,1,09/30/2025
36256,54,340,12,1,09/30/2025
36256,54,346,12,1,09/30/2025
36256,54,341,12,1,09/30/2025
36256,54,347,12,1,09/30/2025
36256,54,342,12,1,09/30/2025
36256,54,350,12,1,09/30/2025
36256,54,343,12,1,09/30/2025
36256,54,348,12,1,09/30/2025
36256,54,344,12,1,09/30/2025
36256,54,349,12,1,09/30/2025
36267,44,388,10,1,04/08/2026
36267,44,140,10,2,04/08/2026
36267,44,389,10,1,04/08/2026
36267,44,139,10,2,04/08/2026
36286,22,353,12,1,09/20/2019
36286,22,357,12,1,09/20/2019
36286,22,352,12,1,09/20/2019
36286,22,356,12,1,09/20/2019
36286,22,354,12,1,09/20/2019
36286,22,359,12,1,09/20/2019
36286,22,355,12,1,09/20/2019
36286,22,358,12,1,09/20/2019
36286,22,351,12,1,09/20/2019
36286,22,345,12,1,09/20/2019
36286,22,340,12,1,09/20/2019
36286,22,346,12,1,09/20/2019
36286,22,341,12,1,09/20/2019
36286,22,347,12,1,09/20/2019
36286,22,342,12,1,09/20/2019
36286,22,350,12,1,09/20/2019
36286,22,343,12,1,09/20/2019
36286,22,348,12,1,09/20/2019
36286,22,344,12,1,09/20/2019
36286,22,349,12,1,09/20/2019
36335,25,360,12,1,01/26/2026
36335,25,364,12,1,01/26/2026
36335,25,365,12,1,01/26/2026
36335,25,361,12,1,01/26/2026
36335,25,366,12,1,01/26/2026
36335,25,362,12,1,01/26/2026
36335,25,367,12,1,01/26/2026
36335,25,363,12,1,01/26/2026
36335,25,353,12,1,01/26/2026
36335,25,357,12,1,01/26/2026
36335,25,352,12,1,01/26/2026
36335,25,356,12,1,01/26/2026
36335,25,354,12,1,01/26/2026
36335,25,359,12,1,01/26/2026
36335,25,355,12,1,01/26/2026
36335,25,358,12,1,01/26/2026
36335,25,351,12,1,01/26/2026
36335,25,345,12,1,01/26/2026
36335,25,340,12,1,01/26/2026
36335,25,346,12,1,01/26/2026
36335,25,341,12,1,01/26/2026
36335,25,347,12,1,01/26/2026
36335,25,342,12,1,01/26/2026
36335,25,350,12,1,01/26/2026
36335,25,343,12,1,01/26/2026
36335,25,348,12,1,01/26/2026
36335,25,344,12,1,01/26/2026
36335,25,349,12,1,01/26/2026
36339,26,353,12,1,09/30/2025
36339,26,357,12,1,09/30/2025
36339,26,352,12,1,09/30/2025
36339,26,356,12,1,09/30/2025
36339,26,354,12,1,09/30/2025
36339,26,359,12,1,09/30/2025
36339,26,355,12,1,09/30/2025
36339,26,358,12,1,09/30/2025
36339,26,351,12,1,09/30/2025
36339,26,345,12,1,09/30/2025
36339,26,340,12,1,09/30/2025
36339,26,346,12,1,09/30/2025
36339,26,341,12,1,09/30/2025
36339,26,347,12,1,09/30/2025
36339,26,342,12,1,09/30/2025
36339,26,350,12,1,09/30/2025
36339,26,343,12,1,09/30/2025
36339,26,348,12,1,09/30/2025
36339,26,344,12,1,09/30/2025
36339,26,349,12,1,09/30/2025
36351,42,360,12,1,09/09/2025
36351,42,364,12,1,09/09/2025
36351,42,365,12,1,09/09/2025
36351,42,361,12,1,09/09/2025
36351,42,366,12,1,09/09/2025
36351,42,362,12,1,09/09/2025
36351,42,367,12,1,09/09/2025
36351,42,363,12,1,09/09/2025
36353,38,353,12,1,09/09/2025
36353,38,357,12,1,09/09/2025
36353,38,352,12,1,09/09/2025
36353,38,356,12,1,09/09/2025
36353,38,354,12,1,09/09/2025
36353,38,359,12,1,09/09/2025
36353,38,355,12,1,09/09/2025
36353,38,358,12,1,09/09/2025
36353,38,351,12,1,09/09/2025
36353,38,345,12,1,09/09/2025
36353,38,340,12,1,09/09/2025
36353,38,346,12,1,09/09/2025
36353,38,341,12,1,09/09/2025
36353,38,347,12,1,09/09/2025
36353,38,342,12,1,09/09/2025
36353,38,350,12,1,09/09/2025
36353,38,343,12,1,09/09/2025
36353,38,348,12,1,09/09/2025
36353,38,344,12,1,09/09/2025
36353,38,349,12,1,09/09/2025
36358,39,360,12,1,01/12/2026
36358,39,364,12,1,01/12/2026
36358,39,365,12,1,01/12/2026
36358,39,361,12,1,01/12/2026
36358,39,366,12,1,01/12/2026
36358,39,362,12,1,01/12/2026
36358,39,367,12,1,01/12/2026
36358,39,363,12,1,01/12/2026
36358,39,353,12,1,01/12/2026
36358,39,357,12,1,01/12/2026
36358,39,352,12,1,01/12/2026
36358,39,356,12,1,01/12/2026
36358,39,354,12,1,01/12/2026
36358,39,359,12,1,01/12/2026
36358,39,355,12,1,01/12/2026
36358,39,358,12,1,01/12/2026
36358,39,351,12,1,01/12/2026
36358,39,345,12,1,01/12/2026
36358,39,340,12,1,01/12/2026
36358,39,346,12,1,01/12/2026
36358,39,341,12,1,01/12/2026
36358,39,347,12,1,01/12/2026
36358,39,342,12,1,01/12/2026
36358,39,350,12,1,01/12/2026
36358,39,343,12,1,01/12/2026
36358,39,348,12,1,01/12/2026
36358,39,344,12,1,01/12/2026
36358,39,349,12,1,01/12/2026
36362,34,353,12,1,03/21/2024
36362,34,357,12,1,03/21/2024
36362,34,352,12,1,03/21/2024
36362,34,356,12,1,03/21/2024
36362,34,354,12,1,03/21/2024
36362,34,359,12,1,03/21/2024
36362,34,355,12,1,03/21/2024
36362,34,358,12,1,03/21/2024
36362,34,351,12,1,03/21/2024
36362,34,345,12,1,03/21/2024
36362,34,340,12,1,03/21/2024
36362,34,346,12,1,03/21/2024
36362,34,341,12,1,03/21/2024
36362,34,347,12,1,03/21/2024
36362,34,342,12,1,03/21/2024
36362,34,350,12,1,03/21/2024
36362,34,343,12,1,03/21/2024
36362,34,348,12,1,03/21/2024
36362,34,344,12,1,03/21/2024
36362,34,349,12,1,03/21/2024
36377,7,368,12,1,11/21/2019
36377,7,370,12,1,11/21/2019
36377,7,369,12,1,11/21/2019
36377,7,371,12,1,11/21/2019
36377,7,372,12,1,11/21/2019
36380,27,360,12,1,01/12/2026
36380,27,364,12,1,01/12/2026
36380,27,365,12,1,01/12/2026
36380,27,361,12,1,01/12/2026
36380,27,366,12,1,01/12/2026
36380,27,362,12,1,01/12/2026
36380,27,367,12,1,01/12/2026
36380,27,363,12,1,01/12/2026
36380,27,353,12,1,01/12/2026
36380,27,357,12,1,01/12/2026
36380,27,352,12,1,01/12/2026
36380,27,356,12,1,01/12/2026
36380,27,354,12,1,01/12/2026
36380,27,359,12,1,01/12/2026
36380,27,355,12,1,01/12/2026
36380,27,358,12,1,01/12/2026
36380,27,351,12,1,01/12/2026
36380,27,345,12,1,01/12/2026
36380,27,340,12,1,01/12/2026
36380,27,346,12,1,01/12/2026
36380,27,341,12,1,01/12/2026
36380,27,347,12,1,01/12/2026
36380,27,342,12,1,01/12/2026
36380,27,350,12,1,01/12/2026
36380,27,343,12,1,01/12/2026
36380,27,348,12,1,01/12/2026
36380,27,344,12,1,01/12/2026
36380,27,349,12,1,01/12/2026
36386,24,353,12,1,04/14/2021
36386,24,357,12,1,04/14/2021
36386,24,352,12,1,04/14/2021
36386,24,356,12,1,04/14/2021
36386,24,354,12,1,04/14/2021
36386,24,359,12,1,04/14/2021
36386,24,355,12,1,04/14/2021
36386,24,358,12,1,04/14/2021
36386,24,351,12,1,04/14/2021
36386,24,345,12,1,04/14/2021
36386,24,340,12,1,04/14/2021
36386,24,346,12,1,04/14/2021
36386,24,341,12,1,04/14/2021
36386,24,347,12,1,04/14/2021
36386,24,342,12,1,04/14/2021
36386,24,350,12,1,04/14/2021
36386,24,343,12,1,04/14/2021
36386,24,348,12,1,04/14/2021
36386,24,344,12,1,04/14/2021
36386,24,349,12,1,04/14/2021
36393,37,368,12,1,10/02/2019
36393,37,370,12,1,10/02/2019
36393,37,369,12,1,10/02/2019
36393,37,371,12,1,10/02/2019
36393,37,372,12,1,10/02/2019
36400,20,143,8,1,07/21/2025
36400,20,147,9,1,07/21/2025
36400,20,144,8,1,07/21/2025
36400,20,148,9,1,07/21/2025
36400,20,145,8,1,07/21/2025
36400,20,149,9,1,07/21/2025
36400,20,146,8,1,07/21/2025
36400,20,151,9,1,07/21/2025
36400,20,268,8,1,07/21/2025
36400,20,264,8,1,07/21/2025
36400,20,265,9,1,07/21/2025
36400,20,266,8,1,07/21/2025
36400,20,267,9,1,07/21/2025
36402,35,143,8,1,09/17/2024
36402,35,147,9,1,09/17/2024
36402,35,144,8,1,09/17/2024
36402,35,148,9,1,09/17/2024
36402,35,145,8,1,09/17/2024
36402,35,149,9,1,09/17/2024
36402,35,146,8,1,09/17/2024
36402,35,151,9,1,09/17/2024
36402,35,268,8,1,09/17/2024
36402,35,264,8,1,09/17/2024
36402,35,265,9,1,09/17/2024
36402,35,266,8,1,09/17/2024
36402,35,267,9,1,09/17/2024
36406,10,500,8,1,07/14/2026
36406,10,504,9,1,07/14/2026
36406,10,501,8,1,07/14/2026
36406,10,505,9,1,07/14/2026
36406,10,502,8,1,07/14/2026
36406,10,506,9,1,07/14/2026
36406,10,507,13,1,07/14/2026
36406,10,509,13,1,07/14/2026
36406,10,508,13,1,07/14/2026
36406,10,510,13,1,07/14/2026
36406,10,511,13,1,07/14/2026
36406,10,512,13,1,07/14/2026
36406,10,517,13,1,07/14/2026
36406,10,519,13,1,07/14/2026
36406,10,514,13,1,07/14/2026
36406,10,520,13,1,07/14/2026
36406,10,515,13,1,07/14/2026
36406,10,521,13,1,07/14/2026
36406,10,513,13,1,07/14/2026
36406,10,523,13,1,07/14/2026
36406,10,516,13,1,07/14/2026
36406,10,522,13,1,07/14/2026
36408,34,143,8,1,09/03/2025
36408,34,147,9,1,09/03/2025
36408,34,144,8,1,09/03/2025
36408,34,148,9,1,09/03/2025
36408,34,145,8,1,09/03/2025
36408,34,149,9,1,09/03/2025
36408,34,146,8,1,09/03/2025
36408,34,151,9,1,09/03/2025
36408,34,268,8,1,09/03/2025
36408,34,264,8,1,09/03/2025
36408,34,265,9,1,09/03/2025
36408,34,266,8,1,09/03/2025
36408,34,267,9,1,09/03/2025
36425,21,239,8,1,03/09/2026
36425,21,228,9,2,03/09/2026
36425,21,240,8,1,03/09/2026
36425,21,238,9,2,03/09/2026
36427,38,391,12,1,10/22/2021
36427,38,394,12,1,10/22/2021
36427,38,392,12,1,10/22/2021
36427,38,395,12,1,10/22/2021
36427,38,393,12,1,10/22/2021
36427,38,396,12,1,10/22/2021
36427,38,374,13,1,10/22/2021
36427,38,378,13,1,10/22/2021
36427,38,375,13,1,10/22/2021
36427,38,379,13,1,10/22/2021
36427,38,376,13,1,10/22/2021
36427,38,380,13,1,10/22/2021
36427,38,377,13,1,10/22/2021
36427,38,381,13,1,10/22/2021
36460,25,239,8,1,12/29/2023
36460,25,228,9,2,12/29/2023
36460,25,240,8,1,12/29/2023
36460,25,238,9,2,12/29/2023
36464,27,391,12,1,08/16/2023
36464,27,394,12,1,08/16/2023
36464,27,392,12,1,08/16/2023
36464,27,395,12,1,08/16/2023
36464,27,393,12,1,08/16/2023
36464,27,396,12,1,08/16/2023
36464,27,374,13,1,08/16/2023
36464,27,378,13,1,08/16/2023
36464,27,375,13,1,08/16/2023
36464,27,379,13,1,08/16/2023
36464,27,376,13,1,08/16/2023
36464,27,380,13,1,08/16/2023
36464,27,377,13,1,08/16/2023
36464,27,381,13,1,08/16/2023
36469,24,239,8,1,05/30/2024
36469,24,228,9,2,05/30/2024
36469,24,240,8,1,05/30/2024
36469,24,238,9,2,05/30/2024
36485,23,239,8,1,07/08/2026
36485,23,228,9,2,07/08/2026
36485,23,240,8,1,07/08/2026
36485,23,238,9,2,07/08/2026
36499,28,368,12,1,03/14/2025
36499,28,370,12,1,03/14/2025
36499,28,369,12,1,03/14/2025
36499,28,371,12,1,03/14/2025
36499,28,372,12,1,03/14/2025
36523,35,143,8,1,02/20/2026
36523,35,147,9,1,02/20/2026
36523,35,144,8,1,02/20/2026
36523,35,148,9,1,02/20/2026
36523,35,145,8,1,02/20/2026
36523,35,149,9,1,02/20/2026
36523,35,146,8,1,02/20/2026
36523,35,151,9,1,02/20/2026
36523,35,268,8,1,02/20/2026
36523,35,264,8,1,02/20/2026
36523,35,265,9,1,02/20/2026
36523,35,266,8,1,02/20/2026
36523,35,267,9,1,02/20/2026
36524,43,360,12,1,10/14/2025
36524,43,364,12,1,10/14/2025
36524,43,365,12,1,10/14/2025
36524,43,361,12,1,10/14/2025
36524,43,366,12,1,10/14/2025
36524,43,362,12,1,10/14/2025
36524,43,367,12,1,10/14/2025
36524,43,363,12,1,10/14/2025
36524,43,353,12,1,10/14/2025
36524,43,357,12,1,10/14/2025
36524,43,352,12,1,10/14/2025
36524,43,356,12,1,10/14/2025
36524,43,354,12,1,10/14/2025
36524,43,359,12,1,10/14/2025
36524,43,355,12,1,10/14/2025
36524,43,358,12,1,10/14/2025
36524,43,351,12,1,10/14/2025
36524,43,345,12,1,10/14/2025
36524,43,340,12,1,10/14/2025
36524,43,346,12,1,10/14/2025
36524,43,341,12,1,10/14/2025
36524,43,347,12,1,10/14/2025
36524,43,342,12,1,10/14/2025
36524,43,350,12,1,10/14/2025
36524,43,343,12,1,10/14/2025
36524,43,348,12,1,10/14/2025
36524,43,344,12,1,10/14/2025
36524,43,349,12,1,10/14/2025
36526,33,353,12,1,04/27/2022
36526,33,357,12,1,04/27/2022
36526,33,352,12,1,04/27/2022
36526,33,356,12,1,04/27/2022
36526,33,354,12,1,04/27/2022
36526,33,359,12,1,04/27/2022
36526,33,355,12,1,04/27/2022
36526,33,358,12,1,04/27/2022
36526,33,351,12,1,04/27/2022
36526,33,345,12,1,04/27/2022
36526,33,340,12,1,04/27/2022
36526,33,346,12,1,04/27/2022
36526,33,341,12,1,04/27/2022
36526,33,347,12,1,04/27/2022
36526,33,342,12,1,04/27/2022
36526,33,350,12,1,04/27/2022
36526,33,343,12,1,04/27/2022
36526,33,348,12,1,04/27/2022
36526,33,344,12,1,04/27/2022
36526,33,349,12,1,04/27/2022
36538,22,360,12,1,10/08/2025
36538,22,364,12,1,10/08/2025
36538,22,365,12,1,10/08/2025
36538,22,361,12,1,10/08/2025
36538,22,366,12,1,10/08/2025
36538,22,362,12,1,10/08/2025
36538,22,367,12,1,10/08/2025
36538,22,363,12,1,10/08/2025
36538,22,353,12,1,10/08/2025
36538,22,357,12,1,10/08/2025
36538,22,352,12,1,10/08/2025
36538,22,356,12,1,10/08/2025
36538,22,354,12,1,10/08/2025
36538,22,359,12,1,10/08/2025
36538,22,355,12,1,10/08/2025
36538,22,358,12,1,10/08/2025
36538,22,351,12,1,10/08/2025
36538,22,345,12,1,10/08/2025
36538,22,340,12,1,10/08/2025
36538,22,346,12,1,10/08/2025
36538,22,341,12,1,10/08/2025
36538,22,347,12,1,10/08/2025
36538,22,342,12,1,10/08/2025
36538,22,350,12,1,10/08/2025
36538,22,343,12,1,10/08/2025
36538,22,348,12,1,10/08/2025
36538,22,344,12,1,10/08/2025
36538,22,349,12,1,10/08/2025
36544,21,353,12,1,08/15/2025
36544,21,357,12,1,08/15/2025
36544,21,352,12,1,08/15/2025
36544,21,356,12,1,08/15/2025
36544,21,354,12,1,08/15/2025
36544,21,359,12,1,08/15/2025
36544,21,355,12,1,08/15/2025
36544,21,358,12,1,08/15/2025
36544,21,351,12,1,08/15/2025
36544,21,345,12,1,08/15/2025
36544,21,340,12,1,08/15/2025
36544,21,346,12,1,08/15/2025
36544,21,341,12,1,08/15/2025
36544,21,347,12,1,08/15/2025
36544,21,342,12,1,08/15/2025
36544,21,350,12,1,08/15/2025
36544,21,343,12,1,08/15/2025
36544,21,348,12,1,08/15/2025
36544,21,344,12,1,08/15/2025
36544,21,349,12,1,08/15/2025
36551,21,360,12,1,01/12/2026
36551,21,364,12,1,01/12/2026
36551,21,365,12,1,01/12/2026
36551,21,361,12,1,01/12/2026
36551,21,366,12,1,01/12/2026
36551,21,362,12,1,01/12/2026
36551,21,367,12,1,01/12/2026
36551,21,363,12,1,01/12/2026
36551,21,353,12,1,01/12/2026
36551,21,357,12,1,01/12/2026
36551,21,352,12,1,01/12/2026
36551,21,356,12,1,01/12/2026
36551,21,354,12,1,01/12/2026
36551,21,359,12,1,01/12/2026
36551,21,355,12,1,01/12/2026
36551,21,358,12,1,01/12/2026
36551,21,351,12,1,01/12/2026
36551,21,345,12,1,01/12/2026
36551,21,340,12,1,01/12/2026
36551,21,346,12,1,01/12/2026
36551,21,341,12,1,01/12/2026
36551,21,347,12,1,01/12/2026
36551,21,342,12,1,01/12/2026
36551,21,350,12,1,01/12/2026
36551,21,343,12,1,01/12/2026
36551,21,348,12,1,01/12/2026
36551,21,344,12,1,01/12/2026
36551,21,349,12,1,01/12/2026
36569,19,353,12,1,01/29/2020
36569,19,357,12,1,01/29/2020
36569,19,352,12,1,01/29/2020
36569,19,356,12,1,01/29/2020
36569,19,354,12,1,01/29/2020
36569,19,359,12,1,01/29/2020
36569,19,355,12,1,01/29/2020
36569,19,358,12,1,01/29/2020
36569,19,351,12,1,01/29/2020
36569,19,345,12,1,01/29/2020
36569,19,340,12,1,01/29/2020
36569,19,346,12,1,01/29/2020
36569,19,341,12,1,01/29/2020
36569,19,347,12,1,01/29/2020
36569,19,342,12,1,01/29/2020
36569,19,350,12,1,01/29/2020
36569,19,343,12,1,01/29/2020
36569,19,348,12,1,01/29/2020
36569,19,344,12,1,01/29/2020
36569,19,349,12,1,01/29/2020
36573,17,353,12,1,01/29/2020
36573,17,357,12,1,01/29/2020
36573,17,352,12,1,01/29/2020
36573,17,356,12,1,01/29/2020
36573,17,354,12,1,01/29/2020
36573,17,359,12,1,01/29/2020
36573,17,355,12,1,01/29/2020
36573,17,358,12,1,01/29/2020
36573,17,351,12,1,01/29/2020
36573,17,345,12,1,01/29/2020
36573,17,340,12,1,01/29/2020
36573,17,346,12,1,01/29/2020
36573,17,341,12,1,01/29/2020
36573,17,347,12,1,01/29/2020
36573,17,342,12,1,01/29/2020
36573,17,350,12,1,01/29/2020
36573,17,343,12,1,01/29/2020
36573,17,348,12,1,01/29/2020
36573,17,344,12,1,01/29/2020
36573,17,349,12,1,01/29/2020
36575,21,360,12,1,10/27/2025
36575,21,364,12,1,10/27/2025
36575,21,365,12,1,10/27/2025
36575,21,361,12,1,10/27/2025
36575,21,366,12,1,10/27/2025
36575,21,362,12,1,10/27/2025
36575,21,367,12,1,10/27/2025
36575,21,363,12,1,10/27/2025
36575,21,353,12,1,10/27/2025
36575,21,357,12,1,10/27/2025
36575,21,352,12,1,10/27/2025
36575,21,356,12,1,10/27/2025
36575,21,354,12,1,10/27/2025
36575,21,359,12,1,10/27/2025
36575,21,355,12,1,10/27/2025
36575,21,358,12,1,10/27/2025
36575,21,351,12,1,10/27/2025
36575,21,345,12,1,10/27/2025
36575,21,340,12,1,10/27/2025
36575,21,346,12,1,10/27/2025
36575,21,341,12,1,10/27/2025
36575,21,347,12,1,10/27/2025
36575,21,342,12,1,10/27/2025
36575,21,350,12,1,10/27/2025
36575,21,343,12,1,10/27/2025
36575,21,348,12,1,10/27/2025
36575,21,344,12,1,10/27/2025
36575,21,349,12,1,10/27/2025
36577,17,353,12,1,01/29/2020
36577,17,357,12,1,01/29/2020
36577,17,352,12,1,01/29/2020
36577,17,356,12,1,01/29/2020
36577,17,354,12,1,01/29/2020
36577,17,359,12,1,01/29/2020
36577,17,355,12,1,01/29/2020
36577,17,358,12,1,01/29/2020
36577,17,351,12,1,01/29/2020
36577,17,345,12,1,01/29/2020
36577,17,340,12,1,01/29/2020
36577,17,346,12,1,01/29/2020
36577,17,341,12,1,01/29/2020
36577,17,347,12,1,01/29/2020
36577,17,342,12,1,01/29/2020
36577,17,350,12,1,01/29/2020
36577,17,343,12,1,01/29/2020
36577,17,348,12,1,01/29/2020
36577,17,344,12,1,01/29/2020
36577,17,349,12,1,01/29/2020
36593,37,391,12,1,03/10/2025
36593,37,394,12,1,03/10/2025
36593,37,392,12,1,03/10/2025
36593,37,395,12,1,03/10/2025
36593,37,393,12,1,03/10/2025
36593,37,396,12,1,03/10/2025
36593,37,374,13,1,03/10/2025
36593,37,378,13,1,03/10/2025
36593,37,375,13,1,03/10/2025
36593,37,379,13,1,03/10/2025
36593,37,376,13,1,03/10/2025
36593,37,380,13,1,03/10/2025
36593,37,377,13,1,03/10/2025
36593,37,381,13,1,03/10/2025
36658,22,239,8,1,09/26/2025
36658,22,228,9,2,09/26/2025
36658,22,240,8,1,09/26/2025
36658,22,238,9,2,09/26/2025
36665,19,391,12,1,12/22/2021
36665,19,394,12,1,12/22/2021
36665,19,392,12,1,12/22/2021
36665,19,395,12,1,12/22/2021
36665,19,393,12,1,12/22/2021
36665,19,396,12,1,12/22/2021
36665,19,374,13,1,12/22/2021
36665,19,378,13,1,12/22/2021
36665,19,375,13,1,12/22/2021
36665,19,379,13,1,12/22/2021
36665,19,376,13,1,12/22/2021
36665,19,380,13,1,12/22/2021
36665,19,377,13,1,12/22/2021
36665,19,381,13,1,12/22/2021
36668,45,360,12,1,08/06/2025
36668,45,364,12,1,08/06/2025
36668,45,365,12,1,08/06/2025
36668,45,361,12,1,08/06/2025
36668,45,366,12,1,08/06/2025
36668,45,362,12,1,08/06/2025
36668,45,367,12,1,08/06/2025
36668,45,363,12,1,08/06/2025
36668,45,353,12,1,08/06/2025
36668,45,357,12,1,08/06/2025
36668,45,352,12,1,08/06/2025
36668,45,356,12,1,08/06/2025
36668,45,354,12,1,08/06/2025
36668,45,359,12,1,08/06/2025
36668,45,355,12,1,08/06/2025
36668,45,358,12,1,08/06/2025
36668,45,351,12,1,08/06/2025
36668,45,345,12,1,08/06/2025
36668,45,340,12,1,08/06/2025
36668,45,346,12,1,08/06/2025
36668,45,341,12,1,08/06/2025
36668,45,347,12,1,08/06/2025
36668,45,342,12,1,08/06/2025
36668,45,350,12,1,08/06/2025
36668,45,343,12,1,08/06/2025
36668,45,348,12,1,08/06/2025
36668,45,344,12,1,08/06/2025
36668,45,349,12,1,08/06/2025
36675,19,239,8,1,11/05/2025
36675,19,228,9,2,11/05/2025
36675,19,240,8,1,11/05/2025
36675,19,238,9,2,11/05/2025
36678,33,360,12,1,10/27/2025
36678,33,364,12,1,10/27/2025
36678,33,365,12,1,10/27/2025
36678,33,361,12,1,10/27/2025
36678,33,366,12,1,10/27/2025
36678,33,362,12,1,10/27/2025
36678,33,367,12,1,10/27/2025
36678,33,363,12,1,10/27/2025
36678,33,353,12,1,10/27/2025
36678,33,357,12,1,10/27/2025
36678,33,352,12,1,10/27/2025
36678,33,356,12,1,10/27/2025
36678,33,354,12,1,10/27/2025
36678,33,359,12,1,10/27/2025
36678,33,355,12,1,10/27/2025
36678,33,358,12,1,10/27/2025
36678,33,351,12,1,10/27/2025
36678,33,345,12,1,10/27/2025
36678,33,340,12,1,10/27/2025
36678,33,346,12,1,10/27/2025
36678,33,341,12,1,10/27/2025
36678,33,347,12,1,10/27/2025
36678,33,342,12,1,10/27/2025
36678,33,350,12,1,10/27/2025
36678,33,343,12,1,10/27/2025
36678,33,348,12,1,10/27/2025
36678,33,344,12,1,10/27/2025
36678,33,349,12,1,10/27/2025
36680,26,353,12,1,02/23/2021
36680,26,357,12,1,02/23/2021
36680,26,352,12,1,02/23/2021
36680,26,356,12,1,02/23/2021
36680,26,354,12,1,02/23/2021
36680,26,359,12,1,02/23/2021
36680,26,355,12,1,02/23/2021
36680,26,358,12,1,02/23/2021
36680,26,351,12,1,02/23/2021
36680,26,345,12,1,02/23/2021
36680,26,340,12,1,02/23/2021
36680,26,346,12,1,02/23/2021
36680,26,341,12,1,02/23/2021
36680,26,347,12,1,02/23/2021
36680,26,342,12,1,02/23/2021
36680,26,350,12,1,02/23/2021
36680,26,343,12,1,02/23/2021
36680,26,348,12,1,02/23/2021
36680,26,344,12,1,02/23/2021
36680,26,349,12,1,02/23/2021
36690,38,239,8,1,01/21/2026
36690,38,228,9,2,01/21/2026
36690,38,240,8,1,01/21/2026
36690,38,238,9,2,01/21/2026
36692,27,360,12,1,08/06/2025
36692,27,364,12,1,08/06/2025
36692,27,365,12,1,08/06/2025
36692,27,361,12,1,08/06/2025
36692,27,366,12,1,08/06/2025
36692,27,362,12,1,08/06/2025
36692,27,367,12,1,08/06/2025
36692,27,363,12,1,08/06/2025
36692,27,353,12,1,08/06/2025
36692,27,357,12,1,08/06/2025
36692,27,352,12,1,08/06/2025
36692,27,356,12,1,08/06/2025
36692,27,354,12,1,08/06/2025
36692,27,359,12,1,08/06/2025
36692,27,355,12,1,08/06/2025
36692,27,358,12,1,08/06/2025
36692,27,351,12,1,08/06/2025
36692,27,345,12,1,08/06/2025
36692,27,340,12,1,08/06/2025
36692,27,346,12,1,08/06/2025
36692,27,341,12,1,08/06/2025
36692,27,347,12,1,08/06/2025
36692,27,342,12,1,08/06/2025
36692,27,350,12,1,08/06/2025
36692,27,343,12,1,08/06/2025
36692,27,348,12,1,08/06/2025
36692,27,344,12,1,08/06/2025
36692,27,349,12,1,08/06/2025
36700,16,353,12,1,01/29/2020
36700,16,357,12,1,01/29/2020
36700,16,352,12,1,01/29/2020
36700,16,356,12,1,01/29/2020
36700,16,354,12,1,01/29/2020
36700,16,359,12,1,01/29/2020
36700,16,355,12,1,01/29/2020
36700,16,358,12,1,01/29/2020
36700,16,351,12,1,01/29/2020
36700,16,345,12,1,01/29/2020
36700,16,340,12,1,01/29/2020
36700,16,346,12,1,01/29/2020
36700,16,341,12,1,01/29/2020
36700,16,347,12,1,01/29/2020
36700,16,342,12,1,01/29/2020
36700,16,350,12,1,01/29/2020
36700,16,343,12,1,01/29/2020
36700,16,348,12,1,01/29/2020
36700,16,344,12,1,01/29/2020
36700,16,349,12,1,01/29/2020
36702,20,360,12,1,10/08/2025
36702,20,364,12,1,10/08/2025
36702,20,365,12,1,10/08/2025
36702,20,361,12,1,10/08/2025
36702,20,366,12,1,10/08/2025
36702,20,362,12,1,10/08/2025
36702,20,367,12,1,10/08/2025
36702,20,363,12,1,10/08/2025
36702,20,353,12,1,10/08/2025
36702,20,357,12,1,10/08/2025
36702,20,352,12,1,10/08/2025
36702,20,356,12,1,10/08/2025
36702,20,354,12,1,10/08/2025
36702,20,359,12,1,10/08/2025
36702,20,355,12,1,10/08/2025
36702,20,358,12,1,10/08/2025
36702,20,351,12,1,10/08/2025
36702,20,345,12,1,10/08/2025
36702,20,340,12,1,10/08/2025
36702,20,346,12,1,10/08/2025
36702,20,341,12,1,10/08/2025
36702,20,347,12,1,10/08/2025
36702,20,342,12,1,10/08/2025
36702,20,350,12,1,10/08/2025
36702,20,343,12,1,10/08/2025
36702,20,348,12,1,10/08/2025
36702,20,344,12,1,10/08/2025
36702,20,349,12,1,10/08/2025
36704,23,360,12,1,10/14/2025
36704,23,364,12,1,10/14/2025
36704,23,365,12,1,10/14/2025
36704,23,361,12,1,10/14/2025
36704,23,366,12,1,10/14/2025
36704,23,362,12,1,10/14/2025
36704,23,367,12,1,10/14/2025
36704,23,363,12,1,10/14/2025
36704,23,353,12,1,10/14/2025
36704,23,357,12,1,10/14/2025
36704,23,352,12,1,10/14/2025
36704,23,356,12,1,10/14/2025
36704,23,354,12,1,10/14/2025
36704,23,359,12,1,10/14/2025
36704,23,355,12,1,10/14/2025
36704,23,358,12,1,10/14/2025
36704,23,351,12,1,10/14/2025
36704,23,345,12,1,10/14/2025
36704,23,340,12,1,10/14/2025
36704,23,346,12,1,10/14/2025
36704,23,341,12,1,10/14/2025
36704,23,347,12,1,10/14/2025
36704,23,342,12,1,10/14/2025
36704,23,350,12,1,10/14/2025
36704,23,343,12,1,10/14/2025
36704,23,348,12,1,10/14/2025
36704,23,344,12,1,10/14/2025
36704,23,349,12,1,10/14/2025
36706,23,353,12,1,09/30/2025
36706,23,357,12,1,09/30/2025
36706,23,352,12,1,09/30/2025
36706,23,356,12,1,09/30/2025
36706,23,354,12,1,09/30/2025
36706,23,359,12,1,09/30/2025
36706,23,355,12,1,09/30/2025
36706,23,358,12,1,09/30/2025
36706,23,351,12,1,09/30/2025
36706,23,345,12,1,09/30/2025
36706,23,340,12,1,09/30/2025
36706,23,346,12,1,09/30/2025
36706,23,341,12,1,09/30/2025
36706,23,347,12,1,09/30/2025
36706,23,342,12,1,09/30/2025
36706,23,350,12,1,09/30/2025
36706,23,343,12,1,09/30/2025
36706,23,348,12,1,09/30/2025
36706,23,344,12,1,09/30/2025
36706,23,349,12,1,09/30/2025
36707,40,353,12,1,12/23/2024
36707,40,357,12,1,12/23/2024
36707,40,352,12,1,12/23/2024
36707,40,356,12,1,12/23/2024
36707,40,354,12,1,12/23/2024
36707,40,359,12,1,12/23/2024
36707,40,355,12,1,12/23/2024
36707,40,358,12,1,12/23/2024
36707,40,351,12,1,12/23/2024
36707,40,345,12,1,12/23/2024
36707,40,340,12,1,12/23/2024
36707,40,346,12,1,12/23/2024
36707,40,341,12,1,12/23/2024
36707,40,347,12,1,12/23/2024
36707,40,342,12,1,12/23/2024
36707,40,350,12,1,12/23/2024
36707,40,343,12,1,12/23/2024
36707,40,348,12,1,12/23/2024
36707,40,344,12,1,12/23/2024
36707,40,349,12,1,12/23/2024
36715,58,331,12,1,03/14/2025
36715,58,335,12,1,03/14/2025
36715,58,332,12,1,03/14/2025
36715,58,336,12,1,03/14/2025
36715,58,333,12,1,03/14/2025
36715,58,337,12,1,03/14/2025
36715,58,334,12,1,03/14/2025
36715,58,338,12,1,03/14/2025
36715,58,339,12,1,03/14/2025
36715,58,327,12,1,03/14/2025
36715,58,325,12,1,03/14/2025
36715,58,328,12,1,03/14/2025
36715,58,326,12,1,03/14/2025
36715,58,329,12,1,03/14/2025
36715,58,330,12,1,03/14/2025
36715,58,314,12,1,03/14/2025
36715,58,319,12,1,03/14/2025
36715,58,315,12,1,03/14/2025
36715,58,320,12,1,03/14/2025
36715,58,316,12,1,03/14/2025
36715,58,321,12,1,03/14/2025
36715,58,317,12,1,03/14/2025
36715,58,322,12,1,03/14/2025
36715,58,318,12,1,03/14/2025
36715,58,323,12,1,03/14/2025
36715,58,324,12,1,03/14/2025
36761,20,391,12,1,07/21/2023
36761,20,394,12,1,07/21/2023
36761,20,392,12,1,07/21/2023
36761,20,395,12,1,07/21/2023
36761,20,393,12,1,07/21/2023
36761,20,396,12,1,07/21/2023
36761,20,374,13,1,07/21/2023
36761,20,378,13,1,07/21/2023
36761,20,375,13,1,07/21/2023
36761,20,379,13,1,07/21/2023
36761,20,376,13,1,07/21/2023
36761,20,380,13,1,07/21/2023
36761,20,377,13,1,07/21/2023
36761,20,381,13,1,07/21/2023
36767,27,368,12,1,10/02/2019
36767,27,370,12,1,10/02/2019
36767,27,369,12,1,10/02/2019
36767,27,371,12,1,10/02/2019
36767,27,372,12,1,10/02/2019
36797,22,143,8,1,07/21/2025
36797,22,147,9,1,07/21/2025
36797,22,144,8,1,07/21/2025
36797,22,148,9,1,07/21/2025
36797,22,145,8,1,07/21/2025
36797,22,149,9,1,07/21/2025
36797,22,146,8,1,07/21/2025
36797,22,151,9,1,07/21/2025
36797,22,268,8,1,07/21/2025
36797,22,264,8,1,07/21/2025
36797,22,265,9,1,07/21/2025
36797,22,266,8,1,07/21/2025
36797,22,267,9,1,07/21/2025
36805,27,143,8,1,04/21/2026
36805,27,147,9,1,04/21/2026
36805,27,144,8,1,04/21/2026
36805,27,148,9,1,04/21/2026
36805,27,145,8,1,04/21/2026
36805,27,149,9,1,04/21/2026
36805,27,146,8,1,04/21/2026
36805,27,151,9,1,04/21/2026
36805,27,268,8,1,04/21/2026
36805,27,264,8,1,04/21/2026
36805,27,265,9,1,04/21/2026
36805,27,266,8,1,04/21/2026
36805,27,267,9,1,04/21/2026
36807,45,143,8,1,05/20/2025
36807,45,147,9,1,05/20/2025
36807,45,144,8,1,05/20/2025
36807,45,148,9,1,05/20/2025
36807,45,145,8,1,05/20/2025
36807,45,149,9,1,05/20/2025
36807,45,146,8,1,05/20/2025
36807,45,151,9,1,05/20/2025
36807,45,268,8,1,05/20/2025
36807,45,264,8,1,05/20/2025
36807,45,265,9,1,05/20/2025
36807,45,266,8,1,05/20/2025
36807,45,267,9,1,05/20/2025
36811,16,143,8,1,04/22/2025
36811,16,147,9,1,04/22/2025
36811,16,144,8,1,04/22/2025
36811,16,148,9,1,04/22/2025
36811,16,145,8,1,04/22/2025
36811,16,149,9,1,04/22/2025
36811,16,146,8,1,04/22/2025
36811,16,151,9,1,04/22/2025
36811,16,268,8,1,04/22/2025
36811,16,264,8,1,04/22/2025
36811,16,265,9,1,04/22/2025
36811,16,266,8,1,04/22/2025
36811,16,267,9,1,04/22/2025
36815,26,143,8,1,07/19/2023
36815,26,147,9,1,07/19/2023
36815,26,144,8,1,07/19/2023
36815,26,148,9,1,07/19/2023
36815,26,145,8,1,07/19/2023
36815,26,149,9,1,07/19/2023
36815,26,146,8,1,07/19/2023
36815,26,151,9,1,07/19/2023
36815,26,268,8,1,07/19/2023
36815,26,264,8,1,07/19/2023
36815,26,265,9,1,07/19/2023
36815,26,266,8,1,07/19/2023
36815,26,267,9,1,07/19/2023
36831,35,500,8,1,07/14/2026
36831,35,504,9,1,07/14/2026
36831,35,501,8,1,07/14/2026
36831,35,505,9,1,07/14/2026
36831,35,502,8,1,07/14/2026
36831,35,506,9,1,07/14/2026
36831,35,507,13,1,07/14/2026
36831,35,509,13,1,07/14/2026
36831,35,508,13,1,07/14/2026
36831,35,510,13,1,07/14/2026
36831,35,511,13,1,07/14/2026
36831,35,512,13,1,07/14/2026
36831,35,517,13,1,07/14/2026
36831,35,519,13,1,07/14/2026
36831,35,514,13,1,07/14/2026
36831,35,520,13,1,07/14/2026
36831,35,515,13,1,07/14/2026
36831,35,521,13,1,07/14/2026
36831,35,513,13,1,07/14/2026
36831,35,523,13,1,07/14/2026
36831,35,516,13,1,07/14/2026
36831,35,522,13,1,07/14/2026
36839,23,143,8,1,06/17/2025
36839,23,147,9,1,06/17/2025
36839,23,144,8,1,06/17/2025
36839,23,148,9,1,06/17/2025
36839,23,145,8,1,06/17/2025
36839,23,149,9,1,06/17/2025
36839,23,146,8,1,06/17/2025
36839,23,151,9,1,06/17/2025
36839,23,268,8,1,06/17/2025
36839,23,264,8,1,06/17/2025
36839,23,265,9,1,06/17/2025
36839,23,266,8,1,06/17/2025
36839,23,267,9,1,06/17/2025
36846,21,360,12,1,10/08/2025
36846,21,364,12,1,10/08/2025
36846,21,365,12,1,10/08/2025
36846,21,361,12,1,10/08/2025
36846,21,366,12,1,10/08/2025
36846,21,362,12,1,10/08/2025
36846,21,367,12,1,10/08/2025
36846,21,363,12,1,10/08/2025
36846,21,353,12,1,10/08/2025
36846,21,357,12,1,10/08/2025
36846,21,352,12,1,10/08/2025
36846,21,356,12,1,10/08/2025
36846,21,354,12,1,10/08/2025
36846,21,359,12,1,10/08/2025
36846,21,355,12,1,10/08/2025
36846,21,358,12,1,10/08/2025
36846,21,351,12,1,10/08/2025
36846,21,345,12,1,10/08/2025
36846,21,340,12,1,10/08/2025
36846,21,346,12,1,10/08/2025
36846,21,341,12,1,10/08/2025
36846,21,347,12,1,10/08/2025
36846,21,342,12,1,10/08/2025
36846,21,350,12,1,10/08/2025
36846,21,343,12,1,10/08/2025
36846,21,348,12,1,10/08/2025
36846,21,344,12,1,10/08/2025
36846,21,349,12,1,10/08/2025
36850,25,500,8,1,07/14/2026
36850,25,504,9,1,07/14/2026
36850,25,501,8,1,07/14/2026
36850,25,505,9,1,07/14/2026
36850,25,502,8,1,07/14/2026
36850,25,506,9,1,07/14/2026
36850,25,507,13,1,07/14/2026
36850,25,509,13,1,07/14/2026
36850,25,508,13,1,07/14/2026
36850,25,510,13,1,07/14/2026
36850,25,511,13,1,07/14/2026
36850,25,512,13,1,07/14/2026
36850,25,517,13,1,07/14/2026
36850,25,519,13,1,07/14/2026
36850,25,514,13,1,07/14/2026
36850,25,520,13,1,07/14/2026
36850,25,515,13,1,07/14/2026
36850,25,521,13,1,07/14/2026
36850,25,513,13,1,07/14/2026
36850,25,523,13,1,07/14/2026
36850,25,516,13,1,07/14/2026
36850,25,522,13,1,07/14/2026
36857,17,353,12,1,01/29/2020
36857,17,357,12,1,01/29/2020
36857,17,352,12,1,01/29/2020
36857,17,356,12,1,01/29/2020
36857,17,354,12,1,01/29/2020
36857,17,359,12,1,01/29/2020
36857,17,355,12,1,01/29/2020
36857,17,358,12,1,01/29/2020
36857,17,351,12,1,01/29/2020
36857,17,345,12,1,01/29/2020
36857,17,340,12,1,01/29/2020
36857,17,346,12,1,01/29/2020
36857,17,341,12,1,01/29/2020
36857,17,347,12,1,01/29/2020
36857,17,342,12,1,01/29/2020
36857,17,350,12,1,01/29/2020
36857,17,343,12,1,01/29/2020
36857,17,348,12,1,01/29/2020
36857,17,344,12,1,01/29/2020
36857,17,349,12,1,01/29/2020
36859,27,353,12,1,04/02/2024
36859,27,357,12,1,04/02/2024
36859,27,352,12,1,04/02/2024
36859,27,356,12,1,04/02/2024
36859,27,354,12,1,04/02/2024
36859,27,359,12,1,04/02/2024
36859,27,355,12,1,04/02/2024
36859,27,358,12,1,04/02/2024
36859,27,351,12,1,04/02/2024
36859,27,345,12,1,04/02/2024
36859,27,340,12,1,04/02/2024
36859,27,346,12,1,04/02/2024
36859,27,341,12,1,04/02/2024
36859,27,347,12,1,04/02/2024
36859,27,342,12,1,04/02/2024
36859,27,350,12,1,04/02/2024
36859,27,343,12,1,04/02/2024
36859,27,348,12,1,04/02/2024
36859,27,344,12,1,04/02/2024
36859,27,349,12,1,04/02/2024
36861,25,360,12,1,09/02/2025
36861,25,364,12,1,09/02/2025
36861,25,365,12,1,09/02/2025
36861,25,361,12,1,09/02/2025
36861,25,366,12,1,09/02/2025
36861,25,362,12,1,09/02/2025
36861,25,367,12,1,09/02/2025
36861,25,363,12,1,09/02/2025
36861,25,353,12,1,09/02/2025
36861,25,357,12,1,09/02/2025
36861,25,352,12,1,09/02/2025
36861,25,356,12,1,09/02/2025
36861,25,354,12,1,09/02/2025
36861,25,359,12,1,09/02/2025
36861,25,355,12,1,09/02/2025
36861,25,358,12,1,09/02/2025
36861,25,351,12,1,09/02/2025
36861,25,345,12,1,09/02/2025
36861,25,340,12,1,09/02/2025
36861,25,346,12,1,09/02/2025
36861,25,341,12,1,09/02/2025
36861,25,347,12,1,09/02/2025
36861,25,342,12,1,09/02/2025
36861,25,350,12,1,09/02/2025
36861,25,343,12,1,09/02/2025
36861,25,348,12,1,09/02/2025
36861,25,344,12,1,09/02/2025
36861,25,349,12,1,09/02/2025
36864,21,360,12,1,10/08/2025
36864,21,364,12,1,10/08/2025
36864,21,365,12,1,10/08/2025
36864,21,361,12,1,10/08/2025
36864,21,366,12,1,10/08/2025
36864,21,362,12,1,10/08/2025
36864,21,367,12,1,10/08/2025
36864,21,363,12,1,10/08/2025
36864,21,353,12,1,10/08/2025
36864,21,357,12,1,10/08/2025
36864,21,352,12,1,10/08/2025
36864,21,356,12,1,10/08/2025
36864,21,354,12,1,10/08/2025
36864,21,359,12,1,10/08/2025
36864,21,355,12,1,10/08/2025
36864,21,358,12,1,10/08/2025
36864,21,351,12,1,10/08/2025
36864,21,345,12,1,10/08/2025
36864,21,340,12,1,10/08/2025
36864,21,346,12,1,10/08/2025
36864,21,341,12,1,10/08/2025
36864,21,347,12,1,10/08/2025
36864,21,342,12,1,10/08/2025
36864,21,350,12,1,10/08/2025
36864,21,343,12,1,10/08/2025
36864,21,348,12,1,10/08/2025
36864,21,344,12,1,10/08/2025
36864,21,349,12,1,10/08/2025
36866,18,353,12,1,02/23/2021
36866,18,357,12,1,02/23/2021
36866,18,352,12,1,02/23/2021
36866,18,356,12,1,02/23/2021
36866,18,354,12,1,02/23/2021
36866,18,359,12,1,02/23/2021
36866,18,355,12,1,02/23/2021
36866,18,358,12,1,02/23/2021
36866,18,351,12,1,02/23/2021
36866,18,345,12,1,02/23/2021
36866,18,340,12,1,02/23/2021
36866,18,346,12,1,02/23/2021
36866,18,341,12,1,02/23/2021
36866,18,347,12,1,02/23/2021
36866,18,342,12,1,02/23/2021
36866,18,350,12,1,02/23/2021
36866,18,343,12,1,02/23/2021
36866,18,348,12,1,02/23/2021
36866,18,344,12,1,02/23/2021
36866,18,349,12,1,02/23/2021
36868,25,353,12,1,05/14/2020
36868,25,357,12,1,05/14/2020
36868,25,352,12,1,05/14/2020
36868,25,356,12,1,05/14/2020
36868,25,354,12,1,05/14/2020
36868,25,359,12,1,05/14/2020
36868,25,355,12,1,05/14/2020
36868,25,358,12,1,05/14/2020
36868,25,351,12,1,05/14/2020
36868,25,345,12,1,05/14/2020
36868,25,340,12,1,05/14/2020
36868,25,346,12,1,05/14/2020
36868,25,341,12,1,05/14/2020
36868,25,347,12,1,05/14/2020
36868,25,342,12,1,05/14/2020
36868,25,350,12,1,05/14/2020
36868,25,343,12,1,05/14/2020
36868,25,348,12,1,05/14/2020
36868,25,344,12,1,05/14/2020
36868,25,349,12,1,05/14/2020
36889,25,353,12,1,09/19/2019
36889,25,357,12,1,09/19/2019
36889,25,352,12,1,09/19/2019
36889,25,356,12,1,09/19/2019
36889,25,354,12,1,09/19/2019
36889,25,359,12,1,09/19/2019
36889,25,355,12,1,09/19/2019
36889,25,358,12,1,09/19/2019
36889,25,351,12,1,09/19/2019
36889,25,345,12,1,09/19/2019
36889,25,340,12,1,09/19/2019
36889,25,346,12,1,09/19/2019
36889,25,341,12,1,09/19/2019
36889,25,347,12,1,09/19/2019
36889,25,342,12,1,09/19/2019
36889,25,350,12,1,09/19/2019
36889,25,343,12,1,09/19/2019
36889,25,348,12,1,09/19/2019
36889,25,344,12,1,09/19/2019
36889,25,349,12,1,09/19/2019
36902,16,239,8,1,02/27/2026
36902,16,228,9,2,02/27/2026
36902,16,240,8,1,02/27/2026
36902,16,238,9,2,02/27/2026
36906,20,239,8,1,03/25/2026
36906,20,228,9,2,03/25/2026
36906,20,240,8,1,03/25/2026
36906,20,238,9,2,03/25/2026
36912,30,391,12,1,12/01/2021
36912,30,394,12,1,12/01/2021
36912,30,392,12,1,12/01/2021
36912,30,395,12,1,12/01/2021
36912,30,393,12,1,12/01/2021
36912,30,396,12,1,12/01/2021
36912,30,374,13,1,12/01/2021
36912,30,378,13,1,12/01/2021
36912,30,375,13,1,12/01/2021
36912,30,379,13,1,12/01/2021
36912,30,376,13,1,12/01/2021
36912,30,380,13,1,12/01/2021
36912,30,377,13,1,12/01/2021
36912,30,381,13,1,12/01/2021
36920,107,331,12,1,04/10/2026
36920,107,335,12,1,04/10/2026
36920,107,332,12,1,04/10/2026
36920,107,336,12,1,04/10/2026
36920,107,333,12,1,04/10/2026
36920,107,337,12,1,04/10/2026
36920,107,334,12,1,04/10/2026
36920,107,338,12,1,04/10/2026
36920,107,339,12,1,04/10/2026
36920,107,327,12,1,04/10/2026
36920,107,325,12,1,04/10/2026
36920,107,328,12,1,04/10/2026
36920,107,326,12,1,04/10/2026
36920,107,329,12,1,04/10/2026
36920,107,330,12,1,04/10/2026
36920,107,314,12,1,04/10/2026
36920,107,319,12,1,04/10/2026
36920,107,315,12,1,04/10/2026
36920,107,320,12,1,04/10/2026
36920,107,316,12,1,04/10/2026
36920,107,321,12,1,04/10/2026
36920,107,317,12,1,04/10/2026
36920,107,322,12,1,04/10/2026
36920,107,318,12,1,04/10/2026
36920,107,323,12,1,04/10/2026
36920,107,324,12,1,04/10/2026
36941,22,360,12,1,01/26/2026
36941,22,364,12,1,01/26/2026
36941,22,365,12,1,01/26/2026
36941,22,361,12,1,01/26/2026
36941,22,366,12,1,01/26/2026
36941,22,362,12,1,01/26/2026
36941,22,367,12,1,01/26/2026
36941,22,363,12,1,01/26/2026
36941,22,353,12,1,01/26/2026
36941,22,357,12,1,01/26/2026
36941,22,352,12,1,01/26/2026
36941,22,356,12,1,01/26/2026
36941,22,354,12,1,01/26/2026
36941,22,359,12,1,01/26/2026
36941,22,355,12,1,01/26/2026
36941,22,358,12,1,01/26/2026
36941,22,351,12,1,01/26/2026
36941,22,345,12,1,01/26/2026
36941,22,340,12,1,01/26/2026
36941,22,346,12,1,01/26/2026
36941,22,341,12,1,01/26/2026
36941,22,347,12,1,01/26/2026
36941,22,342,12,1,01/26/2026
36941,22,350,12,1,01/26/2026
36941,22,343,12,1,01/26/2026
36941,22,348,12,1,01/26/2026
36941,22,344,12,1,01/26/2026
36941,22,349,12,1,01/26/2026
36947,21,353,12,1,12/21/2021
36947,21,357,12,1,12/21/2021
36947,21,352,12,1,12/21/2021
36947,21,356,12,1,12/21/2021
36947,21,354,12,1,12/21/2021
36947,21,359,12,1,12/21/2021
36947,21,355,12,1,12/21/2021
36947,21,358,12,1,12/21/2021
36947,21,351,12,1,12/21/2021
36947,21,345,12,1,12/21/2021
36947,21,340,12,1,12/21/2021
36947,21,346,12,1,12/21/2021
36947,21,341,12,1,12/21/2021
36947,21,347,12,1,12/21/2021
36947,21,342,12,1,12/21/2021
36947,21,350,12,1,12/21/2021
36947,21,343,12,1,12/21/2021
36947,21,348,12,1,12/21/2021
36947,21,344,12,1,12/21/2021
36947,21,349,12,1,12/21/2021
36951,20,239,8,1,09/26/2025
36951,20,228,9,2,09/26/2025
36951,20,240,8,1,09/26/2025
36951,20,238,9,2,09/26/2025
36975,24,239,8,1,02/20/2026
36975,24,228,9,2,02/20/2026
36975,24,240,8,1,02/20/2026
36975,24,238,9,2,02/20/2026
37001,21,143,8,1,09/15/2025
37001,21,147,9,1,09/15/2025
37001,21,144,8,1,09/15/2025
37001,21,148,9,1,09/15/2025
37001,21,145,8,1,09/15/2025
37001,21,149,9,1,09/15/2025
37001,21,146,8,1,09/15/2025
37001,21,151,9,1,09/15/2025
37001,21,268,8,1,09/15/2025
37001,21,264,8,1,09/15/2025
37001,21,265,9,1,09/15/2025
37001,21,266,8,1,09/15/2025
37001,21,267,9,1,09/15/2025
37003,14,143,8,1,08/23/2023
37003,14,147,9,1,08/23/2023
37003,14,144,8,1,08/23/2023
37003,14,148,9,1,08/23/2023
37003,14,145,8,1,08/23/2023
37003,14,149,9,1,08/23/2023
37003,14,146,8,1,08/23/2023
37003,14,151,9,1,08/23/2023
37003,14,268,8,1,08/23/2023
37003,14,264,8,1,08/23/2023
37003,14,265,9,1,08/23/2023
37003,14,266,8,1,08/23/2023
37003,14,267,9,1,08/23/2023
37011,24,143,8,1,12/22/2025
37011,24,147,9,1,12/22/2025
37011,24,144,8,1,12/22/2025
37011,24,148,9,1,12/22/2025
37011,24,145,8,1,12/22/2025
37011,24,149,9,1,12/22/2025
37011,24,146,8,1,12/22/2025
37011,24,151,9,1,12/22/2025
37011,24,268,8,1,12/22/2025
37011,24,264,8,1,12/22/2025
37011,24,265,9,1,12/22/2025
37011,24,266,8,1,12/22/2025
37011,24,267,9,1,12/22/2025
37015,27,143,8,1,08/20/2025
37015,27,147,9,1,08/20/2025
37015,27,144,8,1,08/20/2025
37015,27,148,9,1,08/20/2025
37015,27,145,8,1,08/20/2025
37015,27,149,9,1,08/20/2025
37015,27,146,8,1,08/20/2025
37015,27,151,9,1,08/20/2025
37015,27,268,8,1,08/20/2025
37015,27,264,8,1,08/20/2025
37015,27,265,9,1,08/20/2025
37015,27,266,8,1,08/20/2025
37015,27,267,9,1,08/20/2025
37020,26,353,12,1,02/07/2025
37020,26,357,12,1,02/07/2025
37020,26,352,12,1,02/07/2025
37020,26,356,12,1,02/07/2025
37020,26,354,12,1,02/07/2025
37020,26,359,12,1,02/07/2025
37020,26,355,12,1,02/07/2025
37020,26,358,12,1,02/07/2025
37020,26,351,12,1,02/07/2025
37020,26,345,12,1,02/07/2025
37020,26,340,12,1,02/07/2025
37020,26,346,12,1,02/07/2025
37020,26,341,12,1,02/07/2025
37020,26,347,12,1,02/07/2025
37020,26,342,12,1,02/07/2025
37020,26,350,12,1,02/07/2025
37020,26,343,12,1,02/07/2025
37020,26,348,12,1,02/07/2025
37020,26,344,12,1,02/07/2025
37020,26,349,12,1,02/07/2025
37022,30,391,12,1,04/16/2024
37022,30,394,12,1,04/16/2024
37022,30,392,12,1,04/16/2024
37022,30,395,12,1,04/16/2024
37022,30,393,12,1,04/16/2024
37022,30,396,12,1,04/16/2024
37022,30,374,13,1,04/16/2024
37022,30,378,13,1,04/16/2024
37022,30,375,13,1,04/16/2024
37022,30,379,13,1,04/16/2024
37022,30,376,13,1,04/16/2024
37022,30,380,13,1,04/16/2024
37022,30,377,13,1,04/16/2024
37022,30,381,13,1,04/16/2024
37027,20,353,12,1,06/09/2023
37027,20,357,12,1,06/09/2023
37027,20,352,12,1,06/09/2023
37027,20,356,12,1,06/09/2023
37027,20,354,12,1,06/09/2023
37027,20,359,12,1,06/09/2023
37027,20,355,12,1,06/09/2023
37027,20,358,12,1,06/09/2023
37027,20,351,12,1,06/09/2023
37027,20,345,12,1,06/09/2023
37027,20,340,12,1,06/09/2023
37027,20,346,12,1,06/09/2023
37027,20,341,12,1,06/09/2023
37027,20,347,12,1,06/09/2023
37027,20,342,12,1,06/09/2023
37027,20,350,12,1,06/09/2023
37027,20,343,12,1,06/09/2023
37027,20,348,12,1,06/09/2023
37027,20,344,12,1,06/09/2023
37027,20,349,12,1,06/09/2023
37031,35,391,12,1,04/21/2022
37031,35,394,12,1,04/21/2022
37031,35,392,12,1,04/21/2022
37031,35,395,12,1,04/21/2022
37031,35,393,12,1,04/21/2022
37031,35,396,12,1,04/21/2022
37031,35,374,13,1,04/21/2022
37031,35,378,13,1,04/21/2022
37031,35,375,13,1,04/21/2022
37031,35,379,13,1,04/21/2022
37031,35,376,13,1,04/21/2022
37031,35,380,13,1,04/21/2022
37031,35,377,13,1,04/21/2022
37031,35,381,13,1,04/21/2022
37033,30,391,12,1,06/20/2022
37033,30,394,12,1,06/20/2022
37033,30,392,12,1,06/20/2022
37033,30,395,12,1,06/20/2022
37033,30,393,12,1,06/20/2022
37033,30,396,12,1,06/20/2022
37033,30,374,13,1,06/20/2022
37033,30,378,13,1,06/20/2022
37033,30,375,13,1,06/20/2022
37033,30,379,13,1,06/20/2022
37033,30,376,13,1,06/20/2022
37033,30,380,13,1,06/20/2022
37033,30,377,13,1,06/20/2022
37033,30,381,13,1,06/20/2022
37054,22,360,12,1,10/14/2025
37054,22,364,12,1,10/14/2025
37054,22,365,12,1,10/14/2025
37054,22,361,12,1,10/14/2025
37054,22,366,12,1,10/14/2025
37054,22,362,12,1,10/14/2025
37054,22,367,12,1,10/14/2025
37054,22,363,12,1,10/14/2025
37054,22,353,12,1,10/14/2025
37054,22,357,12,1,10/14/2025
37054,22,352,12,1,10/14/2025
37054,22,356,12,1,10/14/2025
37054,22,354,12,1,10/14/2025
37054,22,359,12,1,10/14/2025
37054,22,355,12,1,10/14/2025
37054,22,358,12,1,10/14/2025
37054,22,351,12,1,10/14/2025
37054,22,345,12,1,10/14/2025
37054,22,340,12,1,10/14/2025
37054,22,346,12,1,10/14/2025
37054,22,341,12,1,10/14/2025
37054,22,347,12,1,10/14/2025
37054,22,342,12,1,10/14/2025
37054,22,350,12,1,10/14/2025
37054,22,343,12,1,10/14/2025
37054,22,348,12,1,10/14/2025
37054,22,344,12,1,10/14/2025
37054,22,349,12,1,10/14/2025
37062,25,353,12,1,09/23/2025
37062,25,357,12,1,09/23/2025
37062,25,352,12,1,09/23/2025
37062,25,356,12,1,09/23/2025
37062,25,354,12,1,09/23/2025
37062,25,359,12,1,09/23/2025
37062,25,355,12,1,09/23/2025
37062,25,358,12,1,09/23/2025
37062,25,351,12,1,09/23/2025
37062,25,345,12,1,09/23/2025
37062,25,340,12,1,09/23/2025
37062,25,346,12,1,09/23/2025
37062,25,341,12,1,09/23/2025
37062,25,347,12,1,09/23/2025
37062,25,342,12,1,09/23/2025
37062,25,350,12,1,09/23/2025
37062,25,343,12,1,09/23/2025
37062,25,348,12,1,09/23/2025
37062,25,344,12,1,09/23/2025
37062,25,349,12,1,09/23/2025
37066,31,360,12,1,10/08/2025
37066,31,364,12,1,10/08/2025
37066,31,365,12,1,10/08/2025
37066,31,361,12,1,10/08/2025
37066,31,366,12,1,10/08/2025
37066,31,362,12,1,10/08/2025
37066,31,367,12,1,10/08/2025
37066,31,363,12,1,10/08/2025
37066,31,353,12,1,10/08/2025
37066,31,357,12,1,10/08/2025
37066,31,352,12,1,10/08/2025
37066,31,356,12,1,10/08/2025
37066,31,354,12,1,10/08/2025
37066,31,359,12,1,10/08/2025
37066,31,355,12,1,10/08/2025
37066,31,358,12,1,10/08/2025
37066,31,351,12,1,10/08/2025
37066,31,345,12,1,10/08/2025
37066,31,340,12,1,10/08/2025
37066,31,346,12,1,10/08/2025
37066,31,341,12,1,10/08/2025
37066,31,347,12,1,10/08/2025
37066,31,342,12,1,10/08/2025
37066,31,350,12,1,10/08/2025
37066,31,343,12,1,10/08/2025
37066,31,348,12,1,10/08/2025
37066,31,344,12,1,10/08/2025
37066,31,349,12,1,10/08/2025
37068,23,353,12,1,02/15/2021
37068,23,357,12,1,02/15/2021
37068,23,352,12,1,02/15/2021
37068,23,356,12,1,02/15/2021
37068,23,354,12,1,02/15/2021
37068,23,359,12,1,02/15/2021
37068,23,355,12,1,02/15/2021
37068,23,358,12,1,02/15/2021
37068,23,351,12,1,02/15/2021
37068,23,345,12,1,02/15/2021
37068,23,340,12,1,02/15/2021
37068,23,346,12,1,02/15/2021
37068,23,341,12,1,02/15/2021
37068,23,347,12,1,02/15/2021
37068,23,342,12,1,02/15/2021
37068,23,350,12,1,02/15/2021
37068,23,343,12,1,02/15/2021
37068,23,348,12,1,02/15/2021
37068,23,344,12,1,02/15/2021
37068,23,349,12,1,02/15/2021
37070,26,360,12,1,01/12/2026
37070,26,364,12,1,01/12/2026
37070,26,365,12,1,01/12/2026
37070,26,361,12,1,01/12/2026
37070,26,366,12,1,01/12/2026
37070,26,362,12,1,01/12/2026
37070,26,367,12,1,01/12/2026
37070,26,363,12,1,01/12/2026
37070,26,353,12,1,01/12/2026
37070,26,357,12,1,01/12/2026
37070,26,352,12,1,01/12/2026
37070,26,356,12,1,01/12/2026
37070,26,354,12,1,01/12/2026
37070,26,359,12,1,01/12/2026
37070,26,355,12,1,01/12/2026
37070,26,358,12,1,01/12/2026
37070,26,351,12,1,01/12/2026
37070,26,345,12,1,01/12/2026
37070,26,340,12,1,01/12/2026
37070,26,346,12,1,01/12/2026
37070,26,341,12,1,01/12/2026
37070,26,347,12,1,01/12/2026
37070,26,342,12,1,01/12/2026
37070,26,350,12,1,01/12/2026
37070,26,343,12,1,01/12/2026
37070,26,348,12,1,01/12/2026
37070,26,344,12,1,01/12/2026
37070,26,349,12,1,01/12/2026
37072,25,353,12,1,10/10/2025
37072,25,357,12,1,10/10/2025
37072,25,352,12,1,10/10/2025
37072,25,356,12,1,10/10/2025
37072,25,354,12,1,10/10/2025
37072,25,359,12,1,10/10/2025
37072,25,355,12,1,10/10/2025
37072,25,358,12,1,10/10/2025
37072,25,351,12,1,10/10/2025
37072,25,345,12,1,10/10/2025
37072,25,340,12,1,10/10/2025
37072,25,346,12,1,10/10/2025
37072,25,341,12,1,10/10/2025
37072,25,347,12,1,10/10/2025
37072,25,342,12,1,10/10/2025
37072,25,350,12,1,10/10/2025
37072,25,343,12,1,10/10/2025
37072,25,348,12,1,10/10/2025
37072,25,344,12,1,10/10/2025
37072,25,349,12,1,10/10/2025
37086,27,360,12,1,08/06/2025
37086,27,364,12,1,08/06/2025
37086,27,365,12,1,08/06/2025
37086,27,361,12,1,08/06/2025
37086,27,366,12,1,08/06/2025
37086,27,362,12,1,08/06/2025
37086,27,367,12,1,08/06/2025
37086,27,363,12,1,08/06/2025
37086,27,353,12,1,08/06/2025
37086,27,357,12,1,08/06/2025
37086,27,352,12,1,08/06/2025
37086,27,356,12,1,08/06/2025
37086,27,354,12,1,08/06/2025
37086,27,359,12,1,08/06/2025
37086,27,355,12,1,08/06/2025
37086,27,358,12,1,08/06/2025
37086,27,351,12,1,08/06/2025
37086,27,345,12,1,08/06/2025
37086,27,340,12,1,08/06/2025
37086,27,346,12,1,08/06/2025
37086,27,341,12,1,08/06/2025
37086,27,347,12,1,08/06/2025
37086,27,342,12,1,08/06/2025
37086,27,350,12,1,08/06/2025
37086,27,343,12,1,08/06/2025
37086,27,348,12,1,08/06/2025
37086,27,344,12,1,08/06/2025
37086,27,349,12,1,08/06/2025
37088,22,353,12,1,06/28/2023
37088,22,357,12,1,06/28/2023
37088,22,352,12,1,06/28/2023
37088,22,356,12,1,06/28/2023
37088,22,354,12,1,06/28/2023
37088,22,359,12,1,06/28/2023
37088,22,355,12,1,06/28/2023
37088,22,358,12,1,06/28/2023
37088,22,351,12,1,06/28/2023
37088,22,345,12,1,06/28/2023
37088,22,340,12,1,06/28/2023
37088,22,346,12,1,06/28/2023
37088,22,341,12,1,06/28/2023
37088,22,347,12,1,06/28/2023
37088,22,342,12,1,06/28/2023
37088,22,350,12,1,06/28/2023
37088,22,343,12,1,06/28/2023
37088,22,348,12,1,06/28/2023
37088,22,344,12,1,06/28/2023
37088,22,349,12,1,06/28/2023
37126,22,239,8,1,02/06/2026
37126,22,228,9,2,02/06/2026
37126,22,240,8,1,02/06/2026
37126,22,238,9,2,02/06/2026
37130,21,239,8,1,05/13/2025
37130,21,228,9,2,05/13/2025
37130,21,240,8,1,05/13/2025
37130,21,238,9,2,05/13/2025
37166,23,368,12,1,04/10/2026
37166,23,370,12,1,04/10/2026
37166,23,369,12,1,04/10/2026
37166,23,371,12,1,04/10/2026
37166,23,372,12,1,04/10/2026
37176,57,391,12,1,10/11/2024
37176,57,394,12,1,10/11/2024
37176,57,392,12,1,10/11/2024
37176,57,395,12,1,10/11/2024
37176,57,393,12,1,10/11/2024
37176,57,396,12,1,10/11/2024
37176,57,374,13,1,10/11/2024
37176,57,378,13,1,10/11/2024
37176,57,375,13,1,10/11/2024
37176,57,379,13,1,10/11/2024
37176,57,376,13,1,10/11/2024
37176,57,380,13,1,10/11/2024
37176,57,377,13,1,10/11/2024
37176,57,381,13,1,10/11/2024
37199,16,143,8,1,10/21/2025
37199,16,147,9,1,10/21/2025
37199,16,144,8,1,10/21/2025
37199,16,148,9,1,10/21/2025
37199,16,145,8,1,10/21/2025
37199,16,149,9,1,10/21/2025
37199,16,146,8,1,10/21/2025
37199,16,151,9,1,10/21/2025
37199,16,268,8,1,10/21/2025
37199,16,264,8,1,10/21/2025
37199,16,265,9,1,10/21/2025
37199,16,266,8,1,10/21/2025
37199,16,267,9,1,10/21/2025
37205,15,143,8,1,11/20/2023
37205,15,147,9,1,11/20/2023
37205,15,144,8,1,11/20/2023
37205,15,148,9,1,11/20/2023
37205,15,145,8,1,11/20/2023
37205,15,149,9,1,11/20/2023
37205,15,146,8,1,11/20/2023
37205,15,151,9,1,11/20/2023
37205,15,268,8,1,11/20/2023
37205,15,264,8,1,11/20/2023
37205,15,265,9,1,11/20/2023
37205,15,266,8,1,11/20/2023
37205,15,267,9,1,11/20/2023
37210,21,143,8,1,05/21/2026
37210,21,147,9,1,05/21/2026
37210,21,144,8,1,05/21/2026
37210,21,148,9,1,05/21/2026
37210,21,145,8,1,05/21/2026
37210,21,149,9,1,05/21/2026
37210,21,146,8,1,05/21/2026
37210,21,151,9,1,05/21/2026
37210,21,268,8,1,05/21/2026
37210,21,264,8,1,05/21/2026
37210,21,265,9,1,05/21/2026
37210,21,266,8,1,05/21/2026
37210,21,267,9,1,05/21/2026
37216,23,143,8,1,03/22/2023
37216,23,147,9,1,03/22/2023
37216,23,144,8,1,03/22/2023
37216,23,148,9,1,03/22/2023
37216,23,145,8,1,03/22/2023
37216,23,149,9,1,03/22/2023
37216,23,146,8,1,03/22/2023
37216,23,151,9,1,03/22/2023
37216,23,268,8,1,03/22/2023
37216,23,264,8,1,03/22/2023
37216,23,265,9,1,03/22/2023
37216,23,266,8,1,03/22/2023
37216,23,267,9,1,03/22/2023
37228,24,143,8,1,03/18/2025
37228,24,147,9,1,03/18/2025
37228,24,144,8,1,03/18/2025
37228,24,148,9,1,03/18/2025
37228,24,145,8,1,03/18/2025
37228,24,149,9,1,03/18/2025
37228,24,146,8,1,03/18/2025
37228,24,151,9,1,03/18/2025
37228,24,268,8,1,03/18/2025
37228,24,264,8,1,03/18/2025
37228,24,265,9,1,03/18/2025
37228,24,266,8,1,03/18/2025
37228,24,267,9,1,03/18/2025
37244,41,500,8,1,08/04/2026
37244,41,504,9,1,08/04/2026
37244,41,501,8,1,08/04/2026
37244,41,505,9,1,08/04/2026
37244,41,502,8,1,08/04/2026
37244,41,506,9,1,08/04/2026
37244,41,507,13,1,08/04/2026
37244,41,509,13,1,08/04/2026
37244,41,508,13,1,08/04/2026
37244,41,510,13,1,08/04/2026
37244,41,511,13,1,08/04/2026
37244,41,512,13,1,08/04/2026
37244,41,517,13,1,08/04/2026
37244,41,519,13,1,08/04/2026
37244,41,514,13,1,08/04/2026
37244,41,520,13,1,08/04/2026
37244,41,515,13,1,08/04/2026
37244,41,521,13,1,08/04/2026
37244,41,513,13,1,08/04/2026
37244,41,523,13,1,08/04/2026
37244,41,516,13,1,08/04/2026
37244,41,522,13,1,08/04/2026
37254,16,239,8,1,02/20/2026
37254,16,228,9,2,02/20/2026
37254,16,240,8,1,02/20/2026
37254,16,238,9,2,02/20/2026
37260,27,391,12,1,03/04/2025
37260,27,394,12,1,03/04/2025
37260,27,392,12,1,03/04/2025
37260,27,395,12,1,03/04/2025
37260,27,393,12,1,03/04/2025
37260,27,396,12,1,03/04/2025
37260,27,374,13,1,03/04/2025
37260,27,378,13,1,03/04/2025
37260,27,375,13,1,03/04/2025
37260,27,379,13,1,03/04/2025
37260,27,376,13,1,03/04/2025
37260,27,380,13,1,03/04/2025
37260,27,377,13,1,03/04/2025
37260,27,381,13,1,03/04/2025
37264,21,391,12,1,05/13/2021
37264,21,394,12,1,05/13/2021
37264,21,392,12,1,05/13/2021
37264,21,395,12,1,05/13/2021
37264,21,393,12,1,05/13/2021
37264,21,396,12,1,05/13/2021
37264,21,374,13,1,05/13/2021
37264,21,378,13,1,05/13/2021
37264,21,375,13,1,05/13/2021
37264,21,379,13,1,05/13/2021
37264,21,376,13,1,05/13/2021
37264,21,380,13,1,05/13/2021
37264,21,377,13,1,05/13/2021
37264,21,381,13,1,05/13/2021
37281,23,353,12,1,08/16/2022
37281,23,357,12,1,08/16/2022
37281,23,352,12,1,08/16/2022
37281,23,356,12,1,08/16/2022
37281,23,354,12,1,08/16/2022
37281,23,359,12,1,08/16/2022
37281,23,355,12,1,08/16/2022
37281,23,358,12,1,08/16/2022
37281,23,351,12,1,08/16/2022
37281,23,345,12,1,08/16/2022
37281,23,340,12,1,08/16/2022
37281,23,346,12,1,08/16/2022
37281,23,341,12,1,08/16/2022
37281,23,347,12,1,08/16/2022
37281,23,342,12,1,08/16/2022
37281,23,350,12,1,08/16/2022
37281,23,343,12,1,08/16/2022
37281,23,348,12,1,08/16/2022
37281,23,344,12,1,08/16/2022
37281,23,349,12,1,08/16/2022
37283,23,353,12,1,10/15/2025
37283,23,357,12,1,10/15/2025
37283,23,352,12,1,10/15/2025
37283,23,356,12,1,10/15/2025
37283,23,354,12,1,10/15/2025
37283,23,359,12,1,10/15/2025
37283,23,355,12,1,10/15/2025
37283,23,358,12,1,10/15/2025
37283,23,351,12,1,10/15/2025
37283,23,345,12,1,10/15/2025
37283,23,340,12,1,10/15/2025
37283,23,346,12,1,10/15/2025
37283,23,341,12,1,10/15/2025
37283,23,347,12,1,10/15/2025
37283,23,342,12,1,10/15/2025
37283,23,350,12,1,10/15/2025
37283,23,343,12,1,10/15/2025
37283,23,348,12,1,10/15/2025
37283,23,344,12,1,10/15/2025
37283,23,349,12,1,10/15/2025
37293,28,353,12,1,11/09/2023
37293,28,357,12,1,11/09/2023
37293,28,352,12,1,11/09/2023
37293,28,356,12,1,11/09/2023
37293,28,354,12,1,11/09/2023
37293,28,359,12,1,11/09/2023
37293,28,355,12,1,11/09/2023
37293,28,358,12,1,11/09/2023
37293,28,351,12,1,11/09/2023
37293,28,345,12,1,11/09/2023
37293,28,340,12,1,11/09/2023
37293,28,346,12,1,11/09/2023
37293,28,341,12,1,11/09/2023
37293,28,347,12,1,11/09/2023
37293,28,342,12,1,11/09/2023
37293,28,350,12,1,11/09/2023
37293,28,343,12,1,11/09/2023
37293,28,348,12,1,11/09/2023
37293,28,344,12,1,11/09/2023
37293,28,349,12,1,11/09/2023
37295,22,360,12,1,01/12/2026
37295,22,364,12,1,01/12/2026
37295,22,365,12,1,01/12/2026
37295,22,361,12,1,01/12/2026
37295,22,366,12,1,01/12/2026
37295,22,362,12,1,01/12/2026
37295,22,367,12,1,01/12/2026
37295,22,363,12,1,01/12/2026
37295,22,353,12,1,01/12/2026
37295,22,357,12,1,01/12/2026
37295,22,352,12,1,01/12/2026
37295,22,356,12,1,01/12/2026
37295,22,354,12,1,01/12/2026
37295,22,359,12,1,01/12/2026
37295,22,355,12,1,01/12/2026
37295,22,358,12,1,01/12/2026
37295,22,351,12,1,01/12/2026
37295,22,345,12,1,01/12/2026
37295,22,340,12,1,01/12/2026
37295,22,346,12,1,01/12/2026
37295,22,341,12,1,01/12/2026
37295,22,347,12,1,01/12/2026
37295,22,342,12,1,01/12/2026
37295,22,350,12,1,01/12/2026
37295,22,343,12,1,01/12/2026
37295,22,348,12,1,01/12/2026
37295,22,344,12,1,01/12/2026
37295,22,349,12,1,01/12/2026
37299,30,360,12,1,01/26/2026
37299,30,364,12,1,01/26/2026
37299,30,365,12,1,01/26/2026
37299,30,361,12,1,01/26/2026
37299,30,366,12,1,01/26/2026
37299,30,362,12,1,01/26/2026
37299,30,367,12,1,01/26/2026
37299,30,363,12,1,01/26/2026
37299,30,353,12,1,01/26/2026
37299,30,357,12,1,01/26/2026
37299,30,352,12,1,01/26/2026
37299,30,356,12,1,01/26/2026
37299,30,354,12,1,01/26/2026
37299,30,359,12,1,01/26/2026
37299,30,355,12,1,01/26/2026
37299,30,358,12,1,01/26/2026
37299,30,351,12,1,01/26/2026
37299,30,345,12,1,01/26/2026
37299,30,340,12,1,01/26/2026
37299,30,346,12,1,01/26/2026
37299,30,341,12,1,01/26/2026
37299,30,347,12,1,01/26/2026
37299,30,342,12,1,01/26/2026
37299,30,350,12,1,01/26/2026
37299,30,343,12,1,01/26/2026
37299,30,348,12,1,01/26/2026
37299,30,344,12,1,01/26/2026
37299,30,349,12,1,01/26/2026
37311,21,353,12,1,05/19/2021
37311,21,357,12,1,05/19/2021
37311,21,352,12,1,05/19/2021
37311,21,356,12,1,05/19/2021
37311,21,354,12,1,05/19/2021
37311,21,359,12,1,05/19/2021
37311,21,355,12,1,05/19/2021
37311,21,358,12,1,05/19/2021
37311,21,351,12,1,05/19/2021
37311,21,345,12,1,05/19/2021
37311,21,340,12,1,05/19/2021
37311,21,346,12,1,05/19/2021
37311,21,341,12,1,05/19/2021
37311,21,347,12,1,05/19/2021
37311,21,342,12,1,05/19/2021
37311,21,350,12,1,05/19/2021
37311,21,343,12,1,05/19/2021
37311,21,348,12,1,05/19/2021
37311,21,344,12,1,05/19/2021
37311,21,349,12,1,05/19/2021
37313,28,353,12,1,10/10/2025
37313,28,357,12,1,10/10/2025
37313,28,352,12,1,10/10/2025
37313,28,356,12,1,10/10/2025
37313,28,354,12,1,10/10/2025
37313,28,359,12,1,10/10/2025
37313,28,355,12,1,10/10/2025
37313,28,358,12,1,10/10/2025
37313,28,351,12,1,10/10/2025
37313,28,345,12,1,10/10/2025
37313,28,340,12,1,10/10/2025
37313,28,346,12,1,10/10/2025
37313,28,341,12,1,10/10/2025
37313,28,347,12,1,10/10/2025
37313,28,342,12,1,10/10/2025
37313,28,350,12,1,10/10/2025
37313,28,343,12,1,10/10/2025
37313,28,348,12,1,10/10/2025
37313,28,344,12,1,10/10/2025
37313,28,349,12,1,10/10/2025
37352,25,239,8,1,02/13/2026
37352,25,228,9,2,02/13/2026
37352,25,240,8,1,02/13/2026
37352,25,238,9,2,02/13/2026
37356,17,239,8,1,04/06/2026
37356,17,228,9,2,04/06/2026
37356,17,240,8,1,04/06/2026
37356,17,238,9,2,04/06/2026
37360,22,353,12,1,09/18/2025
37360,22,357,12,1,09/18/2025
37360,22,352,12,1,09/18/2025
37360,22,356,12,1,09/18/2025
37360,22,354,12,1,09/18/2025
37360,22,359,12,1,09/18/2025
37360,22,355,12,1,09/18/2025
37360,22,358,12,1,09/18/2025
37360,22,351,12,1,09/18/2025
37360,22,345,12,1,09/18/2025
37360,22,340,12,1,09/18/2025
37360,22,346,12,1,09/18/2025
37360,22,341,12,1,09/18/2025
37360,22,347,12,1,09/18/2025
37360,22,342,12,1,09/18/2025
37360,22,350,12,1,09/18/2025
37360,22,343,12,1,09/18/2025
37360,22,348,12,1,09/18/2025
37360,22,344,12,1,09/18/2025
37360,22,349,12,1,09/18/2025
37371,42,331,12,1,11/15/2019
37371,42,335,12,1,11/15/2019
37371,42,332,12,1,11/15/2019
37371,42,336,12,1,11/15/2019
37371,42,333,12,1,11/15/2019
37371,42,337,12,1,11/15/2019
37371,42,334,12,1,11/15/2019
37371,42,338,12,1,11/15/2019
37371,42,339,12,1,11/15/2019
37371,42,327,12,1,11/15/2019
37371,42,325,12,1,11/15/2019
37371,42,328,12,1,11/15/2019
37371,42,326,12,1,11/15/2019
37371,42,329,12,1,11/15/2019
37371,42,330,12,1,11/15/2019
37371,42,314,12,1,11/15/2019
37371,42,319,12,1,11/15/2019
37371,42,315,12,1,11/15/2019
37371,42,320,12,1,11/15/2019
37371,42,316,12,1,11/15/2019
37371,42,321,12,1,11/15/2019
37371,42,317,12,1,11/15/2019
37371,42,322,12,1,11/15/2019
37371,42,318,12,1,11/15/2019
37371,42,323,12,1,11/15/2019
37371,42,324,12,1,11/15/2019
37373,41,360,12,1,10/14/2025
37373,41,364,12,1,10/14/2025
37373,41,365,12,1,10/14/2025
37373,41,361,12,1,10/14/2025
37373,41,366,12,1,10/14/2025
37373,41,362,12,1,10/14/2025
37373,41,367,12,1,10/14/2025
37373,41,363,12,1,10/14/2025
37373,41,353,12,1,10/14/2025
37373,41,357,12,1,10/14/2025
37373,41,352,12,1,10/14/2025
37373,41,356,12,1,10/14/2025
37373,41,354,12,1,10/14/2025
37373,41,359,12,1,10/14/2025
37373,41,355,12,1,10/14/2025
37373,41,358,12,1,10/14/2025
37373,41,351,12,1,10/14/2025
37373,41,345,12,1,10/14/2025
37373,41,340,12,1,10/14/2025
37373,41,346,12,1,10/14/2025
37373,41,341,12,1,10/14/2025
37373,41,347,12,1,10/14/2025
37373,41,342,12,1,10/14/2025
37373,41,350,12,1,10/14/2025
37373,41,343,12,1,10/14/2025
37373,41,348,12,1,10/14/2025
37373,41,344,12,1,10/14/2025
37373,41,349,12,1,10/14/2025
37379,42,391,12,1,10/17/2025
37379,42,394,12,1,10/17/2025
37379,42,392,12,1,10/17/2025
37379,42,395,12,1,10/17/2025
37379,42,393,12,1,10/17/2025
37379,42,396,12,1,10/17/2025
37379,42,374,13,1,10/17/2025
37379,42,378,13,1,10/17/2025
37379,42,375,13,1,10/17/2025
37379,42,379,13,1,10/17/2025
37379,42,376,13,1,10/17/2025
37379,42,380,13,1,10/17/2025
37379,42,377,13,1,10/17/2025
37379,42,381,13,1,10/17/2025
37387,25,394,12,1,12/13/2024
37387,25,395,12,1,12/13/2024
37387,25,396,12,1,12/13/2024
37387,25,378,13,1,12/13/2024
37387,25,379,13,1,12/13/2024
37387,25,380,13,1,12/13/2024
37387,25,381,13,1,12/13/2024
37398,21,368,12,1,11/21/2019
37398,21,370,12,1,11/21/2019
37398,21,369,12,1,11/21/2019
37398,21,371,12,1,11/21/2019
37398,21,372,12,1,11/21/2019
37421,37,500,8,1,07/14/2026
37421,37,504,9,1,07/14/2026
37421,37,501,8,1,07/14/2026
37421,37,505,9,1,07/14/2026
37421,37,502,8,1,07/14/2026
37421,37,506,9,1,07/14/2026
37421,37,507,13,1,07/14/2026
37421,37,509,13,1,07/14/2026
37421,37,508,13,1,07/14/2026
37421,37,510,13,1,07/14/2026
37421,37,511,13,1,07/14/2026
37421,37,512,13,1,07/14/2026
37421,37,517,13,1,07/14/2026
37421,37,519,13,1,07/14/2026
37421,37,514,13,1,07/14/2026
37421,37,520,13,1,07/14/2026
37421,37,515,13,1,07/14/2026
37421,37,521,13,1,07/14/2026
37421,37,513,13,1,07/14/2026
37421,37,523,13,1,07/14/2026
37421,37,516,13,1,07/14/2026
37421,37,522,13,1,07/14/2026
37475,18,500,8,1,07/14/2026
37475,18,504,9,1,07/14/2026
37475,18,501,8,1,07/14/2026
37475,18,505,9,1,07/14/2026
37475,18,502,8,1,07/14/2026
37475,18,506,9,1,07/14/2026
37475,18,507,13,1,07/14/2026
37475,18,509,13,1,07/14/2026
37475,18,508,13,1,07/14/2026
37475,18,510,13,1,07/14/2026
37475,18,511,13,1,07/14/2026
37475,18,512,13,1,07/14/2026
37475,18,517,13,1,07/14/2026
37475,18,519,13,1,07/14/2026
37475,18,514,13,1,07/14/2026
37475,18,520,13,1,07/14/2026
37475,18,515,13,1,07/14/2026
37475,18,521,13,1,07/14/2026
37475,18,513,13,1,07/14/2026
37475,18,523,13,1,07/14/2026
37475,18,516,13,1,07/14/2026
37475,18,522,13,1,07/14/2026
37502,21,360,12,1,10/08/2025
37502,21,364,12,1,10/08/2025
37502,21,365,12,1,10/08/2025
37502,21,361,12,1,10/08/2025
37502,21,366,12,1,10/08/2025
37502,21,362,12,1,10/08/2025
37502,21,367,12,1,10/08/2025
37502,21,363,12,1,10/08/2025
37502,21,353,12,1,10/08/2025
37502,21,357,12,1,10/08/2025
37502,21,352,12,1,10/08/2025
37502,21,356,12,1,10/08/2025
37502,21,354,12,1,10/08/2025
37502,21,359,12,1,10/08/2025
37502,21,355,12,1,10/08/2025
37502,21,358,12,1,10/08/2025
37502,21,351,12,1,10/08/2025
37502,21,345,12,1,10/08/2025
37502,21,340,12,1,10/08/2025
37502,21,346,12,1,10/08/2025
37502,21,341,12,1,10/08/2025
37502,21,347,12,1,10/08/2025
37502,21,342,12,1,10/08/2025
37502,21,350,12,1,10/08/2025
37502,21,343,12,1,10/08/2025
37502,21,348,12,1,10/08/2025
37502,21,344,12,1,10/08/2025
37502,21,349,12,1,10/08/2025
37504,17,353,12,1,09/20/2019
37504,17,357,12,1,09/20/2019
37504,17,352,12,1,09/20/2019
37504,17,356,12,1,09/20/2019
37504,17,354,12,1,09/20/2019
37504,17,359,12,1,09/20/2019
37504,17,355,12,1,09/20/2019
37504,17,358,12,1,09/20/2019
37504,17,351,12,1,09/20/2019
37504,17,345,12,1,09/20/2019
37504,17,340,12,1,09/20/2019
37504,17,346,12,1,09/20/2019
37504,17,341,12,1,09/20/2019
37504,17,347,12,1,09/20/2019
37504,17,342,12,1,09/20/2019
37504,17,350,12,1,09/20/2019
37504,17,343,12,1,09/20/2019
37504,17,348,12,1,09/20/2019
37504,17,344,12,1,09/20/2019
37504,17,349,12,1,09/20/2019
37531,20,391,12,1,09/24/2024
37531,20,394,12,1,09/24/2024
37531,20,392,12,1,09/24/2024
37531,20,395,12,1,09/24/2024
37531,20,393,12,1,09/24/2024
37531,20,396,12,1,09/24/2024
37531,20,374,13,1,09/24/2024
37531,20,378,13,1,09/24/2024
37531,20,375,13,1,09/24/2024
37531,20,379,13,1,09/24/2024
37531,20,376,13,1,09/24/2024
37531,20,380,13,1,09/24/2024
37531,20,377,13,1,09/24/2024
37531,20,381,13,1,09/24/2024
37535,19,500,8,1,07/14/2026
37535,19,504,9,1,07/14/2026
37535,19,501,8,1,07/14/2026
37535,19,505,9,1,07/14/2026
37535,19,502,8,1,07/14/2026
37535,19,506,9,1,07/14/2026
37535,19,507,13,1,07/14/2026
37535,19,509,13,1,07/14/2026
37535,19,508,13,1,07/14/2026
37535,19,510,13,1,07/14/2026
37535,19,511,13,1,07/14/2026
37535,19,512,13,1,07/14/2026
37535,19,517,13,1,07/14/2026
37535,19,519,13,1,07/14/2026
37535,19,514,13,1,07/14/2026
37535,19,520,13,1,07/14/2026
37535,19,515,13,1,07/14/2026
37535,19,521,13,1,07/14/2026
37535,19,513,13,1,07/14/2026
37535,19,523,13,1,07/14/2026
37535,19,516,13,1,07/14/2026
37535,19,522,13,1,07/14/2026
37537,20,143,8,1,02/20/2026
37537,20,147,9,1,02/20/2026
37537,20,144,8,1,02/20/2026
37537,20,148,9,1,02/20/2026
37537,20,145,8,1,02/20/2026
37537,20,149,9,1,02/20/2026
37537,20,146,8,1,02/20/2026
37537,20,151,9,1,02/20/2026
37537,20,268,8,1,02/20/2026
37537,20,264,8,1,02/20/2026
37537,20,265,9,1,02/20/2026
37537,20,266,8,1,02/20/2026
37537,20,267,9,1,02/20/2026
37539,17,143,8,1,02/20/2025
37539,17,147,9,1,02/20/2025
37539,17,144,8,1,02/20/2025
37539,17,148,9,1,02/20/2025
37539,17,145,8,1,02/20/2025
37539,17,149,9,1,02/20/2025
37539,17,146,8,1,02/20/2025
37539,17,151,9,1,02/20/2025
37539,17,268,8,1,02/20/2025
37539,17,264,8,1,02/20/2025
37539,17,265,9,1,02/20/2025
37539,17,266,8,1,02/20/2025
37539,17,267,9,1,02/20/2025
37547,22,360,12,1,10/27/2025
37547,22,364,12,1,10/27/2025
37547,22,365,12,1,10/27/2025
37547,22,361,12,1,10/27/2025
37547,22,366,12,1,10/27/2025
37547,22,362,12,1,10/27/2025
37547,22,367,12,1,10/27/2025
37547,22,363,12,1,10/27/2025
37547,22,353,12,1,10/27/2025
37547,22,357,12,1,10/27/2025
37547,22,352,12,1,10/27/2025
37547,22,356,12,1,10/27/2025
37547,22,354,12,1,10/27/2025
37547,22,359,12,1,10/27/2025
37547,22,355,12,1,10/27/2025
37547,22,358,12,1,10/27/2025
37547,22,351,12,1,10/27/2025
37547,22,345,12,1,10/27/2025
37547,22,340,12,1,10/27/2025
37547,22,346,12,1,10/27/2025
37547,22,341,12,1,10/27/2025
37547,22,347,12,1,10/27/2025
37547,22,342,12,1,10/27/2025
37547,22,350,12,1,10/27/2025
37547,22,343,12,1,10/27/2025
37547,22,348,12,1,10/27/2025
37547,22,344,12,1,10/27/2025
37547,22,349,12,1,10/27/2025
37549,22,353,12,1,10/14/2025
37549,22,357,12,1,10/14/2025
37549,22,352,12,1,10/14/2025
37549,22,356,12,1,10/14/2025
37549,22,354,12,1,10/14/2025
37549,22,359,12,1,10/14/2025
37549,22,355,12,1,10/14/2025
37549,22,358,12,1,10/14/2025
37549,22,351,12,1,10/14/2025
37549,22,345,12,1,10/14/2025
37549,22,340,12,1,10/14/2025
37549,22,346,12,1,10/14/2025
37549,22,341,12,1,10/14/2025
37549,22,347,12,1,10/14/2025
37549,22,342,12,1,10/14/2025
37549,22,350,12,1,10/14/2025
37549,22,343,12,1,10/14/2025
37549,22,348,12,1,10/14/2025
37549,22,344,12,1,10/14/2025
37549,22,349,12,1,10/14/2025
37561,20,368,12,1,03/14/2025
37561,20,370,12,1,03/14/2025
37561,20,369,12,1,03/14/2025
37561,20,371,12,1,03/14/2025
37561,20,372,12,1,03/14/2025
37564,12,368,12,1,09/27/2019
37564,12,370,12,1,09/27/2019
37564,12,369,12,1,09/27/2019
37564,12,371,12,1,09/27/2019
37564,12,372,12,1,09/27/2019
37575,22,239,8,1,02/27/2026
37575,22,228,9,2,02/27/2026
37575,22,240,8,1,02/27/2026
37575,22,238,9,2,02/27/2026
37578,30,239,8,1,03/27/2026
37578,30,228,9,2,03/27/2026
37578,30,240,8,1,03/27/2026
37578,30,238,9,2,03/27/2026
37581,24,391,12,1,03/04/2025
37581,24,394,12,1,03/04/2025
37581,24,392,12,1,03/04/2025
37581,24,395,12,1,03/04/2025
37581,24,393,12,1,03/04/2025
37581,24,396,12,1,03/04/2025
37581,24,374,13,1,03/04/2025
37581,24,378,13,1,03/04/2025
37581,24,375,13,1,03/04/2025
37581,24,379,13,1,03/04/2025
37581,24,376,13,1,03/04/2025
37581,24,380,13,1,03/04/2025
37581,24,377,13,1,03/04/2025
37581,24,381,13,1,03/04/2025
37598,21,239,8,1,11/26/2025
37598,21,228,9,2,11/26/2025
37598,21,240,8,1,11/26/2025
37598,21,238,9,2,11/26/2025
37602,18,391,12,1,12/22/2025
37602,18,394,12,1,12/22/2025
37602,18,392,12,1,12/22/2025
37602,18,395,12,1,12/22/2025
37602,18,393,12,1,12/22/2025
37602,18,396,12,1,12/22/2025
37602,18,374,13,1,12/22/2025
37602,18,378,13,1,12/22/2025
37602,18,375,13,1,12/22/2025
37602,18,379,13,1,12/22/2025
37602,18,376,13,1,12/22/2025
37602,18,380,13,1,12/22/2025
37602,18,377,13,1,12/22/2025
37602,18,381,13,1,12/22/2025
37606,18,500,8,1,07/14/2026
37606,18,504,9,1,07/14/2026
37606,18,501,8,1,07/14/2026
37606,18,505,9,1,07/14/2026
37606,18,502,8,1,07/14/2026
37606,18,506,9,1,07/14/2026
37606,18,507,13,1,07/14/2026
37606,18,509,13,1,07/14/2026
37606,18,508,13,1,07/14/2026
37606,18,510,13,1,07/14/2026
37606,18,511,13,1,07/14/2026
37606,18,512,13,1,07/14/2026
37606,18,517,13,1,07/14/2026
37606,18,519,13,1,07/14/2026
37606,18,514,13,1,07/14/2026
37606,18,520,13,1,07/14/2026
37606,18,515,13,1,07/14/2026
37606,18,521,13,1,07/14/2026
37606,18,513,13,1,07/14/2026
37606,18,523,13,1,07/14/2026
37606,18,516,13,1,07/14/2026
37606,18,522,13,1,07/14/2026
37608,22,239,8,1,07/24/2026
37608,22,228,9,2,07/24/2026
37608,22,240,8,1,07/24/2026
37608,22,238,9,2,07/24/2026
37616,16,360,12,1,09/02/2025
37616,16,364,12,1,09/02/2025
37616,16,365,12,1,09/02/2025
37616,16,361,12,1,09/02/2025
37616,16,366,12,1,09/02/2025
37616,16,362,12,1,09/02/2025
37616,16,367,12,1,09/02/2025
37616,16,363,12,1,09/02/2025
37616,16,353,12,1,09/02/2025
37616,16,357,12,1,09/02/2025
37616,16,352,12,1,09/02/2025
37616,16,356,12,1,09/02/2025
37616,16,354,12,1,09/02/2025
37616,16,359,12,1,09/02/2025
37616,16,355,12,1,09/02/2025
37616,16,358,12,1,09/02/2025
37616,16,351,12,1,09/02/2025
37616,16,345,12,1,09/02/2025
37616,16,340,12,1,09/02/2025
37616,16,346,12,1,09/02/2025
37616,16,341,12,1,09/02/2025
37616,16,347,12,1,09/02/2025
37616,16,342,12,1,09/02/2025
37616,16,350,12,1,09/02/2025
37616,16,343,12,1,09/02/2025
37616,16,348,12,1,09/02/2025
37616,16,344,12,1,09/02/2025
37616,16,349,12,1,09/02/2025
37618,16,353,12,1,02/11/2025
37618,16,357,12,1,02/11/2025
37618,16,352,12,1,02/11/2025
37618,16,356,12,1,02/11/2025
37618,16,354,12,1,02/11/2025
37618,16,359,12,1,02/11/2025
37618,16,355,12,1,02/11/2025
37618,16,358,12,1,02/11/2025
37618,16,351,12,1,02/11/2025
37618,16,345,12,1,02/11/2025
37618,16,340,12,1,02/11/2025
37618,16,346,12,1,02/11/2025
37618,16,341,12,1,02/11/2025
37618,16,347,12,1,02/11/2025
37618,16,342,12,1,02/11/2025
37618,16,350,12,1,02/11/2025
37618,16,343,12,1,02/11/2025
37618,16,348,12,1,02/11/2025
37618,16,344,12,1,02/11/2025
37618,16,349,12,1,02/11/2025
37620,16,360,12,1,10/14/2025
37620,16,364,12,1,10/14/2025
37620,16,365,12,1,10/14/2025
37620,16,361,12,1,10/14/2025
37620,16,366,12,1,10/14/2025
37620,16,362,12,1,10/14/2025
37620,16,367,12,1,10/14/2025
37620,16,363,12,1,10/14/2025
37620,16,353,12,1,10/14/2025
37620,16,357,12,1,10/14/2025
37620,16,352,12,1,10/14/2025
37620,16,356,12,1,10/14/2025
37620,16,354,12,1,10/14/2025
37620,16,359,12,1,10/14/2025
37620,16,355,12,1,10/14/2025
37620,16,358,12,1,10/14/2025
37620,16,351,12,1,10/14/2025
37620,16,345,12,1,10/14/2025
37620,16,340,12,1,10/14/2025
37620,16,346,12,1,10/14/2025
37620,16,341,12,1,10/14/2025
37620,16,347,12,1,10/14/2025
37620,16,342,12,1,10/14/2025
37620,16,350,12,1,10/14/2025
37620,16,343,12,1,10/14/2025
37620,16,348,12,1,10/14/2025
37620,16,344,12,1,10/14/2025
37620,16,349,12,1,10/14/2025
37622,18,353,12,1,10/10/2025
37622,18,357,12,1,10/10/2025
37622,18,352,12,1,10/10/2025
37622,18,356,12,1,10/10/2025
37622,18,354,12,1,10/10/2025
37622,18,359,12,1,10/10/2025
37622,18,355,12,1,10/10/2025
37622,18,358,12,1,10/10/2025
37622,18,351,12,1,10/10/2025
37622,18,345,12,1,10/10/2025
37622,18,340,12,1,10/10/2025
37622,18,346,12,1,10/10/2025
37622,18,341,12,1,10/10/2025
37622,18,347,12,1,10/10/2025
37622,18,342,12,1,10/10/2025
37622,18,350,12,1,10/10/2025
37622,18,343,12,1,10/10/2025
37622,18,348,12,1,10/10/2025
37622,18,344,12,1,10/10/2025
37622,18,349,12,1,10/10/2025
37628,24,360,12,1,10/08/2025
37628,24,364,12,1,10/08/2025
37628,24,365,12,1,10/08/2025
37628,24,361,12,1,10/08/2025
37628,24,366,12,1,10/08/2025
37628,24,362,12,1,10/08/2025
37628,24,367,12,1,10/08/2025
37628,24,363,12,1,10/08/2025
37628,24,353,12,1,10/08/2025
37628,24,357,12,1,10/08/2025
37628,24,352,12,1,10/08/2025
37628,24,356,12,1,10/08/2025
37628,24,354,12,1,10/08/2025
37628,24,359,12,1,10/08/2025
37628,24,355,12,1,10/08/2025
37628,24,358,12,1,10/08/2025
37628,24,351,12,1,10/08/2025
37628,24,345,12,1,10/08/2025
37628,24,340,12,1,10/08/2025
37628,24,346,12,1,10/08/2025
37628,24,341,12,1,10/08/2025
37628,24,347,12,1,10/08/2025
37628,24,342,12,1,10/08/2025
37628,24,350,12,1,10/08/2025
37628,24,343,12,1,10/08/2025
37628,24,348,12,1,10/08/2025
37628,24,344,12,1,10/08/2025
37628,24,349,12,1,10/08/2025
37630,21,353,12,1,02/16/2021
37630,21,357,12,1,02/16/2021
37630,21,352,12,1,02/16/2021
37630,21,356,12,1,02/16/2021
37630,21,354,12,1,02/16/2021
37630,21,359,12,1,02/16/2021
37630,21,355,12,1,02/16/2021
37630,21,358,12,1,02/16/2021
37630,21,351,12,1,02/16/2021
37630,21,345,12,1,02/16/2021
37630,21,340,12,1,02/16/2021
37630,21,346,12,1,02/16/2021
37630,21,341,12,1,02/16/2021
37630,21,347,12,1,02/16/2021
37630,21,342,12,1,02/16/2021
37630,21,350,12,1,02/16/2021
37630,21,343,12,1,02/16/2021
37630,21,348,12,1,02/16/2021
37630,21,344,12,1,02/16/2021
37630,21,349,12,1,02/16/2021
37632,26,391,12,1,05/04/2021
37632,26,394,12,1,05/04/2021
37632,26,392,12,1,05/04/2021
37632,26,395,12,1,05/04/2021
37632,26,393,12,1,05/04/2021
37632,26,396,12,1,05/04/2021
37632,26,374,13,1,05/04/2021
37632,26,378,13,1,05/04/2021
37632,26,375,13,1,05/04/2021
37632,26,379,13,1,05/04/2021
37632,26,376,13,1,05/04/2021
37632,26,380,13,1,05/04/2021
37632,26,377,13,1,05/04/2021
37632,26,381,13,1,05/04/2021
37633,26,391,12,1,08/03/2020
37633,26,392,12,1,08/03/2020
37633,26,393,12,1,08/03/2020
37633,26,374,13,1,08/03/2020
37633,26,375,13,1,08/03/2020
37633,26,376,13,1,08/03/2020
37633,26,377,13,1,08/03/2020
37638,31,391,12,1,10/15/2024
37638,31,394,12,1,10/15/2024
37638,31,392,12,1,10/15/2024
37638,31,395,12,1,10/15/2024
37638,31,393,12,1,10/15/2024
37638,31,396,12,1,10/15/2024
37638,31,374,13,1,10/15/2024
37638,31,378,13,1,10/15/2024
37638,31,375,13,1,10/15/2024
37638,31,379,13,1,10/15/2024
37638,31,376,13,1,10/15/2024
37638,31,380,13,1,10/15/2024
37638,31,377,13,1,10/15/2024
37638,31,381,13,1,10/15/2024
37641,16,391,12,1,06/16/2022
37641,16,394,12,1,06/16/2022
37641,16,392,12,1,06/16/2022
37641,16,395,12,1,06/16/2022
37641,16,393,12,1,06/16/2022
37641,16,396,12,1,06/16/2022
37641,16,374,13,1,06/16/2022
37641,16,378,13,1,06/16/2022
37641,16,375,13,1,06/16/2022
37641,16,379,13,1,06/16/2022
37641,16,376,13,1,06/16/2022
37641,16,380,13,1,06/16/2022
37641,16,377,13,1,06/16/2022
37641,16,381,13,1,06/16/2022
37642,18,391,12,1,09/27/2024
37642,18,394,12,1,09/27/2024
37642,18,392,12,1,09/27/2024
37642,18,395,12,1,09/27/2024
37642,18,393,12,1,09/27/2024
37642,18,396,12,1,09/27/2024
37642,18,374,13,1,09/27/2024
37642,18,378,13,1,09/27/2024
37642,18,375,13,1,09/27/2024
37642,18,379,13,1,09/27/2024
37642,18,376,13,1,09/27/2024
37642,18,380,13,1,09/27/2024
37642,18,377,13,1,09/27/2024
37642,18,381,13,1,09/27/2024
37643,24,391,12,1,11/27/2019
37643,24,394,12,1,11/27/2019
37643,24,392,12,1,11/27/2019
37643,24,395,12,1,11/27/2019
37643,24,393,12,1,11/27/2019
37643,24,396,12,1,11/27/2019
37643,24,374,13,1,11/27/2019
37643,24,378,13,1,11/27/2019
37643,24,375,13,1,11/27/2019
37643,24,379,13,1,11/27/2019
37643,24,376,13,1,11/27/2019
37643,24,380,13,1,11/27/2019
37643,24,377,13,1,11/27/2019
37643,24,381,13,1,11/27/2019
37644,22,391,12,1,03/03/2022
37644,22,394,12,1,03/03/2022
37644,22,392,12,1,03/03/2022
37644,22,395,12,1,03/03/2022
37644,22,393,12,1,03/03/2022
37644,22,396,12,1,03/03/2022
37644,22,374,13,1,03/03/2022
37644,22,378,13,1,03/03/2022
37644,22,375,13,1,03/03/2022
37644,22,379,13,1,03/03/2022
37644,22,376,13,1,03/03/2022
37644,22,380,13,1,03/03/2022
37644,22,377,13,1,03/03/2022
37644,22,381,13,1,03/03/2022
37663,20,143,8,1,04/22/2025
37663,20,147,9,1,04/22/2025
37663,20,144,8,1,04/22/2025
37663,20,148,9,1,04/22/2025
37663,20,145,8,1,04/22/2025
37663,20,149,9,1,04/22/2025
37663,20,146,8,1,04/22/2025
37663,20,151,9,1,04/22/2025
37663,20,268,8,1,04/22/2025
37663,20,264,8,1,04/22/2025
37663,20,265,9,1,04/22/2025
37663,20,266,8,1,04/22/2025
37663,20,267,9,1,04/22/2025
37725,44,391,12,1,06/20/2025
37725,44,394,12,1,06/20/2025
37725,44,392,12,1,06/20/2025
37725,44,395,12,1,06/20/2025
37725,44,393,12,1,06/20/2025
37725,44,396,12,1,06/20/2025
37725,44,374,13,1,06/20/2025
37725,44,378,13,1,06/20/2025
37725,44,375,13,1,06/20/2025
37725,44,379,13,1,06/20/2025
37725,44,376,13,1,06/20/2025
37725,44,380,13,1,06/20/2025
37725,44,377,13,1,06/20/2025
37725,44,381,13,1,06/20/2025
37729,25,360,12,1,09/02/2025
37729,25,364,12,1,09/02/2025
37729,25,365,12,1,09/02/2025
37729,25,361,12,1,09/02/2025
37729,25,366,12,1,09/02/2025
37729,25,362,12,1,09/02/2025
37729,25,367,12,1,09/02/2025
37729,25,363,12,1,09/02/2025
37729,25,353,12,1,09/02/2025
37729,25,357,12,1,09/02/2025
37729,25,352,12,1,09/02/2025
37729,25,356,12,1,09/02/2025
37729,25,354,12,1,09/02/2025
37729,25,359,12,1,09/02/2025
37729,25,355,12,1,09/02/2025
37729,25,358,12,1,09/02/2025
37729,25,351,12,1,09/02/2025
37729,25,345,12,1,09/02/2025
37729,25,340,12,1,09/02/2025
37729,25,346,12,1,09/02/2025
37729,25,341,12,1,09/02/2025
37729,25,347,12,1,09/02/2025
37729,25,342,12,1,09/02/2025
37729,25,350,12,1,09/02/2025
37729,25,343,12,1,09/02/2025
37729,25,348,12,1,09/02/2025
37729,25,344,12,1,09/02/2025
37729,25,349,12,1,09/02/2025
37738,23,353,12,1,06/09/2023
37738,23,357,12,1,06/09/2023
37738,23,352,12,1,06/09/2023
37738,23,356,12,1,06/09/2023
37738,23,354,12,1,06/09/2023
37738,23,359,12,1,06/09/2023
37738,23,355,12,1,06/09/2023
37738,23,358,12,1,06/09/2023
37738,23,351,12,1,06/09/2023
37738,23,345,12,1,06/09/2023
37738,23,340,12,1,06/09/2023
37738,23,346,12,1,06/09/2023
37738,23,341,12,1,06/09/2023
37738,23,347,12,1,06/09/2023
37738,23,342,12,1,06/09/2023
37738,23,350,12,1,06/09/2023
37738,23,343,12,1,06/09/2023
37738,23,348,12,1,06/09/2023
37738,23,344,12,1,06/09/2023
37738,23,349,12,1,06/09/2023
37748,31,353,12,1,10/10/2025
37748,31,357,12,1,10/10/2025
37748,31,352,12,1,10/10/2025
37748,31,356,12,1,10/10/2025
37748,31,354,12,1,10/10/2025
37748,31,359,12,1,10/10/2025
37748,31,355,12,1,10/10/2025
37748,31,358,12,1,10/10/2025
37748,31,351,12,1,10/10/2025
37748,31,345,12,1,10/10/2025
37748,31,340,12,1,10/10/2025
37748,31,346,12,1,10/10/2025
37748,31,341,12,1,10/10/2025
37748,31,347,12,1,10/10/2025
37748,31,342,12,1,10/10/2025
37748,31,350,12,1,10/10/2025
37748,31,343,12,1,10/10/2025
37748,31,348,12,1,10/10/2025
37748,31,344,12,1,10/10/2025
37748,31,349,12,1,10/10/2025
37750,32,360,12,1,01/12/2026
37750,32,364,12,1,01/12/2026
37750,32,365,12,1,01/12/2026
37750,32,361,12,1,01/12/2026
37750,32,366,12,1,01/12/2026
37750,32,362,12,1,01/12/2026
37750,32,367,12,1,01/12/2026
37750,32,363,12,1,01/12/2026
37750,32,353,12,1,01/12/2026
37750,32,357,12,1,01/12/2026
37750,32,352,12,1,01/12/2026
37750,32,356,12,1,01/12/2026
37750,32,354,12,1,01/12/2026
37750,32,359,12,1,01/12/2026
37750,32,355,12,1,01/12/2026
37750,32,358,12,1,01/12/2026
37750,32,351,12,1,01/12/2026
37750,32,345,12,1,01/12/2026
37750,32,340,12,1,01/12/2026
37750,32,346,12,1,01/12/2026
37750,32,341,12,1,01/12/2026
37750,32,347,12,1,01/12/2026
37750,32,342,12,1,01/12/2026
37750,32,350,12,1,01/12/2026
37750,32,343,12,1,01/12/2026
37750,32,348,12,1,01/12/2026
37750,32,344,12,1,01/12/2026
37750,32,349,12,1,01/12/2026
37761,23,391,12,1,04/10/2024
37761,23,394,12,1,04/10/2024
37761,23,392,12,1,04/10/2024
37761,23,395,12,1,04/10/2024
37761,23,393,12,1,04/10/2024
37761,23,396,12,1,04/10/2024
37761,23,374,13,1,04/10/2024
37761,23,378,13,1,04/10/2024
37761,23,375,13,1,04/10/2024
37761,23,379,13,1,04/10/2024
37761,23,376,13,1,04/10/2024
37761,23,380,13,1,04/10/2024
37761,23,377,13,1,04/10/2024
37761,23,381,13,1,04/10/2024
37772,14,143,8,1,05/23/2023
37772,14,147,9,1,05/23/2023
37772,14,144,8,1,05/23/2023
37772,14,148,9,1,05/23/2023
37772,14,145,8,1,05/23/2023
37772,14,149,9,1,05/23/2023
37772,14,146,8,1,05/23/2023
37772,14,151,9,1,05/23/2023
37772,14,268,8,1,05/23/2023
37772,14,264,8,1,05/23/2023
37772,14,265,9,1,05/23/2023
37772,14,266,8,1,05/23/2023
37772,14,267,9,1,05/23/2023
37774,15,391,12,1,01/12/2024
37774,15,394,12,1,01/12/2024
37774,15,392,12,1,01/12/2024
37774,15,395,12,1,01/12/2024
37774,15,393,12,1,01/12/2024
37774,15,396,12,1,01/12/2024
37774,15,374,13,1,01/12/2024
37774,15,378,13,1,01/12/2024
37774,15,375,13,1,01/12/2024
37774,15,379,13,1,01/12/2024
37774,15,376,13,1,01/12/2024
37774,15,380,13,1,01/12/2024
37774,15,377,13,1,01/12/2024
37774,15,381,13,1,01/12/2024
37779,16,391,12,1,07/23/2021
37779,16,394,12,1,07/23/2021
37779,16,392,12,1,07/23/2021
37779,16,395,12,1,07/23/2021
37779,16,393,12,1,07/23/2021
37779,16,396,12,1,07/23/2021
37779,16,374,13,1,07/23/2021
37779,16,378,13,1,07/23/2021
37779,16,375,13,1,07/23/2021
37779,16,379,13,1,07/23/2021
37779,16,376,13,1,07/23/2021
37779,16,380,13,1,07/23/2021
37779,16,377,13,1,07/23/2021
37779,16,381,13,1,07/23/2021
37790,21,239,8,1,08/29/2025
37790,21,228,9,2,08/29/2025
37790,21,240,8,1,08/29/2025
37790,21,238,9,2,08/29/2025
37792,16,331,12,1,11/08/2019
37792,16,335,12,1,11/08/2019
37792,16,332,12,1,11/08/2019
37792,16,336,12,1,11/08/2019
37792,16,333,12,1,11/08/2019
37792,16,337,12,1,11/08/2019
37792,16,334,12,1,11/08/2019
37792,16,338,12,1,11/08/2019
37792,16,339,12,1,11/08/2019
37792,16,327,12,1,11/08/2019
37792,16,325,12,1,11/08/2019
37792,16,328,12,1,11/08/2019
37792,16,326,12,1,11/08/2019
37792,16,329,12,1,11/08/2019
37792,16,330,12,1,11/08/2019
37792,16,314,12,1,11/08/2019
37792,16,319,12,1,11/08/2019
37792,16,315,12,1,11/08/2019
37792,16,320,12,1,11/08/2019
37792,16,316,12,1,11/08/2019
37792,16,321,12,1,11/08/2019
37792,16,317,12,1,11/08/2019
37792,16,322,12,1,11/08/2019
37792,16,318,12,1,11/08/2019
37792,16,323,12,1,11/08/2019
37792,16,324,12,1,11/08/2019
37794,23,391,12,1,06/23/2025
37794,23,394,12,1,06/23/2025
37794,23,392,12,1,06/23/2025
37794,23,395,12,1,06/23/2025
37794,23,393,12,1,06/23/2025
37794,23,396,12,1,06/23/2025
37794,23,374,13,1,06/23/2025
37794,23,378,13,1,06/23/2025
37794,23,375,13,1,06/23/2025
37794,23,379,13,1,06/23/2025
37794,23,376,13,1,06/23/2025
37794,23,380,13,1,06/23/2025
37794,23,377,13,1,06/23/2025
37794,23,381,13,1,06/23/2025
37798,13,368,12,1,11/15/2019
37798,13,370,12,1,11/15/2019
37798,13,369,12,1,11/15/2019
37798,13,371,12,1,11/15/2019
37798,13,372,12,1,11/15/2019
37800,19,368,12,1,02/09/2024
37800,19,370,12,1,02/09/2024
37800,19,369,12,1,02/09/2024
37800,19,371,12,1,02/09/2024
37800,19,372,12,1,02/09/2024
37810,26,500,8,1,07/16/2026
37810,26,504,9,1,07/16/2026
37810,26,501,8,1,07/16/2026
37810,26,505,9,1,07/16/2026
37810,26,502,8,1,07/16/2026
37810,26,506,9,1,07/16/2026
37810,26,507,13,1,07/16/2026
37810,26,509,13,1,07/16/2026
37810,26,508,13,1,07/16/2026
37810,26,510,13,1,07/16/2026
37810,26,511,13,1,07/16/2026
37810,26,512,13,1,07/16/2026
37810,26,517,13,1,07/16/2026
37810,26,519,13,1,07/16/2026
37810,26,514,13,1,07/16/2026
37810,26,520,13,1,07/16/2026
37810,26,515,13,1,07/16/2026
37810,26,521,13,1,07/16/2026
37810,26,513,13,1,07/16/2026
37810,26,523,13,1,07/16/2026
37810,26,516,13,1,07/16/2026
37810,26,522,13,1,07/16/2026
37822,19,360,12,1,01/12/2026
37822,19,364,12,1,01/12/2026
37822,19,365,12,1,01/12/2026
37822,19,361,12,1,01/12/2026
37822,19,366,12,1,01/12/2026
37822,19,362,12,1,01/12/2026
37822,19,367,12,1,01/12/2026
37822,19,363,12,1,01/12/2026
37822,19,353,12,1,01/12/2026
37822,19,357,12,1,01/12/2026
37822,19,352,12,1,01/12/2026
37822,19,356,12,1,01/12/2026
37822,19,354,12,1,01/12/2026
37822,19,359,12,1,01/12/2026
37822,19,355,12,1,01/12/2026
37822,19,358,12,1,01/12/2026
37822,19,351,12,1,01/12/2026
37822,19,345,12,1,01/12/2026
37822,19,340,12,1,01/12/2026
37822,19,346,12,1,01/12/2026
37822,19,341,12,1,01/12/2026
37822,19,347,12,1,01/12/2026
37822,19,342,12,1,01/12/2026
37822,19,350,12,1,01/12/2026
37822,19,343,12,1,01/12/2026
37822,19,348,12,1,01/12/2026
37822,19,344,12,1,01/12/2026
37822,19,349,12,1,01/12/2026
37824,19,353,12,1,06/23/2025
37824,19,357,12,1,06/23/2025
37824,19,352,12,1,06/23/2025
37824,19,356,12,1,06/23/2025
37824,19,354,12,1,06/23/2025
37824,19,359,12,1,06/23/2025
37824,19,355,12,1,06/23/2025
37824,19,358,12,1,06/23/2025
37824,19,351,12,1,06/23/2025
37824,19,345,12,1,06/23/2025
37824,19,340,12,1,06/23/2025
37824,19,346,12,1,06/23/2025
37824,19,341,12,1,06/23/2025
37824,19,347,12,1,06/23/2025
37824,19,342,12,1,06/23/2025
37824,19,350,12,1,06/23/2025
37824,19,343,12,1,06/23/2025
37824,19,348,12,1,06/23/2025
37824,19,344,12,1,06/23/2025
37824,19,349,12,1,06/23/2025
37826,28,391,12,1,09/06/2024
37826,28,394,12,1,09/06/2024
37826,28,392,12,1,09/06/2024
37826,28,395,12,1,09/06/2024
37826,28,393,12,1,09/06/2024
37826,28,396,12,1,09/06/2024
37826,28,374,13,1,09/06/2024
37826,28,378,13,1,09/06/2024
37826,28,375,13,1,09/06/2024
37826,28,379,13,1,09/06/2024
37826,28,376,13,1,09/06/2024
37826,28,380,13,1,09/06/2024
37826,28,377,13,1,09/06/2024
37826,28,381,13,1,09/06/2024
37832,23,239,8,1,10/16/2025
37832,23,228,9,2,10/16/2025
37832,23,240,8,1,10/16/2025
37832,23,238,9,2,10/16/2025
37848,18,391,12,1,09/06/2024
37848,18,394,12,1,09/06/2024
37848,18,392,12,1,09/06/2024
37848,18,395,12,1,09/06/2024
37848,18,393,12,1,09/06/2024
37848,18,396,12,1,09/06/2024
37848,18,374,13,1,09/06/2024
37848,18,378,13,1,09/06/2024
37848,18,375,13,1,09/06/2024
37848,18,379,13,1,09/06/2024
37848,18,376,13,1,09/06/2024
37848,18,380,13,1,09/06/2024
37848,18,377,13,1,09/06/2024
37848,18,381,13,1,09/06/2024
37857,20,391,12,1,06/19/2023
37857,20,394,12,1,06/19/2023
37857,20,392,12,1,06/19/2023
37857,20,395,12,1,06/19/2023
37857,20,393,12,1,06/19/2023
37857,20,396,12,1,06/19/2023
37857,20,374,13,1,06/19/2023
37857,20,378,13,1,06/19/2023
37857,20,375,13,1,06/19/2023
37857,20,379,13,1,06/19/2023
37857,20,376,13,1,06/19/2023
37857,20,380,13,1,06/19/2023
37857,20,377,13,1,06/19/2023
37857,20,381,13,1,06/19/2023
37863,25,391,12,1,04/10/2023
37863,25,394,12,1,04/10/2023
37863,25,392,12,1,04/10/2023
37863,25,395,12,1,04/10/2023
37863,25,393,12,1,04/10/2023
37863,25,396,12,1,04/10/2023
37863,25,374,13,1,04/10/2023
37863,25,378,13,1,04/10/2023
37863,25,375,13,1,04/10/2023
37863,25,379,13,1,04/10/2023
37863,25,376,13,1,04/10/2023
37863,25,380,13,1,04/10/2023
37863,25,377,13,1,04/10/2023
37863,25,381,13,1,04/10/2023
37870,19,391,12,1,10/06/2021
37870,19,394,12,1,10/06/2021
37870,19,392,12,1,10/06/2021
37870,19,395,12,1,10/06/2021
37870,19,393,12,1,10/06/2021
37870,19,396,12,1,10/06/2021
37870,19,374,13,1,10/06/2021
37870,19,378,13,1,10/06/2021
37870,19,375,13,1,10/06/2021
37870,19,379,13,1,10/06/2021
37870,19,376,13,1,10/06/2021
37870,19,380,13,1,10/06/2021
37870,19,377,13,1,10/06/2021
37870,19,381,13,1,10/06/2021
37873,18,391,12,1,04/07/2026
37873,18,394,12,1,04/07/2026
37873,18,392,12,1,04/07/2026
37873,18,395,12,1,04/07/2026
37873,18,393,12,1,04/07/2026
37873,18,396,12,1,04/07/2026
37873,18,374,13,1,04/07/2026
37873,18,378,13,1,04/07/2026
37873,18,375,13,1,04/07/2026
37873,18,379,13,1,04/07/2026
37873,18,376,13,1,04/07/2026
37873,18,380,13,1,04/07/2026
37873,18,377,13,1,04/07/2026
37873,18,381,13,1,04/07/2026
37887,25,360,12,1,01/12/2026
37887,25,364,12,1,01/12/2026
37887,25,365,12,1,01/12/2026
37887,25,361,12,1,01/12/2026
37887,25,366,12,1,01/12/2026
37887,25,362,12,1,01/12/2026
37887,25,367,12,1,01/12/2026
37887,25,363,12,1,01/12/2026
37887,25,353,12,1,01/12/2026
37887,25,357,12,1,01/12/2026
37887,25,352,12,1,01/12/2026
37887,25,356,12,1,01/12/2026
37887,25,354,12,1,01/12/2026
37887,25,359,12,1,01/12/2026
37887,25,355,12,1,01/12/2026
37887,25,358,12,1,01/12/2026
37887,25,351,12,1,01/12/2026
37887,25,345,12,1,01/12/2026
37887,25,340,12,1,01/12/2026
37887,25,346,12,1,01/12/2026
37887,25,341,12,1,01/12/2026
37887,25,347,12,1,01/12/2026
37887,25,342,12,1,01/12/2026
37887,25,350,12,1,01/12/2026
37887,25,343,12,1,01/12/2026
37887,25,348,12,1,01/12/2026
37887,25,344,12,1,01/12/2026
37887,25,349,12,1,01/12/2026
37891,24,353,12,1,06/19/2023
37891,24,357,12,1,06/19/2023
37891,24,352,12,1,06/19/2023
37891,24,356,12,1,06/19/2023
37891,24,354,12,1,06/19/2023
37891,24,359,12,1,06/19/2023
37891,24,355,12,1,06/19/2023
37891,24,358,12,1,06/19/2023
37891,24,351,12,1,06/19/2023
37891,24,345,12,1,06/19/2023
37891,24,340,12,1,06/19/2023
37891,24,346,12,1,06/19/2023
37891,24,341,12,1,06/19/2023
37891,24,347,12,1,06/19/2023
37891,24,342,12,1,06/19/2023
37891,24,350,12,1,06/19/2023
37891,24,343,12,1,06/19/2023
37891,24,348,12,1,06/19/2023
37891,24,344,12,1,06/19/2023
37891,24,349,12,1,06/19/2023
37893,30,331,12,1,11/06/2020
37893,30,335,12,1,11/06/2020
37893,30,332,12,1,11/06/2020
37893,30,336,12,1,11/06/2020
37893,30,333,12,1,11/06/2020
37893,30,337,12,1,11/06/2020
37893,30,334,12,1,11/06/2020
37893,30,338,12,1,11/06/2020
37893,30,339,12,1,11/06/2020
37893,30,327,12,1,11/06/2020
37893,30,325,12,1,11/06/2020
37893,30,328,12,1,11/06/2020
37893,30,326,12,1,11/06/2020
37893,30,329,12,1,11/06/2020
37893,30,330,12,1,11/06/2020
37893,30,314,12,1,11/06/2020
37893,30,319,12,1,11/06/2020
37893,30,315,12,1,11/06/2020
37893,30,320,12,1,11/06/2020
37893,30,316,12,1,11/06/2020
37893,30,321,12,1,11/06/2020
37893,30,317,12,1,11/06/2020
37893,30,322,12,1,11/06/2020
37893,30,318,12,1,11/06/2020
37893,30,323,12,1,11/06/2020
37893,30,324,12,1,11/06/2020
37897,18,360,12,1,01/12/2026
37897,18,364,12,1,01/12/2026
37897,18,365,12,1,01/12/2026
37897,18,361,12,1,01/12/2026
37897,18,366,12,1,01/12/2026
37897,18,362,12,1,01/12/2026
37897,18,367,12,1,01/12/2026
37897,18,363,12,1,01/12/2026
37897,18,353,12,1,01/12/2026
37897,18,357,12,1,01/12/2026
37897,18,352,12,1,01/12/2026
37897,18,356,12,1,01/12/2026
37897,18,354,12,1,01/12/2026
37897,18,359,12,1,01/12/2026
37897,18,355,12,1,01/12/2026
37897,18,358,12,1,01/12/2026
37897,18,351,12,1,01/12/2026
37897,18,345,12,1,01/12/2026
37897,18,340,12,1,01/12/2026
37897,18,346,12,1,01/12/2026
37897,18,341,12,1,01/12/2026
37897,18,347,12,1,01/12/2026
37897,18,342,12,1,01/12/2026
37897,18,350,12,1,01/12/2026
37897,18,343,12,1,01/12/2026
37897,18,348,12,1,01/12/2026
37897,18,344,12,1,01/12/2026
37897,18,349,12,1,01/12/2026
37899,14,353,12,1,10/05/2021
37899,14,357,12,1,10/05/2021
37899,14,352,12,1,10/05/2021
37899,14,356,12,1,10/05/2021
37899,14,354,12,1,10/05/2021
37899,14,359,12,1,10/05/2021
37899,14,355,12,1,10/05/2021
37899,14,358,12,1,10/05/2021
37899,14,351,12,1,10/05/2021
37899,14,345,12,1,10/05/2021
37899,14,340,12,1,10/05/2021
37899,14,346,12,1,10/05/2021
37899,14,341,12,1,10/05/2021
37899,14,347,12,1,10/05/2021
37899,14,342,12,1,10/05/2021
37899,14,350,12,1,10/05/2021
37899,14,343,12,1,10/05/2021
37899,14,348,12,1,10/05/2021
37899,14,344,12,1,10/05/2021
37899,14,349,12,1,10/05/2021
37903,18,239,8,1,06/11/2025
37903,18,228,9,2,06/11/2025
37903,18,240,8,1,06/11/2025
37903,18,238,9,2,06/11/2025
37905,18,239,8,1,05/22/2026
37905,18,228,9,2,05/22/2026
37905,18,240,8,1,05/22/2026
37905,18,238,9,2,05/22/2026
37913,17,143,8,1,02/20/2026
37913,17,147,9,1,02/20/2026
37913,17,144,8,1,02/20/2026
37913,17,148,9,1,02/20/2026
37913,17,145,8,1,02/20/2026
37913,17,149,9,1,02/20/2026
37913,17,146,8,1,02/20/2026
37913,17,151,9,1,02/20/2026
37913,17,268,8,1,02/20/2026
37913,17,264,8,1,02/20/2026
37913,17,265,9,1,02/20/2026
37913,17,266,8,1,02/20/2026
37913,17,267,9,1,02/20/2026
37919,12,143,8,1,06/22/2023
37919,12,147,9,1,06/22/2023
37919,12,144,8,1,06/22/2023
37919,12,148,9,1,06/22/2023
37919,12,145,8,1,06/22/2023
37919,12,149,9,1,06/22/2023
37919,12,146,8,1,06/22/2023
37919,12,151,9,1,06/22/2023
37919,12,268,8,1,06/22/2023
37919,12,264,8,1,06/22/2023
37919,12,265,9,1,06/22/2023
37919,12,266,8,1,06/22/2023
37919,12,267,9,1,06/22/2023
37921,18,143,8,1,11/20/2025
37921,18,147,9,1,11/20/2025
37921,18,144,8,1,11/20/2025
37921,18,148,9,1,11/20/2025
37921,18,145,8,1,11/20/2025
37921,18,149,9,1,11/20/2025
37921,18,146,8,1,11/20/2025
37921,18,151,9,1,11/20/2025
37921,18,268,8,1,11/20/2025
37921,18,264,8,1,11/20/2025
37921,18,265,9,1,11/20/2025
37921,18,266,8,1,11/20/2025
37921,18,267,9,1,11/20/2025
38014,9,500,8,1,07/14/2026
38014,9,504,9,1,07/14/2026
38014,9,501,8,1,07/14/2026
38014,9,505,9,1,07/14/2026
38014,9,502,8,1,07/14/2026
38014,9,506,9,1,07/14/2026
38014,9,507,13,1,07/14/2026
38014,9,509,13,1,07/14/2026
38014,9,508,13,1,07/14/2026
38014,9,510,13,1,07/14/2026
38014,9,511,13,1,07/14/2026
38014,9,512,13,1,07/14/2026
38014,9,517,13,1,07/14/2026
38014,9,519,13,1,07/14/2026
38014,9,514,13,1,07/14/2026
38014,9,520,13,1,07/14/2026
38014,9,515,13,1,07/14/2026
38014,9,521,13,1,07/14/2026
38014,9,513,13,1,07/14/2026
38014,9,523,13,1,07/14/2026
38014,9,516,13,1,07/14/2026
38014,9,522,13,1,07/14/2026
38016,21,239,8,1,06/20/2025
38016,21,228,9,2,06/20/2025
38016,21,240,8,1,06/20/2025
38016,21,238,9,2,06/20/2025
38018,18,143,8,1,06/16/2025
38018,18,147,9,1,06/16/2025
38018,18,144,8,1,06/16/2025
38018,18,148,9,1,06/16/2025
38018,18,145,8,1,06/16/2025
38018,18,149,9,1,06/16/2025
38018,18,146,8,1,06/16/2025
38018,18,151,9,1,06/16/2025
38018,18,268,8,1,06/16/2025
38018,18,264,8,1,06/16/2025
38018,18,265,9,1,06/16/2025
38018,18,266,8,1,06/16/2025
38018,18,267,9,1,06/16/2025
38026,30,391,12,1,08/06/2026
38026,30,394,12,1,08/06/2026
38026,30,392,12,1,08/06/2026
38026,30,395,12,1,08/06/2026
38026,30,393,12,1,08/06/2026
38026,30,396,12,1,08/06/2026
38026,30,374,13,1,08/06/2026
38026,30,378,13,1,08/06/2026
38026,30,375,13,1,08/06/2026
38026,30,379,13,1,08/06/2026
38026,30,376,13,1,08/06/2026
38026,30,380,13,1,08/06/2026
38026,30,377,13,1,08/06/2026
38026,30,381,13,1,08/06/2026
38033,13,391,12,1,04/17/2023
38033,13,394,12,1,04/17/2023
38033,13,392,12,1,04/17/2023
38033,13,395,12,1,04/17/2023
38033,13,393,12,1,04/17/2023
38033,13,396,12,1,04/17/2023
38033,13,374,13,1,04/17/2023
38033,13,378,13,1,04/17/2023
38033,13,375,13,1,04/17/2023
38033,13,379,13,1,04/17/2023
38033,13,376,13,1,04/17/2023
38033,13,380,13,1,04/17/2023
38033,13,377,13,1,04/17/2023
38033,13,381,13,1,04/17/2023
38043,14,391,12,1,02/26/2025
38043,14,394,12,1,02/26/2025
38043,14,392,12,1,02/26/2025
38043,14,395,12,1,02/26/2025
38043,14,393,12,1,02/26/2025
38043,14,396,12,1,02/26/2025
38043,14,374,13,1,02/26/2025
38043,14,378,13,1,02/26/2025
38043,14,375,13,1,02/26/2025
38043,14,379,13,1,02/26/2025
38043,14,376,13,1,02/26/2025
38043,14,380,13,1,02/26/2025
38043,14,377,13,1,02/26/2025
38043,14,381,13,1,02/26/2025
38045,17,391,12,1,06/02/2023
38045,17,394,12,1,06/02/2023
38045,17,392,12,1,06/02/2023
38045,17,395,12,1,06/02/2023
38045,17,393,12,1,06/02/2023
38045,17,396,12,1,06/02/2023
38045,17,374,13,1,06/02/2023
38045,17,378,13,1,06/02/2023
38045,17,375,13,1,06/02/2023
38045,17,379,13,1,06/02/2023
38045,17,376,13,1,06/02/2023
38045,17,380,13,1,06/02/2023
38045,17,377,13,1,06/02/2023
38045,17,381,13,1,06/02/2023
38047,13,391,12,1,03/22/2024
38047,13,394,12,1,03/22/2024
38047,13,392,12,1,03/22/2024
38047,13,395,12,1,03/22/2024
38047,13,393,12,1,03/22/2024
38047,13,396,12,1,03/22/2024
38047,13,374,13,1,03/22/2024
38047,13,378,13,1,03/22/2024
38047,13,375,13,1,03/22/2024
38047,13,379,13,1,03/22/2024
38047,13,376,13,1,03/22/2024
38047,13,380,13,1,03/22/2024
38047,13,377,13,1,03/22/2024
38047,13,381,13,1,03/22/2024
38051,17,391,12,1,06/14/2024
38051,17,394,12,1,06/14/2024
38051,17,392,12,1,06/14/2024
38051,17,395,12,1,06/14/2024
38051,17,393,12,1,06/14/2024
38051,17,396,12,1,06/14/2024
38051,17,374,13,1,06/14/2024
38051,17,378,13,1,06/14/2024
38051,17,375,13,1,06/14/2024
38051,17,379,13,1,06/14/2024
38051,17,376,13,1,06/14/2024
38051,17,380,13,1,06/14/2024
38051,17,377,13,1,06/14/2024
38051,17,381,13,1,06/14/2024
38065,12,239,8,1,02/13/2026
38065,12,228,9,2,02/13/2026
38065,12,240,8,1,02/13/2026
38065,12,238,9,2,02/13/2026
38067,13,239,8,1,08/15/2025
38067,13,228,9,2,08/15/2025
38067,13,240,8,1,08/15/2025
38067,13,238,9,2,08/15/2025
38070,12,239,8,1,02/11/2026
38070,12,228,9,2,02/11/2026
38070,12,240,8,1,02/11/2026
38070,12,238,9,2,02/11/2026
38111,10,239,8,1,05/13/2025
38111,10,228,9,2,05/13/2025
38111,10,240,8,1,05/13/2025
38111,10,238,9,2,05/13/2025
38119,11,360,12,1,01/26/2026
38119,11,364,12,1,01/26/2026
38119,11,365,12,1,01/26/2026
38119,11,361,12,1,01/26/2026
38119,11,366,12,1,01/26/2026
38119,11,362,12,1,01/26/2026
38119,11,367,12,1,01/26/2026
38119,11,363,12,1,01/26/2026
38119,11,353,12,1,01/26/2026
38119,11,357,12,1,01/26/2026
38119,11,352,12,1,01/26/2026
38119,11,356,12,1,01/26/2026
38119,11,354,12,1,01/26/2026
38119,11,359,12,1,01/26/2026
38119,11,355,12,1,01/26/2026
38119,11,358,12,1,01/26/2026
38119,11,351,12,1,01/26/2026
38119,11,345,12,1,01/26/2026
38119,11,340,12,1,01/26/2026
38119,11,346,12,1,01/26/2026
38119,11,341,12,1,01/26/2026
38119,11,347,12,1,01/26/2026
38119,11,342,12,1,01/26/2026
38119,11,350,12,1,01/26/2026
38119,11,343,12,1,01/26/2026
38119,11,348,12,1,01/26/2026
38119,11,344,12,1,01/26/2026
38119,11,349,12,1,01/26/2026
38121,11,353,12,1,08/08/2023
38121,11,357,12,1,08/08/2023
38121,11,352,12,1,08/08/2023
38121,11,356,12,1,08/08/2023
38121,11,354,12,1,08/08/2023
38121,11,359,12,1,08/08/2023
38121,11,355,12,1,08/08/2023
38121,11,358,12,1,08/08/2023
38121,11,351,12,1,08/08/2023
38121,11,345,12,1,08/08/2023
38121,11,340,12,1,08/08/2023
38121,11,346,12,1,08/08/2023
38121,11,341,12,1,08/08/2023
38121,11,347,12,1,08/08/2023
38121,11,342,12,1,08/08/2023
38121,11,350,12,1,08/08/2023
38121,11,343,12,1,08/08/2023
38121,11,348,12,1,08/08/2023
38121,11,344,12,1,08/08/2023
38121,11,349,12,1,08/08/2023
38123,12,360,12,1,01/26/2026
38123,12,364,12,1,01/26/2026
38123,12,365,12,1,01/26/2026
38123,12,361,12,1,01/26/2026
38123,12,366,12,1,01/26/2026
38123,12,362,12,1,01/26/2026
38123,12,367,12,1,01/26/2026
38123,12,363,12,1,01/26/2026
38123,12,353,12,1,01/26/2026
38123,12,357,12,1,01/26/2026
38123,12,352,12,1,01/26/2026
38123,12,356,12,1,01/26/2026
38123,12,354,12,1,01/26/2026
38123,12,359,12,1,01/26/2026
38123,12,355,12,1,01/26/2026
38123,12,358,12,1,01/26/2026
38123,12,351,12,1,01/26/2026
38123,12,345,12,1,01/26/2026
38123,12,340,12,1,01/26/2026
38123,12,346,12,1,01/26/2026
38123,12,341,12,1,01/26/2026
38123,12,347,12,1,01/26/2026
38123,12,342,12,1,01/26/2026
38123,12,350,12,1,01/26/2026
38123,12,343,12,1,01/26/2026
38123,12,348,12,1,01/26/2026
38123,12,344,12,1,01/26/2026
38123,12,349,12,1,01/26/2026
38125,11,353,12,1,03/21/2024
38125,11,357,12,1,03/21/2024
38125,11,352,12,1,03/21/2024
38125,11,356,12,1,03/21/2024
38125,11,354,12,1,03/21/2024
38125,11,359,12,1,03/21/2024
38125,11,355,12,1,03/21/2024
38125,11,358,12,1,03/21/2024
38125,11,351,12,1,03/21/2024
38125,11,345,12,1,03/21/2024
38125,11,340,12,1,03/21/2024
38125,11,346,12,1,03/21/2024
38125,11,341,12,1,03/21/2024
38125,11,347,12,1,03/21/2024
38125,11,342,12,1,03/21/2024
38125,11,350,12,1,03/21/2024
38125,11,343,12,1,03/21/2024
38125,11,348,12,1,03/21/2024
38125,11,344,12,1,03/21/2024
38125,11,349,12,1,03/21/2024
38151,9,360,12,1,01/26/2026
38151,9,364,12,1,01/26/2026
38151,9,365,12,1,01/26/2026
38151,9,361,12,1,01/26/2026
38151,9,366,12,1,01/26/2026
38151,9,362,12,1,01/26/2026
38151,9,367,12,1,01/26/2026
38151,9,363,12,1,01/26/2026
38151,9,353,12,1,01/26/2026
38151,9,357,12,1,01/26/2026
38151,9,352,12,1,01/26/2026
38151,9,356,12,1,01/26/2026
38151,9,354,12,1,01/26/2026
38151,9,359,12,1,01/26/2026
38151,9,355,12,1,01/26/2026
38151,9,358,12,1,01/26/2026
38151,9,351,12,1,01/26/2026
38151,9,345,12,1,01/26/2026
38151,9,340,12,1,01/26/2026
38151,9,346,12,1,01/26/2026
38151,9,341,12,1,01/26/2026
38151,9,347,12,1,01/26/2026
38151,9,342,12,1,01/26/2026
38151,9,350,12,1,01/26/2026
38151,9,343,12,1,01/26/2026
38151,9,348,12,1,01/26/2026
38151,9,344,12,1,01/26/2026
38151,9,349,12,1,01/26/2026
38153,8,353,12,1,06/13/2024
38153,8,357,12,1,06/13/2024
38153,8,352,12,1,06/13/2024
38153,8,356,12,1,06/13/2024
38153,8,354,12,1,06/13/2024
38153,8,359,12,1,06/13/2024
38153,8,355,12,1,06/13/2024
38153,8,358,12,1,06/13/2024
38153,8,351,12,1,06/13/2024
38153,8,345,12,1,06/13/2024
38153,8,340,12,1,06/13/2024
38153,8,346,12,1,06/13/2024
38153,8,341,12,1,06/13/2024
38153,8,347,12,1,06/13/2024
38153,8,342,12,1,06/13/2024
38153,8,350,12,1,06/13/2024
38153,8,343,12,1,06/13/2024
38153,8,348,12,1,06/13/2024
38153,8,344,12,1,06/13/2024
38153,8,349,12,1,06/13/2024
38158,9,143,8,1,06/22/2023
38158,9,147,9,1,06/22/2023
38158,9,144,8,1,06/22/2023
38158,9,148,9,1,06/22/2023
38158,9,145,8,1,06/22/2023
38158,9,149,9,1,06/22/2023
38158,9,146,8,1,06/22/2023
38158,9,151,9,1,06/22/2023
38158,9,268,8,1,06/22/2023
38158,9,264,8,1,06/22/2023
38158,9,265,9,1,06/22/2023
38158,9,266,8,1,06/22/2023
38158,9,267,9,1,06/22/2023
38168,11,143,8,1,02/18/2025
38168,11,147,9,1,02/18/2025
38168,11,144,8,1,02/18/2025
38168,11,148,9,1,02/18/2025
38168,11,145,8,1,02/18/2025
38168,11,149,9,1,02/18/2025
38168,11,146,8,1,02/18/2025
38168,11,151,9,1,02/18/2025
38168,11,268,8,1,02/18/2025
38168,11,264,8,1,02/18/2025
38168,11,265,9,1,02/18/2025
38168,11,266,8,1,02/18/2025
38168,11,267,9,1,02/18/2025
38176,13,143,8,1,02/20/2026
38176,13,147,9,1,02/20/2026
38176,13,144,8,1,02/20/2026
38176,13,148,9,1,02/20/2026
38176,13,145,8,1,02/20/2026
38176,13,149,9,1,02/20/2026
38176,13,146,8,1,02/20/2026
38176,13,151,9,1,02/20/2026
38176,13,268,8,1,02/20/2026
38176,13,264,8,1,02/20/2026
38176,13,265,9,1,02/20/2026
38176,13,266,8,1,02/20/2026
38176,13,267,9,1,02/20/2026
38178,11,143,8,1,04/21/2026
38178,11,147,9,1,04/21/2026
38178,11,144,8,1,04/21/2026
38178,11,148,9,1,04/21/2026
38178,11,145,8,1,04/21/2026
38178,11,149,9,1,04/21/2026
38178,11,146,8,1,04/21/2026
38178,11,151,9,1,04/21/2026
38178,11,268,8,1,04/21/2026
38178,11,264,8,1,04/21/2026
38178,11,265,9,1,04/21/2026
38178,11,266,8,1,04/21/2026
38178,11,267,9,1,04/21/2026
38201,25,239,8,1,11/14/2025
38201,25,228,9,2,11/14/2025
38201,25,240,8,1,11/14/2025
38201,25,238,9,2,11/14/2025
38211,17,143,8,1,05/21/2026
38211,17,147,9,1,05/21/2026
38211,17,144,8,1,05/21/2026
38211,17,148,9,1,05/21/2026
38211,17,145,8,1,05/21/2026
38211,17,149,9,1,05/21/2026
38211,17,146,8,1,05/21/2026
38211,17,151,9,1,05/21/2026
38211,17,268,8,1,05/21/2026
38211,17,264,8,1,05/21/2026
38211,17,265,9,1,05/21/2026
38211,17,266,8,1,05/21/2026
38211,17,267,9,1,05/21/2026
38213,13,143,8,1,07/24/2026
38213,13,147,9,1,07/24/2026
38213,13,144,8,1,07/24/2026
38213,13,148,9,1,07/24/2026
38213,13,145,8,1,07/24/2026
38213,13,149,9,1,07/24/2026
38213,13,146,8,1,07/24/2026
38213,13,151,9,1,07/24/2026
38213,13,268,8,1,07/24/2026
38213,13,264,8,1,07/24/2026
38213,13,265,9,1,07/24/2026
38213,13,266,8,1,07/24/2026
38213,13,267,9,1,07/24/2026
38223,19,331,12,1,11/08/2019
38223,19,335,12,1,11/08/2019
38223,19,332,12,1,11/08/2019
38223,19,336,12,1,11/08/2019
38223,19,333,12,1,11/08/2019
38223,19,337,12,1,11/08/2019
38223,19,334,12,1,11/08/2019
38223,19,338,12,1,11/08/2019
38223,19,339,12,1,11/08/2019
38223,19,327,12,1,11/08/2019
38223,19,325,12,1,11/08/2019
38223,19,328,12,1,11/08/2019
38223,19,326,12,1,11/08/2019
38223,19,329,12,1,11/08/2019
38223,19,330,12,1,11/08/2019
38223,19,314,12,1,11/08/2019
38223,19,319,12,1,11/08/2019
38223,19,315,12,1,11/08/2019
38223,19,320,12,1,11/08/2019
38223,19,316,12,1,11/08/2019
38223,19,321,12,1,11/08/2019
38223,19,317,12,1,11/08/2019
38223,19,322,12,1,11/08/2019
38223,19,318,12,1,11/08/2019
38223,19,323,12,1,11/08/2019
38223,19,324,12,1,11/08/2019
38227,19,370,12,1,10/20/2023
38227,19,371,12,1,10/20/2023
38227,19,372,12,1,10/20/2023
38229,27,335,12,1,10/20/2023
38229,27,336,12,1,10/20/2023
38229,27,337,12,1,10/20/2023
38229,27,338,12,1,10/20/2023
38229,27,325,12,1,10/20/2023
38229,27,326,12,1,10/20/2023
38229,27,330,12,1,10/20/2023
38229,27,319,12,1,10/20/2023
38229,27,320,12,1,10/20/2023
38229,27,321,12,1,10/20/2023
38229,27,322,12,1,10/20/2023
38229,27,323,12,1,10/20/2023
38231,19,368,12,1,11/13/2020
38231,19,370,12,1,11/13/2020
38231,19,369,12,1,11/13/2020
38231,19,371,12,1,11/13/2020
38231,19,372,12,1,11/13/2020
38233,6,368,12,1,11/08/2019
38233,6,370,12,1,11/08/2019
38233,6,369,12,1,11/08/2019
38233,6,371,12,1,11/08/2019
38233,6,372,12,1,11/08/2019
38238,13,391,12,1,06/23/2025
38238,13,394,12,1,06/23/2025
38238,13,392,12,1,06/23/2025
38238,13,395,12,1,06/23/2025
38238,13,393,12,1,06/23/2025
38238,13,396,12,1,06/23/2025
38238,13,374,13,1,06/23/2025
38238,13,378,13,1,06/23/2025
38238,13,375,13,1,06/23/2025
38238,13,379,13,1,06/23/2025
38238,13,376,13,1,06/23/2025
38238,13,380,13,1,06/23/2025
38238,13,377,13,1,06/23/2025
38238,13,381,13,1,06/23/2025
38240,26,391,12,1,10/31/2024
38240,26,394,12,1,10/31/2024
38240,26,392,12,1,10/31/2024
38240,26,395,12,1,10/31/2024
38240,26,393,12,1,10/31/2024
38240,26,396,12,1,10/31/2024
38240,26,374,13,1,10/31/2024
38240,26,378,13,1,10/31/2024
38240,26,375,13,1,10/31/2024
38240,26,379,13,1,10/31/2024
38240,26,376,13,1,10/31/2024
38240,26,380,13,1,10/31/2024
38240,26,377,13,1,10/31/2024
38240,26,381,13,1,10/31/2024
38249,22,239,8,1,04/06/2026
38249,22,228,9,2,04/06/2026
38249,22,240,8,1,04/06/2026
38249,22,238,9,2,04/06/2026
38268,11,239,8,1,03/09/2026
38268,11,228,9,2,03/09/2026
38268,11,240,8,1,03/09/2026
38268,11,238,9,2,03/09/2026
38274,10,391,12,1,04/18/2024
38274,10,394,12,1,04/18/2024
38274,10,392,12,1,04/18/2024
38274,10,395,12,1,04/18/2024
38274,10,393,12,1,04/18/2024
38274,10,396,12,1,04/18/2024
38274,10,374,13,1,04/18/2024
38274,10,378,13,1,04/18/2024
38274,10,375,13,1,04/18/2024
38274,10,379,13,1,04/18/2024
38274,10,376,13,1,04/18/2024
38274,10,380,13,1,04/18/2024
38274,10,377,13,1,04/18/2024
38274,10,381,13,1,04/18/2024
38276,12,391,12,1,05/08/2026
38276,12,394,12,1,05/08/2026
38276,12,392,12,1,05/08/2026
38276,12,395,12,1,05/08/2026
38276,12,393,12,1,05/08/2026
38276,12,396,12,1,05/08/2026
38276,12,374,13,1,05/08/2026
38276,12,378,13,1,05/08/2026
38276,12,375,13,1,05/08/2026
38276,12,379,13,1,05/08/2026
38276,12,376,13,1,05/08/2026
38276,12,380,13,1,05/08/2026
38276,12,377,13,1,05/08/2026
38276,12,381,13,1,05/08/2026
38278,35,391,12,1,06/11/2025
38278,35,394,12,1,06/11/2025
38278,35,392,12,1,06/11/2025
38278,35,395,12,1,06/11/2025
38278,35,393,12,1,06/11/2025
38278,35,396,12,1,06/11/2025
38278,35,374,13,1,06/11/2025
38278,35,378,13,1,06/11/2025
38278,35,375,13,1,06/11/2025
38278,35,379,13,1,06/11/2025
38278,35,376,13,1,06/11/2025
38278,35,380,13,1,06/11/2025
38278,35,377,13,1,06/11/2025
38278,35,381,13,1,06/11/2025
38284,13,239,8,1,11/05/2025
38284,13,228,9,2,11/05/2025
38284,13,240,8,1,11/05/2025
38284,13,238,9,2,11/05/2025
38288,11,239,8,1,02/19/2026
38288,11,228,9,2,02/19/2026
38288,11,240,8,1,02/19/2026
38288,11,238,9,2,02/19/2026
38292,17,391,12,1,06/23/2025
38292,17,394,12,1,06/23/2025
38292,17,392,12,1,06/23/2025
38292,17,395,12,1,06/23/2025
38292,17,393,12,1,06/23/2025
38292,17,396,12,1,06/23/2025
38292,17,374,13,1,06/23/2025
38292,17,378,13,1,06/23/2025
38292,17,375,13,1,06/23/2025
38292,17,379,13,1,06/23/2025
38292,17,376,13,1,06/23/2025
38292,17,380,13,1,06/23/2025
38292,17,377,13,1,06/23/2025
38292,17,381,13,1,06/23/2025
38294,24,391,12,1,09/24/2025
38294,24,394,12,1,09/24/2025
38294,24,392,12,1,09/24/2025
38294,24,395,12,1,09/24/2025
38294,24,393,12,1,09/24/2025
38294,24,396,12,1,09/24/2025
38294,24,374,13,1,09/24/2025
38294,24,378,13,1,09/24/2025
38294,24,375,13,1,09/24/2025
38294,24,379,13,1,09/24/2025
38294,24,376,13,1,09/24/2025
38294,24,380,13,1,09/24/2025
38294,24,377,13,1,09/24/2025
38294,24,381,13,1,09/24/2025
38299,26,360,12,1,10/14/2025
38299,26,364,12,1,10/14/2025
38299,26,365,12,1,10/14/2025
38299,26,361,12,1,10/14/2025
38299,26,366,12,1,10/14/2025
38299,26,362,12,1,10/14/2025
38299,26,367,12,1,10/14/2025
38299,26,363,12,1,10/14/2025
38299,26,353,12,1,10/14/2025
38299,26,357,12,1,10/14/2025
38299,26,352,12,1,10/14/2025
38299,26,356,12,1,10/14/2025
38299,26,354,12,1,10/14/2025
38299,26,359,12,1,10/14/2025
38299,26,355,12,1,10/14/2025
38299,26,358,12,1,10/14/2025
38299,26,351,12,1,10/14/2025
38299,26,345,12,1,10/14/2025
38299,26,340,12,1,10/14/2025
38299,26,346,12,1,10/14/2025
38299,26,341,12,1,10/14/2025
38299,26,347,12,1,10/14/2025
38299,26,342,12,1,10/14/2025
38299,26,350,12,1,10/14/2025
38299,26,343,12,1,10/14/2025
38299,26,348,12,1,10/14/2025
38299,26,344,12,1,10/14/2025
38299,26,349,12,1,10/14/2025
38301,26,353,12,1,09/09/2025
38301,26,357,12,1,09/09/2025
38301,26,352,12,1,09/09/2025
38301,26,356,12,1,09/09/2025
38301,26,354,12,1,09/09/2025
38301,26,359,12,1,09/09/2025
38301,26,355,12,1,09/09/2025
38301,26,358,12,1,09/09/2025
38301,26,351,12,1,09/09/2025
38301,26,345,12,1,09/09/2025
38301,26,340,12,1,09/09/2025
38301,26,346,12,1,09/09/2025
38301,26,341,12,1,09/09/2025
38301,26,347,12,1,09/09/2025
38301,26,342,12,1,09/09/2025
38301,26,350,12,1,09/09/2025
38301,26,343,12,1,09/09/2025
38301,26,348,12,1,09/09/2025
38301,26,344,12,1,09/09/2025
38301,26,349,12,1,09/09/2025
38303,13,239,8,1,03/10/2026
38303,13,228,9,2,03/10/2026
38303,13,240,8,1,03/10/2026
38303,13,238,9,2,03/10/2026
38307,14,239,8,1,02/27/2026
38307,14,228,9,2,02/27/2026
38307,14,240,8,1,02/27/2026
38307,14,238,9,2,02/27/2026
38310,11,360,12,1,10/16/2025
38310,11,364,12,1,10/16/2025
38310,11,365,12,1,10/16/2025
38310,11,361,12,1,10/16/2025
38310,11,366,12,1,10/16/2025
38310,11,362,12,1,10/16/2025
38310,11,367,12,1,10/16/2025
38310,11,363,12,1,10/16/2025
38310,11,353,12,1,10/16/2025
38310,11,357,12,1,10/16/2025
38310,11,352,12,1,10/16/2025
38310,11,356,12,1,10/16/2025
38310,11,354,12,1,10/16/2025
38310,11,359,12,1,10/16/2025
38310,11,355,12,1,10/16/2025
38310,11,358,12,1,10/16/2025
38310,11,351,12,1,10/16/2025
38310,11,345,12,1,10/16/2025
38310,11,340,12,1,10/16/2025
38310,11,346,12,1,10/16/2025
38310,11,341,12,1,10/16/2025
38310,11,347,12,1,10/16/2025
38310,11,342,12,1,10/16/2025
38310,11,350,12,1,10/16/2025
38310,11,343,12,1,10/16/2025
38310,11,348,12,1,10/16/2025
38310,11,344,12,1,10/16/2025
38310,11,349,12,1,10/16/2025
38312,5,353,12,1,01/25/2020
38312,5,357,12,1,01/25/2020
38312,5,352,12,1,01/25/2020
38312,5,356,12,1,01/25/2020
38312,5,354,12,1,01/25/2020
38312,5,359,12,1,01/25/2020
38312,5,355,12,1,01/25/2020
38312,5,358,12,1,01/25/2020
38312,5,351,12,1,01/25/2020
38312,5,345,12,1,01/25/2020
38312,5,340,12,1,01/25/2020
38312,5,346,12,1,01/25/2020
38312,5,341,12,1,01/25/2020
38312,5,347,12,1,01/25/2020
38312,5,342,12,1,01/25/2020
38312,5,350,12,1,01/25/2020
38312,5,343,12,1,01/25/2020
38312,5,348,12,1,01/25/2020
38312,5,344,12,1,01/25/2020
38312,5,349,12,1,01/25/2020
38327,10,360,12,1,01/26/2026
38327,10,364,12,1,01/26/2026
38327,10,365,12,1,01/26/2026
38327,10,361,12,1,01/26/2026
38327,10,366,12,1,01/26/2026
38327,10,362,12,1,01/26/2026
38327,10,367,12,1,01/26/2026
38327,10,363,12,1,01/26/2026
38327,10,353,12,1,01/26/2026
38327,10,357,12,1,01/26/2026
38327,10,352,12,1,01/26/2026
38327,10,356,12,1,01/26/2026
38327,10,354,12,1,01/26/2026
38327,10,359,12,1,01/26/2026
38327,10,355,12,1,01/26/2026
38327,10,358,12,1,01/26/2026
38327,10,351,12,1,01/26/2026
38327,10,345,12,1,01/26/2026
38327,10,340,12,1,01/26/2026
38327,10,346,12,1,01/26/2026
38327,10,341,12,1,01/26/2026
38327,10,347,12,1,01/26/2026
38327,10,342,12,1,01/26/2026
38327,10,350,12,1,01/26/2026
38327,10,343,12,1,01/26/2026
38327,10,348,12,1,01/26/2026
38327,10,344,12,1,01/26/2026
38327,10,349,12,1,01/26/2026
38329,10,353,12,1,06/23/2025
38329,10,357,12,1,06/23/2025
38329,10,352,12,1,06/23/2025
38329,10,356,12,1,06/23/2025
38329,10,354,12,1,06/23/2025
38329,10,359,12,1,06/23/2025
38329,10,355,12,1,06/23/2025
38329,10,358,12,1,06/23/2025
38329,10,351,12,1,06/23/2025
38329,10,345,12,1,06/23/2025
38329,10,340,12,1,06/23/2025
38329,10,346,12,1,06/23/2025
38329,10,341,12,1,06/23/2025
38329,10,347,12,1,06/23/2025
38329,10,342,12,1,06/23/2025
38329,10,350,12,1,06/23/2025
38329,10,343,12,1,06/23/2025
38329,10,348,12,1,06/23/2025
38329,10,344,12,1,06/23/2025
38329,10,349,12,1,06/23/2025
38331,25,360,12,1,01/12/2026
38331,25,364,12,1,01/12/2026
38331,25,365,12,1,01/12/2026
38331,25,361,12,1,01/12/2026
38331,25,366,12,1,01/12/2026
38331,25,362,12,1,01/12/2026
38331,25,367,12,1,01/12/2026
38331,25,363,12,1,01/12/2026
38331,25,353,12,1,01/12/2026
38331,25,357,12,1,01/12/2026
38331,25,352,12,1,01/12/2026
38331,25,356,12,1,01/12/2026
38331,25,354,12,1,01/12/2026
38331,25,359,12,1,01/12/2026
38331,25,355,12,1,01/12/2026
38331,25,358,12,1,01/12/2026
38331,25,351,12,1,01/12/2026
38331,25,345,12,1,01/12/2026
38331,25,340,12,1,01/12/2026
38331,25,346,12,1,01/12/2026
38331,25,341,12,1,01/12/2026
38331,25,347,12,1,01/12/2026
38331,25,342,12,1,01/12/2026
38331,25,350,12,1,01/12/2026
38331,25,343,12,1,01/12/2026
38331,25,348,12,1,01/12/2026
38331,25,344,12,1,01/12/2026
38331,25,349,12,1,01/12/2026
38333,20,353,12,1,10/31/2024
38333,20,357,12,1,10/31/2024
38333,20,352,12,1,10/31/2024
38333,20,356,12,1,10/31/2024
38333,20,354,12,1,10/31/2024
38333,20,359,12,1,10/31/2024
38333,20,355,12,1,10/31/2024
38333,20,358,12,1,10/31/2024
38333,20,351,12,1,10/31/2024
38333,20,345,12,1,10/31/2024
38333,20,340,12,1,10/31/2024
38333,20,346,12,1,10/31/2024
38333,20,341,12,1,10/31/2024
38333,20,347,12,1,10/31/2024
38333,20,342,12,1,10/31/2024
38333,20,350,12,1,10/31/2024
38333,20,343,12,1,10/31/2024
38333,20,348,12,1,10/31/2024
38333,20,344,12,1,10/31/2024
38333,20,349,12,1,10/31/2024
38335,16,360,12,1,02/23/2026
38335,16,364,12,1,02/23/2026
38335,16,365,12,1,02/23/2026
38335,16,361,12,1,02/23/2026
38335,16,366,12,1,02/23/2026
38335,16,362,12,1,02/23/2026
38335,16,367,12,1,02/23/2026
38335,16,363,12,1,02/23/2026
38335,16,353,12,1,02/23/2026
38335,16,357,12,1,02/23/2026
38335,16,352,12,1,02/23/2026
38335,16,356,12,1,02/23/2026
38335,16,354,12,1,02/23/2026
38335,16,359,12,1,02/23/2026
38335,16,355,12,1,02/23/2026
38335,16,358,12,1,02/23/2026
38335,16,351,12,1,02/23/2026
38335,16,345,12,1,02/23/2026
38335,16,340,12,1,02/23/2026
38335,16,346,12,1,02/23/2026
38335,16,341,12,1,02/23/2026
38335,16,347,12,1,02/23/2026
38335,16,342,12,1,02/23/2026
38335,16,350,12,1,02/23/2026
38335,16,343,12,1,02/23/2026
38335,16,348,12,1,02/23/2026
38335,16,344,12,1,02/23/2026
38335,16,349,12,1,02/23/2026
38337,16,353,12,1,09/26/2025
38337,16,357,12,1,09/26/2025
38337,16,352,12,1,09/26/2025
38337,16,356,12,1,09/26/2025
38337,16,354,12,1,09/26/2025
38337,16,359,12,1,09/26/2025
38337,16,355,12,1,09/26/2025
38337,16,358,12,1,09/26/2025
38337,16,351,12,1,09/26/2025
38337,16,345,12,1,09/26/2025
38337,16,340,12,1,09/26/2025
38337,16,346,12,1,09/26/2025
38337,16,341,12,1,09/26/2025
38337,16,347,12,1,09/26/2025
38337,16,342,12,1,09/26/2025
38337,16,350,12,1,09/26/2025
38337,16,343,12,1,09/26/2025
38337,16,348,12,1,09/26/2025
38337,16,344,12,1,09/26/2025
38337,16,349,12,1,09/26/2025
38339,17,360,12,1,01/26/2026
38339,17,364,12,1,01/26/2026
38339,17,365,12,1,01/26/2026
38339,17,361,12,1,01/26/2026
38339,17,366,12,1,01/26/2026
38339,17,362,12,1,01/26/2026
38339,17,367,12,1,01/26/2026
38339,17,363,12,1,01/26/2026
38339,17,353,12,1,01/26/2026
38339,17,357,12,1,01/26/2026
38339,17,352,12,1,01/26/2026
38339,17,356,12,1,01/26/2026
38339,17,354,12,1,01/26/2026
38339,17,359,12,1,01/26/2026
38339,17,355,12,1,01/26/2026
38339,17,358,12,1,01/26/2026
38339,17,351,12,1,01/26/2026
38339,17,345,12,1,01/26/2026
38339,17,340,12,1,01/26/2026
38339,17,346,12,1,01/26/2026
38339,17,341,12,1,01/26/2026
38339,17,347,12,1,01/26/2026
38339,17,342,12,1,01/26/2026
38339,17,350,12,1,01/26/2026
38339,17,343,12,1,01/26/2026
38339,17,348,12,1,01/26/2026
38339,17,344,12,1,01/26/2026
38339,17,349,12,1,01/26/2026
38341,14,353,12,1,06/23/2025
38341,14,357,12,1,06/23/2025
38341,14,352,12,1,06/23/2025
38341,14,356,12,1,06/23/2025
38341,14,354,12,1,06/23/2025
38341,14,359,12,1,06/23/2025
38341,14,355,12,1,06/23/2025
38341,14,358,12,1,06/23/2025
38341,14,351,12,1,06/23/2025
38341,14,345,12,1,06/23/2025
38341,14,340,12,1,06/23/2025
38341,14,346,12,1,06/23/2025
38341,14,341,12,1,06/23/2025
38341,14,347,12,1,06/23/2025
38341,14,342,12,1,06/23/2025
38341,14,350,12,1,06/23/2025
38341,14,343,12,1,06/23/2025
38341,14,348,12,1,06/23/2025
38341,14,344,12,1,06/23/2025
38341,14,349,12,1,06/23/2025
38351,9,360,12,1,01/26/2026
38351,9,364,12,1,01/26/2026
38351,9,365,12,1,01/26/2026
38351,9,361,12,1,01/26/2026
38351,9,366,12,1,01/26/2026
38351,9,362,12,1,01/26/2026
38351,9,367,12,1,01/26/2026
38351,9,363,12,1,01/26/2026
38351,9,353,12,1,01/26/2026
38351,9,357,12,1,01/26/2026
38351,9,352,12,1,01/26/2026
38351,9,356,12,1,01/26/2026
38351,9,354,12,1,01/26/2026
38351,9,359,12,1,01/26/2026
38351,9,355,12,1,01/26/2026
38351,9,358,12,1,01/26/2026
38351,9,351,12,1,01/26/2026
38351,9,345,12,1,01/26/2026
38351,9,340,12,1,01/26/2026
38351,9,346,12,1,01/26/2026
38351,9,341,12,1,01/26/2026
38351,9,347,12,1,01/26/2026
38351,9,342,12,1,01/26/2026
38351,9,350,12,1,01/26/2026
38351,9,343,12,1,01/26/2026
38351,9,348,12,1,01/26/2026
38351,9,344,12,1,01/26/2026
38351,9,349,12,1,01/26/2026
38353,9,353,12,1,04/18/2024
38353,9,357,12,1,04/18/2024
38353,9,352,12,1,04/18/2024
38353,9,356,12,1,04/18/2024
38353,9,354,12,1,04/18/2024
38353,9,359,12,1,04/18/2024
38353,9,355,12,1,04/18/2024
38353,9,358,12,1,04/18/2024
38353,9,351,12,1,04/18/2024
38353,9,345,12,1,04/18/2024
38353,9,340,12,1,04/18/2024
38353,9,346,12,1,04/18/2024
38353,9,341,12,1,04/18/2024
38353,9,347,12,1,04/18/2024
38353,9,342,12,1,04/18/2024
38353,9,350,12,1,04/18/2024
38353,9,343,12,1,04/18/2024
38353,9,348,12,1,04/18/2024
38353,9,344,12,1,04/18/2024
38353,9,349,12,1,04/18/2024
38367,32,500,8,1,07/14/2026
38367,32,504,9,1,07/14/2026
38367,32,501,8,1,07/14/2026
38367,32,505,9,1,07/14/2026
38367,32,502,8,1,07/14/2026
38367,32,506,9,1,07/14/2026
38367,32,507,13,1,07/14/2026
38367,32,509,13,1,07/14/2026
38367,32,508,13,1,07/14/2026
38367,32,510,13,1,07/14/2026
38367,32,511,13,1,07/14/2026
38367,32,512,13,1,07/14/2026
38367,32,517,13,1,07/14/2026
38367,32,519,13,1,07/14/2026
38367,32,514,13,1,07/14/2026
38367,32,520,13,1,07/14/2026
38367,32,515,13,1,07/14/2026
38367,32,521,13,1,07/14/2026
38367,32,513,13,1,07/14/2026
38367,32,523,13,1,07/14/2026
38367,32,516,13,1,07/14/2026
38367,32,522,13,1,07/14/2026
38371,13,500,8,1,07/14/2026
38371,13,504,9,1,07/14/2026
38371,13,501,8,1,07/14/2026
38371,13,505,9,1,07/14/2026
38371,13,502,8,1,07/14/2026
38371,13,506,9,1,07/14/2026
38371,13,507,13,1,07/14/2026
38371,13,509,13,1,07/14/2026
38371,13,508,13,1,07/14/2026
38371,13,510,13,1,07/14/2026
38371,13,511,13,1,07/14/2026
38371,13,512,13,1,07/14/2026
38371,13,517,13,1,07/14/2026
38371,13,519,13,1,07/14/2026
38371,13,514,13,1,07/14/2026
38371,13,520,13,1,07/14/2026
38371,13,515,13,1,07/14/2026
38371,13,521,13,1,07/14/2026
38371,13,513,13,1,07/14/2026
38371,13,523,13,1,07/14/2026
38371,13,516,13,1,07/14/2026
38371,13,522,13,1,07/14/2026
38378,26,239,8,1,03/25/2026
38378,26,228,9,2,03/25/2026
38378,26,240,8,1,03/25/2026
38378,26,238,9,2,03/25/2026
38385,40,331,12,1,01/24/2020
38385,40,335,12,1,01/24/2020
38385,40,332,12,1,01/24/2020
38385,40,336,12,1,01/24/2020
38385,40,333,12,1,01/24/2020
38385,40,337,12,1,01/24/2020
38385,40,334,12,1,01/24/2020
38385,40,338,12,1,01/24/2020
38385,40,339,12,1,01/24/2020
38385,40,327,12,1,01/24/2020
38385,40,325,12,1,01/24/2020
38385,40,328,12,1,01/24/2020
38385,40,326,12,1,01/24/2020
38385,40,329,12,1,01/24/2020
38385,40,330,12,1,01/24/2020
38385,40,314,12,1,01/24/2020
38385,40,319,12,1,01/24/2020
38385,40,315,12,1,01/24/2020
38385,40,320,12,1,01/24/2020
38385,40,316,12,1,01/24/2020
38385,40,321,12,1,01/24/2020
38385,40,317,12,1,01/24/2020
38385,40,322,12,1,01/24/2020
38385,40,318,12,1,01/24/2020
38385,40,323,12,1,01/24/2020
38385,40,324,12,1,01/24/2020
38387,8,500,8,1,07/14/2026
38387,8,504,9,1,07/14/2026
38387,8,501,8,1,07/14/2026
38387,8,505,9,1,07/14/2026
38387,8,502,8,1,07/14/2026
38387,8,506,9,1,07/14/2026
38387,8,507,13,1,07/14/2026
38387,8,509,13,1,07/14/2026
38387,8,508,13,1,07/14/2026
38387,8,510,13,1,07/14/2026
38387,8,511,13,1,07/14/2026
38387,8,512,13,1,07/14/2026
38387,8,517,13,1,07/14/2026
38387,8,519,13,1,07/14/2026
38387,8,514,13,1,07/14/2026
38387,8,520,13,1,07/14/2026
38387,8,515,13,1,07/14/2026
38387,8,521,13,1,07/14/2026
38387,8,513,13,1,07/14/2026
38387,8,523,13,1,07/14/2026
38387,8,516,13,1,07/14/2026
38387,8,522,13,1,07/14/2026
38394,13,239,8,1,10/16/2025
38394,13,228,9,2,10/16/2025
38394,13,240,8,1,10/16/2025
38394,13,238,9,2,10/16/2025
38396,25,368,12,1,03/14/2025
38396,25,370,12,1,03/14/2025
38396,25,369,12,1,03/14/2025
38396,25,371,12,1,03/14/2025
38396,25,372,12,1,03/14/2025
38398,6,368,12,1,01/24/2020
38398,6,370,12,1,01/24/2020
38398,6,369,12,1,01/24/2020
38398,6,371,12,1,01/24/2020
38398,6,372,12,1,01/24/2020
38429,9,143,8,1,04/16/2024
38429,9,147,9,1,04/16/2024
38429,9,144,8,1,04/16/2024
38429,9,148,9,1,04/16/2024
38429,9,145,8,1,04/16/2024
38429,9,149,9,1,04/16/2024
38429,9,146,8,1,04/16/2024
38429,9,151,9,1,04/16/2024
38429,9,268,8,1,04/16/2024
38429,9,264,8,1,04/16/2024
38429,9,265,9,1,04/16/2024
38429,9,266,8,1,04/16/2024
38429,9,267,9,1,04/16/2024
38433,9,143,8,1,06/16/2025
38433,9,147,9,1,06/16/2025
38433,9,144,8,1,06/16/2025
38433,9,148,9,1,06/16/2025
38433,9,145,8,1,06/16/2025
38433,9,149,9,1,06/16/2025
38433,9,146,8,1,06/16/2025
38433,9,151,9,1,06/16/2025
38433,9,268,8,1,06/16/2025
38433,9,264,8,1,06/16/2025
38433,9,265,9,1,06/16/2025
38433,9,266,8,1,06/16/2025
38433,9,267,9,1,06/16/2025
38435,15,143,8,1,09/26/2025
38435,15,147,9,1,09/26/2025
38435,15,144,8,1,09/26/2025
38435,15,148,9,1,09/26/2025
38435,15,145,8,1,09/26/2025
38435,15,149,9,1,09/26/2025
38435,15,146,8,1,09/26/2025
38435,15,151,9,1,09/26/2025
38435,15,268,8,1,09/26/2025
38435,15,264,8,1,09/26/2025
38435,15,265,9,1,09/26/2025
38435,15,266,8,1,09/26/2025
38435,15,267,9,1,09/26/2025
38441,15,143,8,1,10/21/2024
38441,15,147,9,1,10/21/2024
38441,15,144,8,1,10/21/2024
38441,15,148,9,1,10/21/2024
38441,15,145,8,1,10/21/2024
38441,15,149,9,1,10/21/2024
38441,15,146,8,1,10/21/2024
38441,15,151,9,1,10/21/2024
38441,15,268,8,1,10/21/2024
38441,15,264,8,1,10/21/2024
38441,15,265,9,1,10/21/2024
38441,15,266,8,1,10/21/2024
38441,15,267,9,1,10/21/2024
38443,11,143,8,1,06/16/2025
38443,11,147,9,1,06/16/2025
38443,11,144,8,1,06/16/2025
38443,11,148,9,1,06/16/2025
38443,11,145,8,1,06/16/2025
38443,11,149,9,1,06/16/2025
38443,11,146,8,1,06/16/2025
38443,11,151,9,1,06/16/2025
38443,11,268,8,1,06/16/2025
38443,11,264,8,1,06/16/2025
38443,11,265,9,1,06/16/2025
38443,11,266,8,1,06/16/2025
38443,11,267,9,1,06/16/2025
38495,7,331,12,1,05/21/2020
38495,7,335,12,1,05/21/2020
38495,7,332,12,1,05/21/2020
38495,7,336,12,1,05/21/2020
38495,7,333,12,1,05/21/2020
38495,7,337,12,1,05/21/2020
38495,7,334,12,1,05/21/2020
38495,7,338,12,1,05/21/2020
38495,7,339,12,1,05/21/2020
38495,7,327,12,1,05/21/2020
38495,7,325,12,1,05/21/2020
38495,7,328,12,1,05/21/2020
38495,7,326,12,1,05/21/2020
38495,7,329,12,1,05/21/2020
38495,7,330,12,1,05/21/2020
38495,7,314,12,1,05/21/2020
38495,7,319,12,1,05/21/2020
38495,7,315,12,1,05/21/2020
38495,7,320,12,1,05/21/2020
38495,7,316,12,1,05/21/2020
38495,7,321,12,1,05/21/2020
38495,7,317,12,1,05/21/2020
38495,7,322,12,1,05/21/2020
38495,7,318,12,1,05/21/2020
38495,7,323,12,1,05/21/2020
38495,7,324,12,1,05/21/2020
38506,3,368,12,1,05/22/2020
38506,3,370,12,1,05/22/2020
38506,3,369,12,1,05/22/2020
38506,3,371,12,1,05/22/2020
38506,3,372,12,1,05/22/2020
38528,9,143,8,1,03/20/2026
38528,9,147,9,1,03/20/2026
38528,9,144,8,1,03/20/2026
38528,9,148,9,1,03/20/2026
38528,9,145,8,1,03/20/2026
38528,9,149,9,1,03/20/2026
38528,9,146,8,1,03/20/2026
38528,9,151,9,1,03/20/2026
38528,9,268,8,1,03/20/2026
38528,9,264,8,1,03/20/2026
38528,9,265,9,1,03/20/2026
38528,9,266,8,1,03/20/2026
38528,9,267,9,1,03/20/2026
38549,17,391,12,1,10/24/2025
38549,17,394,12,1,10/24/2025
38549,17,392,12,1,10/24/2025
38549,17,395,12,1,10/24/2025
38549,17,393,12,1,10/24/2025
38549,17,396,12,1,10/24/2025
38549,17,374,13,1,10/24/2025
38549,17,378,13,1,10/24/2025
38549,17,375,13,1,10/24/2025
38549,17,379,13,1,10/24/2025
38549,17,376,13,1,10/24/2025
38549,17,380,13,1,10/24/2025
38549,17,377,13,1,10/24/2025
38549,17,381,13,1,10/24/2025
38551,14,391,12,1,12/13/2024
38551,14,394,12,1,12/13/2024
38551,14,392,12,1,12/13/2024
38551,14,395,12,1,12/13/2024
38551,14,393,12,1,12/13/2024
38551,14,396,12,1,12/13/2024
38551,14,374,13,1,12/13/2024
38551,14,378,13,1,12/13/2024
38551,14,375,13,1,12/13/2024
38551,14,379,13,1,12/13/2024
38551,14,376,13,1,12/13/2024
38551,14,380,13,1,12/13/2024
38551,14,377,13,1,12/13/2024
38551,14,381,13,1,12/13/2024
38566,11,391,12,1,06/24/2025
38566,11,394,12,1,06/24/2025
38566,11,392,12,1,06/24/2025
38566,11,395,12,1,06/24/2025
38566,11,393,12,1,06/24/2025
38566,11,396,12,1,06/24/2025
38566,11,374,13,1,06/24/2025
38566,11,378,13,1,06/24/2025
38566,11,375,13,1,06/24/2025
38566,11,379,13,1,06/24/2025
38566,11,376,13,1,06/24/2025
38566,11,380,13,1,06/24/2025
38566,11,377,13,1,06/24/2025
38566,11,381,13,1,06/24/2025
38568,10,391,12,1,06/30/2025
38568,10,394,12,1,06/30/2025
38568,10,392,12,1,06/30/2025
38568,10,395,12,1,06/30/2025
38568,10,393,12,1,06/30/2025
38568,10,396,12,1,06/30/2025
38568,10,374,13,1,06/30/2025
38568,10,378,13,1,06/30/2025
38568,10,375,13,1,06/30/2025
38568,10,379,13,1,06/30/2025
38568,10,376,13,1,06/30/2025
38568,10,380,13,1,06/30/2025
38568,10,377,13,1,06/30/2025
38568,10,381,13,1,06/30/2025
38571,9,500,8,1,07/14/2026
38571,9,504,9,1,07/14/2026
38571,9,501,8,1,07/14/2026
38571,9,505,9,1,07/14/2026
38571,9,502,8,1,07/14/2026
38571,9,506,9,1,07/14/2026
38571,9,507,13,1,07/14/2026
38571,9,509,13,1,07/14/2026
38571,9,508,13,1,07/14/2026
38571,9,510,13,1,07/14/2026
38571,9,511,13,1,07/14/2026
38571,9,512,13,1,07/14/2026
38571,9,517,13,1,07/14/2026
38571,9,519,13,1,07/14/2026
38571,9,514,13,1,07/14/2026
38571,9,520,13,1,07/14/2026
38571,9,515,13,1,07/14/2026
38571,9,521,13,1,07/14/2026
38571,9,513,13,1,07/14/2026
38571,9,523,13,1,07/14/2026
38571,9,516,13,1,07/14/2026
38571,9,522,13,1,07/14/2026
38576,14,391,12,1,04/07/2026
38576,14,394,12,1,04/07/2026
38576,14,392,12,1,04/07/2026
38576,14,395,12,1,04/07/2026
38576,14,393,12,1,04/07/2026
38576,14,396,12,1,04/07/2026
38576,14,374,13,1,04/07/2026
38576,14,378,13,1,04/07/2026
38576,14,375,13,1,04/07/2026
38576,14,379,13,1,04/07/2026
38576,14,376,13,1,04/07/2026
38576,14,380,13,1,04/07/2026
38576,14,377,13,1,04/07/2026
38576,14,381,13,1,04/07/2026
38582,11,239,8,1,06/08/2026
38582,11,228,9,2,06/08/2026
38582,11,240,8,1,06/08/2026
38582,11,238,9,2,06/08/2026
38584,15,239,8,1,04/06/2026
38584,15,228,9,2,04/06/2026
38584,15,240,8,1,04/06/2026
38584,15,238,9,2,04/06/2026
38586,13,239,8,1,05/11/2026
38586,13,228,9,2,05/11/2026
38586,13,240,8,1,05/11/2026
38586,13,238,9,2,05/11/2026
38613,16,360,12,1,02/23/2026
38613,16,364,12,1,02/23/2026
38613,16,365,12,1,02/23/2026
38613,16,361,12,1,02/23/2026
38613,16,366,12,1,02/23/2026
38613,16,362,12,1,02/23/2026
38613,16,367,12,1,02/23/2026
38613,16,363,12,1,02/23/2026
38613,16,353,12,1,02/23/2026
38613,16,357,12,1,02/23/2026
38613,16,352,12,1,02/23/2026
38613,16,356,12,1,02/23/2026
38613,16,354,12,1,02/23/2026
38613,16,359,12,1,02/23/2026
38613,16,355,12,1,02/23/2026
38613,16,358,12,1,02/23/2026
38613,16,351,12,1,02/23/2026
38613,16,345,12,1,02/23/2026
38613,16,340,12,1,02/23/2026
38613,16,346,12,1,02/23/2026
38613,16,341,12,1,02/23/2026
38613,16,347,12,1,02/23/2026
38613,16,342,12,1,02/23/2026
38613,16,350,12,1,02/23/2026
38613,16,343,12,1,02/23/2026
38613,16,348,12,1,02/23/2026
38613,16,344,12,1,02/23/2026
38613,16,349,12,1,02/23/2026
38615,14,353,12,1,01/27/2026
38615,14,357,12,1,01/27/2026
38615,14,352,12,1,01/27/2026
38615,14,356,12,1,01/27/2026
38615,14,354,12,1,01/27/2026
38615,14,359,12,1,01/27/2026
38615,14,355,12,1,01/27/2026
38615,14,358,12,1,01/27/2026
38615,14,351,12,1,01/27/2026
38615,14,345,12,1,01/27/2026
38615,14,340,12,1,01/27/2026
38615,14,346,12,1,01/27/2026
38615,14,341,12,1,01/27/2026
38615,14,347,12,1,01/27/2026
38615,14,342,12,1,01/27/2026
38615,14,350,12,1,01/27/2026
38615,14,343,12,1,01/27/2026
38615,14,348,12,1,01/27/2026
38615,14,344,12,1,01/27/2026
38615,14,349,12,1,01/27/2026
38617,31,331,12,1,06/21/2024
38617,31,335,12,1,06/21/2024
38617,31,332,12,1,06/21/2024
38617,31,336,12,1,06/21/2024
38617,31,333,12,1,06/21/2024
38617,31,337,12,1,06/21/2024
38617,31,334,12,1,06/21/2024
38617,31,338,12,1,06/21/2024
38617,31,339,12,1,06/21/2024
38617,31,327,12,1,06/21/2024
38617,31,325,12,1,06/21/2024
38617,31,328,12,1,06/21/2024
38617,31,326,12,1,06/21/2024
38617,31,329,12,1,06/21/2024
38617,31,330,12,1,06/21/2024
38617,31,314,12,1,06/21/2024
38617,31,319,12,1,06/21/2024
38617,31,315,12,1,06/21/2024
38617,31,320,12,1,06/21/2024
38617,31,316,12,1,06/21/2024
38617,31,321,12,1,06/21/2024
38617,31,317,12,1,06/21/2024
38617,31,322,12,1,06/21/2024
38617,31,318,12,1,06/21/2024
38617,31,323,12,1,06/21/2024
38617,31,324,12,1,06/21/2024
38623,21,500,8,1,07/14/2026
38623,21,504,9,1,07/14/2026
38623,21,501,8,1,07/14/2026
38623,21,505,9,1,07/14/2026
38623,21,502,8,1,07/14/2026
38623,21,506,9,1,07/14/2026
38623,21,507,13,1,07/14/2026
38623,21,509,13,1,07/14/2026
38623,21,508,13,1,07/14/2026
38623,21,510,13,1,07/14/2026
38623,21,511,13,1,07/14/2026
38623,21,512,13,1,07/14/2026
38623,21,517,13,1,07/14/2026
38623,21,519,13,1,07/14/2026
38623,21,514,13,1,07/14/2026
38623,21,520,13,1,07/14/2026
38623,21,515,13,1,07/14/2026
38623,21,521,13,1,07/14/2026
38623,21,513,13,1,07/14/2026
38623,21,523,13,1,07/14/2026
38623,21,516,13,1,07/14/2026
38623,21,522,13,1,07/14/2026
38629,5,360,12,1,07/03/2025
38629,5,364,12,1,07/03/2025
38629,5,365,12,1,07/03/2025
38629,5,361,12,1,07/03/2025
38629,5,366,12,1,07/03/2025
38629,5,362,12,1,07/03/2025
38629,5,367,12,1,07/03/2025
38629,5,363,12,1,07/03/2025
38643,8,360,12,1,01/26/2026
38643,8,364,12,1,01/26/2026
38643,8,365,12,1,01/26/2026
38643,8,361,12,1,01/26/2026
38643,8,366,12,1,01/26/2026
38643,8,362,12,1,01/26/2026
38643,8,367,12,1,01/26/2026
38643,8,363,12,1,01/26/2026
38643,8,353,12,1,01/26/2026
38643,8,357,12,1,01/26/2026
38643,8,352,12,1,01/26/2026
38643,8,356,12,1,01/26/2026
38643,8,354,12,1,01/26/2026
38643,8,359,12,1,01/26/2026
38643,8,355,12,1,01/26/2026
38643,8,358,12,1,01/26/2026
38643,8,351,12,1,01/26/2026
38643,8,345,12,1,01/26/2026
38643,8,340,12,1,01/26/2026
38643,8,346,12,1,01/26/2026
38643,8,341,12,1,01/26/2026
38643,8,347,12,1,01/26/2026
38643,8,342,12,1,01/26/2026
38643,8,350,12,1,01/26/2026
38643,8,343,12,1,01/26/2026
38643,8,348,12,1,01/26/2026
38643,8,344,12,1,01/26/2026
38643,8,349,12,1,01/26/2026
38645,8,353,12,1,06/26/2025
38645,8,357,12,1,06/26/2025
38645,8,352,12,1,06/26/2025
38645,8,356,12,1,06/26/2025
38645,8,354,12,1,06/26/2025
38645,8,359,12,1,06/26/2025
38645,8,355,12,1,06/26/2025
38645,8,358,12,1,06/26/2025
38645,8,351,12,1,06/26/2025
38645,8,345,12,1,06/26/2025
38645,8,340,12,1,06/26/2025
38645,8,346,12,1,06/26/2025
38645,8,341,12,1,06/26/2025
38645,8,347,12,1,06/26/2025
38645,8,342,12,1,06/26/2025
38645,8,350,12,1,06/26/2025
38645,8,343,12,1,06/26/2025
38645,8,348,12,1,06/26/2025
38645,8,344,12,1,06/26/2025
38645,8,349,12,1,06/26/2025
38647,14,360,12,1,04/07/2026
38647,14,364,12,1,04/07/2026
38647,14,365,12,1,04/07/2026
38647,14,361,12,1,04/07/2026
38647,14,366,12,1,04/07/2026
38647,14,362,12,1,04/07/2026
38647,14,367,12,1,04/07/2026
38647,14,363,12,1,04/07/2026
38647,14,353,12,1,04/07/2026
38647,14,357,12,1,04/07/2026
38647,14,352,12,1,04/07/2026
38647,14,356,12,1,04/07/2026
38647,14,354,12,1,04/07/2026
38647,14,359,12,1,04/07/2026
38647,14,355,12,1,04/07/2026
38647,14,358,12,1,04/07/2026
38647,14,351,12,1,04/07/2026
38647,14,345,12,1,04/07/2026
38647,14,340,12,1,04/07/2026
38647,14,346,12,1,04/07/2026
38647,14,341,12,1,04/07/2026
38647,14,347,12,1,04/07/2026
38647,14,342,12,1,04/07/2026
38647,14,350,12,1,04/07/2026
38647,14,343,12,1,04/07/2026
38647,14,348,12,1,04/07/2026
38647,14,344,12,1,04/07/2026
38647,14,349,12,1,04/07/2026
38649,13,353,12,1,06/26/2025
38649,13,357,12,1,06/26/2025
38649,13,352,12,1,06/26/2025
38649,13,356,12,1,06/26/2025
38649,13,354,12,1,06/26/2025
38649,13,359,12,1,06/26/2025
38649,13,355,12,1,06/26/2025
38649,13,358,12,1,06/26/2025
38649,13,351,12,1,06/26/2025
38649,13,345,12,1,06/26/2025
38649,13,340,12,1,06/26/2025
38649,13,346,12,1,06/26/2025
38649,13,341,12,1,06/26/2025
38649,13,347,12,1,06/26/2025
38649,13,342,12,1,06/26/2025
38649,13,350,12,1,06/26/2025
38649,13,343,12,1,06/26/2025
38649,13,348,12,1,06/26/2025
38649,13,344,12,1,06/26/2025
38649,13,349,12,1,06/26/2025
38657,21,360,12,1,10/14/2025
38657,21,364,12,1,10/14/2025
38657,21,365,12,1,10/14/2025
38657,21,361,12,1,10/14/2025
38657,21,366,12,1,10/14/2025
38657,21,362,12,1,10/14/2025
38657,21,367,12,1,10/14/2025
38657,21,363,12,1,10/14/2025
38657,21,353,12,1,10/14/2025
38657,21,357,12,1,10/14/2025
38657,21,352,12,1,10/14/2025
38657,21,356,12,1,10/14/2025
38657,21,354,12,1,10/14/2025
38657,21,359,12,1,10/14/2025
38657,21,355,12,1,10/14/2025
38657,21,358,12,1,10/14/2025
38657,21,351,12,1,10/14/2025
38657,21,345,12,1,10/14/2025
38657,21,340,12,1,10/14/2025
38657,21,346,12,1,10/14/2025
38657,21,341,12,1,10/14/2025
38657,21,347,12,1,10/14/2025
38657,21,342,12,1,10/14/2025
38657,21,350,12,1,10/14/2025
38657,21,343,12,1,10/14/2025
38657,21,348,12,1,10/14/2025
38657,21,344,12,1,10/14/2025
38657,21,349,12,1,10/14/2025
38659,18,353,12,1,09/18/2025
38659,18,357,12,1,09/18/2025
38659,18,352,12,1,09/18/2025
38659,18,356,12,1,09/18/2025
38659,18,354,12,1,09/18/2025
38659,18,359,12,1,09/18/2025
38659,18,355,12,1,09/18/2025
38659,18,358,12,1,09/18/2025
38659,18,351,12,1,09/18/2025
38659,18,345,12,1,09/18/2025
38659,18,340,12,1,09/18/2025
38659,18,346,12,1,09/18/2025
38659,18,341,12,1,09/18/2025
38659,18,347,12,1,09/18/2025
38659,18,342,12,1,09/18/2025
38659,18,350,12,1,09/18/2025
38659,18,343,12,1,09/18/2025
38659,18,348,12,1,09/18/2025
38659,18,344,12,1,09/18/2025
38659,18,349,12,1,09/18/2025
38662,18,239,8,1,11/11/2025
38662,18,228,9,2,11/11/2025
38662,18,240,8,1,11/11/2025
38662,18,238,9,2,11/11/2025
38664,26,368,12,1,06/21/2024
38664,26,370,12,1,06/21/2024
38664,26,369,12,1,06/21/2024
38664,26,371,12,1,06/21/2024
38664,26,372,12,1,06/21/2024
38667,4,500,8,1,07/14/2026
38667,4,504,9,1,07/14/2026
38667,4,501,8,1,07/14/2026
38667,4,505,9,1,07/14/2026
38667,4,502,8,1,07/14/2026
38667,4,506,9,1,07/14/2026
38667,4,507,13,1,07/14/2026
38667,4,509,13,1,07/14/2026
38667,4,508,13,1,07/14/2026
38667,4,510,13,1,07/14/2026
38667,4,511,13,1,07/14/2026
38667,4,512,13,1,07/14/2026
38667,4,517,13,1,07/14/2026
38667,4,519,13,1,07/14/2026
38667,4,514,13,1,07/14/2026
38667,4,520,13,1,07/14/2026
38667,4,515,13,1,07/14/2026
38667,4,521,13,1,07/14/2026
38667,4,513,13,1,07/14/2026
38667,4,523,13,1,07/14/2026
38667,4,516,13,1,07/14/2026
38667,4,522,13,1,07/14/2026
38671,6,353,12,1,07/03/2025
38671,6,357,12,1,07/03/2025
38671,6,352,12,1,07/03/2025
38671,6,356,12,1,07/03/2025
38671,6,354,12,1,07/03/2025
38671,6,359,12,1,07/03/2025
38671,6,355,12,1,07/03/2025
38671,6,358,12,1,07/03/2025
38671,6,351,12,1,07/03/2025
38671,6,345,12,1,07/03/2025
38671,6,340,12,1,07/03/2025
38671,6,346,12,1,07/03/2025
38671,6,341,12,1,07/03/2025
38671,6,347,12,1,07/03/2025
38671,6,342,12,1,07/03/2025
38671,6,350,12,1,07/03/2025
38671,6,343,12,1,07/03/2025
38671,6,348,12,1,07/03/2025
38671,6,344,12,1,07/03/2025
38671,6,349,12,1,07/03/2025
38678,11,143,8,1,06/18/2026
38678,11,147,9,1,06/18/2026
38678,11,144,8,1,06/18/2026
38678,11,148,9,1,06/18/2026
38678,11,145,8,1,06/18/2026
38678,11,149,9,1,06/18/2026
38678,11,146,8,1,06/18/2026
38678,11,151,9,1,06/18/2026
38678,11,268,8,1,06/18/2026
38678,11,264,8,1,06/18/2026
38678,11,265,9,1,06/18/2026
38678,11,266,8,1,06/18/2026
38678,11,267,9,1,06/18/2026
38680,7,143,8,1,06/16/2025
38680,7,147,9,1,06/16/2025
38680,7,144,8,1,06/16/2025
38680,7,148,9,1,06/16/2025
38680,7,145,8,1,06/16/2025
38680,7,149,9,1,06/16/2025
38680,7,146,8,1,06/16/2025
38680,7,151,9,1,06/16/2025
38680,7,268,8,1,06/16/2025
38680,7,264,8,1,06/16/2025
38680,7,265,9,1,06/16/2025
38680,7,266,8,1,06/16/2025
38680,7,267,9,1,06/16/2025
38682,13,143,8,1,10/21/2025
38682,13,147,9,1,10/21/2025
38682,13,144,8,1,10/21/2025
38682,13,148,9,1,10/21/2025
38682,13,145,8,1,10/21/2025
38682,13,149,9,1,10/21/2025
38682,13,146,8,1,10/21/2025
38682,13,151,9,1,10/21/2025
38682,13,268,8,1,10/21/2025
38682,13,264,8,1,10/21/2025
38682,13,265,9,1,10/21/2025
38682,13,266,8,1,10/21/2025
38682,13,267,9,1,10/21/2025
38684,10,143,8,1,04/10/2026
38684,10,147,9,1,04/10/2026
38684,10,144,8,1,04/10/2026
38684,10,148,9,1,04/10/2026
38684,10,145,8,1,04/10/2026
38684,10,149,9,1,04/10/2026
38684,10,146,8,1,04/10/2026
38684,10,151,9,1,04/10/2026
38684,10,268,8,1,04/10/2026
38684,10,264,8,1,04/10/2026
38684,10,265,9,1,04/10/2026
38684,10,266,8,1,04/10/2026
38684,10,267,9,1,04/10/2026
38686,18,143,8,1,06/18/2026
38686,18,147,9,1,06/18/2026
38686,18,144,8,1,06/18/2026
38686,18,148,9,1,06/18/2026
38686,18,145,8,1,06/18/2026
38686,18,149,9,1,06/18/2026
38686,18,146,8,1,06/18/2026
38686,18,151,9,1,06/18/2026
38686,18,268,8,1,06/18/2026
38686,18,264,8,1,06/18/2026
38686,18,265,9,1,06/18/2026
38686,18,266,8,1,06/18/2026
38686,18,267,9,1,06/18/2026
38694,12,239,8,1,07/31/2025
38694,12,228,9,2,07/31/2025
38694,12,240,8,1,07/31/2025
38694,12,238,9,2,07/31/2025
38700,5,353,12,1,10/22/2020
38700,5,357,12,1,10/22/2020
38700,5,352,12,1,10/22/2020
38700,5,356,12,1,10/22/2020
38700,5,354,12,1,10/22/2020
38700,5,359,12,1,10/22/2020
38700,5,355,12,1,10/22/2020
38700,5,358,12,1,10/22/2020
38700,5,351,12,1,10/22/2020
38700,5,345,12,1,10/22/2020
38700,5,340,12,1,10/22/2020
38700,5,346,12,1,10/22/2020
38700,5,341,12,1,10/22/2020
38700,5,347,12,1,10/22/2020
38700,5,342,12,1,10/22/2020
38700,5,350,12,1,10/22/2020
38700,5,343,12,1,10/22/2020
38700,5,348,12,1,10/22/2020
38700,5,344,12,1,10/22/2020
38700,5,349,12,1,10/22/2020
38705,14,360,12,1,02/23/2026
38705,14,364,12,1,02/23/2026
38705,14,365,12,1,02/23/2026
38705,14,361,12,1,02/23/2026
38705,14,366,12,1,02/23/2026
38705,14,362,12,1,02/23/2026
38705,14,367,12,1,02/23/2026
38705,14,363,12,1,02/23/2026
38705,14,353,12,1,02/23/2026
38705,14,357,12,1,02/23/2026
38705,14,352,12,1,02/23/2026
38705,14,356,12,1,02/23/2026
38705,14,354,12,1,02/23/2026
38705,14,359,12,1,02/23/2026
38705,14,355,12,1,02/23/2026
38705,14,358,12,1,02/23/2026
38705,14,351,12,1,02/23/2026
38705,14,345,12,1,02/23/2026
38705,14,340,12,1,02/23/2026
38705,14,346,12,1,02/23/2026
38705,14,341,12,1,02/23/2026
38705,14,347,12,1,02/23/2026
38705,14,342,12,1,02/23/2026
38705,14,350,12,1,02/23/2026
38705,14,343,12,1,02/23/2026
38705,14,348,12,1,02/23/2026
38705,14,344,12,1,02/23/2026
38705,14,349,12,1,02/23/2026
38707,13,353,12,1,10/24/2025
38707,13,357,12,1,10/24/2025
38707,13,352,12,1,10/24/2025
38707,13,356,12,1,10/24/2025
38707,13,354,12,1,10/24/2025
38707,13,359,12,1,10/24/2025
38707,13,355,12,1,10/24/2025
38707,13,358,12,1,10/24/2025
38707,13,351,12,1,10/24/2025
38707,13,345,12,1,10/24/2025
38707,13,340,12,1,10/24/2025
38707,13,346,12,1,10/24/2025
38707,13,341,12,1,10/24/2025
38707,13,347,12,1,10/24/2025
38707,13,342,12,1,10/24/2025
38707,13,350,12,1,10/24/2025
38707,13,343,12,1,10/24/2025
38707,13,348,12,1,10/24/2025
38707,13,344,12,1,10/24/2025
38707,13,349,12,1,10/24/2025
38709,5,360,12,1,09/02/2025
38709,5,364,12,1,09/02/2025
38709,5,365,12,1,09/02/2025
38709,5,361,12,1,09/02/2025
38709,5,366,12,1,09/02/2025
38709,5,362,12,1,09/02/2025
38709,5,367,12,1,09/02/2025
38709,5,363,12,1,09/02/2025
38709,5,353,12,1,09/02/2025
38709,5,357,12,1,09/02/2025
38709,5,352,12,1,09/02/2025
38709,5,356,12,1,09/02/2025
38709,5,354,12,1,09/02/2025
38709,5,359,12,1,09/02/2025
38709,5,355,12,1,09/02/2025
38709,5,358,12,1,09/02/2025
38709,5,351,12,1,09/02/2025
38709,5,345,12,1,09/02/2025
38709,5,340,12,1,09/02/2025
38709,5,346,12,1,09/02/2025
38709,5,341,12,1,09/02/2025
38709,5,347,12,1,09/02/2025
38709,5,342,12,1,09/02/2025
38709,5,350,12,1,09/02/2025
38709,5,343,12,1,09/02/2025
38709,5,348,12,1,09/02/2025
38709,5,344,12,1,09/02/2025
38709,5,349,12,1,09/02/2025
38712,18,331,12,1,03/14/2025
38712,18,335,12,1,03/14/2025
38712,18,332,12,1,03/14/2025
38712,18,336,12,1,03/14/2025
38712,18,333,12,1,03/14/2025
38712,18,337,12,1,03/14/2025
38712,18,334,12,1,03/14/2025
38712,18,338,12,1,03/14/2025
38712,18,339,12,1,03/14/2025
38712,18,327,12,1,03/14/2025
38712,18,325,12,1,03/14/2025
38712,18,328,12,1,03/14/2025
38712,18,326,12,1,03/14/2025
38712,18,329,12,1,03/14/2025
38712,18,330,12,1,03/14/2025
38712,18,314,12,1,03/14/2025
38712,18,319,12,1,03/14/2025
38712,18,315,12,1,03/14/2025
38712,18,320,12,1,03/14/2025
38712,18,316,12,1,03/14/2025
38712,18,321,12,1,03/14/2025
38712,18,317,12,1,03/14/2025
38712,18,322,12,1,03/14/2025
38712,18,318,12,1,03/14/2025
38712,18,323,12,1,03/14/2025
38712,18,324,12,1,03/14/2025
38720,6,368,12,1,11/06/2020
38720,6,370,12,1,11/06/2020
38720,6,369,12,1,11/06/2020
38720,6,371,12,1,11/06/2020
38720,6,372,12,1,11/06/2020
38726,17,368,12,1,03/14/2025
38726,17,370,12,1,03/14/2025
38726,17,369,12,1,03/14/2025
38726,17,371,12,1,03/14/2025
38726,17,372,12,1,03/14/2025
38737,19,391,12,1,11/14/2025
38737,19,394,12,1,11/14/2025
38737,19,392,12,1,11/14/2025
38737,19,395,12,1,11/14/2025
38737,19,393,12,1,11/14/2025
38737,19,396,12,1,11/14/2025
38737,19,374,13,1,11/14/2025
38737,19,378,13,1,11/14/2025
38737,19,375,13,1,11/14/2025
38737,19,379,13,1,11/14/2025
38737,19,376,13,1,11/14/2025
38737,19,380,13,1,11/14/2025
38737,19,377,13,1,11/14/2025
38737,19,381,13,1,11/14/2025
38743,15,391,12,1,07/19/2024
38743,15,394,12,1,07/19/2024
38743,15,392,12,1,07/19/2024
38743,15,395,12,1,07/19/2024
38743,15,393,12,1,07/19/2024
38743,15,396,12,1,07/19/2024
38743,15,374,13,1,07/19/2024
38743,15,378,13,1,07/19/2024
38743,15,375,13,1,07/19/2024
38743,15,379,13,1,07/19/2024
38743,15,376,13,1,07/19/2024
38743,15,380,13,1,07/19/2024
38743,15,377,13,1,07/19/2024
38743,15,381,13,1,07/19/2024
38745,17,391,12,1,03/03/2025
38745,17,394,12,1,03/03/2025
38745,17,392,12,1,03/03/2025
38745,17,395,12,1,03/03/2025
38745,17,393,12,1,03/03/2025
38745,17,396,12,1,03/03/2025
38745,17,374,13,1,03/03/2025
38745,17,378,13,1,03/03/2025
38745,17,375,13,1,03/03/2025
38745,17,379,13,1,03/03/2025
38745,17,376,13,1,03/03/2025
38745,17,380,13,1,03/03/2025
38745,17,377,13,1,03/03/2025
38745,17,381,13,1,03/03/2025
38747,9,391,12,1,09/06/2024
38747,9,394,12,1,09/06/2024
38747,9,392,12,1,09/06/2024
38747,9,395,12,1,09/06/2024
38747,9,393,12,1,09/06/2024
38747,9,396,12,1,09/06/2024
38747,9,374,13,1,09/06/2024
38747,9,378,13,1,09/06/2024
38747,9,375,13,1,09/06/2024
38747,9,379,13,1,09/06/2024
38747,9,376,13,1,09/06/2024
38747,9,380,13,1,09/06/2024
38747,9,377,13,1,09/06/2024
38747,9,381,13,1,09/06/2024
38755,6,391,12,1,02/17/2021
38755,6,394,12,1,02/17/2021
38755,6,392,12,1,02/17/2021
38755,6,395,12,1,02/17/2021
38755,6,393,12,1,02/17/2021
38755,6,396,12,1,02/17/2021
38755,6,374,13,1,02/17/2021
38755,6,378,13,1,02/17/2021
38755,6,375,13,1,02/17/2021
38755,6,379,13,1,02/17/2021
38755,6,376,13,1,02/17/2021
38755,6,380,13,1,02/17/2021
38755,6,377,13,1,02/17/2021
38755,6,381,13,1,02/17/2021
38765,27,391,12,1,04/02/2026
38765,27,394,12,1,04/02/2026
38765,27,392,12,1,04/02/2026
38765,27,395,12,1,04/02/2026
38765,27,393,12,1,04/02/2026
38765,27,396,12,1,04/02/2026
38765,27,374,13,1,04/02/2026
38765,27,378,13,1,04/02/2026
38765,27,375,13,1,04/02/2026
38765,27,379,13,1,04/02/2026
38765,27,376,13,1,04/02/2026
38765,27,380,13,1,04/02/2026
38765,27,377,13,1,04/02/2026
38765,27,381,13,1,04/02/2026
38769,14,391,12,1,04/12/2024
38769,14,394,12,1,04/12/2024
38769,14,392,12,1,04/12/2024
38769,14,395,12,1,04/12/2024
38769,14,393,12,1,04/12/2024
38769,14,396,12,1,04/12/2024
38769,14,374,13,1,04/12/2024
38769,14,378,13,1,04/12/2024
38769,14,375,13,1,04/12/2024
38769,14,379,13,1,04/12/2024
38769,14,376,13,1,04/12/2024
38769,14,380,13,1,04/12/2024
38769,14,377,13,1,04/12/2024
38769,14,381,13,1,04/12/2024
38771,18,239,8,1,08/29/2025
38771,18,228,9,2,08/29/2025
38771,18,240,8,1,08/29/2025
38771,18,238,9,2,08/29/2025
38773,32,239,8,1,07/17/2026
38773,32,228,9,2,07/17/2026
38773,32,240,8,1,07/17/2026
38773,32,238,9,2,07/17/2026
38775,10,391,12,1,09/06/2024
38775,10,394,12,1,09/06/2024
38775,10,392,12,1,09/06/2024
38775,10,395,12,1,09/06/2024
38775,10,393,12,1,09/06/2024
38775,10,396,12,1,09/06/2024
38775,10,374,13,1,09/06/2024
38775,10,378,13,1,09/06/2024
38775,10,375,13,1,09/06/2024
38775,10,379,13,1,09/06/2024
38775,10,376,13,1,09/06/2024
38775,10,380,13,1,09/06/2024
38775,10,377,13,1,09/06/2024
38775,10,381,13,1,09/06/2024
38777,7,239,8,1,12/10/2021
38777,7,228,9,2,12/10/2021
38777,7,240,8,1,12/10/2021
38777,7,238,9,2,12/10/2021
38779,4,391,12,1,11/04/2021
38779,4,394,12,1,11/04/2021
38779,4,392,12,1,11/04/2021
38779,4,395,12,1,11/04/2021
38779,4,393,12,1,11/04/2021
38779,4,396,12,1,11/04/2021
38779,4,374,13,1,11/04/2021
38779,4,378,13,1,11/04/2021
38779,4,375,13,1,11/04/2021
38779,4,379,13,1,11/04/2021
38779,4,376,13,1,11/04/2021
38779,4,380,13,1,11/04/2021
38779,4,377,13,1,11/04/2021
38779,4,381,13,1,11/04/2021
38786,10,391,12,1,12/08/2025
38786,10,394,12,1,12/08/2025
38786,10,392,12,1,12/08/2025
38786,10,395,12,1,12/08/2025
38786,10,393,12,1,12/08/2025
38786,10,396,12,1,12/08/2025
38786,10,374,13,1,12/08/2025
38786,10,378,13,1,12/08/2025
38786,10,375,13,1,12/08/2025
38786,10,379,13,1,12/08/2025
38786,10,376,13,1,12/08/2025
38786,10,380,13,1,12/08/2025
38786,10,377,13,1,12/08/2025
38786,10,381,13,1,12/08/2025
38792,6,391,12,1,05/16/2022
38792,6,394,12,1,05/16/2022
38792,6,392,12,1,05/16/2022
38792,6,395,12,1,05/16/2022
38792,6,393,12,1,05/16/2022
38792,6,396,12,1,05/16/2022
38792,6,374,13,1,05/16/2022
38792,6,378,13,1,05/16/2022
38792,6,375,13,1,05/16/2022
38792,6,379,13,1,05/16/2022
38792,6,376,13,1,05/16/2022
38792,6,380,13,1,05/16/2022
38792,6,377,13,1,05/16/2022
38792,6,381,13,1,05/16/2022
38801,23,360,12,1,04/06/2026
38801,23,364,12,1,04/06/2026
38801,23,365,12,1,04/06/2026
38801,23,361,12,1,04/06/2026
38801,23,366,12,1,04/06/2026
38801,23,362,12,1,04/06/2026
38801,23,367,12,1,04/06/2026
38801,23,363,12,1,04/06/2026
38801,23,353,12,1,04/06/2026
38801,23,357,12,1,04/06/2026
38801,23,352,12,1,04/06/2026
38801,23,356,12,1,04/06/2026
38801,23,354,12,1,04/06/2026
38801,23,359,12,1,04/06/2026
38801,23,355,12,1,04/06/2026
38801,23,358,12,1,04/06/2026
38801,23,351,12,1,04/06/2026
38801,23,345,12,1,04/06/2026
38801,23,340,12,1,04/06/2026
38801,23,346,12,1,04/06/2026
38801,23,341,12,1,04/06/2026
38801,23,347,12,1,04/06/2026
38801,23,342,12,1,04/06/2026
38801,23,350,12,1,04/06/2026
38801,23,343,12,1,04/06/2026
38801,23,348,12,1,04/06/2026
38801,23,344,12,1,04/06/2026
38801,23,349,12,1,04/06/2026
38803,17,353,12,1,07/11/2025
38803,17,357,12,1,07/11/2025
38803,17,352,12,1,07/11/2025
38803,17,356,12,1,07/11/2025
38803,17,354,12,1,07/11/2025
38803,17,359,12,1,07/11/2025
38803,17,355,12,1,07/11/2025
38803,17,358,12,1,07/11/2025
38803,17,351,12,1,07/11/2025
38803,17,345,12,1,07/11/2025
38803,17,340,12,1,07/11/2025
38803,17,346,12,1,07/11/2025
38803,17,341,12,1,07/11/2025
38803,17,347,12,1,07/11/2025
38803,17,342,12,1,07/11/2025
38803,17,350,12,1,07/11/2025
38803,17,343,12,1,07/11/2025
38803,17,348,12,1,07/11/2025
38803,17,344,12,1,07/11/2025
38803,17,349,12,1,07/11/2025
38805,7,368,12,1,02/05/2021
38805,7,370,12,1,02/05/2021
38805,7,369,12,1,02/05/2021
38805,7,371,12,1,02/05/2021
38805,7,372,12,1,02/05/2021
38807,7,331,12,1,02/05/2021
38807,7,335,12,1,02/05/2021
38807,7,332,12,1,02/05/2021
38807,7,336,12,1,02/05/2021
38807,7,333,12,1,02/05/2021
38807,7,337,12,1,02/05/2021
38807,7,334,12,1,02/05/2021
38807,7,338,12,1,02/05/2021
38807,7,339,12,1,02/05/2021
38807,7,327,12,1,02/05/2021
38807,7,325,12,1,02/05/2021
38807,7,328,12,1,02/05/2021
38807,7,326,12,1,02/05/2021
38807,7,329,12,1,02/05/2021
38807,7,330,12,1,02/05/2021
38807,7,314,12,1,02/05/2021
38807,7,319,12,1,02/05/2021
38807,7,315,12,1,02/05/2021
38807,7,320,12,1,02/05/2021
38807,7,316,12,1,02/05/2021
38807,7,321,12,1,02/05/2021
38807,7,317,12,1,02/05/2021
38807,7,322,12,1,02/05/2021
38807,7,318,12,1,02/05/2021
38807,7,323,12,1,02/05/2021
38807,7,324,12,1,02/05/2021
38809,30,331,12,1,09/19/2025
38809,30,335,12,1,09/19/2025
38809,30,332,12,1,09/19/2025
38809,30,336,12,1,09/19/2025
38809,30,333,12,1,09/19/2025
38809,30,337,12,1,09/19/2025
38809,30,334,12,1,09/19/2025
38809,30,338,12,1,09/19/2025
38809,30,339,12,1,09/19/2025
38809,30,327,12,1,09/19/2025
38809,30,325,12,1,09/19/2025
38809,30,328,12,1,09/19/2025
38809,30,326,12,1,09/19/2025
38809,30,329,12,1,09/19/2025
38809,30,330,12,1,09/19/2025
38809,30,314,12,1,09/19/2025
38809,30,319,12,1,09/19/2025
38809,30,315,12,1,09/19/2025
38809,30,320,12,1,09/19/2025
38809,30,316,12,1,09/19/2025
38809,30,321,12,1,09/19/2025
38809,30,317,12,1,09/19/2025
38809,30,322,12,1,09/19/2025
38809,30,318,12,1,09/19/2025
38809,30,323,12,1,09/19/2025
38809,30,324,12,1,09/19/2025
38812,7,331,12,1,01/29/2021
38812,7,335,12,1,01/29/2021
38812,7,332,12,1,01/29/2021
38812,7,336,12,1,01/29/2021
38812,7,333,12,1,01/29/2021
38812,7,337,12,1,01/29/2021
38812,7,334,12,1,01/29/2021
38812,7,338,12,1,01/29/2021
38812,7,339,12,1,01/29/2021
38812,7,327,12,1,01/29/2021
38812,7,325,12,1,01/29/2021
38812,7,328,12,1,01/29/2021
38812,7,326,12,1,01/29/2021
38812,7,329,12,1,01/29/2021
38812,7,330,12,1,01/29/2021
38812,7,314,12,1,01/29/2021
38812,7,319,12,1,01/29/2021
38812,7,315,12,1,01/29/2021
38812,7,320,12,1,01/29/2021
38812,7,316,12,1,01/29/2021
38812,7,321,12,1,01/29/2021
38812,7,317,12,1,01/29/2021
38812,7,322,12,1,01/29/2021
38812,7,318,12,1,01/29/2021
38812,7,323,12,1,01/29/2021
38812,7,324,12,1,01/29/2021
38814,4,360,12,1,01/26/2026
38814,4,364,12,1,01/26/2026
38814,4,365,12,1,01/26/2026
38814,4,361,12,1,01/26/2026
38814,4,366,12,1,01/26/2026
38814,4,362,12,1,01/26/2026
38814,4,367,12,1,01/26/2026
38814,4,363,12,1,01/26/2026
38814,4,353,12,1,01/26/2026
38814,4,357,12,1,01/26/2026
38814,4,352,12,1,01/26/2026
38814,4,356,12,1,01/26/2026
38814,4,354,12,1,01/26/2026
38814,4,359,12,1,01/26/2026
38814,4,355,12,1,01/26/2026
38814,4,358,12,1,01/26/2026
38814,4,351,12,1,01/26/2026
38814,4,345,12,1,01/26/2026
38814,4,340,12,1,01/26/2026
38814,4,346,12,1,01/26/2026
38814,4,341,12,1,01/26/2026
38814,4,347,12,1,01/26/2026
38814,4,342,12,1,01/26/2026
38814,4,350,12,1,01/26/2026
38814,4,343,12,1,01/26/2026
38814,4,348,12,1,01/26/2026
38814,4,344,12,1,01/26/2026
38814,4,349,12,1,01/26/2026
38816,6,353,12,1,09/30/2025
38816,6,357,12,1,09/30/2025
38816,6,352,12,1,09/30/2025
38816,6,356,12,1,09/30/2025
38816,6,354,12,1,09/30/2025
38816,6,359,12,1,09/30/2025
38816,6,355,12,1,09/30/2025
38816,6,358,12,1,09/30/2025
38816,6,351,12,1,09/30/2025
38816,6,345,12,1,09/30/2025
38816,6,340,12,1,09/30/2025
38816,6,346,12,1,09/30/2025
38816,6,341,12,1,09/30/2025
38816,6,347,12,1,09/30/2025
38816,6,342,12,1,09/30/2025
38816,6,350,12,1,09/30/2025
38816,6,343,12,1,09/30/2025
38816,6,348,12,1,09/30/2025
38816,6,344,12,1,09/30/2025
38816,6,349,12,1,09/30/2025
38822,8,239,8,1,10/31/2025
38822,8,228,9,2,10/31/2025
38822,8,240,8,1,10/31/2025
38822,8,238,9,2,10/31/2025
38824,10,360,12,1,09/02/2025
38824,10,364,12,1,09/02/2025
38824,10,365,12,1,09/02/2025
38824,10,361,12,1,09/02/2025
38824,10,366,12,1,09/02/2025
38824,10,362,12,1,09/02/2025
38824,10,367,12,1,09/02/2025
38824,10,363,12,1,09/02/2025
38824,10,353,12,1,09/02/2025
38824,10,357,12,1,09/02/2025
38824,10,352,12,1,09/02/2025
38824,10,356,12,1,09/02/2025
38824,10,354,12,1,09/02/2025
38824,10,359,12,1,09/02/2025
38824,10,355,12,1,09/02/2025
38824,10,358,12,1,09/02/2025
38824,10,351,12,1,09/02/2025
38824,10,345,12,1,09/02/2025
38824,10,340,12,1,09/02/2025
38824,10,346,12,1,09/02/2025
38824,10,341,12,1,09/02/2025
38824,10,347,12,1,09/02/2025
38824,10,342,12,1,09/02/2025
38824,10,350,12,1,09/02/2025
38824,10,343,12,1,09/02/2025
38824,10,348,12,1,09/02/2025
38824,10,344,12,1,09/02/2025
38824,10,349,12,1,09/02/2025
38826,8,353,12,1,10/29/2021
38826,8,357,12,1,10/29/2021
38826,8,352,12,1,10/29/2021
38826,8,356,12,1,10/29/2021
38826,8,354,12,1,10/29/2021
38826,8,359,12,1,10/29/2021
38826,8,355,12,1,10/29/2021
38826,8,358,12,1,10/29/2021
38826,8,351,12,1,10/29/2021
38826,8,345,12,1,10/29/2021
38826,8,340,12,1,10/29/2021
38826,8,346,12,1,10/29/2021
38826,8,341,12,1,10/29/2021
38826,8,347,12,1,10/29/2021
38826,8,342,12,1,10/29/2021
38826,8,350,12,1,10/29/2021
38826,8,343,12,1,10/29/2021
38826,8,348,12,1,10/29/2021
38826,8,344,12,1,10/29/2021
38826,8,349,12,1,10/29/2021
38835,8,143,8,1,10/21/2025
38835,8,147,9,1,10/21/2025
38835,8,144,8,1,10/21/2025
38835,8,148,9,1,10/21/2025
38835,8,145,8,1,10/21/2025
38835,8,149,9,1,10/21/2025
38835,8,146,8,1,10/21/2025
38835,8,151,9,1,10/21/2025
38835,8,268,8,1,10/21/2025
38835,8,264,8,1,10/21/2025
38835,8,265,9,1,10/21/2025
38835,8,266,8,1,10/21/2025
38835,8,267,9,1,10/21/2025
38837,7,143,8,1,05/20/2025
38837,7,147,9,1,05/20/2025
38837,7,144,8,1,05/20/2025
38837,7,148,9,1,05/20/2025
38837,7,145,8,1,05/20/2025
38837,7,149,9,1,05/20/2025
38837,7,146,8,1,05/20/2025
38837,7,151,9,1,05/20/2025
38837,7,268,8,1,05/20/2025
38837,7,264,8,1,05/20/2025
38837,7,265,9,1,05/20/2025
38837,7,266,8,1,05/20/2025
38837,7,267,9,1,05/20/2025
38839,12,143,8,1,05/21/2026
38839,12,147,9,1,05/21/2026
38839,12,144,8,1,05/21/2026
38839,12,148,9,1,05/21/2026
38839,12,145,8,1,05/21/2026
38839,12,149,9,1,05/21/2026
38839,12,146,8,1,05/21/2026
38839,12,151,9,1,05/21/2026
38839,12,268,8,1,05/21/2026
38839,12,264,8,1,05/21/2026
38839,12,265,9,1,05/21/2026
38839,12,266,8,1,05/21/2026
38839,12,267,9,1,05/21/2026
38841,20,143,8,1,05/21/2026
38841,20,147,9,1,05/21/2026
38841,20,144,8,1,05/21/2026
38841,20,148,9,1,05/21/2026
38841,20,145,8,1,05/21/2026
38841,20,149,9,1,05/21/2026
38841,20,146,8,1,05/21/2026
38841,20,151,9,1,05/21/2026
38841,20,268,8,1,05/21/2026
38841,20,264,8,1,05/21/2026
38841,20,265,9,1,05/21/2026
38841,20,266,8,1,05/21/2026
38841,20,267,9,1,05/21/2026
38902,12,360,12,1,09/02/2025
38902,12,364,12,1,09/02/2025
38902,12,365,12,1,09/02/2025
38902,12,361,12,1,09/02/2025
38902,12,366,12,1,09/02/2025
38902,12,362,12,1,09/02/2025
38902,12,367,12,1,09/02/2025
38902,12,363,12,1,09/02/2025
38902,12,353,12,1,09/02/2025
38902,12,357,12,1,09/02/2025
38902,12,352,12,1,09/02/2025
38902,12,356,12,1,09/02/2025
38902,12,354,12,1,09/02/2025
38902,12,359,12,1,09/02/2025
38902,12,355,12,1,09/02/2025
38902,12,358,12,1,09/02/2025
38902,12,351,12,1,09/02/2025
38902,12,345,12,1,09/02/2025
38902,12,340,12,1,09/02/2025
38902,12,346,12,1,09/02/2025
38902,12,341,12,1,09/02/2025
38902,12,347,12,1,09/02/2025
38902,12,342,12,1,09/02/2025
38902,12,350,12,1,09/02/2025
38902,12,343,12,1,09/02/2025
38902,12,348,12,1,09/02/2025
38902,12,344,12,1,09/02/2025
38902,12,349,12,1,09/02/2025
38904,11,353,12,1,12/13/2023
38904,11,357,12,1,12/13/2023
38904,11,352,12,1,12/13/2023
38904,11,356,12,1,12/13/2023
38904,11,354,12,1,12/13/2023
38904,11,359,12,1,12/13/2023
38904,11,355,12,1,12/13/2023
38904,11,358,12,1,12/13/2023
38904,11,351,12,1,12/13/2023
38904,11,345,12,1,12/13/2023
38904,11,340,12,1,12/13/2023
38904,11,346,12,1,12/13/2023
38904,11,341,12,1,12/13/2023
38904,11,347,12,1,12/13/2023
38904,11,342,12,1,12/13/2023
38904,11,350,12,1,12/13/2023
38904,11,343,12,1,12/13/2023
38904,11,348,12,1,12/13/2023
38904,11,344,12,1,12/13/2023
38904,11,349,12,1,12/13/2023
38914,20,368,12,1,05/13/2022
38914,20,370,12,1,05/13/2022
38914,20,369,12,1,05/13/2022
38914,20,371,12,1,05/13/2022
38914,20,372,12,1,05/13/2022
38916,8,335,12,1,05/21/2021
38916,8,336,12,1,05/21/2021
38916,8,337,12,1,05/21/2021
38916,8,338,12,1,05/21/2021
38916,8,325,12,1,05/21/2021
38916,8,326,12,1,05/21/2021
38916,8,330,12,1,05/21/2021
38916,8,319,12,1,05/21/2021
38916,8,320,12,1,05/21/2021
38916,8,321,12,1,05/21/2021
38916,8,322,12,1,05/21/2021
38916,8,323,12,1,05/21/2021
38918,8,370,12,1,05/21/2021
38918,8,371,12,1,05/21/2021
38918,8,372,12,1,05/21/2021
38920,16,239,8,1,07/24/2026
38920,16,228,9,2,07/24/2026
38920,16,240,8,1,07/24/2026
38920,16,238,9,2,07/24/2026
38926,23,368,12,1,09/03/2021
38926,23,370,12,1,09/03/2021
38926,23,369,12,1,09/03/2021
38926,23,371,12,1,09/03/2021
38926,23,372,12,1,09/03/2021
38937,7,500,8,1,07/14/2026
38937,7,504,9,1,07/14/2026
38937,7,501,8,1,07/14/2026
38937,7,505,9,1,07/14/2026
38937,7,502,8,1,07/14/2026
38937,7,506,9,1,07/14/2026
38937,7,507,13,1,07/14/2026
38937,7,509,13,1,07/14/2026
38937,7,508,13,1,07/14/2026
38937,7,510,13,1,07/14/2026
38937,7,511,13,1,07/14/2026
38937,7,512,13,1,07/14/2026
38937,7,517,13,1,07/14/2026
38937,7,519,13,1,07/14/2026
38937,7,514,13,1,07/14/2026
38937,7,520,13,1,07/14/2026
38937,7,515,13,1,07/14/2026
38937,7,521,13,1,07/14/2026
38937,7,513,13,1,07/14/2026
38937,7,523,13,1,07/14/2026
38937,7,516,13,1,07/14/2026
38937,7,522,13,1,07/14/2026
38953,16,388,10,1,12/07/2023
38953,16,140,10,2,12/07/2023
38953,16,389,10,1,12/07/2023
38953,16,139,10,2,12/07/2023
38955,24,388,10,1,12/07/2023
38955,24,140,10,2,12/07/2023
38955,24,389,10,1,12/07/2023
38955,24,139,10,2,12/07/2023
38966,5,391,12,1,04/12/2024
38966,5,394,12,1,04/12/2024
38966,5,392,12,1,04/12/2024
38966,5,395,12,1,04/12/2024
38966,5,393,12,1,04/12/2024
38966,5,396,12,1,04/12/2024
38966,5,374,13,1,04/12/2024
38966,5,378,13,1,04/12/2024
38966,5,375,13,1,04/12/2024
38966,5,379,13,1,04/12/2024
38966,5,376,13,1,04/12/2024
38966,5,380,13,1,04/12/2024
38966,5,377,13,1,04/12/2024
38966,5,381,13,1,04/12/2024
38968,5,500,8,1,07/14/2026
38968,5,504,9,1,07/14/2026
38968,5,501,8,1,07/14/2026
38968,5,505,9,1,07/14/2026
38968,5,502,8,1,07/14/2026
38968,5,506,9,1,07/14/2026
38968,5,507,13,1,07/14/2026
38968,5,509,13,1,07/14/2026
38968,5,508,13,1,07/14/2026
38968,5,510,13,1,07/14/2026
38968,5,511,13,1,07/14/2026
38968,5,512,13,1,07/14/2026
38968,5,517,13,1,07/14/2026
38968,5,519,13,1,07/14/2026
38968,5,514,13,1,07/14/2026
38968,5,520,13,1,07/14/2026
38968,5,515,13,1,07/14/2026
38968,5,521,13,1,07/14/2026
38968,5,513,13,1,07/14/2026
38968,5,523,13,1,07/14/2026
38968,5,516,13,1,07/14/2026
38968,5,522,13,1,07/14/2026
38970,8,391,12,1,04/04/2024
38970,8,394,12,1,04/04/2024
38970,8,392,12,1,04/04/2024
38970,8,395,12,1,04/04/2024
38970,8,393,12,1,04/04/2024
38970,8,396,12,1,04/04/2024
38970,8,374,13,1,04/04/2024
38970,8,378,13,1,04/04/2024
38970,8,375,13,1,04/04/2024
38970,8,379,13,1,04/04/2024
38970,8,376,13,1,04/04/2024
38970,8,380,13,1,04/04/2024
38970,8,377,13,1,04/04/2024
38970,8,381,13,1,04/04/2024
38972,9,360,12,1,01/26/2026
38972,9,364,12,1,01/26/2026
38972,9,365,12,1,01/26/2026
38972,9,361,12,1,01/26/2026
38972,9,366,12,1,01/26/2026
38972,9,362,12,1,01/26/2026
38972,9,367,12,1,01/26/2026
38972,9,363,12,1,01/26/2026
38972,9,353,12,1,01/26/2026
38972,9,357,12,1,01/26/2026
38972,9,352,12,1,01/26/2026
38972,9,356,12,1,01/26/2026
38972,9,354,12,1,01/26/2026
38972,9,359,12,1,01/26/2026
38972,9,355,12,1,01/26/2026
38972,9,358,12,1,01/26/2026
38972,9,351,12,1,01/26/2026
38972,9,345,12,1,01/26/2026
38972,9,340,12,1,01/26/2026
38972,9,346,12,1,01/26/2026
38972,9,341,12,1,01/26/2026
38972,9,347,12,1,01/26/2026
38972,9,342,12,1,01/26/2026
38972,9,350,12,1,01/26/2026
38972,9,343,12,1,01/26/2026
38972,9,348,12,1,01/26/2026
38972,9,344,12,1,01/26/2026
38972,9,349,12,1,01/26/2026
38974,9,353,12,1,04/12/2024
38974,9,357,12,1,04/12/2024
38974,9,352,12,1,04/12/2024
38974,9,356,12,1,04/12/2024
38974,9,354,12,1,04/12/2024
38974,9,359,12,1,04/12/2024
38974,9,355,12,1,04/12/2024
38974,9,358,12,1,04/12/2024
38974,9,351,12,1,04/12/2024
38974,9,345,12,1,04/12/2024
38974,9,340,12,1,04/12/2024
38974,9,346,12,1,04/12/2024
38974,9,341,12,1,04/12/2024
38974,9,347,12,1,04/12/2024
38974,9,342,12,1,04/12/2024
38974,9,350,12,1,04/12/2024
38974,9,343,12,1,04/12/2024
38974,9,348,12,1,04/12/2024
38974,9,344,12,1,04/12/2024
38974,9,349,12,1,04/12/2024
38985,17,391,12,1,06/25/2025
38985,17,394,12,1,06/25/2025
38985,17,392,12,1,06/25/2025
38985,17,395,12,1,06/25/2025
38985,17,393,12,1,06/25/2025
38985,17,396,12,1,06/25/2025
38985,17,374,13,1,06/25/2025
38985,17,378,13,1,06/25/2025
38985,17,375,13,1,06/25/2025
38985,17,379,13,1,06/25/2025
38985,17,376,13,1,06/25/2025
38985,17,380,13,1,06/25/2025
38985,17,377,13,1,06/25/2025
38985,17,381,13,1,06/25/2025
38988,18,391,12,1,06/25/2025
38988,18,394,12,1,06/25/2025
38988,18,392,12,1,06/25/2025
38988,18,395,12,1,06/25/2025
38988,18,393,12,1,06/25/2025
38988,18,396,12,1,06/25/2025
38988,18,374,13,1,06/25/2025
38988,18,378,13,1,06/25/2025
38988,18,375,13,1,06/25/2025
38988,18,379,13,1,06/25/2025
38988,18,376,13,1,06/25/2025
38988,18,380,13,1,06/25/2025
38988,18,377,13,1,06/25/2025
38988,18,381,13,1,06/25/2025
38992,14,239,8,1,01/04/2023
38992,14,228,9,2,01/04/2023
38992,14,240,8,1,01/04/2023
38992,14,238,9,2,01/04/2023
38994,20,391,12,1,04/08/2026
38994,20,394,12,1,04/08/2026
38994,20,392,12,1,04/08/2026
38994,20,395,12,1,04/08/2026
38994,20,393,12,1,04/08/2026
38994,20,396,12,1,04/08/2026
38994,20,374,13,1,04/08/2026
38994,20,378,13,1,04/08/2026
38994,20,375,13,1,04/08/2026
38994,20,379,13,1,04/08/2026
38994,20,376,13,1,04/08/2026
38994,20,380,13,1,04/08/2026
38994,20,377,13,1,04/08/2026
38994,20,381,13,1,04/08/2026
38997,12,239,8,1,03/10/2026
38997,12,228,9,2,03/10/2026
38997,12,240,8,1,03/10/2026
38997,12,238,9,2,03/10/2026
39001,16,360,12,1,01/26/2026
39001,16,364,12,1,01/26/2026
39001,16,365,12,1,01/26/2026
39001,16,361,12,1,01/26/2026
39001,16,366,12,1,01/26/2026
39001,16,362,12,1,01/26/2026
39001,16,367,12,1,01/26/2026
39001,16,363,12,1,01/26/2026
39001,16,353,12,1,01/26/2026
39001,16,357,12,1,01/26/2026
39001,16,352,12,1,01/26/2026
39001,16,356,12,1,01/26/2026
39001,16,354,12,1,01/26/2026
39001,16,359,12,1,01/26/2026
39001,16,355,12,1,01/26/2026
39001,16,358,12,1,01/26/2026
39001,16,351,12,1,01/26/2026
39001,16,345,12,1,01/26/2026
39001,16,340,12,1,01/26/2026
39001,16,346,12,1,01/26/2026
39001,16,341,12,1,01/26/2026
39001,16,347,12,1,01/26/2026
39001,16,342,12,1,01/26/2026
39001,16,350,12,1,01/26/2026
39001,16,343,12,1,01/26/2026
39001,16,348,12,1,01/26/2026
39001,16,344,12,1,01/26/2026
39001,16,349,12,1,01/26/2026
39003,15,353,12,1,09/30/2025
39003,15,357,12,1,09/30/2025
39003,15,352,12,1,09/30/2025
39003,15,356,12,1,09/30/2025
39003,15,354,12,1,09/30/2025
39003,15,359,12,1,09/30/2025
39003,15,355,12,1,09/30/2025
39003,15,358,12,1,09/30/2025
39003,15,351,12,1,09/30/2025
39003,15,345,12,1,09/30/2025
39003,15,340,12,1,09/30/2025
39003,15,346,12,1,09/30/2025
39003,15,341,12,1,09/30/2025
39003,15,347,12,1,09/30/2025
39003,15,342,12,1,09/30/2025
39003,15,350,12,1,09/30/2025
39003,15,343,12,1,09/30/2025
39003,15,348,12,1,09/30/2025
39003,15,344,12,1,09/30/2025
39003,15,349,12,1,09/30/2025
39005,9,360,12,1,01/12/2026
39005,9,364,12,1,01/12/2026
39005,9,365,12,1,01/12/2026
39005,9,361,12,1,01/12/2026
39005,9,366,12,1,01/12/2026
39005,9,362,12,1,01/12/2026
39005,9,367,12,1,01/12/2026
39005,9,363,12,1,01/12/2026
39005,9,353,12,1,01/12/2026
39005,9,357,12,1,01/12/2026
39005,9,352,12,1,01/12/2026
39005,9,356,12,1,01/12/2026
39005,9,354,12,1,01/12/2026
39005,9,359,12,1,01/12/2026
39005,9,355,12,1,01/12/2026
39005,9,358,12,1,01/12/2026
39005,9,351,12,1,01/12/2026
39005,9,345,12,1,01/12/2026
39005,9,340,12,1,01/12/2026
39005,9,346,12,1,01/12/2026
39005,9,341,12,1,01/12/2026
39005,9,347,12,1,01/12/2026
39005,9,342,12,1,01/12/2026
39005,9,350,12,1,01/12/2026
39005,9,343,12,1,01/12/2026
39005,9,348,12,1,01/12/2026
39005,9,344,12,1,01/12/2026
39005,9,349,12,1,01/12/2026
39007,10,353,12,1,06/26/2025
39007,10,357,12,1,06/26/2025
39007,10,352,12,1,06/26/2025
39007,10,356,12,1,06/26/2025
39007,10,354,12,1,06/26/2025
39007,10,359,12,1,06/26/2025
39007,10,355,12,1,06/26/2025
39007,10,358,12,1,06/26/2025
39007,10,351,12,1,06/26/2025
39007,10,345,12,1,06/26/2025
39007,10,340,12,1,06/26/2025
39007,10,346,12,1,06/26/2025
39007,10,341,12,1,06/26/2025
39007,10,347,12,1,06/26/2025
39007,10,342,12,1,06/26/2025
39007,10,350,12,1,06/26/2025
39007,10,343,12,1,06/26/2025
39007,10,348,12,1,06/26/2025
39007,10,344,12,1,06/26/2025
39007,10,349,12,1,06/26/2025
39015,16,239,8,1,04/10/2026
39015,16,228,9,2,04/10/2026
39015,16,240,8,1,04/10/2026
39015,16,238,9,2,04/10/2026
39017,10,239,8,1,03/09/2026
39017,10,228,9,2,03/09/2026
39017,10,240,8,1,03/09/2026
39017,10,238,9,2,03/09/2026
39023,23,239,8,1,02/14/2025
39023,23,228,9,2,02/14/2025
39023,23,240,8,1,02/14/2025
39023,23,238,9,2,02/14/2025
39027,8,504,9,1,07/30/2026
39027,8,505,9,1,07/30/2026
39027,8,506,9,1,07/30/2026
39027,8,509,13,1,07/30/2026
39027,8,510,13,1,07/30/2026
39027,8,511,13,1,07/30/2026
39027,8,512,13,1,07/30/2026
39027,8,519,13,1,07/30/2026
39027,8,520,13,1,07/30/2026
39027,8,521,13,1,07/30/2026
39027,8,523,13,1,07/30/2026
39027,8,522,13,1,07/30/2026
39036,24,500,8,1,07/16/2026
39036,24,504,9,1,07/16/2026
39036,24,501,8,1,07/16/2026
39036,24,505,9,1,07/16/2026
39036,24,502,8,1,07/16/2026
39036,24,506,9,1,07/16/2026
39036,24,507,13,1,07/16/2026
39036,24,509,13,1,07/16/2026
39036,24,508,13,1,07/16/2026
39036,24,510,13,1,07/16/2026
39036,24,511,13,1,07/16/2026
39036,24,512,13,1,07/16/2026
39036,24,517,13,1,07/16/2026
39036,24,519,13,1,07/16/2026
39036,24,514,13,1,07/16/2026
39036,24,520,13,1,07/16/2026
39036,24,515,13,1,07/16/2026
39036,24,521,13,1,07/16/2026
39036,24,513,13,1,07/16/2026
39036,24,523,13,1,07/16/2026
39036,24,516,13,1,07/16/2026
39036,24,522,13,1,07/16/2026
39038,14,239,8,1,04/06/2026
39038,14,228,9,2,04/06/2026
39038,14,240,8,1,04/06/2026
39038,14,238,9,2,04/06/2026
39040,8,143,8,1,03/20/2026
39040,8,147,9,1,03/20/2026
39040,8,144,8,1,03/20/2026
39040,8,148,9,1,03/20/2026
39040,8,145,8,1,03/20/2026
39040,8,149,9,1,03/20/2026
39040,8,146,8,1,03/20/2026
39040,8,151,9,1,03/20/2026
39040,8,268,8,1,03/20/2026
39040,8,264,8,1,03/20/2026
39040,8,265,9,1,03/20/2026
39040,8,266,8,1,03/20/2026
39040,8,267,9,1,03/20/2026
39042,7,143,8,1,06/17/2025
39042,7,147,9,1,06/17/2025
39042,7,144,8,1,06/17/2025
39042,7,148,9,1,06/17/2025
39042,7,145,8,1,06/17/2025
39042,7,149,9,1,06/17/2025
39042,7,146,8,1,06/17/2025
39042,7,151,9,1,06/17/2025
39042,7,268,8,1,06/17/2025
39042,7,264,8,1,06/17/2025
39042,7,265,9,1,06/17/2025
39042,7,266,8,1,06/17/2025
39042,7,267,9,1,06/17/2025
39044,15,143,8,1,06/18/2026
39044,15,147,9,1,06/18/2026
39044,15,144,8,1,06/18/2026
39044,15,148,9,1,06/18/2026
39044,15,145,8,1,06/18/2026
39044,15,149,9,1,06/18/2026
39044,15,146,8,1,06/18/2026
39044,15,151,9,1,06/18/2026
39044,15,268,8,1,06/18/2026
39044,15,264,8,1,06/18/2026
39044,15,265,9,1,06/18/2026
39044,15,266,8,1,06/18/2026
39044,15,267,9,1,06/18/2026
39051,10,143,8,1,08/22/2024
39051,10,147,9,1,08/22/2024
39051,10,144,8,1,08/22/2024
39051,10,148,9,1,08/22/2024
39051,10,145,8,1,08/22/2024
39051,10,149,9,1,08/22/2024
39051,10,146,8,1,08/22/2024
39051,10,151,9,1,08/22/2024
39051,10,268,8,1,08/22/2024
39051,10,264,8,1,08/22/2024
39051,10,265,9,1,08/22/2024
39051,10,266,8,1,08/22/2024
39051,10,267,9,1,08/22/2024
39054,17,143,8,1,04/21/2026
39054,17,147,9,1,04/21/2026
39054,17,144,8,1,04/21/2026
39054,17,148,9,1,04/21/2026
39054,17,145,8,1,04/21/2026
39054,17,149,9,1,04/21/2026
39054,17,146,8,1,04/21/2026
39054,17,151,9,1,04/21/2026
39054,17,268,8,1,04/21/2026
39054,17,264,8,1,04/21/2026
39054,17,265,9,1,04/21/2026
39054,17,266,8,1,04/21/2026
39054,17,267,9,1,04/21/2026
39058,17,360,12,1,09/02/2025
39058,17,364,12,1,09/02/2025
39058,17,365,12,1,09/02/2025
39058,17,361,12,1,09/02/2025
39058,17,366,12,1,09/02/2025
39058,17,362,12,1,09/02/2025
39058,17,367,12,1,09/02/2025
39058,17,363,12,1,09/02/2025
39058,17,353,12,1,09/02/2025
39058,17,357,12,1,09/02/2025
39058,17,352,12,1,09/02/2025
39058,17,356,12,1,09/02/2025
39058,17,354,12,1,09/02/2025
39058,17,359,12,1,09/02/2025
39058,17,355,12,1,09/02/2025
39058,17,358,12,1,09/02/2025
39058,17,351,12,1,09/02/2025
39058,17,345,12,1,09/02/2025
39058,17,340,12,1,09/02/2025
39058,17,346,12,1,09/02/2025
39058,17,341,12,1,09/02/2025
39058,17,347,12,1,09/02/2025
39058,17,342,12,1,09/02/2025
39058,17,350,12,1,09/02/2025
39058,17,343,12,1,09/02/2025
39058,17,348,12,1,09/02/2025
39058,17,344,12,1,09/02/2025
39058,17,349,12,1,09/02/2025
39060,16,353,12,1,02/07/2025
39060,16,357,12,1,02/07/2025
39060,16,352,12,1,02/07/2025
39060,16,356,12,1,02/07/2025
39060,16,354,12,1,02/07/2025
39060,16,359,12,1,02/07/2025
39060,16,355,12,1,02/07/2025
39060,16,358,12,1,02/07/2025
39060,16,351,12,1,02/07/2025
39060,16,345,12,1,02/07/2025
39060,16,340,12,1,02/07/2025
39060,16,346,12,1,02/07/2025
39060,16,341,12,1,02/07/2025
39060,16,347,12,1,02/07/2025
39060,16,342,12,1,02/07/2025
39060,16,350,12,1,02/07/2025
39060,16,343,12,1,02/07/2025
39060,16,348,12,1,02/07/2025
39060,16,344,12,1,02/07/2025
39060,16,349,12,1,02/07/2025
39063,11,331,12,1,10/22/2021
39063,11,335,12,1,10/22/2021
39063,11,332,12,1,10/22/2021
39063,11,336,12,1,10/22/2021
39063,11,333,12,1,10/22/2021
39063,11,337,12,1,10/22/2021
39063,11,334,12,1,10/22/2021
39063,11,338,12,1,10/22/2021
39063,11,339,12,1,10/22/2021
39063,11,327,12,1,10/22/2021
39063,11,325,12,1,10/22/2021
39063,11,328,12,1,10/22/2021
39063,11,326,12,1,10/22/2021
39063,11,329,12,1,10/22/2021
39063,11,330,12,1,10/22/2021
39063,11,314,12,1,10/22/2021
39063,11,319,12,1,10/22/2021
39063,11,315,12,1,10/22/2021
39063,11,320,12,1,10/22/2021
39063,11,316,12,1,10/22/2021
39063,11,321,12,1,10/22/2021
39063,11,317,12,1,10/22/2021
39063,11,322,12,1,10/22/2021
39063,11,318,12,1,10/22/2021
39063,11,323,12,1,10/22/2021
39063,11,324,12,1,10/22/2021
39068,21,331,12,1,07/03/2025
39068,21,335,12,1,07/03/2025
39068,21,332,12,1,07/03/2025
39068,21,336,12,1,07/03/2025
39068,21,333,12,1,07/03/2025
39068,21,337,12,1,07/03/2025
39068,21,334,12,1,07/03/2025
39068,21,338,12,1,07/03/2025
39068,21,339,12,1,07/03/2025
39068,21,327,12,1,07/03/2025
39068,21,325,12,1,07/03/2025
39068,21,328,12,1,07/03/2025
39068,21,326,12,1,07/03/2025
39068,21,329,12,1,07/03/2025
39068,21,330,12,1,07/03/2025
39068,21,314,12,1,07/03/2025
39068,21,319,12,1,07/03/2025
39068,21,315,12,1,07/03/2025
39068,21,320,12,1,07/03/2025
39068,21,316,12,1,07/03/2025
39068,21,321,12,1,07/03/2025
39068,21,317,12,1,07/03/2025
39068,21,322,12,1,07/03/2025
39068,21,318,12,1,07/03/2025
39068,21,323,12,1,07/03/2025
39068,21,324,12,1,07/03/2025
39071,16,368,12,1,07/03/2025
39071,16,370,12,1,07/03/2025
39071,16,369,12,1,07/03/2025
39071,16,371,12,1,07/03/2025
39071,16,372,12,1,07/03/2025
39073,4,368,12,1,10/22/2021
39073,4,370,12,1,10/22/2021
39073,4,369,12,1,10/22/2021
39073,4,371,12,1,10/22/2021
39073,4,372,12,1,10/22/2021
39075,15,500,8,1,07/14/2026
39075,15,504,9,1,07/14/2026
39075,15,501,8,1,07/14/2026
39075,15,505,9,1,07/14/2026
39075,15,502,8,1,07/14/2026
39075,15,506,9,1,07/14/2026
39075,15,507,13,1,07/14/2026
39075,15,509,13,1,07/14/2026
39075,15,508,13,1,07/14/2026
39075,15,510,13,1,07/14/2026
39075,15,511,13,1,07/14/2026
39075,15,512,13,1,07/14/2026
39075,15,517,13,1,07/14/2026
39075,15,519,13,1,07/14/2026
39075,15,514,13,1,07/14/2026
39075,15,520,13,1,07/14/2026
39075,15,515,13,1,07/14/2026
39075,15,521,13,1,07/14/2026
39075,15,513,13,1,07/14/2026
39075,15,523,13,1,07/14/2026
39075,15,516,13,1,07/14/2026
39075,15,522,13,1,07/14/2026
39080,4,391,12,1,10/19/2021
39080,4,394,12,1,10/19/2021
39080,4,392,12,1,10/19/2021
39080,4,395,12,1,10/19/2021
39080,4,393,12,1,10/19/2021
39080,4,396,12,1,10/19/2021
39080,4,374,13,1,10/19/2021
39080,4,378,13,1,10/19/2021
39080,4,375,13,1,10/19/2021
39080,4,379,13,1,10/19/2021
39080,4,376,13,1,10/19/2021
39080,4,380,13,1,10/19/2021
39080,4,377,13,1,10/19/2021
39080,4,381,13,1,10/19/2021
39082,6,331,12,1,12/23/2021
39082,6,335,12,1,12/23/2021
39082,6,332,12,1,12/23/2021
39082,6,336,12,1,12/23/2021
39082,6,333,12,1,12/23/2021
39082,6,337,12,1,12/23/2021
39082,6,334,12,1,12/23/2021
39082,6,338,12,1,12/23/2021
39082,6,339,12,1,12/23/2021
39082,6,327,12,1,12/23/2021
39082,6,325,12,1,12/23/2021
39082,6,328,12,1,12/23/2021
39082,6,326,12,1,12/23/2021
39082,6,329,12,1,12/23/2021
39082,6,330,12,1,12/23/2021
39082,6,314,12,1,12/23/2021
39082,6,319,12,1,12/23/2021
39082,6,315,12,1,12/23/2021
39082,6,320,12,1,12/23/2021
39082,6,316,12,1,12/23/2021
39082,6,321,12,1,12/23/2021
39082,6,317,12,1,12/23/2021
39082,6,322,12,1,12/23/2021
39082,6,318,12,1,12/23/2021
39082,6,323,12,1,12/23/2021
39082,6,324,12,1,12/23/2021
39084,5,368,12,1,12/23/2021
39084,5,370,12,1,12/23/2021
39084,5,369,12,1,12/23/2021
39084,5,371,12,1,12/23/2021
39084,5,372,12,1,12/23/2021
39086,10,391,12,1,04/25/2022
39086,10,394,12,1,04/25/2022
39086,10,392,12,1,04/25/2022
39086,10,395,12,1,04/25/2022
39086,10,393,12,1,04/25/2022
39086,10,396,12,1,04/25/2022
39086,10,374,13,1,04/25/2022
39086,10,378,13,1,04/25/2022
39086,10,375,13,1,04/25/2022
39086,10,379,13,1,04/25/2022
39086,10,376,13,1,04/25/2022
39086,10,380,13,1,04/25/2022
39086,10,377,13,1,04/25/2022
39086,10,381,13,1,04/25/2022
39116,6,360,12,1,10/14/2025
39116,6,364,12,1,10/14/2025
39116,6,365,12,1,10/14/2025
39116,6,361,12,1,10/14/2025
39116,6,366,12,1,10/14/2025
39116,6,362,12,1,10/14/2025
39116,6,367,12,1,10/14/2025
39116,6,363,12,1,10/14/2025
39116,6,353,12,1,10/14/2025
39116,6,357,12,1,10/14/2025
39116,6,352,12,1,10/14/2025
39116,6,356,12,1,10/14/2025
39116,6,354,12,1,10/14/2025
39116,6,359,12,1,10/14/2025
39116,6,355,12,1,10/14/2025
39116,6,358,12,1,10/14/2025
39116,6,351,12,1,10/14/2025
39116,6,345,12,1,10/14/2025
39116,6,340,12,1,10/14/2025
39116,6,346,12,1,10/14/2025
39116,6,341,12,1,10/14/2025
39116,6,347,12,1,10/14/2025
39116,6,342,12,1,10/14/2025
39116,6,350,12,1,10/14/2025
39116,6,343,12,1,10/14/2025
39116,6,348,12,1,10/14/2025
39116,6,344,12,1,10/14/2025
39116,6,349,12,1,10/14/2025
39118,6,353,12,1,09/22/2023
39118,6,357,12,1,09/22/2023
39118,6,352,12,1,09/22/2023
39118,6,356,12,1,09/22/2023
39118,6,354,12,1,09/22/2023
39118,6,359,12,1,09/22/2023
39118,6,355,12,1,09/22/2023
39118,6,358,12,1,09/22/2023
39118,6,351,12,1,09/22/2023
39118,6,345,12,1,09/22/2023
39118,6,340,12,1,09/22/2023
39118,6,346,12,1,09/22/2023
39118,6,341,12,1,09/22/2023
39118,6,347,12,1,09/22/2023
39118,6,342,12,1,09/22/2023
39118,6,350,12,1,09/22/2023
39118,6,343,12,1,09/22/2023
39118,6,348,12,1,09/22/2023
39118,6,344,12,1,09/22/2023
39118,6,349,12,1,09/22/2023
39121,9,391,12,1,11/06/2023
39121,9,394,12,1,11/06/2023
39121,9,392,12,1,11/06/2023
39121,9,395,12,1,11/06/2023
39121,9,393,12,1,11/06/2023
39121,9,396,12,1,11/06/2023
39121,9,374,13,1,11/06/2023
39121,9,378,13,1,11/06/2023
39121,9,375,13,1,11/06/2023
39121,9,379,13,1,11/06/2023
39121,9,376,13,1,11/06/2023
39121,9,380,13,1,11/06/2023
39121,9,377,13,1,11/06/2023
39121,9,381,13,1,11/06/2023
39128,15,391,12,1,07/10/2026
39128,15,394,12,1,07/10/2026
39128,15,392,12,1,07/10/2026
39128,15,395,12,1,07/10/2026
39128,15,393,12,1,07/10/2026
39128,15,396,12,1,07/10/2026
39128,15,374,13,1,07/10/2026
39128,15,378,13,1,07/10/2026
39128,15,375,13,1,07/10/2026
39128,15,379,13,1,07/10/2026
39128,15,376,13,1,07/10/2026
39128,15,380,13,1,07/10/2026
39128,15,377,13,1,07/10/2026
39128,15,381,13,1,07/10/2026
39139,5,500,8,1,07/14/2026
39139,5,504,9,1,07/14/2026
39139,5,501,8,1,07/14/2026
39139,5,505,9,1,07/14/2026
39139,5,502,8,1,07/14/2026
39139,5,506,9,1,07/14/2026
39139,5,507,13,1,07/14/2026
39139,5,509,13,1,07/14/2026
39139,5,508,13,1,07/14/2026
39139,5,510,13,1,07/14/2026
39139,5,511,13,1,07/14/2026
39139,5,512,13,1,07/14/2026
39139,5,517,13,1,07/14/2026
39139,5,519,13,1,07/14/2026
39139,5,514,13,1,07/14/2026
39139,5,520,13,1,07/14/2026
39139,5,515,13,1,07/14/2026
39139,5,521,13,1,07/14/2026
39139,5,513,13,1,07/14/2026
39139,5,523,13,1,07/14/2026
39139,5,516,13,1,07/14/2026
39139,5,522,13,1,07/14/2026
39189,8,500,8,1,07/14/2026
39189,8,504,9,1,07/14/2026
39189,8,501,8,1,07/14/2026
39189,8,505,9,1,07/14/2026
39189,8,502,8,1,07/14/2026
39189,8,506,9,1,07/14/2026
39189,8,507,13,1,07/14/2026
39189,8,509,13,1,07/14/2026
39189,8,508,13,1,07/14/2026
39189,8,510,13,1,07/14/2026
39189,8,511,13,1,07/14/2026
39189,8,512,13,1,07/14/2026
39189,8,517,13,1,07/14/2026
39189,8,519,13,1,07/14/2026
39189,8,514,13,1,07/14/2026
39189,8,520,13,1,07/14/2026
39189,8,515,13,1,07/14/2026
39189,8,521,13,1,07/14/2026
39189,8,513,13,1,07/14/2026
39189,8,523,13,1,07/14/2026
39189,8,516,13,1,07/14/2026
39189,8,522,13,1,07/14/2026
39226,13,500,8,1,07/14/2026
39226,13,504,9,1,07/14/2026
39226,13,501,8,1,07/14/2026
39226,13,505,9,1,07/14/2026
39226,13,502,8,1,07/14/2026
39226,13,506,9,1,07/14/2026
39226,13,507,13,1,07/14/2026
39226,13,509,13,1,07/14/2026
39226,13,508,13,1,07/14/2026
39226,13,510,13,1,07/14/2026
39226,13,511,13,1,07/14/2026
39226,13,512,13,1,07/14/2026
39226,13,517,13,1,07/14/2026
39226,13,519,13,1,07/14/2026
39226,13,514,13,1,07/14/2026
39226,13,520,13,1,07/14/2026
39226,13,515,13,1,07/14/2026
39226,13,521,13,1,07/14/2026
39226,13,513,13,1,07/14/2026
39226,13,523,13,1,07/14/2026
39226,13,516,13,1,07/14/2026
39226,13,522,13,1,07/14/2026
39230,7,360,12,1,01/26/2026
39230,7,364,12,1,01/26/2026
39230,7,365,12,1,01/26/2026
39230,7,361,12,1,01/26/2026
39230,7,366,12,1,01/26/2026
39230,7,362,12,1,01/26/2026
39230,7,367,12,1,01/26/2026
39230,7,363,12,1,01/26/2026
39230,7,353,12,1,01/26/2026
39230,7,357,12,1,01/26/2026
39230,7,352,12,1,01/26/2026
39230,7,356,12,1,01/26/2026
39230,7,354,12,1,01/26/2026
39230,7,359,12,1,01/26/2026
39230,7,355,12,1,01/26/2026
39230,7,358,12,1,01/26/2026
39230,7,351,12,1,01/26/2026
39230,7,345,12,1,01/26/2026
39230,7,340,12,1,01/26/2026
39230,7,346,12,1,01/26/2026
39230,7,341,12,1,01/26/2026
39230,7,347,12,1,01/26/2026
39230,7,342,12,1,01/26/2026
39230,7,350,12,1,01/26/2026
39230,7,343,12,1,01/26/2026
39230,7,348,12,1,01/26/2026
39230,7,344,12,1,01/26/2026
39230,7,349,12,1,01/26/2026
39232,6,353,12,1,02/25/2025
39232,6,357,12,1,02/25/2025
39232,6,352,12,1,02/25/2025
39232,6,356,12,1,02/25/2025
39232,6,354,12,1,02/25/2025
39232,6,359,12,1,02/25/2025
39232,6,355,12,1,02/25/2025
39232,6,358,12,1,02/25/2025
39232,6,351,12,1,02/25/2025
39232,6,345,12,1,02/25/2025
39232,6,340,12,1,02/25/2025
39232,6,346,12,1,02/25/2025
39232,6,341,12,1,02/25/2025
39232,6,347,12,1,02/25/2025
39232,6,342,12,1,02/25/2025
39232,6,350,12,1,02/25/2025
39232,6,343,12,1,02/25/2025
39232,6,348,12,1,02/25/2025
39232,6,344,12,1,02/25/2025
39232,6,349,12,1,02/25/2025
39237,10,391,12,1,03/03/2025
39237,10,394,12,1,03/03/2025
39237,10,392,12,1,03/03/2025
39237,10,395,12,1,03/03/2025
39237,10,393,12,1,03/03/2025
39237,10,396,12,1,03/03/2025
39237,10,374,13,1,03/03/2025
39237,10,378,13,1,03/03/2025
39237,10,375,13,1,03/03/2025
39237,10,379,13,1,03/03/2025
39237,10,376,13,1,03/03/2025
39237,10,380,13,1,03/03/2025
39237,10,377,13,1,03/03/2025
39237,10,381,13,1,03/03/2025
39240,15,360,12,1,05/07/2026
39240,15,364,12,1,05/07/2026
39240,15,365,12,1,05/07/2026
39240,15,361,12,1,05/07/2026
39240,15,366,12,1,05/07/2026
39240,15,362,12,1,05/07/2026
39240,15,367,12,1,05/07/2026
39240,15,363,12,1,05/07/2026
39240,15,353,12,1,05/07/2026
39240,15,357,12,1,05/07/2026
39240,15,352,12,1,05/07/2026
39240,15,356,12,1,05/07/2026
39240,15,354,12,1,05/07/2026
39240,15,359,12,1,05/07/2026
39240,15,355,12,1,05/07/2026
39240,15,358,12,1,05/07/2026
39240,15,351,12,1,05/07/2026
39240,15,345,12,1,05/07/2026
39240,15,340,12,1,05/07/2026
39240,15,346,12,1,05/07/2026
39240,15,341,12,1,05/07/2026
39240,15,347,12,1,05/07/2026
39240,15,342,12,1,05/07/2026
39240,15,350,12,1,05/07/2026
39240,15,343,12,1,05/07/2026
39240,15,348,12,1,05/07/2026
39240,15,344,12,1,05/07/2026
39240,15,349,12,1,05/07/2026
39242,8,353,12,1,12/11/2023
39242,8,357,12,1,12/11/2023
39242,8,352,12,1,12/11/2023
39242,8,356,12,1,12/11/2023
39242,8,354,12,1,12/11/2023
39242,8,359,12,1,12/11/2023
39242,8,355,12,1,12/11/2023
39242,8,358,12,1,12/11/2023
39242,8,351,12,1,12/11/2023
39242,8,345,12,1,12/11/2023
39242,8,340,12,1,12/11/2023
39242,8,346,12,1,12/11/2023
39242,8,341,12,1,12/11/2023
39242,8,347,12,1,12/11/2023
39242,8,342,12,1,12/11/2023
39242,8,350,12,1,12/11/2023
39242,8,343,12,1,12/11/2023
39242,8,348,12,1,12/11/2023
39242,8,344,12,1,12/11/2023
39242,8,349,12,1,12/11/2023
39256,7,391,12,1,03/04/2025
39256,7,394,12,1,03/04/2025
39256,7,392,12,1,03/04/2025
39256,7,395,12,1,03/04/2025
39256,7,393,12,1,03/04/2025
39256,7,396,12,1,03/04/2025
39256,7,374,13,1,03/04/2025
39256,7,378,13,1,03/04/2025
39256,7,375,13,1,03/04/2025
39256,7,379,13,1,03/04/2025
39256,7,376,13,1,03/04/2025
39256,7,380,13,1,03/04/2025
39256,7,377,13,1,03/04/2025
39256,7,381,13,1,03/04/2025
39258,12,391,12,1,03/03/2025
39258,12,394,12,1,03/03/2025
39258,12,392,12,1,03/03/2025
39258,12,395,12,1,03/03/2025
39258,12,393,12,1,03/03/2025
39258,12,396,12,1,03/03/2025
39258,12,374,13,1,03/03/2025
39258,12,378,13,1,03/03/2025
39258,12,375,13,1,03/03/2025
39258,12,379,13,1,03/03/2025
39258,12,376,13,1,03/03/2025
39258,12,380,13,1,03/03/2025
39258,12,377,13,1,03/03/2025
39258,12,381,13,1,03/03/2025
39260,5,391,12,1,07/01/2022
39260,5,394,12,1,07/01/2022
39260,5,392,12,1,07/01/2022
39260,5,395,12,1,07/01/2022
39260,5,393,12,1,07/01/2022
39260,5,396,12,1,07/01/2022
39260,5,374,13,1,07/01/2022
39260,5,378,13,1,07/01/2022
39260,5,375,13,1,07/01/2022
39260,5,379,13,1,07/01/2022
39260,5,376,13,1,07/01/2022
39260,5,380,13,1,07/01/2022
39260,5,377,13,1,07/01/2022
39260,5,381,13,1,07/01/2022
39262,8,360,12,1,01/12/2026
39262,8,364,12,1,01/12/2026
39262,8,365,12,1,01/12/2026
39262,8,361,12,1,01/12/2026
39262,8,366,12,1,01/12/2026
39262,8,362,12,1,01/12/2026
39262,8,367,12,1,01/12/2026
39262,8,363,12,1,01/12/2026
39262,8,353,12,1,01/12/2026
39262,8,357,12,1,01/12/2026
39262,8,352,12,1,01/12/2026
39262,8,356,12,1,01/12/2026
39262,8,354,12,1,01/12/2026
39262,8,359,12,1,01/12/2026
39262,8,355,12,1,01/12/2026
39262,8,358,12,1,01/12/2026
39262,8,351,12,1,01/12/2026
39262,8,345,12,1,01/12/2026
39262,8,340,12,1,01/12/2026
39262,8,346,12,1,01/12/2026
39262,8,341,12,1,01/12/2026
39262,8,347,12,1,01/12/2026
39262,8,342,12,1,01/12/2026
39262,8,350,12,1,01/12/2026
39262,8,343,12,1,01/12/2026
39262,8,348,12,1,01/12/2026
39262,8,344,12,1,01/12/2026
39262,8,349,12,1,01/12/2026
39264,8,353,12,1,03/04/2025
39264,8,357,12,1,03/04/2025
39264,8,352,12,1,03/04/2025
39264,8,356,12,1,03/04/2025
39264,8,354,12,1,03/04/2025
39264,8,359,12,1,03/04/2025
39264,8,355,12,1,03/04/2025
39264,8,358,12,1,03/04/2025
39264,8,351,12,1,03/04/2025
39264,8,345,12,1,03/04/2025
39264,8,340,12,1,03/04/2025
39264,8,346,12,1,03/04/2025
39264,8,341,12,1,03/04/2025
39264,8,347,12,1,03/04/2025
39264,8,342,12,1,03/04/2025
39264,8,350,12,1,03/04/2025
39264,8,343,12,1,03/04/2025
39264,8,348,12,1,03/04/2025
39264,8,344,12,1,03/04/2025
39264,8,349,12,1,03/04/2025
39266,3,391,12,1,07/05/2022
39266,3,394,12,1,07/05/2022
39266,3,392,12,1,07/05/2022
39266,3,395,12,1,07/05/2022
39266,3,393,12,1,07/05/2022
39266,3,396,12,1,07/05/2022
39266,3,374,13,1,07/05/2022
39266,3,378,13,1,07/05/2022
39266,3,375,13,1,07/05/2022
39266,3,379,13,1,07/05/2022
39266,3,376,13,1,07/05/2022
39266,3,380,13,1,07/05/2022
39266,3,377,13,1,07/05/2022
39266,3,381,13,1,07/05/2022
39268,7,391,12,1,07/16/2024
39268,7,394,12,1,07/16/2024
39268,7,392,12,1,07/16/2024
39268,7,395,12,1,07/16/2024
39268,7,393,12,1,07/16/2024
39268,7,396,12,1,07/16/2024
39268,7,374,13,1,07/16/2024
39268,7,378,13,1,07/16/2024
39268,7,375,13,1,07/16/2024
39268,7,379,13,1,07/16/2024
39268,7,376,13,1,07/16/2024
39268,7,380,13,1,07/16/2024
39268,7,377,13,1,07/16/2024
39268,7,381,13,1,07/16/2024
39270,8,391,12,1,12/13/2024
39270,8,394,12,1,12/13/2024
39270,8,392,12,1,12/13/2024
39270,8,395,12,1,12/13/2024
39270,8,393,12,1,12/13/2024
39270,8,396,12,1,12/13/2024
39270,8,374,13,1,12/13/2024
39270,8,378,13,1,12/13/2024
39270,8,375,13,1,12/13/2024
39270,8,379,13,1,12/13/2024
39270,8,376,13,1,12/13/2024
39270,8,380,13,1,12/13/2024
39270,8,377,13,1,12/13/2024
39270,8,381,13,1,12/13/2024
39276,9,239,8,1,02/13/2026
39276,9,228,9,2,02/13/2026
39276,9,240,8,1,02/13/2026
39276,9,238,9,2,02/13/2026
39284,12,239,8,1,10/31/2025
39284,12,228,9,2,10/31/2025
39284,12,240,8,1,10/31/2025
39284,12,238,9,2,10/31/2025
39297,7,500,8,1,07/14/2026
39297,7,504,9,1,07/14/2026
39297,7,501,8,1,07/14/2026
39297,7,505,9,1,07/14/2026
39297,7,502,8,1,07/14/2026
39297,7,506,9,1,07/14/2026
39297,7,507,13,1,07/14/2026
39297,7,509,13,1,07/14/2026
39297,7,508,13,1,07/14/2026
39297,7,510,13,1,07/14/2026
39297,7,511,13,1,07/14/2026
39297,7,512,13,1,07/14/2026
39297,7,517,13,1,07/14/2026
39297,7,519,13,1,07/14/2026
39297,7,514,13,1,07/14/2026
39297,7,520,13,1,07/14/2026
39297,7,515,13,1,07/14/2026
39297,7,521,13,1,07/14/2026
39297,7,513,13,1,07/14/2026
39297,7,523,13,1,07/14/2026
39297,7,516,13,1,07/14/2026
39297,7,522,13,1,07/14/2026
39314,12,500,8,1,07/14/2026
39314,12,504,9,1,07/14/2026
39314,12,501,8,1,07/14/2026
39314,12,505,9,1,07/14/2026
39314,12,502,8,1,07/14/2026
39314,12,506,9,1,07/14/2026
39314,12,507,13,1,07/14/2026
39314,12,509,13,1,07/14/2026
39314,12,508,13,1,07/14/2026
39314,12,510,13,1,07/14/2026
39314,12,511,13,1,07/14/2026
39314,12,512,13,1,07/14/2026
39314,12,517,13,1,07/14/2026
39314,12,519,13,1,07/14/2026
39314,12,514,13,1,07/14/2026
39314,12,520,13,1,07/14/2026
39314,12,515,13,1,07/14/2026
39314,12,521,13,1,07/14/2026
39314,12,513,13,1,07/14/2026
39314,12,523,13,1,07/14/2026
39314,12,516,13,1,07/14/2026
39314,12,522,13,1,07/14/2026
39345,3,391,12,1,06/16/2023
39345,3,394,12,1,06/16/2023
39345,3,392,12,1,06/16/2023
39345,3,395,12,1,06/16/2023
39345,3,393,12,1,06/16/2023
39345,3,396,12,1,06/16/2023
39345,3,374,13,1,06/16/2023
39345,3,378,13,1,06/16/2023
39345,3,375,13,1,06/16/2023
39345,3,379,13,1,06/16/2023
39345,3,376,13,1,06/16/2023
39345,3,380,13,1,06/16/2023
39345,3,377,13,1,06/16/2023
39345,3,381,13,1,06/16/2023
39356,5,143,8,1,02/20/2025
39356,5,147,9,1,02/20/2025
39356,5,144,8,1,02/20/2025
39356,5,148,9,1,02/20/2025
39356,5,145,8,1,02/20/2025
39356,5,149,9,1,02/20/2025
39356,5,146,8,1,02/20/2025
39356,5,151,9,1,02/20/2025
39356,5,268,8,1,02/20/2025
39356,5,264,8,1,02/20/2025
39356,5,265,9,1,02/20/2025
39356,5,266,8,1,02/20/2025
39356,5,267,9,1,02/20/2025
39365,149,331,12,1,04/25/2025
39365,149,335,12,1,04/25/2025
39365,149,332,12,1,04/25/2025
39365,149,336,12,1,04/25/2025
39365,149,333,12,1,04/25/2025
39365,149,337,12,1,04/25/2025
39365,149,334,12,1,04/25/2025
39365,149,338,12,1,04/25/2025
39365,149,339,12,1,04/25/2025
39365,149,327,12,1,04/25/2025
39365,149,325,12,1,04/25/2025
39365,149,328,12,1,04/25/2025
39365,149,326,12,1,04/25/2025
39365,149,329,12,1,04/25/2025
39365,149,330,12,1,04/25/2025
39365,149,314,12,1,04/25/2025
39365,149,319,12,1,04/25/2025
39365,149,315,12,1,04/25/2025
39365,149,320,12,1,04/25/2025
39365,149,316,12,1,04/25/2025
39365,149,321,12,1,04/25/2025
39365,149,317,12,1,04/25/2025
39365,149,322,12,1,04/25/2025
39365,149,318,12,1,04/25/2025
39365,149,323,12,1,04/25/2025
39365,149,324,12,1,04/25/2025
39367,41,368,12,1,04/25/2025
39367,41,370,12,1,04/25/2025
39367,41,369,12,1,04/25/2025
39367,41,371,12,1,04/25/2025
39367,41,372,12,1,04/25/2025
39373,6,360,12,1,01/12/2026
39373,6,364,12,1,01/12/2026
39373,6,365,12,1,01/12/2026
39373,6,361,12,1,01/12/2026
39373,6,366,12,1,01/12/2026
39373,6,362,12,1,01/12/2026
39373,6,367,12,1,01/12/2026
39373,6,363,12,1,01/12/2026
39373,6,353,12,1,01/12/2026
39373,6,357,12,1,01/12/2026
39373,6,352,12,1,01/12/2026
39373,6,356,12,1,01/12/2026
39373,6,354,12,1,01/12/2026
39373,6,359,12,1,01/12/2026
39373,6,355,12,1,01/12/2026
39373,6,358,12,1,01/12/2026
39373,6,351,12,1,01/12/2026
39373,6,345,12,1,01/12/2026
39373,6,340,12,1,01/12/2026
39373,6,346,12,1,01/12/2026
39373,6,341,12,1,01/12/2026
39373,6,347,12,1,01/12/2026
39373,6,342,12,1,01/12/2026
39373,6,350,12,1,01/12/2026
39373,6,343,12,1,01/12/2026
39373,6,348,12,1,01/12/2026
39373,6,344,12,1,01/12/2026
39373,6,349,12,1,01/12/2026
39375,4,353,12,1,06/15/2023
39375,4,357,12,1,06/15/2023
39375,4,352,12,1,06/15/2023
39375,4,356,12,1,06/15/2023
39375,4,354,12,1,06/15/2023
39375,4,359,12,1,06/15/2023
39375,4,355,12,1,06/15/2023
39375,4,358,12,1,06/15/2023
39375,4,351,12,1,06/15/2023
39375,4,345,12,1,06/15/2023
39375,4,340,12,1,06/15/2023
39375,4,346,12,1,06/15/2023
39375,4,341,12,1,06/15/2023
39375,4,347,12,1,06/15/2023
39375,4,342,12,1,06/15/2023
39375,4,350,12,1,06/15/2023
39375,4,343,12,1,06/15/2023
39375,4,348,12,1,06/15/2023
39375,4,344,12,1,06/15/2023
39375,4,349,12,1,06/15/2023
39383,13,239,8,1,03/27/2026
39383,13,228,9,2,03/27/2026
39383,13,240,8,1,03/27/2026
39383,13,238,9,2,03/27/2026
39385,6,391,12,1,12/19/2022
39385,6,394,12,1,12/19/2022
39385,6,392,12,1,12/19/2022
39385,6,395,12,1,12/19/2022
39385,6,393,12,1,12/19/2022
39385,6,396,12,1,12/19/2022
39385,6,374,13,1,12/19/2022
39385,6,378,13,1,12/19/2022
39385,6,375,13,1,12/19/2022
39385,6,379,13,1,12/19/2022
39385,6,376,13,1,12/19/2022
39385,6,380,13,1,12/19/2022
39385,6,377,13,1,12/19/2022
39385,6,381,13,1,12/19/2022
39387,8,391,12,1,10/04/2024
39387,8,394,12,1,10/04/2024
39387,8,392,12,1,10/04/2024
39387,8,395,12,1,10/04/2024
39387,8,393,12,1,10/04/2024
39387,8,396,12,1,10/04/2024
39387,8,374,13,1,10/04/2024
39387,8,378,13,1,10/04/2024
39387,8,375,13,1,10/04/2024
39387,8,379,13,1,10/04/2024
39387,8,376,13,1,10/04/2024
39387,8,380,13,1,10/04/2024
39387,8,377,13,1,10/04/2024
39387,8,381,13,1,10/04/2024
39389,6,239,8,1,04/06/2026
39389,6,228,9,2,04/06/2026
39389,6,240,8,1,04/06/2026
39389,6,238,9,2,04/06/2026
39391,9,391,12,1,12/22/2025
39391,9,394,12,1,12/22/2025
39391,9,392,12,1,12/22/2025
39391,9,395,12,1,12/22/2025
39391,9,393,12,1,12/22/2025
39391,9,396,12,1,12/22/2025
39391,9,374,13,1,12/22/2025
39391,9,378,13,1,12/22/2025
39391,9,375,13,1,12/22/2025
39391,9,379,13,1,12/22/2025
39391,9,376,13,1,12/22/2025
39391,9,380,13,1,12/22/2025
39391,9,377,13,1,12/22/2025
39391,9,381,13,1,12/22/2025
39396,7,360,12,1,02/23/2026
39396,7,364,12,1,02/23/2026
39396,7,365,12,1,02/23/2026
39396,7,361,12,1,02/23/2026
39396,7,366,12,1,02/23/2026
39396,7,362,12,1,02/23/2026
39396,7,367,12,1,02/23/2026
39396,7,363,12,1,02/23/2026
39396,7,353,12,1,02/23/2026
39396,7,357,12,1,02/23/2026
39396,7,352,12,1,02/23/2026
39396,7,356,12,1,02/23/2026
39396,7,354,12,1,02/23/2026
39396,7,359,12,1,02/23/2026
39396,7,355,12,1,02/23/2026
39396,7,358,12,1,02/23/2026
39396,7,351,12,1,02/23/2026
39396,7,345,12,1,02/23/2026
39396,7,340,12,1,02/23/2026
39396,7,346,12,1,02/23/2026
39396,7,341,12,1,02/23/2026
39396,7,347,12,1,02/23/2026
39396,7,342,12,1,02/23/2026
39396,7,350,12,1,02/23/2026
39396,7,343,12,1,02/23/2026
39396,7,348,12,1,02/23/2026
39396,7,344,12,1,02/23/2026
39396,7,349,12,1,02/23/2026
39398,6,353,12,1,01/27/2026
39398,6,357,12,1,01/27/2026
39398,6,352,12,1,01/27/2026
39398,6,356,12,1,01/27/2026
39398,6,354,12,1,01/27/2026
39398,6,359,12,1,01/27/2026
39398,6,355,12,1,01/27/2026
39398,6,358,12,1,01/27/2026
39398,6,351,12,1,01/27/2026
39398,6,345,12,1,01/27/2026
39398,6,340,12,1,01/27/2026
39398,6,346,12,1,01/27/2026
39398,6,341,12,1,01/27/2026
39398,6,347,12,1,01/27/2026
39398,6,342,12,1,01/27/2026
39398,6,350,12,1,01/27/2026
39398,6,343,12,1,01/27/2026
39398,6,348,12,1,01/27/2026
39398,6,344,12,1,01/27/2026
39398,6,349,12,1,01/27/2026
39400,8,391,12,1,09/06/2024
39400,8,394,12,1,09/06/2024
39400,8,392,12,1,09/06/2024
39400,8,395,12,1,09/06/2024
39400,8,393,12,1,09/06/2024
39400,8,396,12,1,09/06/2024
39400,8,374,13,1,09/06/2024
39400,8,378,13,1,09/06/2024
39400,8,375,13,1,09/06/2024
39400,8,379,13,1,09/06/2024
39400,8,376,13,1,09/06/2024
39400,8,380,13,1,09/06/2024
39400,8,377,13,1,09/06/2024
39400,8,381,13,1,09/06/2024
39402,14,391,12,1,11/20/2024
39402,14,394,12,1,11/20/2024
39402,14,392,12,1,11/20/2024
39402,14,395,12,1,11/20/2024
39402,14,393,12,1,11/20/2024
39402,14,396,12,1,11/20/2024
39402,14,374,13,1,11/20/2024
39402,14,378,13,1,11/20/2024
39402,14,375,13,1,11/20/2024
39402,14,379,13,1,11/20/2024
39402,14,376,13,1,11/20/2024
39402,14,380,13,1,11/20/2024
39402,14,377,13,1,11/20/2024
39402,14,381,13,1,11/20/2024
39420,4,391,12,1,01/13/2023
39420,4,394,12,1,01/13/2023
39420,4,392,12,1,01/13/2023
39420,4,395,12,1,01/13/2023
39420,4,393,12,1,01/13/2023
39420,4,396,12,1,01/13/2023
39420,4,374,13,1,01/13/2023
39420,4,378,13,1,01/13/2023
39420,4,375,13,1,01/13/2023
39420,4,379,13,1,01/13/2023
39420,4,376,13,1,01/13/2023
39420,4,380,13,1,01/13/2023
39420,4,377,13,1,01/13/2023
39420,4,381,13,1,01/13/2023
39424,6,391,12,1,08/13/2024
39424,6,394,12,1,08/13/2024
39424,6,392,12,1,08/13/2024
39424,6,395,12,1,08/13/2024
39424,6,393,12,1,08/13/2024
39424,6,396,12,1,08/13/2024
39424,6,374,13,1,08/13/2024
39424,6,378,13,1,08/13/2024
39424,6,375,13,1,08/13/2024
39424,6,379,13,1,08/13/2024
39424,6,376,13,1,08/13/2024
39424,6,380,13,1,08/13/2024
39424,6,377,13,1,08/13/2024
39424,6,381,13,1,08/13/2024
39427,7,239,8,1,07/02/2026
39427,7,228,9,2,07/02/2026
39427,7,240,8,1,07/02/2026
39427,7,238,9,2,07/02/2026
39434,8,239,8,1,02/27/2026
39434,8,228,9,2,02/27/2026
39434,8,240,8,1,02/27/2026
39434,8,238,9,2,02/27/2026
39455,7,500,8,1,07/14/2026
39455,7,504,9,1,07/14/2026
39455,7,501,8,1,07/14/2026
39455,7,505,9,1,07/14/2026
39455,7,502,8,1,07/14/2026
39455,7,506,9,1,07/14/2026
39455,7,507,13,1,07/14/2026
39455,7,509,13,1,07/14/2026
39455,7,508,13,1,07/14/2026
39455,7,510,13,1,07/14/2026
39455,7,511,13,1,07/14/2026
39455,7,512,13,1,07/14/2026
39455,7,517,13,1,07/14/2026
39455,7,519,13,1,07/14/2026
39455,7,514,13,1,07/14/2026
39455,7,520,13,1,07/14/2026
39455,7,515,13,1,07/14/2026
39455,7,521,13,1,07/14/2026
39455,7,513,13,1,07/14/2026
39455,7,523,13,1,07/14/2026
39455,7,516,13,1,07/14/2026
39455,7,522,13,1,07/14/2026
39462,9,360,12,1,02/23/2026
39462,9,364,12,1,02/23/2026
39462,9,365,12,1,02/23/2026
39462,9,361,12,1,02/23/2026
39462,9,366,12,1,02/23/2026
39462,9,362,12,1,02/23/2026
39462,9,367,12,1,02/23/2026
39462,9,363,12,1,02/23/2026
39462,9,353,12,1,02/23/2026
39462,9,357,12,1,02/23/2026
39462,9,352,12,1,02/23/2026
39462,9,356,12,1,02/23/2026
39462,9,354,12,1,02/23/2026
39462,9,359,12,1,02/23/2026
39462,9,355,12,1,02/23/2026
39462,9,358,12,1,02/23/2026
39462,9,351,12,1,02/23/2026
39462,9,345,12,1,02/23/2026
39462,9,340,12,1,02/23/2026
39462,9,346,12,1,02/23/2026
39462,9,341,12,1,02/23/2026
39462,9,347,12,1,02/23/2026
39462,9,342,12,1,02/23/2026
39462,9,350,12,1,02/23/2026
39462,9,343,12,1,02/23/2026
39462,9,348,12,1,02/23/2026
39462,9,344,12,1,02/23/2026
39462,9,349,12,1,02/23/2026
39464,8,353,12,1,01/27/2026
39464,8,357,12,1,01/27/2026
39464,8,352,12,1,01/27/2026
39464,8,356,12,1,01/27/2026
39464,8,354,12,1,01/27/2026
39464,8,359,12,1,01/27/2026
39464,8,355,12,1,01/27/2026
39464,8,358,12,1,01/27/2026
39464,8,351,12,1,01/27/2026
39464,8,345,12,1,01/27/2026
39464,8,340,12,1,01/27/2026
39464,8,346,12,1,01/27/2026
39464,8,341,12,1,01/27/2026
39464,8,347,12,1,01/27/2026
39464,8,342,12,1,01/27/2026
39464,8,350,12,1,01/27/2026
39464,8,343,12,1,01/27/2026
39464,8,348,12,1,01/27/2026
39464,8,344,12,1,01/27/2026
39464,8,349,12,1,01/27/2026
39467,9,360,12,1,01/12/2026
39467,9,364,12,1,01/12/2026
39467,9,365,12,1,01/12/2026
39467,9,361,12,1,01/12/2026
39467,9,366,12,1,01/12/2026
39467,9,362,12,1,01/12/2026
39467,9,367,12,1,01/12/2026
39467,9,363,12,1,01/12/2026
39467,9,353,12,1,01/12/2026
39467,9,357,12,1,01/12/2026
39467,9,352,12,1,01/12/2026
39467,9,356,12,1,01/12/2026
39467,9,354,12,1,01/12/2026
39467,9,359,12,1,01/12/2026
39467,9,355,12,1,01/12/2026
39467,9,358,12,1,01/12/2026
39467,9,351,12,1,01/12/2026
39467,9,345,12,1,01/12/2026
39467,9,340,12,1,01/12/2026
39467,9,346,12,1,01/12/2026
39467,9,341,12,1,01/12/2026
39467,9,347,12,1,01/12/2026
39467,9,342,12,1,01/12/2026
39467,9,350,12,1,01/12/2026
39467,9,343,12,1,01/12/2026
39467,9,348,12,1,01/12/2026
39467,9,344,12,1,01/12/2026
39467,9,349,12,1,01/12/2026
39469,9,353,12,1,08/01/2025
39469,9,357,12,1,08/01/2025
39469,9,352,12,1,08/01/2025
39469,9,356,12,1,08/01/2025
39469,9,354,12,1,08/01/2025
39469,9,359,12,1,08/01/2025
39469,9,355,12,1,08/01/2025
39469,9,358,12,1,08/01/2025
39469,9,351,12,1,08/01/2025
39469,9,345,12,1,08/01/2025
39469,9,340,12,1,08/01/2025
39469,9,346,12,1,08/01/2025
39469,9,341,12,1,08/01/2025
39469,9,347,12,1,08/01/2025
39469,9,342,12,1,08/01/2025
39469,9,350,12,1,08/01/2025
39469,9,343,12,1,08/01/2025
39469,9,348,12,1,08/01/2025
39469,9,344,12,1,08/01/2025
39469,9,349,12,1,08/01/2025
39475,7,143,8,1,12/18/2024
39475,7,147,9,1,12/18/2024
39475,7,144,8,1,12/18/2024
39475,7,148,9,1,12/18/2024
39475,7,145,8,1,12/18/2024
39475,7,149,9,1,12/18/2024
39475,7,146,8,1,12/18/2024
39475,7,151,9,1,12/18/2024
39475,7,268,8,1,12/18/2024
39475,7,264,8,1,12/18/2024
39475,7,265,9,1,12/18/2024
39475,7,266,8,1,12/18/2024
39475,7,267,9,1,12/18/2024
39477,7,143,8,1,12/18/2024
39477,7,147,9,1,12/18/2024
39477,7,144,8,1,12/18/2024
39477,7,148,9,1,12/18/2024
39477,7,145,8,1,12/18/2024
39477,7,149,9,1,12/18/2024
39477,7,146,8,1,12/18/2024
39477,7,151,9,1,12/18/2024
39477,7,268,8,1,12/18/2024
39477,7,264,8,1,12/18/2024
39477,7,265,9,1,12/18/2024
39477,7,266,8,1,12/18/2024
39477,7,267,9,1,12/18/2024
39479,5,143,8,1,04/22/2025
39479,5,147,9,1,04/22/2025
39479,5,144,8,1,04/22/2025
39479,5,148,9,1,04/22/2025
39479,5,145,8,1,04/22/2025
39479,5,149,9,1,04/22/2025
39479,5,146,8,1,04/22/2025
39479,5,151,9,1,04/22/2025
39479,5,268,8,1,04/22/2025
39479,5,264,8,1,04/22/2025
39479,5,265,9,1,04/22/2025
39479,5,266,8,1,04/22/2025
39479,5,267,9,1,04/22/2025
39481,8,143,8,1,08/01/2025
39481,8,147,9,1,08/01/2025
39481,8,144,8,1,08/01/2025
39481,8,148,9,1,08/01/2025
39481,8,145,8,1,08/01/2025
39481,8,149,9,1,08/01/2025
39481,8,146,8,1,08/01/2025
39481,8,151,9,1,08/01/2025
39481,8,268,8,1,08/01/2025
39481,8,264,8,1,08/01/2025
39481,8,265,9,1,08/01/2025
39481,8,266,8,1,08/01/2025
39481,8,267,9,1,08/01/2025
39490,7,331,12,1,04/21/2023
39490,7,335,12,1,04/21/2023
39490,7,332,12,1,04/21/2023
39490,7,336,12,1,04/21/2023
39490,7,333,12,1,04/21/2023
39490,7,337,12,1,04/21/2023
39490,7,334,12,1,04/21/2023
39490,7,338,12,1,04/21/2023
39490,7,339,12,1,04/21/2023
39490,7,327,12,1,04/21/2023
39490,7,325,12,1,04/21/2023
39490,7,328,12,1,04/21/2023
39490,7,326,12,1,04/21/2023
39490,7,329,12,1,04/21/2023
39490,7,330,12,1,04/21/2023
39490,7,314,12,1,04/21/2023
39490,7,319,12,1,04/21/2023
39490,7,315,12,1,04/21/2023
39490,7,320,12,1,04/21/2023
39490,7,316,12,1,04/21/2023
39490,7,321,12,1,04/21/2023
39490,7,317,12,1,04/21/2023
39490,7,322,12,1,04/21/2023
39490,7,318,12,1,04/21/2023
39490,7,323,12,1,04/21/2023
39490,7,324,12,1,04/21/2023
39492,7,368,12,1,04/21/2023
39492,7,370,12,1,04/21/2023
39492,7,369,12,1,04/21/2023
39492,7,371,12,1,04/21/2023
39492,7,372,12,1,04/21/2023
39506,6,239,8,1,05/11/2026
39506,6,228,9,2,05/11/2026
39506,6,240,8,1,05/11/2026
39506,6,238,9,2,05/11/2026
39513,4,500,8,1,07/14/2026
39513,4,504,9,1,07/14/2026
39513,4,501,8,1,07/14/2026
39513,4,505,9,1,07/14/2026
39513,4,502,8,1,07/14/2026
39513,4,506,9,1,07/14/2026
39513,4,507,13,1,07/14/2026
39513,4,509,13,1,07/14/2026
39513,4,508,13,1,07/14/2026
39513,4,510,13,1,07/14/2026
39513,4,511,13,1,07/14/2026
39513,4,512,13,1,07/14/2026
39513,4,517,13,1,07/14/2026
39513,4,519,13,1,07/14/2026
39513,4,514,13,1,07/14/2026
39513,4,520,13,1,07/14/2026
39513,4,515,13,1,07/14/2026
39513,4,521,13,1,07/14/2026
39513,4,513,13,1,07/14/2026
39513,4,523,13,1,07/14/2026
39513,4,516,13,1,07/14/2026
39513,4,522,13,1,07/14/2026
39521,8,239,8,1,02/19/2026
39521,8,228,9,2,02/19/2026
39521,8,240,8,1,02/19/2026
39521,8,238,9,2,02/19/2026
39529,5,143,8,1,04/22/2025
39529,5,147,9,1,04/22/2025
39529,5,144,8,1,04/22/2025
39529,5,148,9,1,04/22/2025
39529,5,145,8,1,04/22/2025
39529,5,149,9,1,04/22/2025
39529,5,146,8,1,04/22/2025
39529,5,151,9,1,04/22/2025
39529,5,268,8,1,04/22/2025
39529,5,264,8,1,04/22/2025
39529,5,265,9,1,04/22/2025
39529,5,266,8,1,04/22/2025
39529,5,267,9,1,04/22/2025
39543,5,391,12,1,09/12/2023
39543,5,394,12,1,09/12/2023
39543,5,392,12,1,09/12/2023
39543,5,395,12,1,09/12/2023
39543,5,393,12,1,09/12/2023
39543,5,396,12,1,09/12/2023
39543,5,374,13,1,09/12/2023
39543,5,378,13,1,09/12/2023
39543,5,375,13,1,09/12/2023
39543,5,379,13,1,09/12/2023
39543,5,376,13,1,09/12/2023
39543,5,380,13,1,09/12/2023
39543,5,377,13,1,09/12/2023
39543,5,381,13,1,09/12/2023
39553,24,391,12,1,12/08/2025
39553,24,394,12,1,12/08/2025
39553,24,392,12,1,12/08/2025
39553,24,395,12,1,12/08/2025
39553,24,393,12,1,12/08/2025
39553,24,396,12,1,12/08/2025
39553,24,374,13,1,12/08/2025
39553,24,378,13,1,12/08/2025
39553,24,375,13,1,12/08/2025
39553,24,379,13,1,12/08/2025
39553,24,376,13,1,12/08/2025
39553,24,380,13,1,12/08/2025
39553,24,377,13,1,12/08/2025
39553,24,381,13,1,12/08/2025
39573,3,391,12,1,09/18/2023
39573,3,394,12,1,09/18/2023
39573,3,392,12,1,09/18/2023
39573,3,395,12,1,09/18/2023
39573,3,393,12,1,09/18/2023
39573,3,396,12,1,09/18/2023
39573,3,374,13,1,09/18/2023
39573,3,378,13,1,09/18/2023
39573,3,375,13,1,09/18/2023
39573,3,379,13,1,09/18/2023
39573,3,376,13,1,09/18/2023
39573,3,380,13,1,09/18/2023
39573,3,377,13,1,09/18/2023
39573,3,381,13,1,09/18/2023
39575,4,239,8,1,10/16/2023
39575,4,228,9,2,10/16/2023
39575,4,240,8,1,10/16/2023
39575,4,238,9,2,10/16/2023
39583,3,391,12,1,06/28/2024
39583,3,394,12,1,06/28/2024
39583,3,392,12,1,06/28/2024
39583,3,395,12,1,06/28/2024
39583,3,393,12,1,06/28/2024
39583,3,396,12,1,06/28/2024
39583,3,374,13,1,06/28/2024
39583,3,378,13,1,06/28/2024
39583,3,375,13,1,06/28/2024
39583,3,379,13,1,06/28/2024
39583,3,376,13,1,06/28/2024
39583,3,380,13,1,06/28/2024
39583,3,377,13,1,06/28/2024
39583,3,381,13,1,06/28/2024
39585,5,239,8,1,05/22/2026
39585,5,228,9,2,05/22/2026
39585,5,240,8,1,05/22/2026
39585,5,238,9,2,05/22/2026
39589,4,360,12,1,01/12/2026
39589,4,364,12,1,01/12/2026
39589,4,365,12,1,01/12/2026
39589,4,361,12,1,01/12/2026
39589,4,366,12,1,01/12/2026
39589,4,362,12,1,01/12/2026
39589,4,367,12,1,01/12/2026
39589,4,363,12,1,01/12/2026
39589,4,353,12,1,01/12/2026
39589,4,357,12,1,01/12/2026
39589,4,352,12,1,01/12/2026
39589,4,356,12,1,01/12/2026
39589,4,354,12,1,01/12/2026
39589,4,359,12,1,01/12/2026
39589,4,355,12,1,01/12/2026
39589,4,358,12,1,01/12/2026
39589,4,351,12,1,01/12/2026
39589,4,345,12,1,01/12/2026
39589,4,340,12,1,01/12/2026
39589,4,346,12,1,01/12/2026
39589,4,341,12,1,01/12/2026
39589,4,347,12,1,01/12/2026
39589,4,342,12,1,01/12/2026
39589,4,350,12,1,01/12/2026
39589,4,343,12,1,01/12/2026
39589,4,348,12,1,01/12/2026
39589,4,344,12,1,01/12/2026
39589,4,349,12,1,01/12/2026
39591,11,388,10,1,02/16/2024
39591,11,140,10,2,02/16/2024
39591,11,389,10,1,02/16/2024
39591,11,139,10,2,02/16/2024
39594,6,353,12,1,09/30/2025
39594,6,357,12,1,09/30/2025
39594,6,352,12,1,09/30/2025
39594,6,356,12,1,09/30/2025
39594,6,354,12,1,09/30/2025
39594,6,359,12,1,09/30/2025
39594,6,355,12,1,09/30/2025
39594,6,358,12,1,09/30/2025
39594,6,351,12,1,09/30/2025
39594,6,345,12,1,09/30/2025
39594,6,340,12,1,09/30/2025
39594,6,346,12,1,09/30/2025
39594,6,341,12,1,09/30/2025
39594,6,347,12,1,09/30/2025
39594,6,342,12,1,09/30/2025
39594,6,350,12,1,09/30/2025
39594,6,343,12,1,09/30/2025
39594,6,348,12,1,09/30/2025
39594,6,344,12,1,09/30/2025
39594,6,349,12,1,09/30/2025
39611,5,500,8,1,07/14/2026
39611,5,504,9,1,07/14/2026
39611,5,501,8,1,07/14/2026
39611,5,505,9,1,07/14/2026
39611,5,502,8,1,07/14/2026
39611,5,506,9,1,07/14/2026
39611,5,507,13,1,07/14/2026
39611,5,509,13,1,07/14/2026
39611,5,508,13,1,07/14/2026
39611,5,510,13,1,07/14/2026
39611,5,511,13,1,07/14/2026
39611,5,512,13,1,07/14/2026
39611,5,517,13,1,07/14/2026
39611,5,519,13,1,07/14/2026
39611,5,514,13,1,07/14/2026
39611,5,520,13,1,07/14/2026
39611,5,515,13,1,07/14/2026
39611,5,521,13,1,07/14/2026
39611,5,513,13,1,07/14/2026
39611,5,523,13,1,07/14/2026
39611,5,516,13,1,07/14/2026
39611,5,522,13,1,07/14/2026
39614,5,143,8,1,05/21/2026
39614,5,147,9,1,05/21/2026
39614,5,144,8,1,05/21/2026
39614,5,148,9,1,05/21/2026
39614,5,145,8,1,05/21/2026
39614,5,149,9,1,05/21/2026
39614,5,146,8,1,05/21/2026
39614,5,151,9,1,05/21/2026
39614,5,268,8,1,05/21/2026
39614,5,264,8,1,05/21/2026
39614,5,265,9,1,05/21/2026
39614,5,266,8,1,05/21/2026
39614,5,267,9,1,05/21/2026
39616,5,239,8,1,02/19/2026
39616,5,228,9,2,02/19/2026
39616,5,240,8,1,02/19/2026
39616,5,238,9,2,02/19/2026
39624,5,143,8,1,09/15/2025
39624,5,147,9,1,09/15/2025
39624,5,144,8,1,09/15/2025
39624,5,148,9,1,09/15/2025
39624,5,145,8,1,09/15/2025
39624,5,149,9,1,09/15/2025
39624,5,146,8,1,09/15/2025
39624,5,151,9,1,09/15/2025
39624,5,268,8,1,09/15/2025
39624,5,264,8,1,09/15/2025
39624,5,265,9,1,09/15/2025
39624,5,266,8,1,09/15/2025
39624,5,267,9,1,09/15/2025
39636,4,391,12,1,08/01/2024
39636,4,394,12,1,08/01/2024
39636,4,392,12,1,08/01/2024
39636,4,395,12,1,08/01/2024
39636,4,393,12,1,08/01/2024
39636,4,396,12,1,08/01/2024
39636,4,374,13,1,08/01/2024
39636,4,378,13,1,08/01/2024
39636,4,375,13,1,08/01/2024
39636,4,379,13,1,08/01/2024
39636,4,376,13,1,08/01/2024
39636,4,380,13,1,08/01/2024
39636,4,377,13,1,08/01/2024
39636,4,381,13,1,08/01/2024
39642,11,360,12,1,02/23/2026
39642,11,364,12,1,02/23/2026
39642,11,365,12,1,02/23/2026
39642,11,361,12,1,02/23/2026
39642,11,366,12,1,02/23/2026
39642,11,362,12,1,02/23/2026
39642,11,367,12,1,02/23/2026
39642,11,363,12,1,02/23/2026
39642,11,353,12,1,02/23/2026
39642,11,357,12,1,02/23/2026
39642,11,352,12,1,02/23/2026
39642,11,356,12,1,02/23/2026
39642,11,354,12,1,02/23/2026
39642,11,359,12,1,02/23/2026
39642,11,355,12,1,02/23/2026
39642,11,358,12,1,02/23/2026
39642,11,351,12,1,02/23/2026
39642,11,345,12,1,02/23/2026
39642,11,340,12,1,02/23/2026
39642,11,346,12,1,02/23/2026
39642,11,341,12,1,02/23/2026
39642,11,347,12,1,02/23/2026
39642,11,342,12,1,02/23/2026
39642,11,350,12,1,02/23/2026
39642,11,343,12,1,02/23/2026
39642,11,348,12,1,02/23/2026
39642,11,344,12,1,02/23/2026
39642,11,349,12,1,02/23/2026
39644,12,353,12,1,10/27/2025
39644,12,357,12,1,10/27/2025
39644,12,352,12,1,10/27/2025
39644,12,356,12,1,10/27/2025
39644,12,354,12,1,10/27/2025
39644,12,359,12,1,10/27/2025
39644,12,355,12,1,10/27/2025
39644,12,358,12,1,10/27/2025
39644,12,351,12,1,10/27/2025
39644,12,345,12,1,10/27/2025
39644,12,340,12,1,10/27/2025
39644,12,346,12,1,10/27/2025
39644,12,341,12,1,10/27/2025
39644,12,347,12,1,10/27/2025
39644,12,342,12,1,10/27/2025
39644,12,350,12,1,10/27/2025
39644,12,343,12,1,10/27/2025
39644,12,348,12,1,10/27/2025
39644,12,344,12,1,10/27/2025
39644,12,349,12,1,10/27/2025
39646,7,391,12,1,03/04/2025
39646,7,394,12,1,03/04/2025
39646,7,392,12,1,03/04/2025
39646,7,395,12,1,03/04/2025
39646,7,393,12,1,03/04/2025
39646,7,396,12,1,03/04/2025
39646,7,374,13,1,03/04/2025
39646,7,378,13,1,03/04/2025
39646,7,375,13,1,03/04/2025
39646,7,379,13,1,03/04/2025
39646,7,376,13,1,03/04/2025
39646,7,380,13,1,03/04/2025
39646,7,377,13,1,03/04/2025
39646,7,381,13,1,03/04/2025
39648,4,239,8,1,08/01/2024
39648,4,228,9,2,08/01/2024
39648,4,240,8,1,08/01/2024
39648,4,238,9,2,08/01/2024
39650,7,239,8,1,05/22/2026
39650,7,228,9,2,05/22/2026
39650,7,240,8,1,05/22/2026
39650,7,238,9,2,05/22/2026
39654,3,391,12,1,08/02/2024
39654,3,394,12,1,08/02/2024
39654,3,392,12,1,08/02/2024
39654,3,395,12,1,08/02/2024
39654,3,393,12,1,08/02/2024
39654,3,396,12,1,08/02/2024
39654,3,374,13,1,08/02/2024
39654,3,378,13,1,08/02/2024
39654,3,375,13,1,08/02/2024
39654,3,379,13,1,08/02/2024
39654,3,376,13,1,08/02/2024
39654,3,380,13,1,08/02/2024
39654,3,377,13,1,08/02/2024
39654,3,381,13,1,08/02/2024
39656,9,239,8,1,03/05/2024
39656,9,228,9,2,03/05/2024
39656,9,240,8,1,03/05/2024
39656,9,238,9,2,03/05/2024
39658,5,239,8,1,06/08/2026
39658,5,228,9,2,06/08/2026
39658,5,240,8,1,06/08/2026
39658,5,238,9,2,06/08/2026
39662,6,500,8,1,07/14/2026
39662,6,504,9,1,07/14/2026
39662,6,501,8,1,07/14/2026
39662,6,505,9,1,07/14/2026
39662,6,502,8,1,07/14/2026
39662,6,506,9,1,07/14/2026
39662,6,507,13,1,07/14/2026
39662,6,509,13,1,07/14/2026
39662,6,508,13,1,07/14/2026
39662,6,510,13,1,07/14/2026
39662,6,511,13,1,07/14/2026
39662,6,512,13,1,07/14/2026
39662,6,517,13,1,07/14/2026
39662,6,519,13,1,07/14/2026
39662,6,514,13,1,07/14/2026
39662,6,520,13,1,07/14/2026
39662,6,515,13,1,07/14/2026
39662,6,521,13,1,07/14/2026
39662,6,513,13,1,07/14/2026
39662,6,523,13,1,07/14/2026
39662,6,516,13,1,07/14/2026
39662,6,522,13,1,07/14/2026
39671,5,391,12,1,02/07/2024
39671,5,394,12,1,02/07/2024
39671,5,392,12,1,02/07/2024
39671,5,395,12,1,02/07/2024
39671,5,393,12,1,02/07/2024
39671,5,396,12,1,02/07/2024
39671,5,374,13,1,02/07/2024
39671,5,378,13,1,02/07/2024
39671,5,375,13,1,02/07/2024
39671,5,379,13,1,02/07/2024
39671,5,376,13,1,02/07/2024
39671,5,380,13,1,02/07/2024
39671,5,377,13,1,02/07/2024
39671,5,381,13,1,02/07/2024
39678,5,360,12,1,01/12/2026
39678,5,364,12,1,01/12/2026
39678,5,365,12,1,01/12/2026
39678,5,361,12,1,01/12/2026
39678,5,366,12,1,01/12/2026
39678,5,362,12,1,01/12/2026
39678,5,367,12,1,01/12/2026
39678,5,363,12,1,01/12/2026
39678,5,353,12,1,01/12/2026
39678,5,357,12,1,01/12/2026
39678,5,352,12,1,01/12/2026
39678,5,356,12,1,01/12/2026
39678,5,354,12,1,01/12/2026
39678,5,359,12,1,01/12/2026
39678,5,355,12,1,01/12/2026
39678,5,358,12,1,01/12/2026
39678,5,351,12,1,01/12/2026
39678,5,345,12,1,01/12/2026
39678,5,340,12,1,01/12/2026
39678,5,346,12,1,01/12/2026
39678,5,341,12,1,01/12/2026
39678,5,347,12,1,01/12/2026
39678,5,342,12,1,01/12/2026
39678,5,350,12,1,01/12/2026
39678,5,343,12,1,01/12/2026
39678,5,348,12,1,01/12/2026
39678,5,344,12,1,01/12/2026
39678,5,349,12,1,01/12/2026
39680,5,353,12,1,08/02/2024
39680,5,357,12,1,08/02/2024
39680,5,352,12,1,08/02/2024
39680,5,356,12,1,08/02/2024
39680,5,354,12,1,08/02/2024
39680,5,359,12,1,08/02/2024
39680,5,355,12,1,08/02/2024
39680,5,358,12,1,08/02/2024
39680,5,351,12,1,08/02/2024
39680,5,345,12,1,08/02/2024
39680,5,340,12,1,08/02/2024
39680,5,346,12,1,08/02/2024
39680,5,341,12,1,08/02/2024
39680,5,347,12,1,08/02/2024
39680,5,342,12,1,08/02/2024
39680,5,350,12,1,08/02/2024
39680,5,343,12,1,08/02/2024
39680,5,348,12,1,08/02/2024
39680,5,344,12,1,08/02/2024
39680,5,349,12,1,08/02/2024
39682,8,360,12,1,01/26/2026
39682,8,364,12,1,01/26/2026
39682,8,365,12,1,01/26/2026
39682,8,361,12,1,01/26/2026
39682,8,366,12,1,01/26/2026
39682,8,362,12,1,01/26/2026
39682,8,367,12,1,01/26/2026
39682,8,363,12,1,01/26/2026
39682,8,353,12,1,01/26/2026
39682,8,357,12,1,01/26/2026
39682,8,352,12,1,01/26/2026
39682,8,356,12,1,01/26/2026
39682,8,354,12,1,01/26/2026
39682,8,359,12,1,01/26/2026
39682,8,355,12,1,01/26/2026
39682,8,358,12,1,01/26/2026
39682,8,351,12,1,01/26/2026
39682,8,345,12,1,01/26/2026
39682,8,340,12,1,01/26/2026
39682,8,346,12,1,01/26/2026
39682,8,341,12,1,01/26/2026
39682,8,347,12,1,01/26/2026
39682,8,342,12,1,01/26/2026
39682,8,350,12,1,01/26/2026
39682,8,343,12,1,01/26/2026
39682,8,348,12,1,01/26/2026
39682,8,344,12,1,01/26/2026
39682,8,349,12,1,01/26/2026
39684,7,353,12,1,03/04/2025
39684,7,357,12,1,03/04/2025
39684,7,352,12,1,03/04/2025
39684,7,356,12,1,03/04/2025
39684,7,354,12,1,03/04/2025
39684,7,359,12,1,03/04/2025
39684,7,355,12,1,03/04/2025
39684,7,358,12,1,03/04/2025
39684,7,351,12,1,03/04/2025
39684,7,345,12,1,03/04/2025
39684,7,340,12,1,03/04/2025
39684,7,346,12,1,03/04/2025
39684,7,341,12,1,03/04/2025
39684,7,347,12,1,03/04/2025
39684,7,342,12,1,03/04/2025
39684,7,350,12,1,03/04/2025
39684,7,343,12,1,03/04/2025
39684,7,348,12,1,03/04/2025
39684,7,344,12,1,03/04/2025
39684,7,349,12,1,03/04/2025
39686,4,360,12,1,01/12/2026
39686,4,364,12,1,01/12/2026
39686,4,365,12,1,01/12/2026
39686,4,361,12,1,01/12/2026
39686,4,366,12,1,01/12/2026
39686,4,362,12,1,01/12/2026
39686,4,367,12,1,01/12/2026
39686,4,363,12,1,01/12/2026
39686,4,353,12,1,01/12/2026
39686,4,357,12,1,01/12/2026
39686,4,352,12,1,01/12/2026
39686,4,356,12,1,01/12/2026
39686,4,354,12,1,01/12/2026
39686,4,359,12,1,01/12/2026
39686,4,355,12,1,01/12/2026
39686,4,358,12,1,01/12/2026
39686,4,351,12,1,01/12/2026
39686,4,345,12,1,01/12/2026
39686,4,340,12,1,01/12/2026
39686,4,346,12,1,01/12/2026
39686,4,341,12,1,01/12/2026
39686,4,347,12,1,01/12/2026
39686,4,342,12,1,01/12/2026
39686,4,350,12,1,01/12/2026
39686,4,343,12,1,01/12/2026
39686,4,348,12,1,01/12/2026
39686,4,344,12,1,01/12/2026
39686,4,349,12,1,01/12/2026
39688,4,353,12,1,08/01/2024
39688,4,357,12,1,08/01/2024
39688,4,352,12,1,08/01/2024
39688,4,356,12,1,08/01/2024
39688,4,354,12,1,08/01/2024
39688,4,359,12,1,08/01/2024
39688,4,355,12,1,08/01/2024
39688,4,358,12,1,08/01/2024
39688,4,351,12,1,08/01/2024
39688,4,345,12,1,08/01/2024
39688,4,340,12,1,08/01/2024
39688,4,346,12,1,08/01/2024
39688,4,341,12,1,08/01/2024
39688,4,347,12,1,08/01/2024
39688,4,342,12,1,08/01/2024
39688,4,350,12,1,08/01/2024
39688,4,343,12,1,08/01/2024
39688,4,348,12,1,08/01/2024
39688,4,344,12,1,08/01/2024
39688,4,349,12,1,08/01/2024
39709,3,143,8,1,07/24/2024
39709,3,147,9,1,07/24/2024
39709,3,144,8,1,07/24/2024
39709,3,148,9,1,07/24/2024
39709,3,145,8,1,07/24/2024
39709,3,149,9,1,07/24/2024
39709,3,146,8,1,07/24/2024
39709,3,151,9,1,07/24/2024
39709,3,268,8,1,07/24/2024
39709,3,264,8,1,07/24/2024
39709,3,265,9,1,07/24/2024
39709,3,266,8,1,07/24/2024
39709,3,267,9,1,07/24/2024
39711,5,143,8,1,06/18/2026
39711,5,147,9,1,06/18/2026
39711,5,144,8,1,06/18/2026
39711,5,148,9,1,06/18/2026
39711,5,145,8,1,06/18/2026
39711,5,149,9,1,06/18/2026
39711,5,146,8,1,06/18/2026
39711,5,151,9,1,06/18/2026
39711,5,268,8,1,06/18/2026
39711,5,264,8,1,06/18/2026
39711,5,265,9,1,06/18/2026
39711,5,266,8,1,06/18/2026
39711,5,267,9,1,06/18/2026
39713,7,143,8,1,01/22/2026
39713,7,147,9,1,01/22/2026
39713,7,144,8,1,01/22/2026
39713,7,148,9,1,01/22/2026
39713,7,145,8,1,01/22/2026
39713,7,149,9,1,01/22/2026
39713,7,146,8,1,01/22/2026
39713,7,151,9,1,01/22/2026
39713,7,268,8,1,01/22/2026
39713,7,264,8,1,01/22/2026
39713,7,265,9,1,01/22/2026
39713,7,266,8,1,01/22/2026
39713,7,267,9,1,01/22/2026
39720,7,143,8,1,05/21/2026
39720,7,147,9,1,05/21/2026
39720,7,144,8,1,05/21/2026
39720,7,148,9,1,05/21/2026
39720,7,145,8,1,05/21/2026
39720,7,149,9,1,05/21/2026
39720,7,146,8,1,05/21/2026
39720,7,151,9,1,05/21/2026
39720,7,268,8,1,05/21/2026
39720,7,264,8,1,05/21/2026
39720,7,265,9,1,05/21/2026
39720,7,266,8,1,05/21/2026
39720,7,267,9,1,05/21/2026
39726,4,500,8,1,07/14/2026
39726,4,504,9,1,07/14/2026
39726,4,501,8,1,07/14/2026
39726,4,505,9,1,07/14/2026
39726,4,502,8,1,07/14/2026
39726,4,506,9,1,07/14/2026
39726,4,507,13,1,07/14/2026
39726,4,509,13,1,07/14/2026
39726,4,508,13,1,07/14/2026
39726,4,510,13,1,07/14/2026
39726,4,511,13,1,07/14/2026
39726,4,512,13,1,07/14/2026
39726,4,517,13,1,07/14/2026
39726,4,519,13,1,07/14/2026
39726,4,514,13,1,07/14/2026
39726,4,520,13,1,07/14/2026
39726,4,515,13,1,07/14/2026
39726,4,521,13,1,07/14/2026
39726,4,513,13,1,07/14/2026
39726,4,523,13,1,07/14/2026
39726,4,516,13,1,07/14/2026
39726,4,522,13,1,07/14/2026
39741,8,239,8,1,01/29/2025
39741,8,228,9,2,01/29/2025
39741,8,240,8,1,01/29/2025
39741,8,238,9,2,01/29/2025
39758,14,360,12,1,09/02/2025
39758,14,364,12,1,09/02/2025
39758,14,365,12,1,09/02/2025
39758,14,361,12,1,09/02/2025
39758,14,366,12,1,09/02/2025
39758,14,362,12,1,09/02/2025
39758,14,367,12,1,09/02/2025
39758,14,363,12,1,09/02/2025
39758,14,353,12,1,09/02/2025
39758,14,357,12,1,09/02/2025
39758,14,352,12,1,09/02/2025
39758,14,356,12,1,09/02/2025
39758,14,354,12,1,09/02/2025
39758,14,359,12,1,09/02/2025
39758,14,355,12,1,09/02/2025
39758,14,358,12,1,09/02/2025
39758,14,351,12,1,09/02/2025
39758,14,345,12,1,09/02/2025
39758,14,340,12,1,09/02/2025
39758,14,346,12,1,09/02/2025
39758,14,341,12,1,09/02/2025
39758,14,347,12,1,09/02/2025
39758,14,342,12,1,09/02/2025
39758,14,350,12,1,09/02/2025
39758,14,343,12,1,09/02/2025
39758,14,348,12,1,09/02/2025
39758,14,344,12,1,09/02/2025
39758,14,349,12,1,09/02/2025
39762,9,353,12,1,01/24/2025
39762,9,357,12,1,01/24/2025
39762,9,352,12,1,01/24/2025
39762,9,356,12,1,01/24/2025
39762,9,354,12,1,01/24/2025
39762,9,359,12,1,01/24/2025
39762,9,355,12,1,01/24/2025
39762,9,358,12,1,01/24/2025
39762,9,351,12,1,01/24/2025
39762,9,345,12,1,01/24/2025
39762,9,340,12,1,01/24/2025
39762,9,346,12,1,01/24/2025
39762,9,341,12,1,01/24/2025
39762,9,347,12,1,01/24/2025
39762,9,342,12,1,01/24/2025
39762,9,350,12,1,01/24/2025
39762,9,343,12,1,01/24/2025
39762,9,348,12,1,01/24/2025
39762,9,344,12,1,01/24/2025
39762,9,349,12,1,01/24/2025
39770,15,500,8,1,07/16/2026
39770,15,504,9,1,07/16/2026
39770,15,501,8,1,07/16/2026
39770,15,505,9,1,07/16/2026
39770,15,502,8,1,07/16/2026
39770,15,506,9,1,07/16/2026
39770,15,507,13,1,07/16/2026
39770,15,509,13,1,07/16/2026
39770,15,508,13,1,07/16/2026
39770,15,510,13,1,07/16/2026
39770,15,511,13,1,07/16/2026
39770,15,512,13,1,07/16/2026
39770,15,517,13,1,07/16/2026
39770,15,519,13,1,07/16/2026
39770,15,514,13,1,07/16/2026
39770,15,520,13,1,07/16/2026
39770,15,515,13,1,07/16/2026
39770,15,521,13,1,07/16/2026
39770,15,513,13,1,07/16/2026
39770,15,523,13,1,07/16/2026
39770,15,516,13,1,07/16/2026
39770,15,522,13,1,07/16/2026
39773,7,391,12,1,01/10/2025
39773,7,394,12,1,01/10/2025
39773,7,392,12,1,01/10/2025
39773,7,395,12,1,01/10/2025
39773,7,393,12,1,01/10/2025
39773,7,396,12,1,01/10/2025
39773,7,374,13,1,01/10/2025
39773,7,378,13,1,01/10/2025
39773,7,375,13,1,01/10/2025
39773,7,379,13,1,01/10/2025
39773,7,376,13,1,01/10/2025
39773,7,380,13,1,01/10/2025
39773,7,377,13,1,01/10/2025
39773,7,381,13,1,01/10/2025
39780,5,391,12,1,12/08/2025
39780,5,394,12,1,12/08/2025
39780,5,392,12,1,12/08/2025
39780,5,395,12,1,12/08/2025
39780,5,393,12,1,12/08/2025
39780,5,396,12,1,12/08/2025
39780,5,374,13,1,12/08/2025
39780,5,378,13,1,12/08/2025
39780,5,375,13,1,12/08/2025
39780,5,379,13,1,12/08/2025
39780,5,376,13,1,12/08/2025
39780,5,380,13,1,12/08/2025
39780,5,377,13,1,12/08/2025
39780,5,381,13,1,12/08/2025
39788,11,143,8,1,05/21/2026
39788,11,147,9,1,05/21/2026
39788,11,144,8,1,05/21/2026
39788,11,148,9,1,05/21/2026
39788,11,145,8,1,05/21/2026
39788,11,149,9,1,05/21/2026
39788,11,146,8,1,05/21/2026
39788,11,151,9,1,05/21/2026
39788,11,268,8,1,05/21/2026
39788,11,264,8,1,05/21/2026
39788,11,265,9,1,05/21/2026
39788,11,266,8,1,05/21/2026
39788,11,267,9,1,05/21/2026
39793,47,331,12,1,03/07/2025
39793,47,335,12,1,03/07/2025
39793,47,332,12,1,03/07/2025
39793,47,336,12,1,03/07/2025
39793,47,333,12,1,03/07/2025
39793,47,337,12,1,03/07/2025
39793,47,334,12,1,03/07/2025
39793,47,338,12,1,03/07/2025
39793,47,339,12,1,03/07/2025
39793,47,327,12,1,03/07/2025
39793,47,325,12,1,03/07/2025
39793,47,328,12,1,03/07/2025
39793,47,326,12,1,03/07/2025
39793,47,329,12,1,03/07/2025
39793,47,330,12,1,03/07/2025
39793,47,314,12,1,03/07/2025
39793,47,319,12,1,03/07/2025
39793,47,315,12,1,03/07/2025
39793,47,320,12,1,03/07/2025
39793,47,316,12,1,03/07/2025
39793,47,321,12,1,03/07/2025
39793,47,317,12,1,03/07/2025
39793,47,322,12,1,03/07/2025
39793,47,318,12,1,03/07/2025
39793,47,323,12,1,03/07/2025
39793,47,324,12,1,03/07/2025
39797,13,391,12,1,06/12/2025
39797,13,394,12,1,06/12/2025
39797,13,392,12,1,06/12/2025
39797,13,395,12,1,06/12/2025
39797,13,393,12,1,06/12/2025
39797,13,396,12,1,06/12/2025
39797,13,374,13,1,06/12/2025
39797,13,378,13,1,06/12/2025
39797,13,375,13,1,06/12/2025
39797,13,379,13,1,06/12/2025
39797,13,376,13,1,06/12/2025
39797,13,380,13,1,06/12/2025
39797,13,377,13,1,06/12/2025
39797,13,381,13,1,06/12/2025
39799,16,368,12,1,03/07/2025
39799,16,370,12,1,03/07/2025
39799,16,369,12,1,03/07/2025
39799,16,371,12,1,03/07/2025
39799,16,372,12,1,03/07/2025
39802,8,239,8,1,05/09/2025
39802,8,228,9,2,05/09/2025
39802,8,240,8,1,05/09/2025
39802,8,238,9,2,05/09/2025
39810,13,360,12,1,10/14/2025
39810,13,364,12,1,10/14/2025
39810,13,365,12,1,10/14/2025
39810,13,361,12,1,10/14/2025
39810,13,366,12,1,10/14/2025
39810,13,362,12,1,10/14/2025
39810,13,367,12,1,10/14/2025
39810,13,363,12,1,10/14/2025
39810,13,353,12,1,10/14/2025
39810,13,357,12,1,10/14/2025
39810,13,352,12,1,10/14/2025
39810,13,356,12,1,10/14/2025
39810,13,354,12,1,10/14/2025
39810,13,359,12,1,10/14/2025
39810,13,355,12,1,10/14/2025
39810,13,358,12,1,10/14/2025
39810,13,351,12,1,10/14/2025
39810,13,345,12,1,10/14/2025
39810,13,340,12,1,10/14/2025
39810,13,346,12,1,10/14/2025
39810,13,341,12,1,10/14/2025
39810,13,347,12,1,10/14/2025
39810,13,342,12,1,10/14/2025
39810,13,350,12,1,10/14/2025
39810,13,343,12,1,10/14/2025
39810,13,348,12,1,10/14/2025
39810,13,344,12,1,10/14/2025
39810,13,349,12,1,10/14/2025
39812,14,353,12,1,10/03/2025
39812,14,357,12,1,10/03/2025
39812,14,352,12,1,10/03/2025
39812,14,356,12,1,10/03/2025
39812,14,354,12,1,10/03/2025
39812,14,359,12,1,10/03/2025
39812,14,355,12,1,10/03/2025
39812,14,358,12,1,10/03/2025
39812,14,351,12,1,10/03/2025
39812,14,345,12,1,10/03/2025
39812,14,340,12,1,10/03/2025
39812,14,346,12,1,10/03/2025
39812,14,341,12,1,10/03/2025
39812,14,347,12,1,10/03/2025
39812,14,342,12,1,10/03/2025
39812,14,350,12,1,10/03/2025
39812,14,343,12,1,10/03/2025
39812,14,348,12,1,10/03/2025
39812,14,344,12,1,10/03/2025
39812,14,349,12,1,10/03/2025
39832,15,500,8,1,07/15/2026
39832,15,504,9,1,07/15/2026
39832,15,501,8,1,07/15/2026
39832,15,505,9,1,07/15/2026
39832,15,502,8,1,07/15/2026
39832,15,506,9,1,07/15/2026
39832,15,507,13,1,07/15/2026
39832,15,509,13,1,07/15/2026
39832,15,508,13,1,07/15/2026
39832,15,510,13,1,07/15/2026
39832,15,511,13,1,07/15/2026
39832,15,512,13,1,07/15/2026
39832,15,517,13,1,07/15/2026
39832,15,519,13,1,07/15/2026
39832,15,514,13,1,07/15/2026
39832,15,520,13,1,07/15/2026
39832,15,515,13,1,07/15/2026
39832,15,521,13,1,07/15/2026
39832,15,513,13,1,07/15/2026
39832,15,523,13,1,07/15/2026
39832,15,516,13,1,07/15/2026
39832,15,522,13,1,07/15/2026
39836,8,391,12,1,01/20/2026
39836,8,394,12,1,01/20/2026
39836,8,392,12,1,01/20/2026
39836,8,395,12,1,01/20/2026
39836,8,393,12,1,01/20/2026
39836,8,396,12,1,01/20/2026
39836,8,374,13,1,01/20/2026
39836,8,378,13,1,01/20/2026
39836,8,375,13,1,01/20/2026
39836,8,379,13,1,01/20/2026
39836,8,376,13,1,01/20/2026
39836,8,380,13,1,01/20/2026
39836,8,377,13,1,01/20/2026
39836,8,381,13,1,01/20/2026
39840,14,239,8,1,02/14/2025
39840,14,228,9,2,02/14/2025
39840,14,240,8,1,02/14/2025
39840,14,238,9,2,02/14/2025
39849,3,391,12,1,08/29/2024
39849,3,394,12,1,08/29/2024
39849,3,392,12,1,08/29/2024
39849,3,395,12,1,08/29/2024
39849,3,393,12,1,08/29/2024
39849,3,396,12,1,08/29/2024
39849,3,374,13,1,08/29/2024
39849,3,378,13,1,08/29/2024
39849,3,375,13,1,08/29/2024
39849,3,379,13,1,08/29/2024
39849,3,376,13,1,08/29/2024
39849,3,380,13,1,08/29/2024
39849,3,377,13,1,08/29/2024
39849,3,381,13,1,08/29/2024
39851,15,391,12,1,03/04/2025
39851,15,394,12,1,03/04/2025
39851,15,392,12,1,03/04/2025
39851,15,395,12,1,03/04/2025
39851,15,393,12,1,03/04/2025
39851,15,396,12,1,03/04/2025
39851,15,374,13,1,03/04/2025
39851,15,378,13,1,03/04/2025
39851,15,375,13,1,03/04/2025
39851,15,379,13,1,03/04/2025
39851,15,376,13,1,03/04/2025
39851,15,380,13,1,03/04/2025
39851,15,377,13,1,03/04/2025
39851,15,381,13,1,03/04/2025
39853,3,391,12,1,08/29/2024
39853,3,394,12,1,08/29/2024
39853,3,392,12,1,08/29/2024
39853,3,395,12,1,08/29/2024
39853,3,393,12,1,08/29/2024
39853,3,396,12,1,08/29/2024
39853,3,374,13,1,08/29/2024
39853,3,378,13,1,08/29/2024
39853,3,375,13,1,08/29/2024
39853,3,379,13,1,08/29/2024
39853,3,376,13,1,08/29/2024
39853,3,380,13,1,08/29/2024
39853,3,377,13,1,08/29/2024
39853,3,381,13,1,08/29/2024
39857,7,239,8,1,01/21/2026
39857,7,228,9,2,01/21/2026
39857,7,240,8,1,01/21/2026
39857,7,238,9,2,01/21/2026
39863,10,500,8,1,07/14/2026
39863,10,504,9,1,07/14/2026
39863,10,501,8,1,07/14/2026
39863,10,505,9,1,07/14/2026
39863,10,502,8,1,07/14/2026
39863,10,506,9,1,07/14/2026
39863,10,507,13,1,07/14/2026
39863,10,509,13,1,07/14/2026
39863,10,508,13,1,07/14/2026
39863,10,510,13,1,07/14/2026
39863,10,511,13,1,07/14/2026
39863,10,512,13,1,07/14/2026
39863,10,517,13,1,07/14/2026
39863,10,519,13,1,07/14/2026
39863,10,514,13,1,07/14/2026
39863,10,520,13,1,07/14/2026
39863,10,515,13,1,07/14/2026
39863,10,521,13,1,07/14/2026
39863,10,513,13,1,07/14/2026
39863,10,523,13,1,07/14/2026
39863,10,516,13,1,07/14/2026
39863,10,522,13,1,07/14/2026
39877,4,368,12,1,10/11/2024
39877,4,370,12,1,10/11/2024
39877,4,369,12,1,10/11/2024
39877,4,371,12,1,10/11/2024
39877,4,372,12,1,10/11/2024
39879,10,331,12,1,10/11/2024
39879,10,335,12,1,10/11/2024
39879,10,332,12,1,10/11/2024
39879,10,336,12,1,10/11/2024
39879,10,333,12,1,10/11/2024
39879,10,337,12,1,10/11/2024
39879,10,334,12,1,10/11/2024
39879,10,338,12,1,10/11/2024
39879,10,339,12,1,10/11/2024
39879,10,327,12,1,10/11/2024
39879,10,325,12,1,10/11/2024
39879,10,328,12,1,10/11/2024
39879,10,326,12,1,10/11/2024
39879,10,329,12,1,10/11/2024
39879,10,330,12,1,10/11/2024
39879,10,314,12,1,10/11/2024
39879,10,319,12,1,10/11/2024
39879,10,315,12,1,10/11/2024
39879,10,320,12,1,10/11/2024
39879,10,316,12,1,10/11/2024
39879,10,321,12,1,10/11/2024
39879,10,317,12,1,10/11/2024
39879,10,322,12,1,10/11/2024
39879,10,318,12,1,10/11/2024
39879,10,323,12,1,10/11/2024
39879,10,324,12,1,10/11/2024
39881,9,360,12,1,10/07/2025
39881,9,364,12,1,10/07/2025
39881,9,365,12,1,10/07/2025
39881,9,361,12,1,10/07/2025
39881,9,366,12,1,10/07/2025
39881,9,362,12,1,10/07/2025
39881,9,367,12,1,10/07/2025
39881,9,363,12,1,10/07/2025
39881,9,353,12,1,10/07/2025
39881,9,357,12,1,10/07/2025
39881,9,352,12,1,10/07/2025
39881,9,356,12,1,10/07/2025
39881,9,354,12,1,10/07/2025
39881,9,359,12,1,10/07/2025
39881,9,355,12,1,10/07/2025
39881,9,358,12,1,10/07/2025
39881,9,351,12,1,10/07/2025
39881,9,345,12,1,10/07/2025
39881,9,340,12,1,10/07/2025
39881,9,346,12,1,10/07/2025
39881,9,341,12,1,10/07/2025
39881,9,347,12,1,10/07/2025
39881,9,342,12,1,10/07/2025
39881,9,350,12,1,10/07/2025
39881,9,343,12,1,10/07/2025
39881,9,348,12,1,10/07/2025
39881,9,344,12,1,10/07/2025
39881,9,349,12,1,10/07/2025
39883,9,353,12,1,02/13/2025
39883,9,357,12,1,02/13/2025
39883,9,352,12,1,02/13/2025
39883,9,356,12,1,02/13/2025
39883,9,354,12,1,02/13/2025
39883,9,359,12,1,02/13/2025
39883,9,355,12,1,02/13/2025
39883,9,358,12,1,02/13/2025
39883,9,351,12,1,02/13/2025
39883,9,345,12,1,02/13/2025
39883,9,340,12,1,02/13/2025
39883,9,346,12,1,02/13/2025
39883,9,341,12,1,02/13/2025
39883,9,347,12,1,02/13/2025
39883,9,342,12,1,02/13/2025
39883,9,350,12,1,02/13/2025
39883,9,343,12,1,02/13/2025
39883,9,348,12,1,02/13/2025
39883,9,344,12,1,02/13/2025
39883,9,349,12,1,02/13/2025
39905,5,143,8,1,07/24/2026
39905,5,147,9,1,07/24/2026
39905,5,144,8,1,07/24/2026
39905,5,148,9,1,07/24/2026
39905,5,145,8,1,07/24/2026
39905,5,149,9,1,07/24/2026
39905,5,146,8,1,07/24/2026
39905,5,151,9,1,07/24/2026
39905,5,268,8,1,07/24/2026
39905,5,264,8,1,07/24/2026
39905,5,265,9,1,07/24/2026
39905,5,266,8,1,07/24/2026
39905,5,267,9,1,07/24/2026
39907,3,143,8,1,09/26/2024
39907,3,147,9,1,09/26/2024
39907,3,144,8,1,09/26/2024
39907,3,148,9,1,09/26/2024
39907,3,145,8,1,09/26/2024
39907,3,149,9,1,09/26/2024
39907,3,146,8,1,09/26/2024
39907,3,151,9,1,09/26/2024
39907,3,268,8,1,09/26/2024
39907,3,264,8,1,09/26/2024
39907,3,265,9,1,09/26/2024
39907,3,266,8,1,09/26/2024
39907,3,267,9,1,09/26/2024
39909,6,143,8,1,03/26/2026
39909,6,147,9,1,03/26/2026
39909,6,144,8,1,03/26/2026
39909,6,148,9,1,03/26/2026
39909,6,145,8,1,03/26/2026
39909,6,149,9,1,03/26/2026
39909,6,146,8,1,03/26/2026
39909,6,151,9,1,03/26/2026
39909,6,268,8,1,03/26/2026
39909,6,264,8,1,03/26/2026
39909,6,265,9,1,03/26/2026
39909,6,266,8,1,03/26/2026
39909,6,267,9,1,03/26/2026
39911,7,143,8,1,02/20/2025
39911,7,147,9,1,02/20/2025
39911,7,144,8,1,02/20/2025
39911,7,148,9,1,02/20/2025
39911,7,145,8,1,02/20/2025
39911,7,149,9,1,02/20/2025
39911,7,146,8,1,02/20/2025
39911,7,151,9,1,02/20/2025
39911,7,268,8,1,02/20/2025
39911,7,264,8,1,02/20/2025
39911,7,265,9,1,02/20/2025
39911,7,266,8,1,02/20/2025
39911,7,267,9,1,02/20/2025
39913,7,143,8,1,02/20/2025
39913,7,147,9,1,02/20/2025
39913,7,144,8,1,02/20/2025
39913,7,148,9,1,02/20/2025
39913,7,145,8,1,02/20/2025
39913,7,149,9,1,02/20/2025
39913,7,146,8,1,02/20/2025
39913,7,151,9,1,02/20/2025
39913,7,268,8,1,02/20/2025
39913,7,264,8,1,02/20/2025
39913,7,265,9,1,02/20/2025
39913,7,266,8,1,02/20/2025
39913,7,267,9,1,02/20/2025
39919,5,391,12,1,06/27/2025
39919,5,394,12,1,06/27/2025
39919,5,392,12,1,06/27/2025
39919,5,395,12,1,06/27/2025
39919,5,393,12,1,06/27/2025
39919,5,396,12,1,06/27/2025
39919,5,374,13,1,06/27/2025
39919,5,378,13,1,06/27/2025
39919,5,375,13,1,06/27/2025
39919,5,379,13,1,06/27/2025
39919,5,376,13,1,06/27/2025
39919,5,380,13,1,06/27/2025
39919,5,377,13,1,06/27/2025
39919,5,381,13,1,06/27/2025
39923,14,360,12,1,01/26/2026
39923,14,364,12,1,01/26/2026
39923,14,365,12,1,01/26/2026
39923,14,361,12,1,01/26/2026
39923,14,366,12,1,01/26/2026
39923,14,362,12,1,01/26/2026
39923,14,367,12,1,01/26/2026
39923,14,363,12,1,01/26/2026
39923,14,353,12,1,01/26/2026
39923,14,357,12,1,01/26/2026
39923,14,352,12,1,01/26/2026
39923,14,356,12,1,01/26/2026
39923,14,354,12,1,01/26/2026
39923,14,359,12,1,01/26/2026
39923,14,355,12,1,01/26/2026
39923,14,358,12,1,01/26/2026
39923,14,351,12,1,01/26/2026
39923,14,345,12,1,01/26/2026
39923,14,340,12,1,01/26/2026
39923,14,346,12,1,01/26/2026
39923,14,341,12,1,01/26/2026
39923,14,347,12,1,01/26/2026
39923,14,342,12,1,01/26/2026
39923,14,350,12,1,01/26/2026
39923,14,343,12,1,01/26/2026
39923,14,348,12,1,01/26/2026
39923,14,344,12,1,01/26/2026
39923,14,349,12,1,01/26/2026
39927,11,353,12,1,09/30/2025
39927,11,357,12,1,09/30/2025
39927,11,352,12,1,09/30/2025
39927,11,356,12,1,09/30/2025
39927,11,354,12,1,09/30/2025
39927,11,359,12,1,09/30/2025
39927,11,355,12,1,09/30/2025
39927,11,358,12,1,09/30/2025
39927,11,351,12,1,09/30/2025
39927,11,345,12,1,09/30/2025
39927,11,340,12,1,09/30/2025
39927,11,346,12,1,09/30/2025
39927,11,341,12,1,09/30/2025
39927,11,347,12,1,09/30/2025
39927,11,342,12,1,09/30/2025
39927,11,350,12,1,09/30/2025
39927,11,343,12,1,09/30/2025
39927,11,348,12,1,09/30/2025
39927,11,344,12,1,09/30/2025
39927,11,349,12,1,09/30/2025
39933,5,391,12,1,06/25/2025
39933,5,394,12,1,06/25/2025
39933,5,392,12,1,06/25/2025
39933,5,395,12,1,06/25/2025
39933,5,393,12,1,06/25/2025
39933,5,396,12,1,06/25/2025
39933,5,374,13,1,06/25/2025
39933,5,378,13,1,06/25/2025
39933,5,375,13,1,06/25/2025
39933,5,379,13,1,06/25/2025
39933,5,376,13,1,06/25/2025
39933,5,380,13,1,06/25/2025
39933,5,377,13,1,06/25/2025
39933,5,381,13,1,06/25/2025
39935,8,391,12,1,06/25/2025
39935,8,394,12,1,06/25/2025
39935,8,392,12,1,06/25/2025
39935,8,395,12,1,06/25/2025
39935,8,393,12,1,06/25/2025
39935,8,396,12,1,06/25/2025
39935,8,374,13,1,06/25/2025
39935,8,378,13,1,06/25/2025
39935,8,375,13,1,06/25/2025
39935,8,379,13,1,06/25/2025
39935,8,376,13,1,06/25/2025
39935,8,380,13,1,06/25/2025
39935,8,377,13,1,06/25/2025
39935,8,381,13,1,06/25/2025
39938,5,239,8,1,06/19/2026
39938,5,228,9,2,06/19/2026
39938,5,240,8,1,06/19/2026
39938,5,238,9,2,06/19/2026
39940,10,239,8,1,03/10/2026
39940,10,228,9,2,03/10/2026
39940,10,240,8,1,03/10/2026
39940,10,238,9,2,03/10/2026
39942,5,391,12,1,02/18/2025
39942,5,394,12,1,02/18/2025
39942,5,392,12,1,02/18/2025
39942,5,395,12,1,02/18/2025
39942,5,393,12,1,02/18/2025
39942,5,396,12,1,02/18/2025
39942,5,374,13,1,02/18/2025
39942,5,378,13,1,02/18/2025
39942,5,375,13,1,02/18/2025
39942,5,379,13,1,02/18/2025
39942,5,376,13,1,02/18/2025
39942,5,380,13,1,02/18/2025
39942,5,377,13,1,02/18/2025
39942,5,381,13,1,02/18/2025
39944,7,360,12,1,01/12/2026
39944,7,364,12,1,01/12/2026
39944,7,365,12,1,01/12/2026
39944,7,361,12,1,01/12/2026
39944,7,366,12,1,01/12/2026
39944,7,362,12,1,01/12/2026
39944,7,367,12,1,01/12/2026
39944,7,363,12,1,01/12/2026
39944,7,353,12,1,01/12/2026
39944,7,357,12,1,01/12/2026
39944,7,352,12,1,01/12/2026
39944,7,356,12,1,01/12/2026
39944,7,354,12,1,01/12/2026
39944,7,359,12,1,01/12/2026
39944,7,355,12,1,01/12/2026
39944,7,358,12,1,01/12/2026
39944,7,351,12,1,01/12/2026
39944,7,345,12,1,01/12/2026
39944,7,340,12,1,01/12/2026
39944,7,346,12,1,01/12/2026
39944,7,341,12,1,01/12/2026
39944,7,347,12,1,01/12/2026
39944,7,342,12,1,01/12/2026
39944,7,350,12,1,01/12/2026
39944,7,343,12,1,01/12/2026
39944,7,348,12,1,01/12/2026
39944,7,344,12,1,01/12/2026
39944,7,349,12,1,01/12/2026
39946,8,353,12,1,06/27/2025
39946,8,357,12,1,06/27/2025
39946,8,352,12,1,06/27/2025
39946,8,356,12,1,06/27/2025
39946,8,354,12,1,06/27/2025
39946,8,359,12,1,06/27/2025
39946,8,355,12,1,06/27/2025
39946,8,358,12,1,06/27/2025
39946,8,351,12,1,06/27/2025
39946,8,345,12,1,06/27/2025
39946,8,340,12,1,06/27/2025
39946,8,346,12,1,06/27/2025
39946,8,341,12,1,06/27/2025
39946,8,347,12,1,06/27/2025
39946,8,342,12,1,06/27/2025
39946,8,350,12,1,06/27/2025
39946,8,343,12,1,06/27/2025
39946,8,348,12,1,06/27/2025
39946,8,344,12,1,06/27/2025
39946,8,349,12,1,06/27/2025
39948,7,360,12,1,01/26/2026
39948,7,364,12,1,01/26/2026
39948,7,365,12,1,01/26/2026
39948,7,361,12,1,01/26/2026
39948,7,366,12,1,01/26/2026
39948,7,362,12,1,01/26/2026
39948,7,367,12,1,01/26/2026
39948,7,363,12,1,01/26/2026
39948,7,353,12,1,01/26/2026
39948,7,357,12,1,01/26/2026
39948,7,352,12,1,01/26/2026
39948,7,356,12,1,01/26/2026
39948,7,354,12,1,01/26/2026
39948,7,359,12,1,01/26/2026
39948,7,355,12,1,01/26/2026
39948,7,358,12,1,01/26/2026
39948,7,351,12,1,01/26/2026
39948,7,345,12,1,01/26/2026
39948,7,340,12,1,01/26/2026
39948,7,346,12,1,01/26/2026
39948,7,341,12,1,01/26/2026
39948,7,347,12,1,01/26/2026
39948,7,342,12,1,01/26/2026
39948,7,350,12,1,01/26/2026
39948,7,343,12,1,01/26/2026
39948,7,348,12,1,01/26/2026
39948,7,344,12,1,01/26/2026
39948,7,349,12,1,01/26/2026
39950,7,353,12,1,06/27/2025
39950,7,357,12,1,06/27/2025
39950,7,352,12,1,06/27/2025
39950,7,356,12,1,06/27/2025
39950,7,354,12,1,06/27/2025
39950,7,359,12,1,06/27/2025
39950,7,355,12,1,06/27/2025
39950,7,358,12,1,06/27/2025
39950,7,351,12,1,06/27/2025
39950,7,345,12,1,06/27/2025
39950,7,340,12,1,06/27/2025
39950,7,346,12,1,06/27/2025
39950,7,341,12,1,06/27/2025
39950,7,347,12,1,06/27/2025
39950,7,342,12,1,06/27/2025
39950,7,350,12,1,06/27/2025
39950,7,343,12,1,06/27/2025
39950,7,348,12,1,06/27/2025
39950,7,344,12,1,06/27/2025
39950,7,349,12,1,06/27/2025
39956,5,391,12,1,01/24/2025
39956,5,394,12,1,01/24/2025
39956,5,392,12,1,01/24/2025
39956,5,395,12,1,01/24/2025
39956,5,393,12,1,01/24/2025
39956,5,396,12,1,01/24/2025
39956,5,374,13,1,01/24/2025
39956,5,378,13,1,01/24/2025
39956,5,375,13,1,01/24/2025
39956,5,379,13,1,01/24/2025
39956,5,376,13,1,01/24/2025
39956,5,380,13,1,01/24/2025
39956,5,377,13,1,01/24/2025
39956,5,381,13,1,01/24/2025
39958,4,239,8,1,02/18/2025
39958,4,228,9,2,02/18/2025
39958,4,240,8,1,02/18/2025
39958,4,238,9,2,02/18/2025
39960,4,360,12,1,09/02/2025
39960,4,364,12,1,09/02/2025
39960,4,365,12,1,09/02/2025
39960,4,361,12,1,09/02/2025
39960,4,366,12,1,09/02/2025
39960,4,362,12,1,09/02/2025
39960,4,367,12,1,09/02/2025
39960,4,363,12,1,09/02/2025
39960,4,353,12,1,09/02/2025
39960,4,357,12,1,09/02/2025
39960,4,352,12,1,09/02/2025
39960,4,356,12,1,09/02/2025
39960,4,354,12,1,09/02/2025
39960,4,359,12,1,09/02/2025
39960,4,355,12,1,09/02/2025
39960,4,358,12,1,09/02/2025
39960,4,351,12,1,09/02/2025
39960,4,345,12,1,09/02/2025
39960,4,340,12,1,09/02/2025
39960,4,346,12,1,09/02/2025
39960,4,341,12,1,09/02/2025
39960,4,347,12,1,09/02/2025
39960,4,342,12,1,09/02/2025
39960,4,350,12,1,09/02/2025
39960,4,343,12,1,09/02/2025
39960,4,348,12,1,09/02/2025
39960,4,344,12,1,09/02/2025
39960,4,349,12,1,09/02/2025
39962,4,353,12,1,02/18/2025
39962,4,357,12,1,02/18/2025
39962,4,352,12,1,02/18/2025
39962,4,356,12,1,02/18/2025
39962,4,354,12,1,02/18/2025
39962,4,359,12,1,02/18/2025
39962,4,355,12,1,02/18/2025
39962,4,358,12,1,02/18/2025
39962,4,351,12,1,02/18/2025
39962,4,345,12,1,02/18/2025
39962,4,340,12,1,02/18/2025
39962,4,346,12,1,02/18/2025
39962,4,341,12,1,02/18/2025
39962,4,347,12,1,02/18/2025
39962,4,342,12,1,02/18/2025
39962,4,350,12,1,02/18/2025
39962,4,343,12,1,02/18/2025
39962,4,348,12,1,02/18/2025
39962,4,344,12,1,02/18/2025
39962,4,349,12,1,02/18/2025
39987,4,143,8,1,06/25/2025
39987,4,147,9,1,06/25/2025
39987,4,144,8,1,06/25/2025
39987,4,148,9,1,06/25/2025
39987,4,145,8,1,06/25/2025
39987,4,149,9,1,06/25/2025
39987,4,146,8,1,06/25/2025
39987,4,151,9,1,06/25/2025
39987,4,268,8,1,06/25/2025
39987,4,264,8,1,06/25/2025
39987,4,265,9,1,06/25/2025
39987,4,266,8,1,06/25/2025
39987,4,267,9,1,06/25/2025
39989,4,143,8,1,06/25/2025
39989,4,147,9,1,06/25/2025
39989,4,144,8,1,06/25/2025
39989,4,148,9,1,06/25/2025
39989,4,145,8,1,06/25/2025
39989,4,149,9,1,06/25/2025
39989,4,146,8,1,06/25/2025
39989,4,151,9,1,06/25/2025
39989,4,268,8,1,06/25/2025
39989,4,264,8,1,06/25/2025
39989,4,265,9,1,06/25/2025
39989,4,266,8,1,06/25/2025
39989,4,267,9,1,06/25/2025
39995,6,500,8,1,07/14/2026
39995,6,504,9,1,07/14/2026
39995,6,501,8,1,07/14/2026
39995,6,505,9,1,07/14/2026
39995,6,502,8,1,07/14/2026
39995,6,506,9,1,07/14/2026
39995,6,507,13,1,07/14/2026
39995,6,509,13,1,07/14/2026
39995,6,508,13,1,07/14/2026
39995,6,510,13,1,07/14/2026
39995,6,511,13,1,07/14/2026
39995,6,512,13,1,07/14/2026
39995,6,517,13,1,07/14/2026
39995,6,519,13,1,07/14/2026
39995,6,514,13,1,07/14/2026
39995,6,520,13,1,07/14/2026
39995,6,515,13,1,07/14/2026
39995,6,521,13,1,07/14/2026
39995,6,513,13,1,07/14/2026
39995,6,523,13,1,07/14/2026
39995,6,516,13,1,07/14/2026
39995,6,522,13,1,07/14/2026
40000,4,239,8,1,06/08/2026
40000,4,228,9,2,06/08/2026
40000,4,240,8,1,06/08/2026
40000,4,238,9,2,06/08/2026
40022,3,143,8,1,06/27/2025
40022,3,147,9,1,06/27/2025
40022,3,144,8,1,06/27/2025
40022,3,148,9,1,06/27/2025
40022,3,145,8,1,06/27/2025
40022,3,149,9,1,06/27/2025
40022,3,146,8,1,06/27/2025
40022,3,151,9,1,06/27/2025
40022,3,268,8,1,06/27/2025
40022,3,264,8,1,06/27/2025
40022,3,265,9,1,06/27/2025
40022,3,266,8,1,06/27/2025
40022,3,267,9,1,06/27/2025
40046,3,391,12,1,09/05/2025
40046,3,394,12,1,09/05/2025
40046,3,392,12,1,09/05/2025
40046,3,395,12,1,09/05/2025
40046,3,393,12,1,09/05/2025
40046,3,396,12,1,09/05/2025
40046,3,374,13,1,09/05/2025
40046,3,378,13,1,09/05/2025
40046,3,375,13,1,09/05/2025
40046,3,379,13,1,09/05/2025
40046,3,376,13,1,09/05/2025
40046,3,380,13,1,09/05/2025
40046,3,377,13,1,09/05/2025
40046,3,381,13,1,09/05/2025
40048,6,500,8,1,07/14/2026
40048,6,504,9,1,07/14/2026
40048,6,501,8,1,07/14/2026
40048,6,505,9,1,07/14/2026
40048,6,502,8,1,07/14/2026
40048,6,506,9,1,07/14/2026
40048,6,507,13,1,07/14/2026
40048,6,509,13,1,07/14/2026
40048,6,508,13,1,07/14/2026
40048,6,510,13,1,07/14/2026
40048,6,511,13,1,07/14/2026
40048,6,512,13,1,07/14/2026
40048,6,517,13,1,07/14/2026
40048,6,519,13,1,07/14/2026
40048,6,514,13,1,07/14/2026
40048,6,520,13,1,07/14/2026
40048,6,515,13,1,07/14/2026
40048,6,521,13,1,07/14/2026
40048,6,513,13,1,07/14/2026
40048,6,523,13,1,07/14/2026
40048,6,516,13,1,07/14/2026
40048,6,522,13,1,07/14/2026
40050,6,360,12,1,10/27/2025
40050,6,364,12,1,10/27/2025
40050,6,365,12,1,10/27/2025
40050,6,361,12,1,10/27/2025
40050,6,366,12,1,10/27/2025
40050,6,362,12,1,10/27/2025
40050,6,367,12,1,10/27/2025
40050,6,363,12,1,10/27/2025
40050,6,353,12,1,10/27/2025
40050,6,357,12,1,10/27/2025
40050,6,352,12,1,10/27/2025
40050,6,356,12,1,10/27/2025
40050,6,354,12,1,10/27/2025
40050,6,359,12,1,10/27/2025
40050,6,355,12,1,10/27/2025
40050,6,358,12,1,10/27/2025
40050,6,351,12,1,10/27/2025
40050,6,345,12,1,10/27/2025
40050,6,340,12,1,10/27/2025
40050,6,346,12,1,10/27/2025
40050,6,341,12,1,10/27/2025
40050,6,347,12,1,10/27/2025
40050,6,342,12,1,10/27/2025
40050,6,350,12,1,10/27/2025
40050,6,343,12,1,10/27/2025
40050,6,348,12,1,10/27/2025
40050,6,344,12,1,10/27/2025
40050,6,349,12,1,10/27/2025
40052,5,353,12,1,09/02/2025
40052,5,357,12,1,09/02/2025
40052,5,352,12,1,09/02/2025
40052,5,356,12,1,09/02/2025
40052,5,354,12,1,09/02/2025
40052,5,359,12,1,09/02/2025
40052,5,355,12,1,09/02/2025
40052,5,358,12,1,09/02/2025
40052,5,351,12,1,09/02/2025
40052,5,345,12,1,09/02/2025
40052,5,340,12,1,09/02/2025
40052,5,346,12,1,09/02/2025
40052,5,341,12,1,09/02/2025
40052,5,347,12,1,09/02/2025
40052,5,342,12,1,09/02/2025
40052,5,350,12,1,09/02/2025
40052,5,343,12,1,09/02/2025
40052,5,348,12,1,09/02/2025
40052,5,344,12,1,09/02/2025
40052,5,349,12,1,09/02/2025
40056,3,239,8,1,09/03/2025
40056,3,228,9,2,09/03/2025
40056,3,240,8,1,09/03/2025
40056,3,238,9,2,09/03/2025
40058,7,391,12,1,07/08/2026
40058,7,394,12,1,07/08/2026
40058,7,392,12,1,07/08/2026
40058,7,395,12,1,07/08/2026
40058,7,393,12,1,07/08/2026
40058,7,396,12,1,07/08/2026
40058,7,374,13,1,07/08/2026
40058,7,378,13,1,07/08/2026
40058,7,375,13,1,07/08/2026
40058,7,379,13,1,07/08/2026
40058,7,376,13,1,07/08/2026
40058,7,380,13,1,07/08/2026
40058,7,377,13,1,07/08/2026
40058,7,381,13,1,07/08/2026
40060,6,360,12,1,07/09/2026
40060,6,364,12,1,07/09/2026
40060,6,365,12,1,07/09/2026
40060,6,361,12,1,07/09/2026
40060,6,366,12,1,07/09/2026
40060,6,362,12,1,07/09/2026
40060,6,367,12,1,07/09/2026
40060,6,363,12,1,07/09/2026
40062,6,353,12,1,07/09/2026
40062,6,357,12,1,07/09/2026
40062,6,352,12,1,07/09/2026
40062,6,356,12,1,07/09/2026
40062,6,354,12,1,07/09/2026
40062,6,359,12,1,07/09/2026
40062,6,355,12,1,07/09/2026
40062,6,358,12,1,07/09/2026
40062,6,351,12,1,07/09/2026
40062,6,345,12,1,07/09/2026
40062,6,340,12,1,07/09/2026
40062,6,346,12,1,07/09/2026
40062,6,341,12,1,07/09/2026
40062,6,347,12,1,07/09/2026
40062,6,342,12,1,07/09/2026
40062,6,350,12,1,07/09/2026
40062,6,343,12,1,07/09/2026
40062,6,348,12,1,07/09/2026
40062,6,344,12,1,07/09/2026
40062,6,349,12,1,07/09/2026
40140,6,239,8,1,07/10/2026
40140,6,228,9,2,07/10/2026
40140,6,240,8,1,07/10/2026
40140,6,238,9,2,07/10/2026
40168,9,500,8,1,07/14/2026
40168,9,504,9,1,07/14/2026
40168,9,501,8,1,07/14/2026
40168,9,505,9,1,07/14/2026
40168,9,502,8,1,07/14/2026
40168,9,506,9,1,07/14/2026
40168,9,507,13,1,07/14/2026
40168,9,509,13,1,07/14/2026
40168,9,508,13,1,07/14/2026
40168,9,510,13,1,07/14/2026
40168,9,511,13,1,07/14/2026
40168,9,512,13,1,07/14/2026
40168,9,517,13,1,07/14/2026
40168,9,519,13,1,07/14/2026
40168,9,514,13,1,07/14/2026
40168,9,520,13,1,07/14/2026
40168,9,515,13,1,07/14/2026
40168,9,521,13,1,07/14/2026
40168,9,513,13,1,07/14/2026
40168,9,523,13,1,07/14/2026
40168,9,516,13,1,07/14/2026
40168,9,522,13,1,07/14/2026
40176,7,360,12,1,03/10/2026
40176,7,364,12,1,03/10/2026
40176,7,365,12,1,03/10/2026
40176,7,361,12,1,03/10/2026
40176,7,366,12,1,03/10/2026
40176,7,362,12,1,03/10/2026
40176,7,367,12,1,03/10/2026
40176,7,363,12,1,03/10/2026
40176,7,353,12,1,03/10/2026
40176,7,357,12,1,03/10/2026
40176,7,352,12,1,03/10/2026
40176,7,356,12,1,03/10/2026
40176,7,354,12,1,03/10/2026
40176,7,359,12,1,03/10/2026
40176,7,355,12,1,03/10/2026
40176,7,358,12,1,03/10/2026
40176,7,351,12,1,03/10/2026
40176,7,345,12,1,03/10/2026
40176,7,340,12,1,03/10/2026
40176,7,346,12,1,03/10/2026
40176,7,341,12,1,03/10/2026
40176,7,347,12,1,03/10/2026
40176,7,342,12,1,03/10/2026
40176,7,350,12,1,03/10/2026
40176,7,343,12,1,03/10/2026
40176,7,348,12,1,03/10/2026
40176,7,344,12,1,03/10/2026
40176,7,349,12,1,03/10/2026
40179,7,239,8,1,04/17/2026
40179,7,228,9,2,04/17/2026
40179,7,240,8,1,04/17/2026
40179,7,238,9,2,04/17/2026
40187,3,391,12,1,06/19/2026
40187,3,394,12,1,06/19/2026
40187,3,392,12,1,06/19/2026
40187,3,395,12,1,06/19/2026
40187,3,393,12,1,06/19/2026
40187,3,396,12,1,06/19/2026
40187,3,374,13,1,06/19/2026
40187,3,378,13,1,06/19/2026
40187,3,375,13,1,06/19/2026
40187,3,379,13,1,06/19/2026
40187,3,376,13,1,06/19/2026
40187,3,380,13,1,06/19/2026
40187,3,377,13,1,06/19/2026
40187,3,381,13,1,06/19/2026
40189,10,391,12,1,03/11/2026
40189,10,394,12,1,03/11/2026
40189,10,392,12,1,03/11/2026
40189,10,395,12,1,03/11/2026
40189,10,393,12,1,03/11/2026
40189,10,396,12,1,03/11/2026
40189,10,374,13,1,03/11/2026
40189,10,378,13,1,03/11/2026
40189,10,375,13,1,03/11/2026
40189,10,379,13,1,03/11/2026
40189,10,376,13,1,03/11/2026
40189,10,380,13,1,03/11/2026
40189,10,377,13,1,03/11/2026
40189,10,381,13,1,03/11/2026
40193,9,143,8,1,03/12/2026
40193,9,147,9,1,03/12/2026
40193,9,144,8,1,03/12/2026
40193,9,148,9,1,03/12/2026
40193,9,145,8,1,03/12/2026
40193,9,149,9,1,03/12/2026
40193,9,146,8,1,03/12/2026
40193,9,151,9,1,03/12/2026
40193,9,268,8,1,03/12/2026
40193,9,264,8,1,03/12/2026
40193,9,265,9,1,03/12/2026
40193,9,266,8,1,03/12/2026
40193,9,267,9,1,03/12/2026
40197,4,360,12,1,06/19/2026
40197,4,364,12,1,06/19/2026
40197,4,365,12,1,06/19/2026
40197,4,361,12,1,06/19/2026
40197,4,366,12,1,06/19/2026
40197,4,362,12,1,06/19/2026
40197,4,367,12,1,06/19/2026
40197,4,363,12,1,06/19/2026
40197,4,353,12,1,06/19/2026
40197,4,357,12,1,06/19/2026
40197,4,352,12,1,06/19/2026
40197,4,356,12,1,06/19/2026
40197,4,354,12,1,06/19/2026
40197,4,359,12,1,06/19/2026
40197,4,355,12,1,06/19/2026
40197,4,358,12,1,06/19/2026
40197,4,351,12,1,06/19/2026
40197,4,345,12,1,06/19/2026
40197,4,340,12,1,06/19/2026
40197,4,346,12,1,06/19/2026
40197,4,341,12,1,06/19/2026
40197,4,347,12,1,06/19/2026
40197,4,342,12,1,06/19/2026
40197,4,350,12,1,06/19/2026
40197,4,343,12,1,06/19/2026
40197,4,348,12,1,06/19/2026
40197,4,344,12,1,06/19/2026
40197,4,349,12,1,06/19/2026
40199,4,239,8,1,06/19/2026
40199,4,228,9,2,06/19/2026
40199,4,240,8,1,06/19/2026
40199,4,238,9,2,06/19/2026
40205,8,391,12,1,05/14/2026
40205,8,394,12,1,05/14/2026
40205,8,392,12,1,05/14/2026
40205,8,395,12,1,05/14/2026
40205,8,393,12,1,05/14/2026
40205,8,396,12,1,05/14/2026
40205,8,374,13,1,05/14/2026
40205,8,378,13,1,05/14/2026
40205,8,375,13,1,05/14/2026
40205,8,379,13,1,05/14/2026
40205,8,376,13,1,05/14/2026
40205,8,380,13,1,05/14/2026
40205,8,377,13,1,05/14/2026
40205,8,381,13,1,05/14/2026
40224,3,239,8,1,11/24/2025
40224,3,228,9,2,11/24/2025
40224,3,240,8,1,11/24/2025
40224,3,238,9,2,11/24/2025
40228,4,391,12,1,02/20/2026
40228,4,394,12,1,02/20/2026
40228,4,392,12,1,02/20/2026
40228,4,395,12,1,02/20/2026
40228,4,393,12,1,02/20/2026
40228,4,396,12,1,02/20/2026
40228,4,374,13,1,02/20/2026
40228,4,378,13,1,02/20/2026
40228,4,375,13,1,02/20/2026
40228,4,379,13,1,02/20/2026
40228,4,376,13,1,02/20/2026
40228,4,380,13,1,02/20/2026
40228,4,377,13,1,02/20/2026
40228,4,381,13,1,02/20/2026
40232,5,239,8,1,01/22/2026
40232,5,228,9,2,01/22/2026
40232,5,240,8,1,01/22/2026
40232,5,238,9,2,01/22/2026
40244,4,239,8,1,05/08/2026
40244,4,228,9,2,05/08/2026
40244,4,240,8,1,05/08/2026
40244,4,238,9,2,05/08/2026
40249,5,143,8,1,07/10/2026
40249,5,147,9,1,07/10/2026
40249,5,144,8,1,07/10/2026
40249,5,148,9,1,07/10/2026
40249,5,145,8,1,07/10/2026
40249,5,149,9,1,07/10/2026
40249,5,146,8,1,07/10/2026
40249,5,151,9,1,07/10/2026
40249,5,268,8,1,07/10/2026
40249,5,264,8,1,07/10/2026
40249,5,265,9,1,07/10/2026
40249,5,266,8,1,07/10/2026
40249,5,267,9,1,07/10/2026
40255,8,360,12,1,08/05/2026
40255,8,364,12,1,08/05/2026
40255,8,365,12,1,08/05/2026
40255,8,361,12,1,08/05/2026
40255,8,366,12,1,08/05/2026
40255,8,362,12,1,08/05/2026
40255,8,367,12,1,08/05/2026
40255,8,363,12,1,08/05/2026
40255,8,353,12,1,08/05/2026
40255,8,357,12,1,08/05/2026
40255,8,352,12,1,08/05/2026
40255,8,356,12,1,08/05/2026
40255,8,354,12,1,08/05/2026
40255,8,359,12,1,08/05/2026
40255,8,355,12,1,08/05/2026
40255,8,358,12,1,08/05/2026
40255,8,351,12,1,08/05/2026
40255,8,345,12,1,08/05/2026
40255,8,340,12,1,08/05/2026
40255,8,346,12,1,08/05/2026
40255,8,341,12,1,08/05/2026
40255,8,347,12,1,08/05/2026
40255,8,342,12,1,08/05/2026
40255,8,350,12,1,08/05/2026
40255,8,343,12,1,08/05/2026
40255,8,348,12,1,08/05/2026
40255,8,344,12,1,08/05/2026
40255,8,349,12,1,08/05/2026
40257,7,391,12,1,05/08/2026
40257,7,394,12,1,05/08/2026
40257,7,392,12,1,05/08/2026
40257,7,395,12,1,05/08/2026
40257,7,393,12,1,05/08/2026
40257,7,396,12,1,05/08/2026
40257,7,374,13,1,05/08/2026
40257,7,378,13,1,05/08/2026
40257,7,375,13,1,05/08/2026
40257,7,379,13,1,05/08/2026
40257,7,376,13,1,05/08/2026
40257,7,380,13,1,05/08/2026
40257,7,377,13,1,05/08/2026
40257,7,381,13,1,05/08/2026
40272,3,143,8,1,06/18/2026
40272,3,147,9,1,06/18/2026
40272,3,144,8,1,06/18/2026
40272,3,148,9,1,06/18/2026
40272,3,145,8,1,06/18/2026
40272,3,149,9,1,06/18/2026
40272,3,146,8,1,06/18/2026
40272,3,151,9,1,06/18/2026
40272,3,268,8,1,06/18/2026
40272,3,264,8,1,06/18/2026
40272,3,265,9,1,06/18/2026
40272,3,266,8,1,06/18/2026
40272,3,267,9,1,06/18/2026
40276,7,331,12,1,03/27/2026
40276,7,335,12,1,03/27/2026
40276,7,332,12,1,03/27/2026
40276,7,336,12,1,03/27/2026
40276,7,333,12,1,03/27/2026
40276,7,337,12,1,03/27/2026
40276,7,334,12,1,03/27/2026
40276,7,338,12,1,03/27/2026
40276,7,339,12,1,03/27/2026
40276,7,327,12,1,03/27/2026
40276,7,325,12,1,03/27/2026
40276,7,328,12,1,03/27/2026
40276,7,326,12,1,03/27/2026
40276,7,329,12,1,03/27/2026
40276,7,330,12,1,03/27/2026
40276,7,314,12,1,03/27/2026
40276,7,319,12,1,03/27/2026
40276,7,315,12,1,03/27/2026
40276,7,320,12,1,03/27/2026
40276,7,316,12,1,03/27/2026
40276,7,321,12,1,03/27/2026
40276,7,317,12,1,03/27/2026
40276,7,322,12,1,03/27/2026
40276,7,318,12,1,03/27/2026
40276,7,323,12,1,03/27/2026
40276,7,324,12,1,03/27/2026
40289,6,368,12,1,03/27/2026
40289,6,370,12,1,03/27/2026
40289,6,369,12,1,03/27/2026
40289,6,371,12,1,03/27/2026
40289,6,372,12,1,03/27/2026
40302,3,500,8,1,07/16/2026
40302,3,504,9,1,07/16/2026
40302,3,501,8,1,07/16/2026
40302,3,505,9,1,07/16/2026
40302,3,502,8,1,07/16/2026
40302,3,506,9,1,07/16/2026
40302,3,507,13,1,07/16/2026
40302,3,509,13,1,07/16/2026
40302,3,508,13,1,07/16/2026
40302,3,510,13,1,07/16/2026
40302,3,511,13,1,07/16/2026
40302,3,512,13,1,07/16/2026
40302,3,517,13,1,07/16/2026
40302,3,519,13,1,07/16/2026
40302,3,514,13,1,07/16/2026
40302,3,520,13,1,07/16/2026
40302,3,515,13,1,07/16/2026
40302,3,521,13,1,07/16/2026
40302,3,513,13,1,07/16/2026
40302,3,523,13,1,07/16/2026
40302,3,516,13,1,07/16/2026
40302,3,522,13,1,07/16/2026
40324,6,360,12,1,08/05/2026
40324,6,364,12,1,08/05/2026
40324,6,365,12,1,08/05/2026
40324,6,361,12,1,08/05/2026
40324,6,366,12,1,08/05/2026
40324,6,362,12,1,08/05/2026
40324,6,367,12,1,08/05/2026
40324,6,363,12,1,08/05/2026
40324,6,353,12,1,08/05/2026
40324,6,357,12,1,08/05/2026
40324,6,352,12,1,08/05/2026
40324,6,356,12,1,08/05/2026
40324,6,354,12,1,08/05/2026
40324,6,359,12,1,08/05/2026
40324,6,355,12,1,08/05/2026
40324,6,358,12,1,08/05/2026
40324,6,351,12,1,08/05/2026
40324,6,345,12,1,08/05/2026
40324,6,340,12,1,08/05/2026
40324,6,346,12,1,08/05/2026
40324,6,341,12,1,08/05/2026
40324,6,347,12,1,08/05/2026
40324,6,342,12,1,08/05/2026
40324,6,350,12,1,08/05/2026
40324,6,343,12,1,08/05/2026
40324,6,348,12,1,08/05/2026
40324,6,344,12,1,08/05/2026
40324,6,349,12,1,08/05/2026
40328,5,391,12,1,08/06/2026
40328,5,394,12,1,08/06/2026
40328,5,392,12,1,08/06/2026
40328,5,395,12,1,08/06/2026
40328,5,393,12,1,08/06/2026
40328,5,396,12,1,08/06/2026
40328,5,374,13,1,08/06/2026
40328,5,378,13,1,08/06/2026
40328,5,375,13,1,08/06/2026
40328,5,379,13,1,08/06/2026
40328,5,376,13,1,08/06/2026
40328,5,380,13,1,08/06/2026
40328,5,377,13,1,08/06/2026
40328,5,381,13,1,08/06/2026
40330,6,500,8,1,08/06/2026
40330,6,504,9,1,08/06/2026
40330,6,501,8,1,08/06/2026
40330,6,505,9,1,08/06/2026
40330,6,502,8,1,08/06/2026
40330,6,506,9,1,08/06/2026
40330,6,507,13,1,08/06/2026
40330,6,509,13,1,08/06/2026
40330,6,508,13,1,08/06/2026
40330,6,510,13,1,08/06/2026
40330,6,511,13,1,08/06/2026
40330,6,512,13,1,08/06/2026
40330,6,517,13,1,08/06/2026
40330,6,519,13,1,08/06/2026
40330,6,514,13,1,08/06/2026
40330,6,520,13,1,08/06/2026
40330,6,515,13,1,08/06/2026
40330,6,521,13,1,08/06/2026
40330,6,513,13,1,08/06/2026
40330,6,523,13,1,08/06/2026
40330,6,516,13,1,08/06/2026
40330,6,522,13,1,08/06/2026
40334,3,500,8,1,07/16/2026
40334,3,504,9,1,07/16/2026
40334,3,501,8,1,07/16/2026
40334,3,505,9,1,07/16/2026
40334,3,502,8,1,07/16/2026
40334,3,506,9,1,07/16/2026
40334,3,507,13,1,07/16/2026
40334,3,509,13,1,07/16/2026
40334,3,508,13,1,07/16/2026
40334,3,510,13,1,07/16/2026
40334,3,511,13,1,07/16/2026
40334,3,512,13,1,07/16/2026
40334,3,517,13,1,07/16/2026
40334,3,519,13,1,07/16/2026
40334,3,514,13,1,07/16/2026
40334,3,520,13,1,07/16/2026
40334,3,515,13,1,07/16/2026
40334,3,521,13,1,07/16/2026
40334,3,513,13,1,07/16/2026
40334,3,523,13,1,07/16/2026
40334,3,516,13,1,07/16/2026
40334,3,522,13,1,07/16/2026
40341,6,143,8,1,08/06/2026
40341,6,147,9,1,08/06/2026
40341,6,144,8,1,08/06/2026
40341,6,148,9,1,08/06/2026
40341,6,145,8,1,08/06/2026
40341,6,149,9,1,08/06/2026
40341,6,146,8,1,08/06/2026
40341,6,151,9,1,08/06/2026
40341,6,268,8,1,08/06/2026
40341,6,264,8,1,08/06/2026
40341,6,265,9,1,08/06/2026
40341,6,266,8,1,08/06/2026
40341,6,267,9,1,08/06/2026
